,code,trading_code,name,exercise_price,last_trade_date,list_date,underlying_symbol,expire_date,contract_type
0,10000001.XSHG,510050C1503M02200,50ETF购3月2200,2.2,2015-03-25,2015-02-09,510050.XSHG,2015-03-25,CO
1,10000002.XSHG,510050C1503M02250,50ETF购3月2250,2.25,2015-03-25,2015-02-09,510050.XSHG,2015-03-25,CO
2,10000003.XSHG,510050C1503M02300,50ETF购3月2300,2.3,2015-03-25,2015-02-09,510050.XSHG,2015-03-25,CO
3,10000004.XSHG,510050C1503M02350,50ETF购3月2350,2.35,2015-03-25,2015-02-09,510050.XSHG,2015-03-25,CO
4,10000005.XSHG,510050C1503M02400,50ETF购3月2400,2.4,2015-03-25,2015-02-09,510050.XSHG,2015-03-25,CO
5,10000006.XSHG,510050P1503M02200,50ETF沽3月2200,2.2,2015-03-25,2015-02-09,510050.XSHG,2015-03-25,PO
6,10000007.XSHG,510050P1503M02250,50ETF沽3月2250,2.25,2015-03-25,2015-02-09,510050.XSHG,2015-03-25,PO
7,10000008.XSHG,510050P1503M02300,50ETF沽3月2300,2.3,2015-03-25,2015-02-09,510050.XSHG,2015-03-25,PO
8,10000009.XSHG,510050P1503M02350,50ETF沽3月2350,2.35,2015-03-25,2015-02-09,510050.XSHG,2015-03-25,PO
9,10000010.XSHG,510050P1503M02400,50ETF沽3月2400,2.4,2015-03-25,2015-02-09,510050.XSHG,2015-03-25,PO
10,10000011.XSHG,510050C1504M02200,50ETF购4月2200,2.2,2015-04-22,2015-02-09,510050.XSHG,2015-04-22,CO
11,10000012.XSHG,510050C1504M02250,50ETF购4月2250,2.25,2015-04-22,2015-02-09,510050.XSHG,2015-04-22,CO
12,10000013.XSHG,510050C1504M02300,50ETF购4月2300,2.3,2015-04-22,2015-02-09,510050.XSHG,2015-04-22,CO
13,10000014.XSHG,510050C1504M02350,50ETF购4月2350,2.35,2015-04-22,2015-02-09,510050.XSHG,2015-04-22,CO
14,10000015.XSHG,510050C1504M02400,50ETF购4月2400,2.4,2015-04-22,2015-02-09,510050.XSHG,2015-04-22,CO
15,10000016.XSHG,510050P1504M02200,50ETF沽4月2200,2.2,2015-04-22,2015-02-09,510050.XSHG,2015-04-22,PO
16,10000017.XSHG,510050P1504M02250,50ETF沽4月2250,2.25,2015-04-22,2015-02-09,510050.XSHG,2015-04-22,PO
17,10000018.XSHG,510050P1504M02300,50ETF沽4月2300,2.3,2015-04-22,2015-02-09,510050.XSHG,2015-04-22,PO
18,10000019.XSHG,510050P1504M02350,50ETF沽4月2350,2.35,2015-04-22,2015-02-09,510050.XSHG,2015-04-22,PO
19,10000020.XSHG,510050P1504M02400,50ETF沽4月2400,2.4,2015-04-22,2015-02-09,510050.XSHG,2015-04-22,PO
20,10000021.XSHG,510050C1506M02200,50ETF购6月2200,2.2,2015-06-24,2015-02-09,510050.XSHG,2015-06-24,CO
21,10000022.XSHG,510050C1506M02250,50ETF购6月2250,2.25,2015-06-24,2015-02-09,510050.XSHG,2015-06-24,CO
22,10000023.XSHG,510050C1506M02300,50ETF购6月2300,2.3,2015-06-24,2015-02-09,510050.XSHG,2015-06-24,CO
23,10000024.XSHG,510050C1506M02350,50ETF购6月2350,2.35,2015-06-24,2015-02-09,510050.XSHG,2015-06-24,CO
24,10000025.XSHG,510050C1506M02400,50ETF购6月2400,2.4,2015-06-24,2015-02-09,510050.XSHG,2015-06-24,CO
25,10000026.XSHG,510050P1506M02200,50ETF沽6月2200,2.2,2015-06-24,2015-02-09,510050.XSHG,2015-06-24,PO
26,10000027.XSHG,510050P1506M02250,50ETF沽6月2250,2.25,2015-06-24,2015-02-09,510050.XSHG,2015-06-24,PO
27,10000028.XSHG,510050P1506M02300,50ETF沽6月2300,2.3,2015-06-24,2015-02-09,510050.XSHG,2015-06-24,PO
28,10000029.XSHG,510050P1506M02350,50ETF沽6月2350,2.35,2015-06-24,2015-02-09,510050.XSHG,2015-06-24,PO
29,10000030.XSHG,510050P1506M02400,50ETF沽6月2400,2.4,2015-06-24,2015-02-09,510050.XSHG,2015-06-24,PO
30,10000031.XSHG,510050C1509M02200,50ETF购9月2200,2.2,2015-09-23,2015-02-09,510050.XSHG,2015-09-23,CO
31,10000032.XSHG,510050C1509M02250,50ETF购9月2250,2.25,2015-09-23,2015-02-09,510050.XSHG,2015-09-23,CO
32,10000033.XSHG,510050C1509M02300,50ETF购9月2300,2.3,2015-09-23,2015-02-09,510050.XSHG,2015-09-23,CO
33,10000034.XSHG,510050C1509M02350,50ETF购9月2350,2.35,2015-09-23,2015-02-09,510050.XSHG,2015-09-23,CO
34,10000035.XSHG,510050C1509M02400,50ETF购9月2400,2.4,2015-09-23,2015-02-09,510050.XSHG,2015-09-23,CO
35,10000036.XSHG,510050P1509M02200,50ETF沽9月2200,2.2,2015-09-23,2015-02-09,510050.XSHG,2015-09-23,PO
36,10000037.XSHG,510050P1509M02250,50ETF沽9月2250,2.25,2015-09-23,2015-02-09,510050.XSHG,2015-09-23,PO
37,10000038.XSHG,510050P1509M02300,50ETF沽9月2300,2.3,2015-09-23,2015-02-09,510050.XSHG,2015-09-23,PO
38,10000039.XSHG,510050P1509M02350,50ETF沽9月2350,2.35,2015-09-23,2015-02-09,510050.XSHG,2015-09-23,PO
39,10000040.XSHG,510050P1509M02400,50ETF沽9月2400,2.4,2015-09-23,2015-02-09,510050.XSHG,2015-09-23,PO
40,10000041.XSHG,510050C1503M02450,50ETF购3月2450,2.45,2015-03-25,2015-02-10,510050.XSHG,2015-03-25,CO
41,10000042.XSHG,510050P1503M02450,50ETF沽3月2450,2.45,2015-03-25,2015-02-10,510050.XSHG,2015-03-25,PO
42,10000043.XSHG,510050C1504M02450,50ETF购4月2450,2.45,2015-04-22,2015-02-10,510050.XSHG,2015-04-22,CO
43,10000044.XSHG,510050P1504M02450,50ETF沽4月2450,2.45,2015-04-22,2015-02-10,510050.XSHG,2015-04-22,PO
44,10000045.XSHG,510050C1506M02450,50ETF购6月2450,2.45,2015-06-24,2015-02-10,510050.XSHG,2015-06-24,CO
45,10000046.XSHG,510050P1506M02450,50ETF沽6月2450,2.45,2015-06-24,2015-02-10,510050.XSHG,2015-06-24,PO
46,10000047.XSHG,510050C1509M02450,50ETF购9月2450,2.45,2015-09-23,2015-02-10,510050.XSHG,2015-09-23,CO
47,10000048.XSHG,510050P1509M02450,50ETF沽9月2450,2.45,2015-09-23,2015-02-10,510050.XSHG,2015-09-23,PO
48,10000049.XSHG,510050C1503M02500,50ETF购3月2500,2.5,2015-03-25,2015-02-12,510050.XSHG,2015-03-25,CO
49,10000050.XSHG,510050P1503M02500,50ETF沽3月2500,2.5,2015-03-25,2015-02-12,510050.XSHG,2015-03-25,PO
50,10000051.XSHG,510050C1504M02500,50ETF购4月2500,2.5,2015-04-22,2015-02-12,510050.XSHG,2015-04-22,CO
51,10000052.XSHG,510050P1504M02500,50ETF沽4月2500,2.5,2015-04-22,2015-02-12,510050.XSHG,2015-04-22,PO
52,10000053.XSHG,510050C1506M02500,50ETF购6月2500,2.5,2015-06-24,2015-02-12,510050.XSHG,2015-06-24,CO
53,10000054.XSHG,510050P1506M02500,50ETF沽6月2500,2.5,2015-06-24,2015-02-12,510050.XSHG,2015-06-24,PO
54,10000055.XSHG,510050C1509M02500,50ETF购9月2500,2.5,2015-09-23,2015-02-12,510050.XSHG,2015-09-23,CO
55,10000056.XSHG,510050P1509M02500,50ETF沽9月2500,2.5,2015-09-23,2015-02-12,510050.XSHG,2015-09-23,PO
56,10000057.XSHG,510050C1503M02550,50ETF购3月2550,2.55,2015-03-25,2015-02-27,510050.XSHG,2015-03-25,CO
57,10000058.XSHG,510050P1503M02550,50ETF沽3月2550,2.55,2015-03-25,2015-02-27,510050.XSHG,2015-03-25,PO
58,10000059.XSHG,510050C1504M02550,50ETF购4月2550,2.55,2015-04-22,2015-02-27,510050.XSHG,2015-04-22,CO
59,10000060.XSHG,510050P1504M02550,50ETF沽4月2550,2.55,2015-04-22,2015-02-27,510050.XSHG,2015-04-22,PO
60,10000061.XSHG,510050C1506M02550,50ETF购6月2550,2.55,2015-06-24,2015-02-27,510050.XSHG,2015-06-24,CO
61,10000062.XSHG,510050P1506M02550,50ETF沽6月2550,2.55,2015-06-24,2015-02-27,510050.XSHG,2015-06-24,PO
62,10000063.XSHG,510050C1509M02550,50ETF购9月2550,2.55,2015-09-23,2015-02-27,510050.XSHG,2015-09-23,CO
63,10000064.XSHG,510050P1509M02550,50ETF沽9月2550,2.55,2015-09-23,2015-02-27,510050.XSHG,2015-09-23,PO
64,10000065.XSHG,510050C1503M02600,50ETF购3月2600,2.6,2015-03-25,2015-03-17,510050.XSHG,2015-03-25,CO
65,10000066.XSHG,510050P1503M02600,50ETF沽3月2600,2.6,2015-03-25,2015-03-17,510050.XSHG,2015-03-25,PO
66,10000067.XSHG,510050C1504M02600,50ETF购4月2600,2.6,2015-04-22,2015-03-17,510050.XSHG,2015-04-22,CO
67,10000068.XSHG,510050P1504M02600,50ETF沽4月2600,2.6,2015-04-22,2015-03-17,510050.XSHG,2015-04-22,PO
68,10000069.XSHG,510050C1506M02600,50ETF购6月2600,2.6,2015-06-24,2015-03-17,510050.XSHG,2015-06-24,CO
69,10000070.XSHG,510050P1506M02600,50ETF沽6月2600,2.6,2015-06-24,2015-03-17,510050.XSHG,2015-06-24,PO
70,10000071.XSHG,510050C1509M02600,50ETF购9月2600,2.6,2015-09-23,2015-03-17,510050.XSHG,2015-09-23,CO
71,10000072.XSHG,510050P1509M02600,50ETF沽9月2600,2.6,2015-09-23,2015-03-17,510050.XSHG,2015-09-23,PO
72,10000073.XSHG,510050C1503M02650,50ETF购3月2650,2.65,2015-03-25,2015-03-18,510050.XSHG,2015-03-25,CO
73,10000074.XSHG,510050P1503M02650,50ETF沽3月2650,2.65,2015-03-25,2015-03-18,510050.XSHG,2015-03-25,PO
74,10000075.XSHG,510050C1504M02650,50ETF购4月2650,2.65,2015-04-22,2015-03-18,510050.XSHG,2015-04-22,CO
75,10000076.XSHG,510050P1504M02650,50ETF沽4月2650,2.65,2015-04-22,2015-03-18,510050.XSHG,2015-04-22,PO
76,10000077.XSHG,510050C1506M02650,50ETF购6月2650,2.65,2015-06-24,2015-03-18,510050.XSHG,2015-06-24,CO
77,10000078.XSHG,510050P1506M02650,50ETF沽6月2650,2.65,2015-06-24,2015-03-18,510050.XSHG,2015-06-24,PO
78,10000079.XSHG,510050C1509M02650,50ETF购9月2650,2.65,2015-09-23,2015-03-18,510050.XSHG,2015-09-23,CO
79,10000080.XSHG,510050P1509M02650,50ETF沽9月2650,2.65,2015-09-23,2015-03-18,510050.XSHG,2015-09-23,PO
80,10000084.XSHG,510050P1504M02700,50ETF沽4月2700,2.7,2015-04-22,2015-03-19,510050.XSHG,2015-04-22,PO
81,10000085.XSHG,510050C1506M02700,50ETF购6月2700,2.7,2015-06-24,2015-03-19,510050.XSHG,2015-06-24,CO
82,10000086.XSHG,510050P1506M02700,50ETF沽6月2700,2.7,2015-06-24,2015-03-19,510050.XSHG,2015-06-24,PO
83,10000087.XSHG,510050C1509M02700,50ETF购9月2700,2.7,2015-09-23,2015-03-19,510050.XSHG,2015-09-23,CO
84,10000088.XSHG,510050P1509M02700,50ETF沽9月2700,2.7,2015-09-23,2015-03-19,510050.XSHG,2015-09-23,PO
85,10000081.XSHG,510050C1503M02700,50ETF购3月2700,2.7,2015-03-25,2015-03-19,510050.XSHG,2015-03-25,CO
86,10000082.XSHG,510050P1503M02700,50ETF沽3月2700,2.7,2015-03-25,2015-03-19,510050.XSHG,2015-03-25,PO
87,10000083.XSHG,510050C1504M02700,50ETF购4月2700,2.7,2015-04-22,2015-03-19,510050.XSHG,2015-04-22,CO
88,10000090.XSHG,510050P1503M02750,50ETF沽3月2750,2.75,2015-03-25,2015-03-23,510050.XSHG,2015-03-25,PO
89,10000091.XSHG,510050C1504M02750,50ETF购4月2750,2.75,2015-04-22,2015-03-23,510050.XSHG,2015-04-22,CO
90,10000092.XSHG,510050P1504M02750,50ETF沽4月2750,2.75,2015-04-22,2015-03-23,510050.XSHG,2015-04-22,PO
91,10000093.XSHG,510050C1506M02750,50ETF购6月2750,2.75,2015-06-24,2015-03-23,510050.XSHG,2015-06-24,CO
92,10000094.XSHG,510050P1506M02750,50ETF沽6月2750,2.75,2015-06-24,2015-03-23,510050.XSHG,2015-06-24,PO
93,10000095.XSHG,510050C1509M02750,50ETF购9月2750,2.75,2015-09-23,2015-03-23,510050.XSHG,2015-09-23,CO
94,10000096.XSHG,510050P1509M02750,50ETF沽9月2750,2.75,2015-09-23,2015-03-23,510050.XSHG,2015-09-23,PO
95,10000089.XSHG,510050C1503M02750,50ETF购3月2750,2.75,2015-03-25,2015-03-23,510050.XSHG,2015-03-25,CO
96,10000097.XSHG,510050C1503M02800,50ETF购3月2800,2.8,2015-03-25,2015-03-24,510050.XSHG,2015-03-25,CO
97,10000098.XSHG,510050P1503M02800,50ETF沽3月2800,2.8,2015-03-25,2015-03-24,510050.XSHG,2015-03-25,PO
98,10000099.XSHG,510050C1504M02800,50ETF购4月2800,2.8,2015-04-22,2015-03-24,510050.XSHG,2015-04-22,CO
99,10000100.XSHG,510050P1504M02800,50ETF沽4月2800,2.8,2015-04-22,2015-03-24,510050.XSHG,2015-04-22,PO
100,10000101.XSHG,510050C1506M02800,50ETF购6月2800,2.8,2015-06-24,2015-03-24,510050.XSHG,2015-06-24,CO
101,10000102.XSHG,510050P1506M02800,50ETF沽6月2800,2.8,2015-06-24,2015-03-24,510050.XSHG,2015-06-24,PO
102,10000103.XSHG,510050C1509M02800,50ETF购9月2800,2.8,2015-09-23,2015-03-24,510050.XSHG,2015-09-23,CO
103,10000104.XSHG,510050P1509M02800,50ETF沽9月2800,2.8,2015-09-23,2015-03-24,510050.XSHG,2015-09-23,PO
104,10000105.XSHG,510050C1505M02500,50ETF购5月2500,2.5,2015-05-27,2015-03-26,510050.XSHG,2015-05-27,CO
105,10000106.XSHG,510050C1505M02550,50ETF购5月2550,2.55,2015-05-27,2015-03-26,510050.XSHG,2015-05-27,CO
106,10000107.XSHG,510050C1505M02600,50ETF购5月2600,2.6,2015-05-27,2015-03-26,510050.XSHG,2015-05-27,CO
107,10000108.XSHG,510050C1505M02650,50ETF购5月2650,2.65,2015-05-27,2015-03-26,510050.XSHG,2015-05-27,CO
108,10000109.XSHG,510050C1505M02700,50ETF购5月2700,2.7,2015-05-27,2015-03-26,510050.XSHG,2015-05-27,CO
109,10000110.XSHG,510050P1505M02500,50ETF沽5月2500,2.5,2015-05-27,2015-03-26,510050.XSHG,2015-05-27,PO
110,10000111.XSHG,510050P1505M02550,50ETF沽5月2550,2.55,2015-05-27,2015-03-26,510050.XSHG,2015-05-27,PO
111,10000112.XSHG,510050P1505M02600,50ETF沽5月2600,2.6,2015-05-27,2015-03-26,510050.XSHG,2015-05-27,PO
112,10000113.XSHG,510050P1505M02650,50ETF沽5月2650,2.65,2015-05-27,2015-03-26,510050.XSHG,2015-05-27,PO
113,10000114.XSHG,510050P1505M02700,50ETF沽5月2700,2.7,2015-05-27,2015-03-26,510050.XSHG,2015-05-27,PO
114,10000115.XSHG,510050C1505M02750,50ETF购5月2750,2.75,2015-05-27,2015-03-27,510050.XSHG,2015-05-27,CO
115,10000116.XSHG,510050P1505M02750,50ETF沽5月2750,2.75,2015-05-27,2015-03-27,510050.XSHG,2015-05-27,PO
116,10000117.XSHG,510050C1504M02850,50ETF购4月2850,2.85,2015-04-22,2015-03-31,510050.XSHG,2015-04-22,CO
117,10000118.XSHG,510050P1504M02850,50ETF沽4月2850,2.85,2015-04-22,2015-03-31,510050.XSHG,2015-04-22,PO
118,10000119.XSHG,510050C1505M02800,50ETF购5月2800,2.8,2015-05-27,2015-03-31,510050.XSHG,2015-05-27,CO
119,10000120.XSHG,510050C1505M02850,50ETF购5月2850,2.85,2015-05-27,2015-03-31,510050.XSHG,2015-05-27,CO
120,10000121.XSHG,510050P1505M02800,50ETF沽5月2800,2.8,2015-05-27,2015-03-31,510050.XSHG,2015-05-27,PO
121,10000122.XSHG,510050P1505M02850,50ETF沽5月2850,2.85,2015-05-27,2015-03-31,510050.XSHG,2015-05-27,PO
122,10000123.XSHG,510050C1506M02850,50ETF购6月2850,2.85,2015-06-24,2015-03-31,510050.XSHG,2015-06-24,CO
123,10000124.XSHG,510050P1506M02850,50ETF沽6月2850,2.85,2015-06-24,2015-03-31,510050.XSHG,2015-06-24,PO
124,10000125.XSHG,510050C1509M02850,50ETF购9月2850,2.85,2015-09-23,2015-03-31,510050.XSHG,2015-09-23,CO
125,10000126.XSHG,510050P1509M02850,50ETF沽9月2850,2.85,2015-09-23,2015-03-31,510050.XSHG,2015-09-23,PO
126,10000127.XSHG,510050C1504M02900,50ETF购4月2900,2.9,2015-04-22,2015-04-08,510050.XSHG,2015-04-22,CO
127,10000128.XSHG,510050C1504M02950,50ETF购4月2950,2.95,2015-04-22,2015-04-08,510050.XSHG,2015-04-22,CO
128,10000129.XSHG,510050P1504M02900,50ETF沽4月2900,2.9,2015-04-22,2015-04-08,510050.XSHG,2015-04-22,PO
129,10000130.XSHG,510050P1504M02950,50ETF沽4月2950,2.95,2015-04-22,2015-04-08,510050.XSHG,2015-04-22,PO
130,10000131.XSHG,510050C1505M02900,50ETF购5月2900,2.9,2015-05-27,2015-04-08,510050.XSHG,2015-05-27,CO
131,10000132.XSHG,510050C1505M02950,50ETF购5月2950,2.95,2015-05-27,2015-04-08,510050.XSHG,2015-05-27,CO
132,10000133.XSHG,510050P1505M02900,50ETF沽5月2900,2.9,2015-05-27,2015-04-08,510050.XSHG,2015-05-27,PO
133,10000134.XSHG,510050P1505M02950,50ETF沽5月2950,2.95,2015-05-27,2015-04-08,510050.XSHG,2015-05-27,PO
134,10000135.XSHG,510050C1506M02900,50ETF购6月2900,2.9,2015-06-24,2015-04-08,510050.XSHG,2015-06-24,CO
135,10000136.XSHG,510050C1506M02950,50ETF购6月2950,2.95,2015-06-24,2015-04-08,510050.XSHG,2015-06-24,CO
136,10000137.XSHG,510050P1506M02900,50ETF沽6月2900,2.9,2015-06-24,2015-04-08,510050.XSHG,2015-06-24,PO
137,10000138.XSHG,510050P1506M02950,50ETF沽6月2950,2.95,2015-06-24,2015-04-08,510050.XSHG,2015-06-24,PO
138,10000139.XSHG,510050C1509M02900,50ETF购9月2900,2.9,2015-09-23,2015-04-08,510050.XSHG,2015-09-23,CO
139,10000140.XSHG,510050C1509M02950,50ETF购9月2950,2.95,2015-09-23,2015-04-08,510050.XSHG,2015-09-23,CO
140,10000141.XSHG,510050P1509M02900,50ETF沽9月2900,2.9,2015-09-23,2015-04-08,510050.XSHG,2015-09-23,PO
141,10000142.XSHG,510050P1509M02950,50ETF沽9月2950,2.95,2015-09-23,2015-04-08,510050.XSHG,2015-09-23,PO
142,10000143.XSHG,510050C1504M03000,50ETF购4月3000,3.0,2015-04-22,2015-04-09,510050.XSHG,2015-04-22,CO
143,10000144.XSHG,510050P1504M03000,50ETF沽4月3000,3.0,2015-04-22,2015-04-09,510050.XSHG,2015-04-22,PO
144,10000145.XSHG,510050C1505M03000,50ETF购5月3000,3.0,2015-05-27,2015-04-09,510050.XSHG,2015-05-27,CO
145,10000146.XSHG,510050P1505M03000,50ETF沽5月3000,3.0,2015-05-27,2015-04-09,510050.XSHG,2015-05-27,PO
146,10000147.XSHG,510050C1506M03000,50ETF购6月3000,3.0,2015-06-24,2015-04-09,510050.XSHG,2015-06-24,CO
147,10000148.XSHG,510050P1506M03000,50ETF沽6月3000,3.0,2015-06-24,2015-04-09,510050.XSHG,2015-06-24,PO
148,10000149.XSHG,510050C1509M03000,50ETF购9月3000,3.0,2015-09-23,2015-04-09,510050.XSHG,2015-09-23,CO
149,10000150.XSHG,510050P1509M03000,50ETF沽9月3000,3.0,2015-09-23,2015-04-09,510050.XSHG,2015-09-23,PO
150,10000151.XSHG,510050C1504M03100,50ETF购4月3100,3.1,2015-04-22,2015-04-13,510050.XSHG,2015-04-22,CO
151,10000152.XSHG,510050P1504M03100,50ETF沽4月3100,3.1,2015-04-22,2015-04-13,510050.XSHG,2015-04-22,PO
152,10000153.XSHG,510050C1505M03100,50ETF购5月3100,3.1,2015-05-27,2015-04-13,510050.XSHG,2015-05-27,CO
153,10000154.XSHG,510050P1505M03100,50ETF沽5月3100,3.1,2015-05-27,2015-04-13,510050.XSHG,2015-05-27,PO
154,10000155.XSHG,510050C1506M03100,50ETF购6月3100,3.1,2015-06-24,2015-04-13,510050.XSHG,2015-06-24,CO
155,10000156.XSHG,510050P1506M03100,50ETF沽6月3100,3.1,2015-06-24,2015-04-13,510050.XSHG,2015-06-24,PO
156,10000157.XSHG,510050C1509M03100,50ETF购9月3100,3.1,2015-09-23,2015-04-13,510050.XSHG,2015-09-23,CO
157,10000158.XSHG,510050P1509M03100,50ETF沽9月3100,3.1,2015-09-23,2015-04-13,510050.XSHG,2015-09-23,PO
158,10000159.XSHG,510050C1504M03200,50ETF购4月3200,3.2,2015-04-22,2015-04-14,510050.XSHG,2015-04-22,CO
159,10000160.XSHG,510050P1504M03200,50ETF沽4月3200,3.2,2015-04-22,2015-04-14,510050.XSHG,2015-04-22,PO
160,10000161.XSHG,510050C1505M03200,50ETF购5月3200,3.2,2015-05-27,2015-04-14,510050.XSHG,2015-05-27,CO
161,10000162.XSHG,510050P1505M03200,50ETF沽5月3200,3.2,2015-05-27,2015-04-14,510050.XSHG,2015-05-27,PO
162,10000163.XSHG,510050C1506M03200,50ETF购6月3200,3.2,2015-06-24,2015-04-14,510050.XSHG,2015-06-24,CO
163,10000164.XSHG,510050P1506M03200,50ETF沽6月3200,3.2,2015-06-24,2015-04-14,510050.XSHG,2015-06-24,PO
164,10000165.XSHG,510050C1509M03200,50ETF购9月3200,3.2,2015-09-23,2015-04-14,510050.XSHG,2015-09-23,CO
165,10000166.XSHG,510050P1509M03200,50ETF沽9月3200,3.2,2015-09-23,2015-04-14,510050.XSHG,2015-09-23,PO
166,10000167.XSHG,510050C1504M03300,50ETF购4月3300,3.3,2015-04-22,2015-04-17,510050.XSHG,2015-04-22,CO
167,10000168.XSHG,510050P1504M03300,50ETF沽4月3300,3.3,2015-04-22,2015-04-17,510050.XSHG,2015-04-22,PO
168,10000169.XSHG,510050C1505M03300,50ETF购5月3300,3.3,2015-05-27,2015-04-17,510050.XSHG,2015-05-27,CO
169,10000170.XSHG,510050P1505M03300,50ETF沽5月3300,3.3,2015-05-27,2015-04-17,510050.XSHG,2015-05-27,PO
170,10000171.XSHG,510050C1506M03300,50ETF购6月3300,3.3,2015-06-24,2015-04-17,510050.XSHG,2015-06-24,CO
171,10000172.XSHG,510050P1506M03300,50ETF沽6月3300,3.3,2015-06-24,2015-04-17,510050.XSHG,2015-06-24,PO
172,10000173.XSHG,510050C1509M03300,50ETF购9月3300,3.3,2015-09-23,2015-04-17,510050.XSHG,2015-09-23,CO
173,10000174.XSHG,510050P1509M03300,50ETF沽9月3300,3.3,2015-09-23,2015-04-17,510050.XSHG,2015-09-23,PO
174,10000175.XSHG,510050C1504M03400,50ETF购4月3400,3.4,2015-04-22,2015-04-20,510050.XSHG,2015-04-22,CO
175,10000176.XSHG,510050P1504M03400,50ETF沽4月3400,3.4,2015-04-22,2015-04-20,510050.XSHG,2015-04-22,PO
176,10000177.XSHG,510050C1505M03400,50ETF购5月3400,3.4,2015-05-27,2015-04-20,510050.XSHG,2015-05-27,CO
177,10000178.XSHG,510050P1505M03400,50ETF沽5月3400,3.4,2015-05-27,2015-04-20,510050.XSHG,2015-05-27,PO
178,10000179.XSHG,510050C1506M03400,50ETF购6月3400,3.4,2015-06-24,2015-04-20,510050.XSHG,2015-06-24,CO
179,10000180.XSHG,510050P1506M03400,50ETF沽6月3400,3.4,2015-06-24,2015-04-20,510050.XSHG,2015-06-24,PO
180,10000181.XSHG,510050C1509M03400,50ETF购9月3400,3.4,2015-09-23,2015-04-20,510050.XSHG,2015-09-23,CO
181,10000182.XSHG,510050P1509M03400,50ETF沽9月3400,3.4,2015-09-23,2015-04-20,510050.XSHG,2015-09-23,PO
182,10000183.XSHG,510050C1512M03000,50ETF购12月3000,3.0,2015-12-23,2015-04-23,510050.XSHG,2015-12-23,CO
183,10000184.XSHG,510050C1512M03100,50ETF购12月3100,3.1,2015-12-23,2015-04-23,510050.XSHG,2015-12-23,CO
184,10000185.XSHG,510050C1512M03200,50ETF购12月3200,3.2,2015-12-23,2015-04-23,510050.XSHG,2015-12-23,CO
185,10000186.XSHG,510050C1512M03300,50ETF购12月3300,3.3,2015-12-23,2015-04-23,510050.XSHG,2015-12-23,CO
186,10000187.XSHG,510050C1512M03400,50ETF购12月3400,3.4,2015-12-23,2015-04-23,510050.XSHG,2015-12-23,CO
187,10000188.XSHG,510050P1512M03000,50ETF沽12月3000,3.0,2015-12-23,2015-04-23,510050.XSHG,2015-12-23,PO
188,10000189.XSHG,510050P1512M03100,50ETF沽12月3100,3.1,2015-12-23,2015-04-23,510050.XSHG,2015-12-23,PO
189,10000190.XSHG,510050P1512M03200,50ETF沽12月3200,3.2,2015-12-23,2015-04-23,510050.XSHG,2015-12-23,PO
190,10000191.XSHG,510050P1512M03300,50ETF沽12月3300,3.3,2015-12-23,2015-04-23,510050.XSHG,2015-12-23,PO
191,10000192.XSHG,510050P1512M03400,50ETF沽12月3400,3.4,2015-12-23,2015-04-23,510050.XSHG,2015-12-23,PO
192,10000193.XSHG,510050C1505M03500,50ETF购5月3500,3.5,2015-05-27,2015-04-28,510050.XSHG,2015-05-27,CO
193,10000194.XSHG,510050P1505M03500,50ETF沽5月3500,3.5,2015-05-27,2015-04-28,510050.XSHG,2015-05-27,PO
194,10000195.XSHG,510050C1506M03500,50ETF购6月3500,3.5,2015-06-24,2015-04-28,510050.XSHG,2015-06-24,CO
195,10000196.XSHG,510050P1506M03500,50ETF沽6月3500,3.5,2015-06-24,2015-04-28,510050.XSHG,2015-06-24,PO
196,10000197.XSHG,510050C1509M03500,50ETF购9月3500,3.5,2015-09-23,2015-04-28,510050.XSHG,2015-09-23,CO
197,10000198.XSHG,510050P1509M03500,50ETF沽9月3500,3.5,2015-09-23,2015-04-28,510050.XSHG,2015-09-23,PO
198,10000199.XSHG,510050C1512M03500,50ETF购12月3500,3.5,2015-12-23,2015-04-28,510050.XSHG,2015-12-23,CO
199,10000200.XSHG,510050P1512M03500,50ETF沽12月3500,3.5,2015-12-23,2015-04-28,510050.XSHG,2015-12-23,PO
200,10000201.XSHG,510050C1512M02950,50ETF购12月2950,2.95,2015-12-23,2015-05-06,510050.XSHG,2015-12-23,CO
201,10000202.XSHG,510050P1512M02950,50ETF沽12月2950,2.95,2015-12-23,2015-05-06,510050.XSHG,2015-12-23,PO
202,10000203.XSHG,510050C1512M02900,50ETF购12月2900,2.9,2015-12-23,2015-05-08,510050.XSHG,2015-12-23,CO
203,10000204.XSHG,510050P1512M02900,50ETF沽12月2900,2.9,2015-12-23,2015-05-08,510050.XSHG,2015-12-23,PO
204,10000205.XSHG,510050C1512M02850,50ETF购12月2850,2.85,2015-12-23,2015-05-19,510050.XSHG,2015-12-23,CO
205,10000206.XSHG,510050P1512M02850,50ETF沽12月2850,2.85,2015-12-23,2015-05-19,510050.XSHG,2015-12-23,PO
206,10000207.XSHG,510050C1507M03100,50ETF购7月3100,3.1,2015-07-22,2015-05-28,510050.XSHG,2015-07-22,CO
207,10000208.XSHG,510050C1507M03200,50ETF购7月3200,3.2,2015-07-22,2015-05-28,510050.XSHG,2015-07-22,CO
208,10000209.XSHG,510050C1507M03300,50ETF购7月3300,3.3,2015-07-22,2015-05-28,510050.XSHG,2015-07-22,CO
209,10000210.XSHG,510050C1507M03400,50ETF购7月3400,3.4,2015-07-22,2015-05-28,510050.XSHG,2015-07-22,CO
210,10000211.XSHG,510050C1507M03500,50ETF购7月3500,3.5,2015-07-22,2015-05-28,510050.XSHG,2015-07-22,CO
211,10000212.XSHG,510050P1507M03100,50ETF沽7月3100,3.1,2015-07-22,2015-05-28,510050.XSHG,2015-07-22,PO
212,10000213.XSHG,510050P1507M03200,50ETF沽7月3200,3.2,2015-07-22,2015-05-28,510050.XSHG,2015-07-22,PO
213,10000214.XSHG,510050P1507M03300,50ETF沽7月3300,3.3,2015-07-22,2015-05-28,510050.XSHG,2015-07-22,PO
214,10000215.XSHG,510050P1507M03400,50ETF沽7月3400,3.4,2015-07-22,2015-05-28,510050.XSHG,2015-07-22,PO
215,10000216.XSHG,510050P1507M03500,50ETF沽7月3500,3.5,2015-07-22,2015-05-28,510050.XSHG,2015-07-22,PO
216,10000217.XSHG,510050C1507M02950,50ETF购7月2950,2.95,2015-07-22,2015-05-29,510050.XSHG,2015-07-22,CO
217,10000218.XSHG,510050C1507M03000,50ETF购7月3000,3.0,2015-07-22,2015-05-29,510050.XSHG,2015-07-22,CO
218,10000219.XSHG,510050P1507M02950,50ETF沽7月2950,2.95,2015-07-22,2015-05-29,510050.XSHG,2015-07-22,PO
219,10000220.XSHG,510050P1507M03000,50ETF沽7月3000,3.0,2015-07-22,2015-05-29,510050.XSHG,2015-07-22,PO
220,10000221.XSHG,510050C1506M03600,50ETF购6月3600,3.6,2015-06-24,2015-06-09,510050.XSHG,2015-06-24,CO
221,10000222.XSHG,510050P1506M03600,50ETF沽6月3600,3.6,2015-06-24,2015-06-09,510050.XSHG,2015-06-24,PO
222,10000223.XSHG,510050C1507M03600,50ETF购7月3600,3.6,2015-07-22,2015-06-09,510050.XSHG,2015-07-22,CO
223,10000224.XSHG,510050P1507M03600,50ETF沽7月3600,3.6,2015-07-22,2015-06-09,510050.XSHG,2015-07-22,PO
224,10000225.XSHG,510050C1509M03600,50ETF购9月3600,3.6,2015-09-23,2015-06-09,510050.XSHG,2015-09-23,CO
225,10000226.XSHG,510050P1509M03600,50ETF沽9月3600,3.6,2015-09-23,2015-06-09,510050.XSHG,2015-09-23,PO
226,10000227.XSHG,510050C1512M03600,50ETF购12月3600,3.6,2015-12-23,2015-06-09,510050.XSHG,2015-12-23,CO
227,10000228.XSHG,510050P1512M03600,50ETF沽12月3600,3.6,2015-12-23,2015-06-09,510050.XSHG,2015-12-23,PO
228,10000229.XSHG,510050C1507M02900,50ETF购7月2900,2.9,2015-07-22,2015-06-19,510050.XSHG,2015-07-22,CO
229,10000230.XSHG,510050P1507M02900,50ETF沽7月2900,2.9,2015-07-22,2015-06-19,510050.XSHG,2015-07-22,PO
230,10000231.XSHG,510050C1507M02750,50ETF购7月2750,2.75,2015-07-22,2015-06-23,510050.XSHG,2015-07-22,CO
231,10000232.XSHG,510050C1507M02800,50ETF购7月2800,2.8,2015-07-22,2015-06-23,510050.XSHG,2015-07-22,CO
232,10000233.XSHG,510050C1507M02850,50ETF购7月2850,2.85,2015-07-22,2015-06-23,510050.XSHG,2015-07-22,CO
233,10000234.XSHG,510050P1507M02750,50ETF沽7月2750,2.75,2015-07-22,2015-06-23,510050.XSHG,2015-07-22,PO
234,10000235.XSHG,510050P1507M02800,50ETF沽7月2800,2.8,2015-07-22,2015-06-23,510050.XSHG,2015-07-22,PO
235,10000236.XSHG,510050P1507M02850,50ETF沽7月2850,2.85,2015-07-22,2015-06-23,510050.XSHG,2015-07-22,PO
236,10000237.XSHG,510050C1512M02750,50ETF购12月2750,2.75,2015-12-23,2015-06-23,510050.XSHG,2015-12-23,CO
237,10000238.XSHG,510050C1512M02800,50ETF购12月2800,2.8,2015-12-23,2015-06-23,510050.XSHG,2015-12-23,CO
238,10000239.XSHG,510050P1512M02750,50ETF沽12月2750,2.75,2015-12-23,2015-06-23,510050.XSHG,2015-12-23,PO
239,10000240.XSHG,510050P1512M02800,50ETF沽12月2800,2.8,2015-12-23,2015-06-23,510050.XSHG,2015-12-23,PO
240,10000241.XSHG,510050C1508M02900,50ETF购8月2900,2.9,2015-08-26,2015-06-25,510050.XSHG,2015-08-26,CO
241,10000242.XSHG,510050C1508M02950,50ETF购8月2950,2.95,2015-08-26,2015-06-25,510050.XSHG,2015-08-26,CO
242,10000243.XSHG,510050C1508M03000,50ETF购8月3000,3.0,2015-08-26,2015-06-25,510050.XSHG,2015-08-26,CO
243,10000244.XSHG,510050C1508M03100,50ETF购8月3100,3.1,2015-08-26,2015-06-25,510050.XSHG,2015-08-26,CO
244,10000245.XSHG,510050C1508M03200,50ETF购8月3200,3.2,2015-08-26,2015-06-25,510050.XSHG,2015-08-26,CO
245,10000246.XSHG,510050P1508M02900,50ETF沽8月2900,2.9,2015-08-26,2015-06-25,510050.XSHG,2015-08-26,PO
246,10000247.XSHG,510050P1508M02950,50ETF沽8月2950,2.95,2015-08-26,2015-06-25,510050.XSHG,2015-08-26,PO
247,10000248.XSHG,510050P1508M03000,50ETF沽8月3000,3.0,2015-08-26,2015-06-25,510050.XSHG,2015-08-26,PO
248,10000249.XSHG,510050P1508M03100,50ETF沽8月3100,3.1,2015-08-26,2015-06-25,510050.XSHG,2015-08-26,PO
249,10000250.XSHG,510050P1508M03200,50ETF沽8月3200,3.2,2015-08-26,2015-06-25,510050.XSHG,2015-08-26,PO
250,10000251.XSHG,510050C1508M02800,50ETF购8月2800,2.8,2015-08-26,2015-06-26,510050.XSHG,2015-08-26,CO
251,10000252.XSHG,510050C1508M02850,50ETF购8月2850,2.85,2015-08-26,2015-06-26,510050.XSHG,2015-08-26,CO
252,10000253.XSHG,510050P1508M02800,50ETF沽8月2800,2.8,2015-08-26,2015-06-26,510050.XSHG,2015-08-26,PO
253,10000254.XSHG,510050P1508M02850,50ETF沽8月2850,2.85,2015-08-26,2015-06-26,510050.XSHG,2015-08-26,PO
254,10000255.XSHG,510050C1507M02600,50ETF购7月2600,2.6,2015-07-22,2015-06-29,510050.XSHG,2015-07-22,CO
255,10000256.XSHG,510050C1507M02650,50ETF购7月2650,2.65,2015-07-22,2015-06-29,510050.XSHG,2015-07-22,CO
256,10000257.XSHG,510050C1507M02700,50ETF购7月2700,2.7,2015-07-22,2015-06-29,510050.XSHG,2015-07-22,CO
257,10000258.XSHG,510050P1507M02600,50ETF沽7月2600,2.6,2015-07-22,2015-06-29,510050.XSHG,2015-07-22,PO
258,10000259.XSHG,510050P1507M02650,50ETF沽7月2650,2.65,2015-07-22,2015-06-29,510050.XSHG,2015-07-22,PO
259,10000260.XSHG,510050P1507M02700,50ETF沽7月2700,2.7,2015-07-22,2015-06-29,510050.XSHG,2015-07-22,PO
260,10000261.XSHG,510050C1508M02600,50ETF购8月2600,2.6,2015-08-26,2015-06-29,510050.XSHG,2015-08-26,CO
261,10000262.XSHG,510050C1508M02650,50ETF购8月2650,2.65,2015-08-26,2015-06-29,510050.XSHG,2015-08-26,CO
262,10000263.XSHG,510050C1508M02700,50ETF购8月2700,2.7,2015-08-26,2015-06-29,510050.XSHG,2015-08-26,CO
263,10000264.XSHG,510050C1508M02750,50ETF购8月2750,2.75,2015-08-26,2015-06-29,510050.XSHG,2015-08-26,CO
264,10000265.XSHG,510050P1508M02600,50ETF沽8月2600,2.6,2015-08-26,2015-06-29,510050.XSHG,2015-08-26,PO
265,10000266.XSHG,510050P1508M02650,50ETF沽8月2650,2.65,2015-08-26,2015-06-29,510050.XSHG,2015-08-26,PO
266,10000267.XSHG,510050P1508M02700,50ETF沽8月2700,2.7,2015-08-26,2015-06-29,510050.XSHG,2015-08-26,PO
267,10000268.XSHG,510050P1508M02750,50ETF沽8月2750,2.75,2015-08-26,2015-06-29,510050.XSHG,2015-08-26,PO
268,10000269.XSHG,510050C1512M02600,50ETF购12月2600,2.6,2015-12-23,2015-06-29,510050.XSHG,2015-12-23,CO
269,10000270.XSHG,510050C1512M02650,50ETF购12月2650,2.65,2015-12-23,2015-06-29,510050.XSHG,2015-12-23,CO
270,10000271.XSHG,510050C1512M02700,50ETF购12月2700,2.7,2015-12-23,2015-06-29,510050.XSHG,2015-12-23,CO
271,10000272.XSHG,510050P1512M02600,50ETF沽12月2600,2.6,2015-12-23,2015-06-29,510050.XSHG,2015-12-23,PO
272,10000273.XSHG,510050P1512M02650,50ETF沽12月2650,2.65,2015-12-23,2015-06-29,510050.XSHG,2015-12-23,PO
273,10000274.XSHG,510050P1512M02700,50ETF沽12月2700,2.7,2015-12-23,2015-06-29,510050.XSHG,2015-12-23,PO
274,10000275.XSHG,510050C1507M02550,50ETF购7月2550,2.55,2015-07-22,2015-06-30,510050.XSHG,2015-07-22,CO
275,10000276.XSHG,510050P1507M02550,50ETF沽7月2550,2.55,2015-07-22,2015-06-30,510050.XSHG,2015-07-22,PO
276,10000277.XSHG,510050C1508M02550,50ETF购8月2550,2.55,2015-08-26,2015-06-30,510050.XSHG,2015-08-26,CO
277,10000278.XSHG,510050P1508M02550,50ETF沽8月2550,2.55,2015-08-26,2015-06-30,510050.XSHG,2015-08-26,PO
278,10000279.XSHG,510050C1512M02550,50ETF购12月2550,2.55,2015-12-23,2015-06-30,510050.XSHG,2015-12-23,CO
279,10000280.XSHG,510050P1512M02550,50ETF沽12月2550,2.55,2015-12-23,2015-06-30,510050.XSHG,2015-12-23,PO
280,10000281.XSHG,510050C1507M02500,50ETF购7月2500,2.5,2015-07-22,2015-07-06,510050.XSHG,2015-07-22,CO
281,10000282.XSHG,510050P1507M02500,50ETF沽7月2500,2.5,2015-07-22,2015-07-06,510050.XSHG,2015-07-22,PO
282,10000283.XSHG,510050C1508M02500,50ETF购8月2500,2.5,2015-08-26,2015-07-06,510050.XSHG,2015-08-26,CO
283,10000284.XSHG,510050P1508M02500,50ETF沽8月2500,2.5,2015-08-26,2015-07-06,510050.XSHG,2015-08-26,PO
284,10000285.XSHG,510050C1512M02500,50ETF购12月2500,2.5,2015-12-23,2015-07-06,510050.XSHG,2015-12-23,CO
285,10000286.XSHG,510050P1512M02500,50ETF沽12月2500,2.5,2015-12-23,2015-07-06,510050.XSHG,2015-12-23,PO
286,10000287.XSHG,510050C1603M02650,50ETF购3月2650,2.65,2016-03-23,2015-07-23,510050.XSHG,2016-03-23,CO
287,10000288.XSHG,510050C1603M02700,50ETF购3月2700,2.7,2016-03-23,2015-07-23,510050.XSHG,2016-03-23,CO
288,10000289.XSHG,510050C1603M02750,50ETF购3月2750,2.75,2016-03-23,2015-07-23,510050.XSHG,2016-03-23,CO
289,10000290.XSHG,510050C1603M02800,50ETF购3月2800,2.8,2016-03-23,2015-07-23,510050.XSHG,2016-03-23,CO
290,10000291.XSHG,510050C1603M02850,50ETF购3月2850,2.85,2016-03-23,2015-07-23,510050.XSHG,2016-03-23,CO
291,10000292.XSHG,510050P1603M02650,50ETF沽3月2650,2.65,2016-03-23,2015-07-23,510050.XSHG,2016-03-23,PO
292,10000293.XSHG,510050P1603M02700,50ETF沽3月2700,2.7,2016-03-23,2015-07-23,510050.XSHG,2016-03-23,PO
293,10000294.XSHG,510050P1603M02750,50ETF沽3月2750,2.75,2016-03-23,2015-07-23,510050.XSHG,2016-03-23,PO
294,10000295.XSHG,510050P1603M02800,50ETF沽3月2800,2.8,2016-03-23,2015-07-23,510050.XSHG,2016-03-23,PO
295,10000296.XSHG,510050P1603M02850,50ETF沽3月2850,2.85,2016-03-23,2015-07-23,510050.XSHG,2016-03-23,PO
296,10000297.XSHG,510050C1603M02900,50ETF购3月2900,2.9,2016-03-23,2015-07-24,510050.XSHG,2016-03-23,CO
297,10000298.XSHG,510050P1603M02900,50ETF沽3月2900,2.9,2016-03-23,2015-07-24,510050.XSHG,2016-03-23,PO
298,10000299.XSHG,510050C1508M02400,50ETF购8月2400,2.4,2015-08-26,2015-07-28,510050.XSHG,2015-08-26,CO
299,10000300.XSHG,510050C1508M02450,50ETF购8月2450,2.45,2015-08-26,2015-07-28,510050.XSHG,2015-08-26,CO
300,10000301.XSHG,510050P1508M02400,50ETF沽8月2400,2.4,2015-08-26,2015-07-28,510050.XSHG,2015-08-26,PO
301,10000302.XSHG,510050P1508M02450,50ETF沽8月2450,2.45,2015-08-26,2015-07-28,510050.XSHG,2015-08-26,PO
302,10000303.XSHG,510050C1512M02400,50ETF购12月2400,2.4,2015-12-23,2015-07-28,510050.XSHG,2015-12-23,CO
303,10000304.XSHG,510050C1512M02450,50ETF购12月2450,2.45,2015-12-23,2015-07-28,510050.XSHG,2015-12-23,CO
304,10000305.XSHG,510050P1512M02400,50ETF沽12月2400,2.4,2015-12-23,2015-07-28,510050.XSHG,2015-12-23,PO
305,10000306.XSHG,510050P1512M02450,50ETF沽12月2450,2.45,2015-12-23,2015-07-28,510050.XSHG,2015-12-23,PO
306,10000307.XSHG,510050C1603M02400,50ETF购3月2400,2.4,2016-03-23,2015-07-28,510050.XSHG,2016-03-23,CO
307,10000308.XSHG,510050C1603M02450,50ETF购3月2450,2.45,2016-03-23,2015-07-28,510050.XSHG,2016-03-23,CO
308,10000309.XSHG,510050C1603M02500,50ETF购3月2500,2.5,2016-03-23,2015-07-28,510050.XSHG,2016-03-23,CO
309,10000310.XSHG,510050C1603M02550,50ETF购3月2550,2.55,2016-03-23,2015-07-28,510050.XSHG,2016-03-23,CO
310,10000311.XSHG,510050C1603M02600,50ETF购3月2600,2.6,2016-03-23,2015-07-28,510050.XSHG,2016-03-23,CO
311,10000312.XSHG,510050P1603M02400,50ETF沽3月2400,2.4,2016-03-23,2015-07-28,510050.XSHG,2016-03-23,PO
312,10000313.XSHG,510050P1603M02450,50ETF沽3月2450,2.45,2016-03-23,2015-07-28,510050.XSHG,2016-03-23,PO
313,10000314.XSHG,510050P1603M02500,50ETF沽3月2500,2.5,2016-03-23,2015-07-28,510050.XSHG,2016-03-23,PO
314,10000315.XSHG,510050P1603M02550,50ETF沽3月2550,2.55,2016-03-23,2015-07-28,510050.XSHG,2016-03-23,PO
315,10000316.XSHG,510050P1603M02600,50ETF沽3月2600,2.6,2016-03-23,2015-07-28,510050.XSHG,2016-03-23,PO
316,10000317.XSHG,510050C1508M02350,50ETF购8月2350,2.35,2015-08-26,2015-07-31,510050.XSHG,2015-08-26,CO
317,10000318.XSHG,510050P1508M02350,50ETF沽8月2350,2.35,2015-08-26,2015-07-31,510050.XSHG,2015-08-26,PO
318,10000319.XSHG,510050C1512M02350,50ETF购12月2350,2.35,2015-12-23,2015-07-31,510050.XSHG,2015-12-23,CO
319,10000320.XSHG,510050P1512M02350,50ETF沽12月2350,2.35,2015-12-23,2015-07-31,510050.XSHG,2015-12-23,PO
320,10000321.XSHG,510050C1603M02350,50ETF购3月2350,2.35,2016-03-23,2015-07-31,510050.XSHG,2016-03-23,CO
321,10000322.XSHG,510050P1603M02350,50ETF沽3月2350,2.35,2016-03-23,2015-07-31,510050.XSHG,2016-03-23,PO
322,10000323.XSHG,510050C1508M02300,50ETF购8月2300,2.3,2015-08-26,2015-08-19,510050.XSHG,2015-08-26,CO
323,10000324.XSHG,510050P1508M02300,50ETF沽8月2300,2.3,2015-08-26,2015-08-19,510050.XSHG,2015-08-26,PO
324,10000325.XSHG,510050C1512M02300,50ETF购12月2300,2.3,2015-12-23,2015-08-19,510050.XSHG,2015-12-23,CO
325,10000326.XSHG,510050P1512M02300,50ETF沽12月2300,2.3,2015-12-23,2015-08-19,510050.XSHG,2015-12-23,PO
326,10000327.XSHG,510050C1603M02300,50ETF购3月2300,2.3,2016-03-23,2015-08-19,510050.XSHG,2016-03-23,CO
327,10000328.XSHG,510050P1603M02300,50ETF沽3月2300,2.3,2016-03-23,2015-08-19,510050.XSHG,2016-03-23,PO
328,10000329.XSHG,510050C1508M02250,50ETF购8月2250,2.25,2015-08-26,2015-08-21,510050.XSHG,2015-08-26,CO
329,10000330.XSHG,510050P1508M02250,50ETF沽8月2250,2.25,2015-08-26,2015-08-21,510050.XSHG,2015-08-26,PO
330,10000331.XSHG,510050C1512M02250,50ETF购12月2250,2.25,2015-12-23,2015-08-21,510050.XSHG,2015-12-23,CO
331,10000332.XSHG,510050P1512M02250,50ETF沽12月2250,2.25,2015-12-23,2015-08-21,510050.XSHG,2015-12-23,PO
332,10000333.XSHG,510050C1603M02250,50ETF购3月2250,2.25,2016-03-23,2015-08-21,510050.XSHG,2016-03-23,CO
333,10000334.XSHG,510050P1603M02250,50ETF沽3月2250,2.25,2016-03-23,2015-08-21,510050.XSHG,2016-03-23,PO
334,10000335.XSHG,510050C1508M02150,50ETF购8月2150,2.15,2015-08-26,2015-08-24,510050.XSHG,2015-08-26,CO
335,10000336.XSHG,510050C1508M02200,50ETF购8月2200,2.2,2015-08-26,2015-08-24,510050.XSHG,2015-08-26,CO
336,10000337.XSHG,510050P1508M02150,50ETF沽8月2150,2.15,2015-08-26,2015-08-24,510050.XSHG,2015-08-26,PO
337,10000338.XSHG,510050P1508M02200,50ETF沽8月2200,2.2,2015-08-26,2015-08-24,510050.XSHG,2015-08-26,PO
338,10000339.XSHG,510050C1509M02150,50ETF购9月2150,2.15,2015-09-23,2015-08-24,510050.XSHG,2015-09-23,CO
339,10000340.XSHG,510050P1509M02150,50ETF沽9月2150,2.15,2015-09-23,2015-08-24,510050.XSHG,2015-09-23,PO
340,10000341.XSHG,510050C1512M02150,50ETF购12月2150,2.15,2015-12-23,2015-08-24,510050.XSHG,2015-12-23,CO
341,10000342.XSHG,510050C1512M02200,50ETF购12月2200,2.2,2015-12-23,2015-08-24,510050.XSHG,2015-12-23,CO
342,10000343.XSHG,510050P1512M02150,50ETF沽12月2150,2.15,2015-12-23,2015-08-24,510050.XSHG,2015-12-23,PO
343,10000344.XSHG,510050P1512M02200,50ETF沽12月2200,2.2,2015-12-23,2015-08-24,510050.XSHG,2015-12-23,PO
344,10000345.XSHG,510050C1603M02150,50ETF购3月2150,2.15,2016-03-23,2015-08-24,510050.XSHG,2016-03-23,CO
345,10000346.XSHG,510050C1603M02200,50ETF购3月2200,2.2,2016-03-23,2015-08-24,510050.XSHG,2016-03-23,CO
346,10000347.XSHG,510050P1603M02150,50ETF沽3月2150,2.15,2016-03-23,2015-08-24,510050.XSHG,2016-03-23,PO
347,10000348.XSHG,510050P1603M02200,50ETF沽3月2200,2.2,2016-03-23,2015-08-24,510050.XSHG,2016-03-23,PO
348,10000349.XSHG,510050C1508M01950,50ETF购8月1950,1.95,2015-08-26,2015-08-25,510050.XSHG,2015-08-26,CO
349,10000350.XSHG,510050C1508M02000,50ETF购8月2000,2.0,2015-08-26,2015-08-25,510050.XSHG,2015-08-26,CO
350,10000351.XSHG,510050C1508M02050,50ETF购8月2050,2.05,2015-08-26,2015-08-25,510050.XSHG,2015-08-26,CO
351,10000352.XSHG,510050C1508M02100,50ETF购8月2100,2.1,2015-08-26,2015-08-25,510050.XSHG,2015-08-26,CO
352,10000353.XSHG,510050P1508M01950,50ETF沽8月1950,1.95,2015-08-26,2015-08-25,510050.XSHG,2015-08-26,PO
353,10000354.XSHG,510050P1508M02000,50ETF沽8月2000,2.0,2015-08-26,2015-08-25,510050.XSHG,2015-08-26,PO
354,10000355.XSHG,510050P1508M02050,50ETF沽8月2050,2.05,2015-08-26,2015-08-25,510050.XSHG,2015-08-26,PO
355,10000356.XSHG,510050P1508M02100,50ETF沽8月2100,2.1,2015-08-26,2015-08-25,510050.XSHG,2015-08-26,PO
356,10000357.XSHG,510050C1509M01950,50ETF购9月1950,1.95,2015-09-23,2015-08-25,510050.XSHG,2015-09-23,CO
357,10000358.XSHG,510050C1509M02000,50ETF购9月2000,2.0,2015-09-23,2015-08-25,510050.XSHG,2015-09-23,CO
358,10000359.XSHG,510050C1509M02050,50ETF购9月2050,2.05,2015-09-23,2015-08-25,510050.XSHG,2015-09-23,CO
359,10000360.XSHG,510050C1509M02100,50ETF购9月2100,2.1,2015-09-23,2015-08-25,510050.XSHG,2015-09-23,CO
360,10000361.XSHG,510050P1509M01950,50ETF沽9月1950,1.95,2015-09-23,2015-08-25,510050.XSHG,2015-09-23,PO
361,10000362.XSHG,510050P1509M02000,50ETF沽9月2000,2.0,2015-09-23,2015-08-25,510050.XSHG,2015-09-23,PO
362,10000363.XSHG,510050P1509M02050,50ETF沽9月2050,2.05,2015-09-23,2015-08-25,510050.XSHG,2015-09-23,PO
363,10000364.XSHG,510050P1509M02100,50ETF沽9月2100,2.1,2015-09-23,2015-08-25,510050.XSHG,2015-09-23,PO
364,10000365.XSHG,510050C1512M01950,50ETF购12月1950,1.95,2015-12-23,2015-08-25,510050.XSHG,2015-12-23,CO
365,10000366.XSHG,510050C1512M02000,50ETF购12月2000,2.0,2015-12-23,2015-08-25,510050.XSHG,2015-12-23,CO
366,10000367.XSHG,510050C1512M02050,50ETF购12月2050,2.05,2015-12-23,2015-08-25,510050.XSHG,2015-12-23,CO
367,10000368.XSHG,510050C1512M02100,50ETF购12月2100,2.1,2015-12-23,2015-08-25,510050.XSHG,2015-12-23,CO
368,10000369.XSHG,510050P1512M01950,50ETF沽12月1950,1.95,2015-12-23,2015-08-25,510050.XSHG,2015-12-23,PO
369,10000370.XSHG,510050P1512M02000,50ETF沽12月2000,2.0,2015-12-23,2015-08-25,510050.XSHG,2015-12-23,PO
370,10000371.XSHG,510050P1512M02050,50ETF沽12月2050,2.05,2015-12-23,2015-08-25,510050.XSHG,2015-12-23,PO
371,10000372.XSHG,510050P1512M02100,50ETF沽12月2100,2.1,2015-12-23,2015-08-25,510050.XSHG,2015-12-23,PO
372,10000373.XSHG,510050C1603M01950,50ETF购3月1950,1.95,2016-03-23,2015-08-25,510050.XSHG,2016-03-23,CO
373,10000374.XSHG,510050C1603M02000,50ETF购3月2000,2.0,2016-03-23,2015-08-25,510050.XSHG,2016-03-23,CO
374,10000375.XSHG,510050C1603M02050,50ETF购3月2050,2.05,2016-03-23,2015-08-25,510050.XSHG,2016-03-23,CO
375,10000376.XSHG,510050C1603M02100,50ETF购3月2100,2.1,2016-03-23,2015-08-25,510050.XSHG,2016-03-23,CO
376,10000377.XSHG,510050P1603M01950,50ETF沽3月1950,1.95,2016-03-23,2015-08-25,510050.XSHG,2016-03-23,PO
377,10000378.XSHG,510050P1603M02000,50ETF沽3月2000,2.0,2016-03-23,2015-08-25,510050.XSHG,2016-03-23,PO
378,10000379.XSHG,510050P1603M02050,50ETF沽3月2050,2.05,2016-03-23,2015-08-25,510050.XSHG,2016-03-23,PO
379,10000380.XSHG,510050P1603M02100,50ETF沽3月2100,2.1,2016-03-23,2015-08-25,510050.XSHG,2016-03-23,PO
380,10000381.XSHG,510050C1508M01800,50ETF购8月1800,1.8,2015-08-26,2015-08-26,510050.XSHG,2015-08-26,CO
381,10000382.XSHG,510050C1508M01850,50ETF购8月1850,1.85,2015-08-26,2015-08-26,510050.XSHG,2015-08-26,CO
382,10000383.XSHG,510050C1508M01900,50ETF购8月1900,1.9,2015-08-26,2015-08-26,510050.XSHG,2015-08-26,CO
383,10000384.XSHG,510050P1508M01800,50ETF沽8月1800,1.8,2015-08-26,2015-08-26,510050.XSHG,2015-08-26,PO
384,10000385.XSHG,510050P1508M01850,50ETF沽8月1850,1.85,2015-08-26,2015-08-26,510050.XSHG,2015-08-26,PO
385,10000386.XSHG,510050P1508M01900,50ETF沽8月1900,1.9,2015-08-26,2015-08-26,510050.XSHG,2015-08-26,PO
386,10000387.XSHG,510050C1509M01800,50ETF购9月1800,1.8,2015-09-23,2015-08-26,510050.XSHG,2015-09-23,CO
387,10000388.XSHG,510050C1509M01850,50ETF购9月1850,1.85,2015-09-23,2015-08-26,510050.XSHG,2015-09-23,CO
388,10000389.XSHG,510050C1509M01900,50ETF购9月1900,1.9,2015-09-23,2015-08-26,510050.XSHG,2015-09-23,CO
389,10000390.XSHG,510050P1509M01800,50ETF沽9月1800,1.8,2015-09-23,2015-08-26,510050.XSHG,2015-09-23,PO
390,10000391.XSHG,510050P1509M01850,50ETF沽9月1850,1.85,2015-09-23,2015-08-26,510050.XSHG,2015-09-23,PO
391,10000392.XSHG,510050P1509M01900,50ETF沽9月1900,1.9,2015-09-23,2015-08-26,510050.XSHG,2015-09-23,PO
392,10000393.XSHG,510050C1512M01800,50ETF购12月1800,1.8,2015-12-23,2015-08-26,510050.XSHG,2015-12-23,CO
393,10000394.XSHG,510050C1512M01850,50ETF购12月1850,1.85,2015-12-23,2015-08-26,510050.XSHG,2015-12-23,CO
394,10000395.XSHG,510050C1512M01900,50ETF购12月1900,1.9,2015-12-23,2015-08-26,510050.XSHG,2015-12-23,CO
395,10000396.XSHG,510050P1512M01800,50ETF沽12月1800,1.8,2015-12-23,2015-08-26,510050.XSHG,2015-12-23,PO
396,10000397.XSHG,510050P1512M01850,50ETF沽12月1850,1.85,2015-12-23,2015-08-26,510050.XSHG,2015-12-23,PO
397,10000398.XSHG,510050P1512M01900,50ETF沽12月1900,1.9,2015-12-23,2015-08-26,510050.XSHG,2015-12-23,PO
398,10000399.XSHG,510050C1603M01800,50ETF购3月1800,1.8,2016-03-23,2015-08-26,510050.XSHG,2016-03-23,CO
399,10000400.XSHG,510050C1603M01850,50ETF购3月1850,1.85,2016-03-23,2015-08-26,510050.XSHG,2016-03-23,CO
400,10000401.XSHG,510050C1603M01900,50ETF购3月1900,1.9,2016-03-23,2015-08-26,510050.XSHG,2016-03-23,CO
401,10000402.XSHG,510050P1603M01800,50ETF沽3月1800,1.8,2016-03-23,2015-08-26,510050.XSHG,2016-03-23,PO
402,10000403.XSHG,510050P1603M01850,50ETF沽3月1850,1.85,2016-03-23,2015-08-26,510050.XSHG,2016-03-23,PO
403,10000404.XSHG,510050P1603M01900,50ETF沽3月1900,1.9,2016-03-23,2015-08-26,510050.XSHG,2016-03-23,PO
404,10000405.XSHG,510050C1510M01850,50ETF购10月1850,1.85,2015-10-28,2015-08-27,510050.XSHG,2015-10-28,CO
405,10000406.XSHG,510050C1510M01900,50ETF购10月1900,1.9,2015-10-28,2015-08-27,510050.XSHG,2015-10-28,CO
406,10000407.XSHG,510050C1510M01950,50ETF购10月1950,1.95,2015-10-28,2015-08-27,510050.XSHG,2015-10-28,CO
407,10000408.XSHG,510050C1510M02000,50ETF购10月2000,2.0,2015-10-28,2015-08-27,510050.XSHG,2015-10-28,CO
408,10000409.XSHG,510050C1510M02050,50ETF购10月2050,2.05,2015-10-28,2015-08-27,510050.XSHG,2015-10-28,CO
409,10000410.XSHG,510050P1510M01850,50ETF沽10月1850,1.85,2015-10-28,2015-08-27,510050.XSHG,2015-10-28,PO
410,10000411.XSHG,510050P1510M01900,50ETF沽10月1900,1.9,2015-10-28,2015-08-27,510050.XSHG,2015-10-28,PO
411,10000412.XSHG,510050P1510M01950,50ETF沽10月1950,1.95,2015-10-28,2015-08-27,510050.XSHG,2015-10-28,PO
412,10000413.XSHG,510050P1510M02000,50ETF沽10月2000,2.0,2015-10-28,2015-08-27,510050.XSHG,2015-10-28,PO
413,10000414.XSHG,510050P1510M02050,50ETF沽10月2050,2.05,2015-10-28,2015-08-27,510050.XSHG,2015-10-28,PO
414,10000415.XSHG,510050C1510M02100,50ETF购10月2100,2.1,2015-10-28,2015-08-28,510050.XSHG,2015-10-28,CO
415,10000416.XSHG,510050C1510M02150,50ETF购10月2150,2.15,2015-10-28,2015-08-28,510050.XSHG,2015-10-28,CO
416,10000417.XSHG,510050C1510M02200,50ETF购10月2200,2.2,2015-10-28,2015-08-28,510050.XSHG,2015-10-28,CO
417,10000418.XSHG,510050P1510M02100,50ETF沽10月2100,2.1,2015-10-28,2015-08-28,510050.XSHG,2015-10-28,PO
418,10000419.XSHG,510050P1510M02150,50ETF沽10月2150,2.15,2015-10-28,2015-08-28,510050.XSHG,2015-10-28,PO
419,10000420.XSHG,510050P1510M02200,50ETF沽10月2200,2.2,2015-10-28,2015-08-28,510050.XSHG,2015-10-28,PO
420,10000421.XSHG,510050C1510M02250,50ETF购10月2250,2.25,2015-10-28,2015-08-31,510050.XSHG,2015-10-28,CO
421,10000422.XSHG,510050P1510M02250,50ETF沽10月2250,2.25,2015-10-28,2015-08-31,510050.XSHG,2015-10-28,PO
422,10000423.XSHG,510050C1510M02300,50ETF购10月2300,2.3,2015-10-28,2015-09-01,510050.XSHG,2015-10-28,CO
423,10000424.XSHG,510050P1510M02300,50ETF沽10月2300,2.3,2015-10-28,2015-09-01,510050.XSHG,2015-10-28,PO
424,10000425.XSHG,510050C1510M02350,50ETF购10月2350,2.35,2015-10-28,2015-09-02,510050.XSHG,2015-10-28,CO
425,10000426.XSHG,510050P1510M02350,50ETF沽10月2350,2.35,2015-10-28,2015-09-02,510050.XSHG,2015-10-28,PO
426,10000427.XSHG,510050C1511M02100,50ETF购11月2100,2.1,2015-11-25,2015-09-24,510050.XSHG,2015-11-25,CO
427,10000428.XSHG,510050C1511M02150,50ETF购11月2150,2.15,2015-11-25,2015-09-24,510050.XSHG,2015-11-25,CO
428,10000429.XSHG,510050C1511M02200,50ETF购11月2200,2.2,2015-11-25,2015-09-24,510050.XSHG,2015-11-25,CO
429,10000430.XSHG,510050C1511M02250,50ETF购11月2250,2.25,2015-11-25,2015-09-24,510050.XSHG,2015-11-25,CO
430,10000431.XSHG,510050C1511M02300,50ETF购11月2300,2.3,2015-11-25,2015-09-24,510050.XSHG,2015-11-25,CO
431,10000432.XSHG,510050P1511M02100,50ETF沽11月2100,2.1,2015-11-25,2015-09-24,510050.XSHG,2015-11-25,PO
432,10000433.XSHG,510050P1511M02150,50ETF沽11月2150,2.15,2015-11-25,2015-09-24,510050.XSHG,2015-11-25,PO
433,10000434.XSHG,510050P1511M02200,50ETF沽11月2200,2.2,2015-11-25,2015-09-24,510050.XSHG,2015-11-25,PO
434,10000435.XSHG,510050P1511M02250,50ETF沽11月2250,2.25,2015-11-25,2015-09-24,510050.XSHG,2015-11-25,PO
435,10000436.XSHG,510050P1511M02300,50ETF沽11月2300,2.3,2015-11-25,2015-09-24,510050.XSHG,2015-11-25,PO
436,10000437.XSHG,510050C1511M02050,50ETF购11月2050,2.05,2015-11-25,2015-09-28,510050.XSHG,2015-11-25,CO
437,10000438.XSHG,510050P1511M02050,50ETF沽11月2050,2.05,2015-11-25,2015-09-28,510050.XSHG,2015-11-25,PO
438,10000439.XSHG,510050C1510M02400,50ETF购10月2400,2.4,2015-10-28,2015-10-13,510050.XSHG,2015-10-28,CO
439,10000440.XSHG,510050P1510M02400,50ETF沽10月2400,2.4,2015-10-28,2015-10-13,510050.XSHG,2015-10-28,PO
440,10000441.XSHG,510050C1511M02350,50ETF购11月2350,2.35,2015-11-25,2015-10-13,510050.XSHG,2015-11-25,CO
441,10000442.XSHG,510050C1511M02400,50ETF购11月2400,2.4,2015-11-25,2015-10-13,510050.XSHG,2015-11-25,CO
442,10000443.XSHG,510050P1511M02350,50ETF沽11月2350,2.35,2015-11-25,2015-10-13,510050.XSHG,2015-11-25,PO
443,10000444.XSHG,510050P1511M02400,50ETF沽11月2400,2.4,2015-11-25,2015-10-13,510050.XSHG,2015-11-25,PO
444,10000445.XSHG,510050C1510M02450,50ETF购10月2450,2.45,2015-10-28,2015-10-21,510050.XSHG,2015-10-28,CO
445,10000446.XSHG,510050P1510M02450,50ETF沽10月2450,2.45,2015-10-28,2015-10-21,510050.XSHG,2015-10-28,PO
446,10000447.XSHG,510050C1511M02450,50ETF购11月2450,2.45,2015-11-25,2015-10-21,510050.XSHG,2015-11-25,CO
447,10000448.XSHG,510050P1511M02450,50ETF沽11月2450,2.45,2015-11-25,2015-10-21,510050.XSHG,2015-11-25,PO
448,10000449.XSHG,510050C1606M02200,50ETF购6月2200,2.2,2016-06-22,2015-10-29,510050.XSHG,2016-06-22,CO
449,10000450.XSHG,510050C1606M02250,50ETF购6月2250,2.25,2016-06-22,2015-10-29,510050.XSHG,2016-06-22,CO
450,10000451.XSHG,510050C1606M02300,50ETF购6月2300,2.3,2016-06-22,2015-10-29,510050.XSHG,2016-06-22,CO
451,10000452.XSHG,510050C1606M02350,50ETF购6月2350,2.35,2016-06-22,2015-10-29,510050.XSHG,2016-06-22,CO
452,10000453.XSHG,510050C1606M02400,50ETF购6月2400,2.4,2016-06-22,2015-10-29,510050.XSHG,2016-06-22,CO
453,10000454.XSHG,510050P1606M02200,50ETF沽6月2200,2.2,2016-06-22,2015-10-29,510050.XSHG,2016-06-22,PO
454,10000455.XSHG,510050P1606M02250,50ETF沽6月2250,2.25,2016-06-22,2015-10-29,510050.XSHG,2016-06-22,PO
455,10000456.XSHG,510050P1606M02300,50ETF沽6月2300,2.3,2016-06-22,2015-10-29,510050.XSHG,2016-06-22,PO
456,10000457.XSHG,510050P1606M02350,50ETF沽6月2350,2.35,2016-06-22,2015-10-29,510050.XSHG,2016-06-22,PO
457,10000458.XSHG,510050P1606M02400,50ETF沽6月2400,2.4,2016-06-22,2015-10-29,510050.XSHG,2016-06-22,PO
458,10000459.XSHG,510050C1606M02150,50ETF购6月2150,2.15,2016-06-22,2015-11-04,510050.XSHG,2016-06-22,CO
459,10000460.XSHG,510050P1606M02150,50ETF沽6月2150,2.15,2016-06-22,2015-11-04,510050.XSHG,2016-06-22,PO
460,10000461.XSHG,510050C1511M02500,50ETF购11月2500,2.5,2015-11-25,2015-11-05,510050.XSHG,2015-11-25,CO
461,10000462.XSHG,510050P1511M02500,50ETF沽11月2500,2.5,2015-11-25,2015-11-05,510050.XSHG,2015-11-25,PO
462,10000463.XSHG,510050C1606M02450,50ETF购6月2450,2.45,2016-06-22,2015-11-05,510050.XSHG,2016-06-22,CO
463,10000464.XSHG,510050C1606M02500,50ETF购6月2500,2.5,2016-06-22,2015-11-05,510050.XSHG,2016-06-22,CO
464,10000465.XSHG,510050P1606M02450,50ETF沽6月2450,2.45,2016-06-22,2015-11-05,510050.XSHG,2016-06-22,PO
465,10000466.XSHG,510050P1606M02500,50ETF沽6月2500,2.5,2016-06-22,2015-11-05,510050.XSHG,2016-06-22,PO
466,10000467.XSHG,510050C1511M02550,50ETF购11月2550,2.55,2015-11-25,2015-11-06,510050.XSHG,2015-11-25,CO
467,10000468.XSHG,510050P1511M02550,50ETF沽11月2550,2.55,2015-11-25,2015-11-06,510050.XSHG,2015-11-25,PO
468,10000469.XSHG,510050C1606M02550,50ETF购6月2550,2.55,2016-06-22,2015-11-06,510050.XSHG,2016-06-22,CO
469,10000470.XSHG,510050P1606M02550,50ETF沽6月2550,2.55,2016-06-22,2015-11-06,510050.XSHG,2016-06-22,PO
470,10000471.XSHG,510050C1511M02600,50ETF购11月2600,2.6,2015-11-25,2015-11-09,510050.XSHG,2015-11-25,CO
471,10000472.XSHG,510050P1511M02600,50ETF沽11月2600,2.6,2015-11-25,2015-11-09,510050.XSHG,2015-11-25,PO
472,10000473.XSHG,510050C1606M02600,50ETF购6月2600,2.6,2016-06-22,2015-11-09,510050.XSHG,2016-06-22,CO
473,10000474.XSHG,510050P1606M02600,50ETF沽6月2600,2.6,2016-06-22,2015-11-09,510050.XSHG,2016-06-22,PO
474,10000475.XSHG,510050C1511M02650,50ETF购11月2650,2.65,2015-11-25,2015-11-10,510050.XSHG,2015-11-25,CO
475,10000476.XSHG,510050P1511M02650,50ETF沽11月2650,2.65,2015-11-25,2015-11-10,510050.XSHG,2015-11-25,PO
476,10000477.XSHG,510050C1606M02650,50ETF购6月2650,2.65,2016-06-22,2015-11-10,510050.XSHG,2016-06-22,CO
477,10000478.XSHG,510050P1606M02650,50ETF沽6月2650,2.65,2016-06-22,2015-11-10,510050.XSHG,2016-06-22,PO
478,10000479.XSHG,510050C1601M02350,50ETF购1月2350,2.35,2016-01-27,2015-11-26,510050.XSHG,2016-01-27,CO
479,10000480.XSHG,510050C1601M02400,50ETF购1月2400,2.4,2016-01-27,2015-11-26,510050.XSHG,2016-01-27,CO
480,10000481.XSHG,510050C1601M02450,50ETF购1月2450,2.45,2016-01-27,2015-11-26,510050.XSHG,2016-01-27,CO
481,10000482.XSHG,510050C1601M02500,50ETF购1月2500,2.5,2016-01-27,2015-11-26,510050.XSHG,2016-01-27,CO
482,10000483.XSHG,510050C1601M02550,50ETF购1月2550,2.55,2016-01-27,2015-11-26,510050.XSHG,2016-01-27,CO
483,10000484.XSHG,510050P1601M02350,50ETF沽1月2350,2.35,2016-01-27,2015-11-26,510050.XSHG,2016-01-27,PO
484,10000485.XSHG,510050P1601M02400,50ETF沽1月2400,2.4,2016-01-27,2015-11-26,510050.XSHG,2016-01-27,PO
485,10000486.XSHG,510050P1601M02450,50ETF沽1月2450,2.45,2016-01-27,2015-11-26,510050.XSHG,2016-01-27,PO
486,10000487.XSHG,510050P1601M02500,50ETF沽1月2500,2.5,2016-01-27,2015-11-26,510050.XSHG,2016-01-27,PO
487,10000488.XSHG,510050P1601M02550,50ETF沽1月2550,2.55,2016-01-27,2015-11-26,510050.XSHG,2016-01-27,PO
488,10000489.XSHG,510050C1601M02200,50ETF购1月2200,2.2,2016-01-27,2015-11-30,510050.XSHG,2016-01-27,CO
489,10000490.XSHG,510050C1601M02250,50ETF购1月2250,2.25,2016-01-27,2015-11-30,510050.XSHG,2016-01-27,CO
490,10000491.XSHG,510050C1601M02300,50ETF购1月2300,2.3,2016-01-27,2015-11-30,510050.XSHG,2016-01-27,CO
491,10000492.XSHG,510050P1601M02200,50ETF沽1月2200,2.2,2016-01-27,2015-11-30,510050.XSHG,2016-01-27,PO
492,10000493.XSHG,510050P1601M02250,50ETF沽1月2250,2.25,2016-01-27,2015-11-30,510050.XSHG,2016-01-27,PO
493,10000494.XSHG,510050P1601M02300,50ETF沽1月2300,2.3,2016-01-27,2015-11-30,510050.XSHG,2016-01-27,PO
494,10000495.XSHG,510050C1601M02600,50ETF购1月2600,2.6,2016-01-27,2015-12-22,510050.XSHG,2016-01-27,CO
495,10000496.XSHG,510050P1601M02600,50ETF沽1月2600,2.6,2016-01-27,2015-12-22,510050.XSHG,2016-01-27,PO
496,10000497.XSHG,510050C1602M02400,50ETF购2月2400,2.4,2016-02-24,2015-12-24,510050.XSHG,2016-02-24,CO
497,10000498.XSHG,510050C1602M02450,50ETF购2月2450,2.45,2016-02-24,2015-12-24,510050.XSHG,2016-02-24,CO
498,10000499.XSHG,510050C1602M02500,50ETF购2月2500,2.5,2016-02-24,2015-12-24,510050.XSHG,2016-02-24,CO
499,10000500.XSHG,510050C1602M02550,50ETF购2月2550,2.55,2016-02-24,2015-12-24,510050.XSHG,2016-02-24,CO
500,10000501.XSHG,510050C1602M02600,50ETF购2月2600,2.6,2016-02-24,2015-12-24,510050.XSHG,2016-02-24,CO
501,10000502.XSHG,510050P1602M02400,50ETF沽2月2400,2.4,2016-02-24,2015-12-24,510050.XSHG,2016-02-24,PO
502,10000503.XSHG,510050P1602M02450,50ETF沽2月2450,2.45,2016-02-24,2015-12-24,510050.XSHG,2016-02-24,PO
503,10000504.XSHG,510050P1602M02500,50ETF沽2月2500,2.5,2016-02-24,2015-12-24,510050.XSHG,2016-02-24,PO
504,10000505.XSHG,510050P1602M02550,50ETF沽2月2550,2.55,2016-02-24,2015-12-24,510050.XSHG,2016-02-24,PO
505,10000506.XSHG,510050P1602M02600,50ETF沽2月2600,2.6,2016-02-24,2015-12-24,510050.XSHG,2016-02-24,PO
506,10000507.XSHG,510050C1602M02300,50ETF购2月2300,2.3,2016-02-24,2015-12-29,510050.XSHG,2016-02-24,CO
507,10000508.XSHG,510050C1602M02350,50ETF购2月2350,2.35,2016-02-24,2015-12-29,510050.XSHG,2016-02-24,CO
508,10000509.XSHG,510050P1602M02300,50ETF沽2月2300,2.3,2016-02-24,2015-12-29,510050.XSHG,2016-02-24,PO
509,10000510.XSHG,510050P1602M02350,50ETF沽2月2350,2.35,2016-02-24,2015-12-29,510050.XSHG,2016-02-24,PO
510,10000511.XSHG,510050C1602M02200,50ETF购2月2200,2.2,2016-02-24,2016-01-05,510050.XSHG,2016-02-24,CO
511,10000512.XSHG,510050C1602M02250,50ETF购2月2250,2.25,2016-02-24,2016-01-05,510050.XSHG,2016-02-24,CO
512,10000513.XSHG,510050P1602M02200,50ETF沽2月2200,2.2,2016-02-24,2016-01-05,510050.XSHG,2016-02-24,PO
513,10000514.XSHG,510050P1602M02250,50ETF沽2月2250,2.25,2016-02-24,2016-01-05,510050.XSHG,2016-02-24,PO
514,10000515.XSHG,510050C1601M02100,50ETF购1月2100,2.1,2016-01-27,2016-01-08,510050.XSHG,2016-01-27,CO
515,10000516.XSHG,510050C1601M02150,50ETF购1月2150,2.15,2016-01-27,2016-01-08,510050.XSHG,2016-01-27,CO
516,10000517.XSHG,510050P1601M02100,50ETF沽1月2100,2.1,2016-01-27,2016-01-08,510050.XSHG,2016-01-27,PO
517,10000518.XSHG,510050P1601M02150,50ETF沽1月2150,2.15,2016-01-27,2016-01-08,510050.XSHG,2016-01-27,PO
518,10000519.XSHG,510050C1602M02100,50ETF购2月2100,2.1,2016-02-24,2016-01-08,510050.XSHG,2016-02-24,CO
519,10000520.XSHG,510050C1602M02150,50ETF购2月2150,2.15,2016-02-24,2016-01-08,510050.XSHG,2016-02-24,CO
520,10000521.XSHG,510050P1602M02100,50ETF沽2月2100,2.1,2016-02-24,2016-01-08,510050.XSHG,2016-02-24,PO
521,10000522.XSHG,510050P1602M02150,50ETF沽2月2150,2.15,2016-02-24,2016-01-08,510050.XSHG,2016-02-24,PO
522,10000523.XSHG,510050C1606M02100,50ETF购6月2100,2.1,2016-06-22,2016-01-08,510050.XSHG,2016-06-22,CO
523,10000524.XSHG,510050P1606M02100,50ETF沽6月2100,2.1,2016-06-22,2016-01-08,510050.XSHG,2016-06-22,PO
524,10000525.XSHG,510050C1601M02050,50ETF购1月2050,2.05,2016-01-27,2016-01-12,510050.XSHG,2016-01-27,CO
525,10000526.XSHG,510050P1601M02050,50ETF沽1月2050,2.05,2016-01-27,2016-01-12,510050.XSHG,2016-01-27,PO
526,10000527.XSHG,510050C1602M02050,50ETF购2月2050,2.05,2016-02-24,2016-01-12,510050.XSHG,2016-02-24,CO
527,10000528.XSHG,510050P1602M02050,50ETF沽2月2050,2.05,2016-02-24,2016-01-12,510050.XSHG,2016-02-24,PO
528,10000529.XSHG,510050C1606M02050,50ETF购6月2050,2.05,2016-06-22,2016-01-12,510050.XSHG,2016-06-22,CO
529,10000530.XSHG,510050P1606M02050,50ETF沽6月2050,2.05,2016-06-22,2016-01-12,510050.XSHG,2016-06-22,PO
530,10000531.XSHG,510050C1601M02000,50ETF购1月2000,2.0,2016-01-27,2016-01-14,510050.XSHG,2016-01-27,CO
531,10000532.XSHG,510050P1601M02000,50ETF沽1月2000,2.0,2016-01-27,2016-01-14,510050.XSHG,2016-01-27,PO
532,10000533.XSHG,510050C1602M02000,50ETF购2月2000,2.0,2016-02-24,2016-01-14,510050.XSHG,2016-02-24,CO
533,10000534.XSHG,510050P1602M02000,50ETF沽2月2000,2.0,2016-02-24,2016-01-14,510050.XSHG,2016-02-24,PO
534,10000535.XSHG,510050C1606M02000,50ETF购6月2000,2.0,2016-06-22,2016-01-14,510050.XSHG,2016-06-22,CO
535,10000536.XSHG,510050P1606M02000,50ETF沽6月2000,2.0,2016-06-22,2016-01-14,510050.XSHG,2016-06-22,PO
536,10000537.XSHG,510050C1601M01950,50ETF购1月1950,1.95,2016-01-27,2016-01-18,510050.XSHG,2016-01-27,CO
537,10000538.XSHG,510050P1601M01950,50ETF沽1月1950,1.95,2016-01-27,2016-01-18,510050.XSHG,2016-01-27,PO
538,10000539.XSHG,510050C1602M01950,50ETF购2月1950,1.95,2016-02-24,2016-01-18,510050.XSHG,2016-02-24,CO
539,10000540.XSHG,510050P1602M01950,50ETF沽2月1950,1.95,2016-02-24,2016-01-18,510050.XSHG,2016-02-24,PO
540,10000541.XSHG,510050C1606M01950,50ETF购6月1950,1.95,2016-06-22,2016-01-18,510050.XSHG,2016-06-22,CO
541,10000542.XSHG,510050P1606M01950,50ETF沽6月1950,1.95,2016-06-22,2016-01-18,510050.XSHG,2016-06-22,PO
542,10000543.XSHG,510050C1601M01850,50ETF购1月1850,1.85,2016-01-27,2016-01-27,510050.XSHG,2016-01-27,CO
543,10000544.XSHG,510050C1601M01900,50ETF购1月1900,1.9,2016-01-27,2016-01-27,510050.XSHG,2016-01-27,CO
544,10000545.XSHG,510050P1601M01850,50ETF沽1月1850,1.85,2016-01-27,2016-01-27,510050.XSHG,2016-01-27,PO
545,10000546.XSHG,510050P1601M01900,50ETF沽1月1900,1.9,2016-01-27,2016-01-27,510050.XSHG,2016-01-27,PO
546,10000547.XSHG,510050C1602M01850,50ETF购2月1850,1.85,2016-02-24,2016-01-27,510050.XSHG,2016-02-24,CO
547,10000548.XSHG,510050C1602M01900,50ETF购2月1900,1.9,2016-02-24,2016-01-27,510050.XSHG,2016-02-24,CO
548,10000549.XSHG,510050P1602M01850,50ETF沽2月1850,1.85,2016-02-24,2016-01-27,510050.XSHG,2016-02-24,PO
549,10000550.XSHG,510050P1602M01900,50ETF沽2月1900,1.9,2016-02-24,2016-01-27,510050.XSHG,2016-02-24,PO
550,10000551.XSHG,510050C1606M01850,50ETF购6月1850,1.85,2016-06-22,2016-01-27,510050.XSHG,2016-06-22,CO
551,10000552.XSHG,510050C1606M01900,50ETF购6月1900,1.9,2016-06-22,2016-01-27,510050.XSHG,2016-06-22,CO
552,10000553.XSHG,510050P1606M01850,50ETF沽6月1850,1.85,2016-06-22,2016-01-27,510050.XSHG,2016-06-22,PO
553,10000554.XSHG,510050P1606M01900,50ETF沽6月1900,1.9,2016-06-22,2016-01-27,510050.XSHG,2016-06-22,PO
554,10000555.XSHG,510050C1609M01850,50ETF购9月1850,1.85,2016-09-28,2016-01-28,510050.XSHG,2016-09-28,CO
555,10000556.XSHG,510050C1609M01900,50ETF购9月1900,1.9,2016-09-28,2016-01-28,510050.XSHG,2016-09-28,CO
556,10000557.XSHG,510050C1609M01950,50ETF购9月1950,1.95,2016-09-28,2016-01-28,510050.XSHG,2016-09-28,CO
557,10000558.XSHG,510050C1609M02000,50ETF购9月2000,2.0,2016-09-28,2016-01-28,510050.XSHG,2016-09-28,CO
558,10000559.XSHG,510050C1609M02050,50ETF购9月2050,2.05,2016-09-28,2016-01-28,510050.XSHG,2016-09-28,CO
559,10000560.XSHG,510050P1609M01850,50ETF沽9月1850,1.85,2016-09-28,2016-01-28,510050.XSHG,2016-09-28,PO
560,10000561.XSHG,510050P1609M01900,50ETF沽9月1900,1.9,2016-09-28,2016-01-28,510050.XSHG,2016-09-28,PO
561,10000562.XSHG,510050P1609M01950,50ETF沽9月1950,1.95,2016-09-28,2016-01-28,510050.XSHG,2016-09-28,PO
562,10000563.XSHG,510050P1609M02000,50ETF沽9月2000,2.0,2016-09-28,2016-01-28,510050.XSHG,2016-09-28,PO
563,10000564.XSHG,510050P1609M02050,50ETF沽9月2050,2.05,2016-09-28,2016-01-28,510050.XSHG,2016-09-28,PO
564,10000565.XSHG,510050C1602M01800,50ETF购2月1800,1.8,2016-02-24,2016-01-29,510050.XSHG,2016-02-24,CO
565,10000566.XSHG,510050P1602M01800,50ETF沽2月1800,1.8,2016-02-24,2016-01-29,510050.XSHG,2016-02-24,PO
566,10000567.XSHG,510050C1606M01800,50ETF购6月1800,1.8,2016-06-22,2016-01-29,510050.XSHG,2016-06-22,CO
567,10000568.XSHG,510050P1606M01800,50ETF沽6月1800,1.8,2016-06-22,2016-01-29,510050.XSHG,2016-06-22,PO
568,10000569.XSHG,510050C1609M01800,50ETF购9月1800,1.8,2016-09-28,2016-01-29,510050.XSHG,2016-09-28,CO
569,10000570.XSHG,510050P1609M01800,50ETF沽9月1800,1.8,2016-09-28,2016-01-29,510050.XSHG,2016-09-28,PO
570,10000571.XSHG,510050C1609M02100,50ETF购9月2100,2.1,2016-09-28,2016-02-01,510050.XSHG,2016-09-28,CO
571,10000572.XSHG,510050P1609M02100,50ETF沽9月2100,2.1,2016-09-28,2016-02-01,510050.XSHG,2016-09-28,PO
572,10000573.XSHG,510050C1609M02150,50ETF购9月2150,2.15,2016-09-28,2016-02-23,510050.XSHG,2016-09-28,CO
573,10000574.XSHG,510050P1609M02150,50ETF沽9月2150,2.15,2016-09-28,2016-02-23,510050.XSHG,2016-09-28,PO
574,10000575.XSHG,510050C1604M01950,50ETF购4月1950,1.95,2016-04-27,2016-02-25,510050.XSHG,2016-04-27,CO
575,10000576.XSHG,510050C1604M02000,50ETF购4月2000,2.0,2016-04-27,2016-02-25,510050.XSHG,2016-04-27,CO
576,10000577.XSHG,510050C1604M02050,50ETF购4月2050,2.05,2016-04-27,2016-02-25,510050.XSHG,2016-04-27,CO
577,10000578.XSHG,510050C1604M02100,50ETF购4月2100,2.1,2016-04-27,2016-02-25,510050.XSHG,2016-04-27,CO
578,10000579.XSHG,510050C1604M02150,50ETF购4月2150,2.15,2016-04-27,2016-02-25,510050.XSHG,2016-04-27,CO
579,10000580.XSHG,510050P1604M01950,50ETF沽4月1950,1.95,2016-04-27,2016-02-25,510050.XSHG,2016-04-27,PO
580,10000581.XSHG,510050P1604M02000,50ETF沽4月2000,2.0,2016-04-27,2016-02-25,510050.XSHG,2016-04-27,PO
581,10000582.XSHG,510050P1604M02050,50ETF沽4月2050,2.05,2016-04-27,2016-02-25,510050.XSHG,2016-04-27,PO
582,10000583.XSHG,510050P1604M02100,50ETF沽4月2100,2.1,2016-04-27,2016-02-25,510050.XSHG,2016-04-27,PO
583,10000584.XSHG,510050P1604M02150,50ETF沽4月2150,2.15,2016-04-27,2016-02-25,510050.XSHG,2016-04-27,PO
584,10000585.XSHG,510050C1604M01850,50ETF购4月1850,1.85,2016-04-27,2016-02-26,510050.XSHG,2016-04-27,CO
585,10000586.XSHG,510050C1604M01900,50ETF购4月1900,1.9,2016-04-27,2016-02-26,510050.XSHG,2016-04-27,CO
586,10000587.XSHG,510050P1604M01850,50ETF沽4月1850,1.85,2016-04-27,2016-02-26,510050.XSHG,2016-04-27,PO
587,10000588.XSHG,510050P1604M01900,50ETF沽4月1900,1.9,2016-04-27,2016-02-26,510050.XSHG,2016-04-27,PO
588,10000589.XSHG,510050C1604M02200,50ETF购4月2200,2.2,2016-04-27,2016-03-07,510050.XSHG,2016-04-27,CO
589,10000590.XSHG,510050P1604M02200,50ETF沽4月2200,2.2,2016-04-27,2016-03-07,510050.XSHG,2016-04-27,PO
590,10000591.XSHG,510050C1609M02200,50ETF购9月2200,2.2,2016-09-28,2016-03-07,510050.XSHG,2016-09-28,CO
591,10000592.XSHG,510050P1609M02200,50ETF沽9月2200,2.2,2016-09-28,2016-03-07,510050.XSHG,2016-09-28,PO
592,10000593.XSHG,510050C1604M02250,50ETF购4月2250,2.25,2016-04-27,2016-03-17,510050.XSHG,2016-04-27,CO
593,10000594.XSHG,510050P1604M02250,50ETF沽4月2250,2.25,2016-04-27,2016-03-17,510050.XSHG,2016-04-27,PO
594,10000595.XSHG,510050C1609M02250,50ETF购9月2250,2.25,2016-09-28,2016-03-17,510050.XSHG,2016-09-28,CO
595,10000596.XSHG,510050P1609M02250,50ETF沽9月2250,2.25,2016-09-28,2016-03-17,510050.XSHG,2016-09-28,PO
596,10000597.XSHG,510050C1604M02300,50ETF购4月2300,2.3,2016-04-27,2016-03-22,510050.XSHG,2016-04-27,CO
597,10000598.XSHG,510050P1604M02300,50ETF沽4月2300,2.3,2016-04-27,2016-03-22,510050.XSHG,2016-04-27,PO
598,10000599.XSHG,510050C1609M02300,50ETF购9月2300,2.3,2016-09-28,2016-03-22,510050.XSHG,2016-09-28,CO
599,10000600.XSHG,510050P1609M02300,50ETF沽9月2300,2.3,2016-09-28,2016-03-22,510050.XSHG,2016-09-28,PO
600,10000601.XSHG,510050C1605M02050,50ETF购5月2050,2.05,2016-05-25,2016-03-24,510050.XSHG,2016-05-25,CO
601,10000602.XSHG,510050C1605M02100,50ETF购5月2100,2.1,2016-05-25,2016-03-24,510050.XSHG,2016-05-25,CO
602,10000603.XSHG,510050C1605M02150,50ETF购5月2150,2.15,2016-05-25,2016-03-24,510050.XSHG,2016-05-25,CO
603,10000604.XSHG,510050C1605M02200,50ETF购5月2200,2.2,2016-05-25,2016-03-24,510050.XSHG,2016-05-25,CO
604,10000605.XSHG,510050C1605M02250,50ETF购5月2250,2.25,2016-05-25,2016-03-24,510050.XSHG,2016-05-25,CO
605,10000606.XSHG,510050P1605M02050,50ETF沽5月2050,2.05,2016-05-25,2016-03-24,510050.XSHG,2016-05-25,PO
606,10000607.XSHG,510050P1605M02100,50ETF沽5月2100,2.1,2016-05-25,2016-03-24,510050.XSHG,2016-05-25,PO
607,10000608.XSHG,510050P1605M02150,50ETF沽5月2150,2.15,2016-05-25,2016-03-24,510050.XSHG,2016-05-25,PO
608,10000609.XSHG,510050P1605M02200,50ETF沽5月2200,2.2,2016-05-25,2016-03-24,510050.XSHG,2016-05-25,PO
609,10000610.XSHG,510050P1605M02250,50ETF沽5月2250,2.25,2016-05-25,2016-03-24,510050.XSHG,2016-05-25,PO
610,10000611.XSHG,510050C1605M02000,50ETF购5月2000,2.0,2016-05-25,2016-03-29,510050.XSHG,2016-05-25,CO
611,10000612.XSHG,510050P1605M02000,50ETF沽5月2000,2.0,2016-05-25,2016-03-29,510050.XSHG,2016-05-25,PO
612,10000613.XSHG,510050C1605M02300,50ETF购5月2300,2.3,2016-05-25,2016-04-06,510050.XSHG,2016-05-25,CO
613,10000614.XSHG,510050P1605M02300,50ETF沽5月2300,2.3,2016-05-25,2016-04-06,510050.XSHG,2016-05-25,PO
614,10000615.XSHG,510050C1612A02050,50ETF购12月2006A,2.006,2016-12-28,2016-04-28,510050.XSHG,2016-12-28,CO
615,10000616.XSHG,510050C1612A02100,50ETF购12月2055A,2.055,2016-12-28,2016-04-28,510050.XSHG,2016-12-28,CO
616,10000617.XSHG,510050C1612A02150,50ETF购12月2104A,2.104,2016-12-28,2016-04-28,510050.XSHG,2016-12-28,CO
617,10000618.XSHG,510050C1612A02200,50ETF购12月2153A,2.153,2016-12-28,2016-04-28,510050.XSHG,2016-12-28,CO
618,10000619.XSHG,510050C1612A02250,50ETF购12月2202A,2.202,2016-12-28,2016-04-28,510050.XSHG,2016-12-28,CO
619,10000620.XSHG,510050P1612A02050,50ETF沽12月2006A,2.006,2016-12-28,2016-04-28,510050.XSHG,2016-12-28,PO
620,10000621.XSHG,510050P1612A02100,50ETF沽12月2055A,2.055,2016-12-28,2016-04-28,510050.XSHG,2016-12-28,PO
621,10000622.XSHG,510050P1612A02150,50ETF沽12月2104A,2.104,2016-12-28,2016-04-28,510050.XSHG,2016-12-28,PO
622,10000623.XSHG,510050P1612A02200,50ETF沽12月2153A,2.153,2016-12-28,2016-04-28,510050.XSHG,2016-12-28,PO
623,10000624.XSHG,510050P1612A02250,50ETF沽12月2202A,2.202,2016-12-28,2016-04-28,510050.XSHG,2016-12-28,PO
624,10000625.XSHG,510050C1612A02000,50ETF购12月1957A,1.957,2016-12-28,2016-05-09,510050.XSHG,2016-12-28,CO
625,10000626.XSHG,510050P1612A02000,50ETF沽12月1957A,1.957,2016-12-28,2016-05-09,510050.XSHG,2016-12-28,PO
626,10000627.XSHG,510050C1605M01950,50ETF购5月1950,1.95,2016-05-25,2016-05-10,510050.XSHG,2016-05-25,CO
627,10000628.XSHG,510050P1605M01950,50ETF沽5月1950,1.95,2016-05-25,2016-05-10,510050.XSHG,2016-05-25,PO
628,10000629.XSHG,510050C1612A01950,50ETF购12月1908A,1.908,2016-12-28,2016-05-10,510050.XSHG,2016-12-28,CO
629,10000630.XSHG,510050P1612A01950,50ETF沽12月1908A,1.908,2016-12-28,2016-05-10,510050.XSHG,2016-12-28,PO
630,10000631.XSHG,510050C1607M01950,50ETF购7月1950,1.95,2016-07-27,2016-05-26,510050.XSHG,2016-07-27,CO
631,10000632.XSHG,510050C1607M02000,50ETF购7月2000,2.0,2016-07-27,2016-05-26,510050.XSHG,2016-07-27,CO
632,10000633.XSHG,510050C1607M02050,50ETF购7月2050,2.05,2016-07-27,2016-05-26,510050.XSHG,2016-07-27,CO
633,10000634.XSHG,510050C1607M02100,50ETF购7月2100,2.1,2016-07-27,2016-05-26,510050.XSHG,2016-07-27,CO
634,10000635.XSHG,510050C1607M02150,50ETF购7月2150,2.15,2016-07-27,2016-05-26,510050.XSHG,2016-07-27,CO
635,10000636.XSHG,510050P1607M01950,50ETF沽7月1950,1.95,2016-07-27,2016-05-26,510050.XSHG,2016-07-27,PO
636,10000637.XSHG,510050P1607M02000,50ETF沽7月2000,2.0,2016-07-27,2016-05-26,510050.XSHG,2016-07-27,PO
637,10000638.XSHG,510050P1607M02050,50ETF沽7月2050,2.05,2016-07-27,2016-05-26,510050.XSHG,2016-07-27,PO
638,10000639.XSHG,510050P1607M02100,50ETF沽7月2100,2.1,2016-07-27,2016-05-26,510050.XSHG,2016-07-27,PO
639,10000640.XSHG,510050P1607M02150,50ETF沽7月2150,2.15,2016-07-27,2016-05-26,510050.XSHG,2016-07-27,PO
640,10000641.XSHG,510050C1607M02200,50ETF购7月2200,2.2,2016-07-27,2016-05-30,510050.XSHG,2016-07-27,CO
641,10000642.XSHG,510050P1607M02200,50ETF沽7月2200,2.2,2016-07-27,2016-05-30,510050.XSHG,2016-07-27,PO
642,10000643.XSHG,510050C1607M02250,50ETF购7月2250,2.25,2016-07-27,2016-06-01,510050.XSHG,2016-07-27,CO
643,10000644.XSHG,510050P1607M02250,50ETF沽7月2250,2.25,2016-07-27,2016-06-01,510050.XSHG,2016-07-27,PO
644,10000645.XSHG,510050C1608M02000,50ETF购8月2000,2.0,2016-08-24,2016-06-23,510050.XSHG,2016-08-24,CO
645,10000646.XSHG,510050C1608M02050,50ETF购8月2050,2.05,2016-08-24,2016-06-23,510050.XSHG,2016-08-24,CO
646,10000647.XSHG,510050C1608M02100,50ETF购8月2100,2.1,2016-08-24,2016-06-23,510050.XSHG,2016-08-24,CO
647,10000648.XSHG,510050C1608M02150,50ETF购8月2150,2.15,2016-08-24,2016-06-23,510050.XSHG,2016-08-24,CO
648,10000649.XSHG,510050C1608M02200,50ETF购8月2200,2.2,2016-08-24,2016-06-23,510050.XSHG,2016-08-24,CO
649,10000650.XSHG,510050P1608M02000,50ETF沽8月2000,2.0,2016-08-24,2016-06-23,510050.XSHG,2016-08-24,PO
650,10000651.XSHG,510050P1608M02050,50ETF沽8月2050,2.05,2016-08-24,2016-06-23,510050.XSHG,2016-08-24,PO
651,10000652.XSHG,510050P1608M02100,50ETF沽8月2100,2.1,2016-08-24,2016-06-23,510050.XSHG,2016-08-24,PO
652,10000653.XSHG,510050P1608M02150,50ETF沽8月2150,2.15,2016-08-24,2016-06-23,510050.XSHG,2016-08-24,PO
653,10000654.XSHG,510050P1608M02200,50ETF沽8月2200,2.2,2016-08-24,2016-06-23,510050.XSHG,2016-08-24,PO
654,10000655.XSHG,510050C1608M02250,50ETF购8月2250,2.25,2016-08-24,2016-06-30,510050.XSHG,2016-08-24,CO
655,10000656.XSHG,510050P1608M02250,50ETF沽8月2250,2.25,2016-08-24,2016-06-30,510050.XSHG,2016-08-24,PO
656,10000657.XSHG,510050C1607M02300,50ETF购7月2300,2.3,2016-07-27,2016-07-05,510050.XSHG,2016-07-27,CO
657,10000658.XSHG,510050P1607M02300,50ETF沽7月2300,2.3,2016-07-27,2016-07-05,510050.XSHG,2016-07-27,PO
658,10000659.XSHG,510050C1608M02300,50ETF购8月2300,2.3,2016-08-24,2016-07-05,510050.XSHG,2016-08-24,CO
659,10000660.XSHG,510050P1608M02300,50ETF沽8月2300,2.3,2016-08-24,2016-07-05,510050.XSHG,2016-08-24,PO
660,10000661.XSHG,510050C1612A02300,50ETF购12月2250A,2.25,2016-12-28,2016-07-05,510050.XSHG,2016-12-28,CO
661,10000662.XSHG,510050P1612A02300,50ETF沽12月2250A,2.25,2016-12-28,2016-07-05,510050.XSHG,2016-12-28,PO
662,10000663.XSHG,510050C1607M02350,50ETF购7月2350,2.35,2016-07-27,2016-07-13,510050.XSHG,2016-07-27,CO
663,10000664.XSHG,510050P1607M02350,50ETF沽7月2350,2.35,2016-07-27,2016-07-13,510050.XSHG,2016-07-27,PO
664,10000665.XSHG,510050C1608M02350,50ETF购8月2350,2.35,2016-08-24,2016-07-13,510050.XSHG,2016-08-24,CO
665,10000666.XSHG,510050P1608M02350,50ETF沽8月2350,2.35,2016-08-24,2016-07-13,510050.XSHG,2016-08-24,PO
666,10000667.XSHG,510050C1609M02350,50ETF购9月2350,2.35,2016-09-28,2016-07-13,510050.XSHG,2016-09-28,CO
667,10000668.XSHG,510050P1609M02350,50ETF沽9月2350,2.35,2016-09-28,2016-07-13,510050.XSHG,2016-09-28,PO
668,10000669.XSHG,510050C1612A02350,50ETF购12月2299A,2.299,2016-12-28,2016-07-13,510050.XSHG,2016-12-28,CO
669,10000670.XSHG,510050P1612A02350,50ETF沽12月2299A,2.299,2016-12-28,2016-07-13,510050.XSHG,2016-12-28,PO
670,10000671.XSHG,510050C1703A02100,50ETF购3月2055A,2.055,2017-03-22,2016-07-28,510050.XSHG,2017-03-22,CO
671,10000672.XSHG,510050C1703A02150,50ETF购3月2104A,2.104,2017-03-22,2016-07-28,510050.XSHG,2017-03-22,CO
672,10000673.XSHG,510050C1703A02200,50ETF购3月2153A,2.153,2017-03-22,2016-07-28,510050.XSHG,2017-03-22,CO
673,10000674.XSHG,510050C1703A02250,50ETF购3月2202A,2.202,2017-03-22,2016-07-28,510050.XSHG,2017-03-22,CO
674,10000675.XSHG,510050C1703A02300,50ETF购3月2250A,2.25,2017-03-22,2016-07-28,510050.XSHG,2017-03-22,CO
675,10000676.XSHG,510050P1703A02100,50ETF沽3月2055A,2.055,2017-03-22,2016-07-28,510050.XSHG,2017-03-22,PO
676,10000677.XSHG,510050P1703A02150,50ETF沽3月2104A,2.104,2017-03-22,2016-07-28,510050.XSHG,2017-03-22,PO
677,10000678.XSHG,510050P1703A02200,50ETF沽3月2153A,2.153,2017-03-22,2016-07-28,510050.XSHG,2017-03-22,PO
678,10000679.XSHG,510050P1703A02250,50ETF沽3月2202A,2.202,2017-03-22,2016-07-28,510050.XSHG,2017-03-22,PO
679,10000680.XSHG,510050P1703A02300,50ETF沽3月2250A,2.25,2017-03-22,2016-07-28,510050.XSHG,2017-03-22,PO
680,10000681.XSHG,510050C1703A02350,50ETF购3月2299A,2.299,2017-03-22,2016-08-15,510050.XSHG,2017-03-22,CO
681,10000682.XSHG,510050P1703A02350,50ETF沽3月2299A,2.299,2017-03-22,2016-08-15,510050.XSHG,2017-03-22,PO
682,10000683.XSHG,510050C1608M02400,50ETF购8月2400,2.4,2016-08-24,2016-08-16,510050.XSHG,2016-08-24,CO
683,10000684.XSHG,510050C1608M02450,50ETF购8月2450,2.45,2016-08-24,2016-08-16,510050.XSHG,2016-08-24,CO
684,10000685.XSHG,510050P1608M02400,50ETF沽8月2400,2.4,2016-08-24,2016-08-16,510050.XSHG,2016-08-24,PO
685,10000686.XSHG,510050P1608M02450,50ETF沽8月2450,2.45,2016-08-24,2016-08-16,510050.XSHG,2016-08-24,PO
686,10000687.XSHG,510050C1609M02400,50ETF购9月2400,2.4,2016-09-28,2016-08-16,510050.XSHG,2016-09-28,CO
687,10000688.XSHG,510050C1609M02450,50ETF购9月2450,2.45,2016-09-28,2016-08-16,510050.XSHG,2016-09-28,CO
688,10000689.XSHG,510050P1609M02400,50ETF沽9月2400,2.4,2016-09-28,2016-08-16,510050.XSHG,2016-09-28,PO
689,10000690.XSHG,510050P1609M02450,50ETF沽9月2450,2.45,2016-09-28,2016-08-16,510050.XSHG,2016-09-28,PO
690,10000691.XSHG,510050C1612A02400,50ETF购12月2348A,2.348,2016-12-28,2016-08-16,510050.XSHG,2016-12-28,CO
691,10000692.XSHG,510050C1612A02450,50ETF购12月2397A,2.397,2016-12-28,2016-08-16,510050.XSHG,2016-12-28,CO
692,10000693.XSHG,510050P1612A02400,50ETF沽12月2348A,2.348,2016-12-28,2016-08-16,510050.XSHG,2016-12-28,PO
693,10000694.XSHG,510050P1612A02450,50ETF沽12月2397A,2.397,2016-12-28,2016-08-16,510050.XSHG,2016-12-28,PO
694,10000695.XSHG,510050C1703A02400,50ETF购3月2348A,2.348,2017-03-22,2016-08-16,510050.XSHG,2017-03-22,CO
695,10000696.XSHG,510050C1703A02450,50ETF购3月2397A,2.397,2017-03-22,2016-08-16,510050.XSHG,2017-03-22,CO
696,10000697.XSHG,510050P1703A02400,50ETF沽3月2348A,2.348,2017-03-22,2016-08-16,510050.XSHG,2017-03-22,PO
697,10000698.XSHG,510050P1703A02450,50ETF沽3月2397A,2.397,2017-03-22,2016-08-16,510050.XSHG,2017-03-22,PO
698,10000699.XSHG,510050C1610M02200,50ETF购10月2200,2.2,2016-10-26,2016-08-25,510050.XSHG,2016-10-26,CO
699,10000700.XSHG,510050C1610M02250,50ETF购10月2250,2.25,2016-10-26,2016-08-25,510050.XSHG,2016-10-26,CO
700,10000701.XSHG,510050C1610M02300,50ETF购10月2300,2.3,2016-10-26,2016-08-25,510050.XSHG,2016-10-26,CO
701,10000702.XSHG,510050C1610M02350,50ETF购10月2350,2.35,2016-10-26,2016-08-25,510050.XSHG,2016-10-26,CO
702,10000703.XSHG,510050C1610M02400,50ETF购10月2400,2.4,2016-10-26,2016-08-25,510050.XSHG,2016-10-26,CO
703,10000704.XSHG,510050P1610M02200,50ETF沽10月2200,2.2,2016-10-26,2016-08-25,510050.XSHG,2016-10-26,PO
704,10000705.XSHG,510050P1610M02250,50ETF沽10月2250,2.25,2016-10-26,2016-08-25,510050.XSHG,2016-10-26,PO
705,10000706.XSHG,510050P1610M02300,50ETF沽10月2300,2.3,2016-10-26,2016-08-25,510050.XSHG,2016-10-26,PO
706,10000707.XSHG,510050P1610M02350,50ETF沽10月2350,2.35,2016-10-26,2016-08-25,510050.XSHG,2016-10-26,PO
707,10000708.XSHG,510050P1610M02400,50ETF沽10月2400,2.4,2016-10-26,2016-08-25,510050.XSHG,2016-10-26,PO
708,10000709.XSHG,510050C1610M02150,50ETF购10月2150,2.15,2016-10-26,2016-08-26,510050.XSHG,2016-10-26,CO
709,10000710.XSHG,510050P1610M02150,50ETF沽10月2150,2.15,2016-10-26,2016-08-26,510050.XSHG,2016-10-26,PO
710,10000711.XSHG,510050C1610M02100,50ETF购10月2100,2.1,2016-10-26,2016-09-27,510050.XSHG,2016-10-26,CO
711,10000712.XSHG,510050P1610M02100,50ETF沽10月2100,2.1,2016-10-26,2016-09-27,510050.XSHG,2016-10-26,PO
712,10000713.XSHG,510050C1611M02100,50ETF购11月2100,2.1,2016-11-23,2016-09-29,510050.XSHG,2016-11-23,CO
713,10000714.XSHG,510050C1611M02150,50ETF购11月2150,2.15,2016-11-23,2016-09-29,510050.XSHG,2016-11-23,CO
714,10000715.XSHG,510050C1611M02200,50ETF购11月2200,2.2,2016-11-23,2016-09-29,510050.XSHG,2016-11-23,CO
715,10000716.XSHG,510050C1611M02250,50ETF购11月2250,2.25,2016-11-23,2016-09-29,510050.XSHG,2016-11-23,CO
716,10000717.XSHG,510050C1611M02300,50ETF购11月2300,2.3,2016-11-23,2016-09-29,510050.XSHG,2016-11-23,CO
717,10000718.XSHG,510050P1611M02100,50ETF沽11月2100,2.1,2016-11-23,2016-09-29,510050.XSHG,2016-11-23,PO
718,10000719.XSHG,510050P1611M02150,50ETF沽11月2150,2.15,2016-11-23,2016-09-29,510050.XSHG,2016-11-23,PO
719,10000720.XSHG,510050P1611M02200,50ETF沽11月2200,2.2,2016-11-23,2016-09-29,510050.XSHG,2016-11-23,PO
720,10000721.XSHG,510050P1611M02250,50ETF沽11月2250,2.25,2016-11-23,2016-09-29,510050.XSHG,2016-11-23,PO
721,10000722.XSHG,510050P1611M02300,50ETF沽11月2300,2.3,2016-11-23,2016-09-29,510050.XSHG,2016-11-23,PO
722,10000723.XSHG,510050C1611M02350,50ETF购11月2350,2.35,2016-11-23,2016-09-30,510050.XSHG,2016-11-23,CO
723,10000724.XSHG,510050P1611M02350,50ETF沽11月2350,2.35,2016-11-23,2016-09-30,510050.XSHG,2016-11-23,PO
724,10000725.XSHG,510050C1611M02400,50ETF购11月2400,2.4,2016-11-23,2016-10-19,510050.XSHG,2016-11-23,CO
725,10000726.XSHG,510050P1611M02400,50ETF沽11月2400,2.4,2016-11-23,2016-10-19,510050.XSHG,2016-11-23,PO
726,10000727.XSHG,510050C1706A02200,50ETF购6月2153A,2.153,2017-06-28,2016-10-27,510050.XSHG,2017-06-28,CO
727,10000728.XSHG,510050C1706A02250,50ETF购6月2202A,2.202,2017-06-28,2016-10-27,510050.XSHG,2017-06-28,CO
728,10000729.XSHG,510050C1706A02300,50ETF购6月2250A,2.25,2017-06-28,2016-10-27,510050.XSHG,2017-06-28,CO
729,10000730.XSHG,510050C1706A02350,50ETF购6月2299A,2.299,2017-06-28,2016-10-27,510050.XSHG,2017-06-28,CO
730,10000731.XSHG,510050C1706A02400,50ETF购6月2348A,2.348,2017-06-28,2016-10-27,510050.XSHG,2017-06-28,CO
731,10000732.XSHG,510050P1706A02200,50ETF沽6月2153A,2.153,2017-06-28,2016-10-27,510050.XSHG,2017-06-28,PO
732,10000733.XSHG,510050P1706A02250,50ETF沽6月2202A,2.202,2017-06-28,2016-10-27,510050.XSHG,2017-06-28,PO
733,10000734.XSHG,510050P1706A02300,50ETF沽6月2250A,2.25,2017-06-28,2016-10-27,510050.XSHG,2017-06-28,PO
734,10000735.XSHG,510050P1706A02350,50ETF沽6月2299A,2.299,2017-06-28,2016-10-27,510050.XSHG,2017-06-28,PO
735,10000736.XSHG,510050P1706A02400,50ETF沽6月2348A,2.348,2017-06-28,2016-10-27,510050.XSHG,2017-06-28,PO
736,10000737.XSHG,510050C1611M02450,50ETF购11月2450,2.45,2016-11-23,2016-11-04,510050.XSHG,2016-11-23,CO
737,10000738.XSHG,510050P1611M02450,50ETF沽11月2450,2.45,2016-11-23,2016-11-04,510050.XSHG,2016-11-23,PO
738,10000739.XSHG,510050C1706A02450,50ETF购6月2397A,2.397,2017-06-28,2016-11-04,510050.XSHG,2017-06-28,CO
739,10000740.XSHG,510050P1706A02450,50ETF沽6月2397A,2.397,2017-06-28,2016-11-04,510050.XSHG,2017-06-28,PO
740,10000741.XSHG,510050C1611M02500,50ETF购11月2500,2.5,2016-11-23,2016-11-22,510050.XSHG,2016-11-23,CO
741,10000742.XSHG,510050P1611M02500,50ETF沽11月2500,2.5,2016-11-23,2016-11-22,510050.XSHG,2016-11-23,PO
742,10000743.XSHG,510050C1612A02500,50ETF购12月2446A,2.446,2016-12-28,2016-11-22,510050.XSHG,2016-12-28,CO
743,10000744.XSHG,510050P1612A02500,50ETF沽12月2446A,2.446,2016-12-28,2016-11-22,510050.XSHG,2016-12-28,PO
744,10000745.XSHG,510050C1703A02500,50ETF购3月2446A,2.446,2017-03-22,2016-11-22,510050.XSHG,2017-03-22,CO
745,10000746.XSHG,510050P1703A02500,50ETF沽3月2446A,2.446,2017-03-22,2016-11-22,510050.XSHG,2017-03-22,PO
746,10000747.XSHG,510050C1706A02500,50ETF购6月2446A,2.446,2017-06-28,2016-11-22,510050.XSHG,2017-06-28,CO
747,10000748.XSHG,510050P1706A02500,50ETF沽6月2446A,2.446,2017-06-28,2016-11-22,510050.XSHG,2017-06-28,PO
748,10000749.XSHG,510050C1701A02300,50ETF购1月2250A,2.25,2017-01-25,2016-11-24,510050.XSHG,2017-01-25,CO
749,10000750.XSHG,510050C1701A02350,50ETF购1月2299A,2.299,2017-01-25,2016-11-24,510050.XSHG,2017-01-25,CO
750,10000751.XSHG,510050C1701A02400,50ETF购1月2348A,2.348,2017-01-25,2016-11-24,510050.XSHG,2017-01-25,CO
751,10000752.XSHG,510050C1701A02450,50ETF购1月2397A,2.397,2017-01-25,2016-11-24,510050.XSHG,2017-01-25,CO
752,10000753.XSHG,510050C1701A02500,50ETF购1月2446A,2.446,2017-01-25,2016-11-24,510050.XSHG,2017-01-25,CO
753,10000754.XSHG,510050P1701A02300,50ETF沽1月2250A,2.25,2017-01-25,2016-11-24,510050.XSHG,2017-01-25,PO
754,10000755.XSHG,510050P1701A02350,50ETF沽1月2299A,2.299,2017-01-25,2016-11-24,510050.XSHG,2017-01-25,PO
755,10000756.XSHG,510050P1701A02400,50ETF沽1月2348A,2.348,2017-01-25,2016-11-24,510050.XSHG,2017-01-25,PO
756,10000757.XSHG,510050P1701A02450,50ETF沽1月2397A,2.397,2017-01-25,2016-11-24,510050.XSHG,2017-01-25,PO
757,10000758.XSHG,510050P1701A02500,50ETF沽1月2446A,2.446,2017-01-25,2016-11-24,510050.XSHG,2017-01-25,PO
758,10000759.XSHG,510050C1612A02550,50ETF购12月2495A,2.495,2016-12-28,2016-11-25,510050.XSHG,2016-12-28,CO
759,10000760.XSHG,510050P1612A02550,50ETF沽12月2495A,2.495,2016-12-28,2016-11-25,510050.XSHG,2016-12-28,PO
760,10000761.XSHG,510050C1701A02550,50ETF购1月2495A,2.495,2017-01-25,2016-11-25,510050.XSHG,2017-01-25,CO
761,10000762.XSHG,510050P1701A02550,50ETF沽1月2495A,2.495,2017-01-25,2016-11-25,510050.XSHG,2017-01-25,PO
762,10000763.XSHG,510050C1703A02550,50ETF购3月2495A,2.495,2017-03-22,2016-11-25,510050.XSHG,2017-03-22,CO
763,10000764.XSHG,510050P1703A02550,50ETF沽3月2495A,2.495,2017-03-22,2016-11-25,510050.XSHG,2017-03-22,PO
764,10000765.XSHG,510050C1706A02550,50ETF购6月2495A,2.495,2017-06-28,2016-11-25,510050.XSHG,2017-06-28,CO
765,10000766.XSHG,510050P1706A02550,50ETF沽6月2495A,2.495,2017-06-28,2016-11-25,510050.XSHG,2017-06-28,PO
766,10000767.XSHG,510050C1612M02300,50ETF购12月2300,2.3,2016-12-28,2016-11-29,510050.XSHG,2016-12-28,CO
767,10000768.XSHG,510050C1612M02350,50ETF购12月2350,2.35,2016-12-28,2016-11-29,510050.XSHG,2016-12-28,CO
768,10000769.XSHG,510050C1612M02400,50ETF购12月2400,2.4,2016-12-28,2016-11-29,510050.XSHG,2016-12-28,CO
769,10000770.XSHG,510050C1612M02450,50ETF购12月2450,2.45,2016-12-28,2016-11-29,510050.XSHG,2016-12-28,CO
770,10000771.XSHG,510050C1612M02500,50ETF购12月2500,2.5,2016-12-28,2016-11-29,510050.XSHG,2016-12-28,CO
771,10000772.XSHG,510050P1612M02300,50ETF沽12月2300,2.3,2016-12-28,2016-11-29,510050.XSHG,2016-12-28,PO
772,10000773.XSHG,510050P1612M02350,50ETF沽12月2350,2.35,2016-12-28,2016-11-29,510050.XSHG,2016-12-28,PO
773,10000774.XSHG,510050P1612M02400,50ETF沽12月2400,2.4,2016-12-28,2016-11-29,510050.XSHG,2016-12-28,PO
774,10000775.XSHG,510050P1612M02450,50ETF沽12月2450,2.45,2016-12-28,2016-11-29,510050.XSHG,2016-12-28,PO
775,10000776.XSHG,510050P1612M02500,50ETF沽12月2500,2.5,2016-12-28,2016-11-29,510050.XSHG,2016-12-28,PO
776,10000777.XSHG,510050C1701M02300,50ETF购1月2300,2.3,2017-01-25,2016-11-29,510050.XSHG,2017-01-25,CO
777,10000778.XSHG,510050C1701M02350,50ETF购1月2350,2.35,2017-01-25,2016-11-29,510050.XSHG,2017-01-25,CO
778,10000779.XSHG,510050C1701M02400,50ETF购1月2400,2.4,2017-01-25,2016-11-29,510050.XSHG,2017-01-25,CO
779,10000780.XSHG,510050C1701M02450,50ETF购1月2450,2.45,2017-01-25,2016-11-29,510050.XSHG,2017-01-25,CO
780,10000781.XSHG,510050C1701M02500,50ETF购1月2500,2.5,2017-01-25,2016-11-29,510050.XSHG,2017-01-25,CO
781,10000782.XSHG,510050P1701M02300,50ETF沽1月2300,2.3,2017-01-25,2016-11-29,510050.XSHG,2017-01-25,PO
782,10000783.XSHG,510050P1701M02350,50ETF沽1月2350,2.35,2017-01-25,2016-11-29,510050.XSHG,2017-01-25,PO
783,10000784.XSHG,510050P1701M02400,50ETF沽1月2400,2.4,2017-01-25,2016-11-29,510050.XSHG,2017-01-25,PO
784,10000785.XSHG,510050P1701M02450,50ETF沽1月2450,2.45,2017-01-25,2016-11-29,510050.XSHG,2017-01-25,PO
785,10000786.XSHG,510050P1701M02500,50ETF沽1月2500,2.5,2017-01-25,2016-11-29,510050.XSHG,2017-01-25,PO
786,10000787.XSHG,510050C1703M02300,50ETF购3月2300,2.3,2017-03-22,2016-11-29,510050.XSHG,2017-03-22,CO
787,10000788.XSHG,510050C1703M02350,50ETF购3月2350,2.35,2017-03-22,2016-11-29,510050.XSHG,2017-03-22,CO
788,10000789.XSHG,510050C1703M02400,50ETF购3月2400,2.4,2017-03-22,2016-11-29,510050.XSHG,2017-03-22,CO
789,10000790.XSHG,510050C1703M02450,50ETF购3月2450,2.45,2017-03-22,2016-11-29,510050.XSHG,2017-03-22,CO
790,10000791.XSHG,510050C1703M02500,50ETF购3月2500,2.5,2017-03-22,2016-11-29,510050.XSHG,2017-03-22,CO
791,10000792.XSHG,510050P1703M02300,50ETF沽3月2300,2.3,2017-03-22,2016-11-29,510050.XSHG,2017-03-22,PO
792,10000793.XSHG,510050P1703M02350,50ETF沽3月2350,2.35,2017-03-22,2016-11-29,510050.XSHG,2017-03-22,PO
793,10000794.XSHG,510050P1703M02400,50ETF沽3月2400,2.4,2017-03-22,2016-11-29,510050.XSHG,2017-03-22,PO
794,10000795.XSHG,510050P1703M02450,50ETF沽3月2450,2.45,2017-03-22,2016-11-29,510050.XSHG,2017-03-22,PO
795,10000796.XSHG,510050P1703M02500,50ETF沽3月2500,2.5,2017-03-22,2016-11-29,510050.XSHG,2017-03-22,PO
796,10000797.XSHG,510050C1706M02300,50ETF购6月2300,2.3,2017-06-28,2016-11-29,510050.XSHG,2017-06-28,CO
797,10000798.XSHG,510050C1706M02350,50ETF购6月2350,2.35,2017-06-28,2016-11-29,510050.XSHG,2017-06-28,CO
798,10000799.XSHG,510050C1706M02400,50ETF购6月2400,2.4,2017-06-28,2016-11-29,510050.XSHG,2017-06-28,CO
799,10000800.XSHG,510050C1706M02450,50ETF购6月2450,2.45,2017-06-28,2016-11-29,510050.XSHG,2017-06-28,CO
800,10000801.XSHG,510050C1706M02500,50ETF购6月2500,2.5,2017-06-28,2016-11-29,510050.XSHG,2017-06-28,CO
801,10000802.XSHG,510050P1706M02300,50ETF沽6月2300,2.3,2017-06-28,2016-11-29,510050.XSHG,2017-06-28,PO
802,10000803.XSHG,510050P1706M02350,50ETF沽6月2350,2.35,2017-06-28,2016-11-29,510050.XSHG,2017-06-28,PO
803,10000804.XSHG,510050P1706M02400,50ETF沽6月2400,2.4,2017-06-28,2016-11-29,510050.XSHG,2017-06-28,PO
804,10000805.XSHG,510050P1706M02450,50ETF沽6月2450,2.45,2017-06-28,2016-11-29,510050.XSHG,2017-06-28,PO
805,10000806.XSHG,510050P1706M02500,50ETF沽6月2500,2.5,2017-06-28,2016-11-29,510050.XSHG,2017-06-28,PO
806,10000807.XSHG,510050C1612M02550,50ETF购12月2550,2.55,2016-12-28,2016-11-30,510050.XSHG,2016-12-28,CO
807,10000808.XSHG,510050P1612M02550,50ETF沽12月2550,2.55,2016-12-28,2016-11-30,510050.XSHG,2016-12-28,PO
808,10000809.XSHG,510050C1701M02550,50ETF购1月2550,2.55,2017-01-25,2016-11-30,510050.XSHG,2017-01-25,CO
809,10000810.XSHG,510050P1701M02550,50ETF沽1月2550,2.55,2017-01-25,2016-11-30,510050.XSHG,2017-01-25,PO
810,10000811.XSHG,510050C1703M02550,50ETF购3月2550,2.55,2017-03-22,2016-11-30,510050.XSHG,2017-03-22,CO
811,10000812.XSHG,510050P1703M02550,50ETF沽3月2550,2.55,2017-03-22,2016-11-30,510050.XSHG,2017-03-22,PO
812,10000813.XSHG,510050C1706M02550,50ETF购6月2550,2.55,2017-06-28,2016-11-30,510050.XSHG,2017-06-28,CO
813,10000814.XSHG,510050P1706M02550,50ETF沽6月2550,2.55,2017-06-28,2016-11-30,510050.XSHG,2017-06-28,PO
814,10000815.XSHG,510050C1612M02250,50ETF购12月2250,2.25,2016-12-28,2016-12-06,510050.XSHG,2016-12-28,CO
815,10000816.XSHG,510050P1612M02250,50ETF沽12月2250,2.25,2016-12-28,2016-12-06,510050.XSHG,2016-12-28,PO
816,10000817.XSHG,510050C1701M02250,50ETF购1月2250,2.25,2017-01-25,2016-12-06,510050.XSHG,2017-01-25,CO
817,10000818.XSHG,510050P1701M02250,50ETF沽1月2250,2.25,2017-01-25,2016-12-06,510050.XSHG,2017-01-25,PO
818,10000819.XSHG,510050C1703M02250,50ETF购3月2250,2.25,2017-03-22,2016-12-06,510050.XSHG,2017-03-22,CO
819,10000820.XSHG,510050P1703M02250,50ETF沽3月2250,2.25,2017-03-22,2016-12-06,510050.XSHG,2017-03-22,PO
820,10000821.XSHG,510050C1706M02250,50ETF购6月2250,2.25,2017-06-28,2016-12-06,510050.XSHG,2017-06-28,CO
821,10000822.XSHG,510050P1706M02250,50ETF沽6月2250,2.25,2017-06-28,2016-12-06,510050.XSHG,2017-06-28,PO
822,10000823.XSHG,510050C1612M02200,50ETF购12月2200,2.2,2016-12-28,2016-12-16,510050.XSHG,2016-12-28,CO
823,10000824.XSHG,510050P1612M02200,50ETF沽12月2200,2.2,2016-12-28,2016-12-16,510050.XSHG,2016-12-28,PO
824,10000825.XSHG,510050C1701M02200,50ETF购1月2200,2.2,2017-01-25,2016-12-16,510050.XSHG,2017-01-25,CO
825,10000826.XSHG,510050P1701M02200,50ETF沽1月2200,2.2,2017-01-25,2016-12-16,510050.XSHG,2017-01-25,PO
826,10000827.XSHG,510050C1703M02200,50ETF购3月2200,2.2,2017-03-22,2016-12-16,510050.XSHG,2017-03-22,CO
827,10000828.XSHG,510050P1703M02200,50ETF沽3月2200,2.2,2017-03-22,2016-12-16,510050.XSHG,2017-03-22,PO
828,10000829.XSHG,510050C1706M02200,50ETF购6月2200,2.2,2017-06-28,2016-12-16,510050.XSHG,2017-06-28,CO
829,10000830.XSHG,510050P1706M02200,50ETF沽6月2200,2.2,2017-06-28,2016-12-16,510050.XSHG,2017-06-28,PO
830,10000831.XSHG,510050C1702M02200,50ETF购2月2200,2.2,2017-02-22,2016-12-29,510050.XSHG,2017-02-22,CO
831,10000832.XSHG,510050C1702M02250,50ETF购2月2250,2.25,2017-02-22,2016-12-29,510050.XSHG,2017-02-22,CO
832,10000833.XSHG,510050C1702M02300,50ETF购2月2300,2.3,2017-02-22,2016-12-29,510050.XSHG,2017-02-22,CO
833,10000834.XSHG,510050C1702M02350,50ETF购2月2350,2.35,2017-02-22,2016-12-29,510050.XSHG,2017-02-22,CO
834,10000835.XSHG,510050C1702M02400,50ETF购2月2400,2.4,2017-02-22,2016-12-29,510050.XSHG,2017-02-22,CO
835,10000836.XSHG,510050P1702M02200,50ETF沽2月2200,2.2,2017-02-22,2016-12-29,510050.XSHG,2017-02-22,PO
836,10000837.XSHG,510050P1702M02250,50ETF沽2月2250,2.25,2017-02-22,2016-12-29,510050.XSHG,2017-02-22,PO
837,10000838.XSHG,510050P1702M02300,50ETF沽2月2300,2.3,2017-02-22,2016-12-29,510050.XSHG,2017-02-22,PO
838,10000839.XSHG,510050P1702M02350,50ETF沽2月2350,2.35,2017-02-22,2016-12-29,510050.XSHG,2017-02-22,PO
839,10000840.XSHG,510050P1702M02400,50ETF沽2月2400,2.4,2017-02-22,2016-12-29,510050.XSHG,2017-02-22,PO
840,10000841.XSHG,510050C1702M02450,50ETF购2月2450,2.45,2017-02-22,2017-01-05,510050.XSHG,2017-02-22,CO
841,10000842.XSHG,510050P1702M02450,50ETF沽2月2450,2.45,2017-02-22,2017-01-05,510050.XSHG,2017-02-22,PO
842,10000843.XSHG,510050C1709M02250,50ETF购9月2250,2.25,2017-09-27,2017-01-26,510050.XSHG,2017-09-27,CO
843,10000844.XSHG,510050C1709M02300,50ETF购9月2300,2.3,2017-09-27,2017-01-26,510050.XSHG,2017-09-27,CO
844,10000845.XSHG,510050C1709M02350,50ETF购9月2350,2.35,2017-09-27,2017-01-26,510050.XSHG,2017-09-27,CO
845,10000846.XSHG,510050C1709M02400,50ETF购9月2400,2.4,2017-09-27,2017-01-26,510050.XSHG,2017-09-27,CO
846,10000847.XSHG,510050C1709M02450,50ETF购9月2450,2.45,2017-09-27,2017-01-26,510050.XSHG,2017-09-27,CO
847,10000848.XSHG,510050P1709M02250,50ETF沽9月2250,2.25,2017-09-27,2017-01-26,510050.XSHG,2017-09-27,PO
848,10000849.XSHG,510050P1709M02300,50ETF沽9月2300,2.3,2017-09-27,2017-01-26,510050.XSHG,2017-09-27,PO
849,10000850.XSHG,510050P1709M02350,50ETF沽9月2350,2.35,2017-09-27,2017-01-26,510050.XSHG,2017-09-27,PO
850,10000851.XSHG,510050P1709M02400,50ETF沽9月2400,2.4,2017-09-27,2017-01-26,510050.XSHG,2017-09-27,PO
851,10000852.XSHG,510050P1709M02450,50ETF沽9月2450,2.45,2017-09-27,2017-01-26,510050.XSHG,2017-09-27,PO
852,10000853.XSHG,510050C1702M02500,50ETF购2月2500,2.5,2017-02-22,2017-02-14,510050.XSHG,2017-02-22,CO
853,10000854.XSHG,510050P1702M02500,50ETF沽2月2500,2.5,2017-02-22,2017-02-14,510050.XSHG,2017-02-22,PO
854,10000855.XSHG,510050C1709M02500,50ETF购9月2500,2.5,2017-09-27,2017-02-14,510050.XSHG,2017-09-27,CO
855,10000856.XSHG,510050P1709M02500,50ETF沽9月2500,2.5,2017-09-27,2017-02-14,510050.XSHG,2017-09-27,PO
856,10000857.XSHG,510050C1704M02300,50ETF购4月2300,2.3,2017-04-26,2017-02-23,510050.XSHG,2017-04-26,CO
857,10000858.XSHG,510050C1704M02350,50ETF购4月2350,2.35,2017-04-26,2017-02-23,510050.XSHG,2017-04-26,CO
858,10000859.XSHG,510050C1704M02400,50ETF购4月2400,2.4,2017-04-26,2017-02-23,510050.XSHG,2017-04-26,CO
859,10000860.XSHG,510050C1704M02450,50ETF购4月2450,2.45,2017-04-26,2017-02-23,510050.XSHG,2017-04-26,CO
860,10000861.XSHG,510050C1704M02500,50ETF购4月2500,2.5,2017-04-26,2017-02-23,510050.XSHG,2017-04-26,CO
861,10000862.XSHG,510050P1704M02300,50ETF沽4月2300,2.3,2017-04-26,2017-02-23,510050.XSHG,2017-04-26,PO
862,10000863.XSHG,510050P1704M02350,50ETF沽4月2350,2.35,2017-04-26,2017-02-23,510050.XSHG,2017-04-26,PO
863,10000864.XSHG,510050P1704M02400,50ETF沽4月2400,2.4,2017-04-26,2017-02-23,510050.XSHG,2017-04-26,PO
864,10000865.XSHG,510050P1704M02450,50ETF沽4月2450,2.45,2017-04-26,2017-02-23,510050.XSHG,2017-04-26,PO
865,10000866.XSHG,510050P1704M02500,50ETF沽4月2500,2.5,2017-04-26,2017-02-23,510050.XSHG,2017-04-26,PO
866,10000867.XSHG,510050C1704M02250,50ETF购4月2250,2.25,2017-04-26,2017-02-28,510050.XSHG,2017-04-26,CO
867,10000868.XSHG,510050P1704M02250,50ETF沽4月2250,2.25,2017-04-26,2017-02-28,510050.XSHG,2017-04-26,PO
868,10000869.XSHG,510050C1705M02250,50ETF购5月2250,2.25,2017-05-24,2017-03-23,510050.XSHG,2017-05-24,CO
869,10000870.XSHG,510050C1705M02300,50ETF购5月2300,2.3,2017-05-24,2017-03-23,510050.XSHG,2017-05-24,CO
870,10000871.XSHG,510050C1705M02350,50ETF购5月2350,2.35,2017-05-24,2017-03-23,510050.XSHG,2017-05-24,CO
871,10000872.XSHG,510050C1705M02400,50ETF购5月2400,2.4,2017-05-24,2017-03-23,510050.XSHG,2017-05-24,CO
872,10000873.XSHG,510050C1705M02450,50ETF购5月2450,2.45,2017-05-24,2017-03-23,510050.XSHG,2017-05-24,CO
873,10000874.XSHG,510050P1705M02250,50ETF沽5月2250,2.25,2017-05-24,2017-03-23,510050.XSHG,2017-05-24,PO
874,10000875.XSHG,510050P1705M02300,50ETF沽5月2300,2.3,2017-05-24,2017-03-23,510050.XSHG,2017-05-24,PO
875,10000876.XSHG,510050P1705M02350,50ETF沽5月2350,2.35,2017-05-24,2017-03-23,510050.XSHG,2017-05-24,PO
876,10000877.XSHG,510050P1705M02400,50ETF沽5月2400,2.4,2017-05-24,2017-03-23,510050.XSHG,2017-05-24,PO
877,10000878.XSHG,510050P1705M02450,50ETF沽5月2450,2.45,2017-05-24,2017-03-23,510050.XSHG,2017-05-24,PO
878,10000879.XSHG,510050C1705M02500,50ETF购5月2500,2.5,2017-05-24,2017-04-06,510050.XSHG,2017-05-24,CO
879,10000880.XSHG,510050P1705M02500,50ETF沽5月2500,2.5,2017-05-24,2017-04-06,510050.XSHG,2017-05-24,PO
880,10000881.XSHG,510050C1704M02200,50ETF购4月2200,2.2,2017-04-26,2017-04-20,510050.XSHG,2017-04-26,CO
881,10000882.XSHG,510050P1704M02200,50ETF沽4月2200,2.2,2017-04-26,2017-04-20,510050.XSHG,2017-04-26,PO
882,10000883.XSHG,510050C1705M02200,50ETF购5月2200,2.2,2017-05-24,2017-04-20,510050.XSHG,2017-05-24,CO
883,10000884.XSHG,510050P1705M02200,50ETF沽5月2200,2.2,2017-05-24,2017-04-20,510050.XSHG,2017-05-24,PO
884,10000885.XSHG,510050C1709M02200,50ETF购9月2200,2.2,2017-09-27,2017-04-20,510050.XSHG,2017-09-27,CO
885,10000886.XSHG,510050P1709M02200,50ETF沽9月2200,2.2,2017-09-27,2017-04-20,510050.XSHG,2017-09-27,PO
886,10000887.XSHG,510050C1712A02250,50ETF购12月2209A,2.209,2017-12-27,2017-04-27,510050.XSHG,2017-12-27,CO
887,10000888.XSHG,510050C1712A02300,50ETF购12月2258A,2.258,2017-12-27,2017-04-27,510050.XSHG,2017-12-27,CO
888,10000889.XSHG,510050C1712A02350,50ETF购12月2307A,2.307,2017-12-27,2017-04-27,510050.XSHG,2017-12-27,CO
889,10000890.XSHG,510050C1712A02400,50ETF购12月2356A,2.356,2017-12-27,2017-04-27,510050.XSHG,2017-12-27,CO
890,10000891.XSHG,510050C1712A02450,50ETF购12月2405A,2.405,2017-12-27,2017-04-27,510050.XSHG,2017-12-27,CO
891,10000892.XSHG,510050P1712A02250,50ETF沽12月2209A,2.209,2017-12-27,2017-04-27,510050.XSHG,2017-12-27,PO
892,10000893.XSHG,510050P1712A02300,50ETF沽12月2258A,2.258,2017-12-27,2017-04-27,510050.XSHG,2017-12-27,PO
893,10000894.XSHG,510050P1712A02350,50ETF沽12月2307A,2.307,2017-12-27,2017-04-27,510050.XSHG,2017-12-27,PO
894,10000895.XSHG,510050P1712A02400,50ETF沽12月2356A,2.356,2017-12-27,2017-04-27,510050.XSHG,2017-12-27,PO
895,10000896.XSHG,510050P1712A02450,50ETF沽12月2405A,2.405,2017-12-27,2017-04-27,510050.XSHG,2017-12-27,PO
896,10000897.XSHG,510050C1712A02200,50ETF购12月2160A,2.16,2017-12-27,2017-05-05,510050.XSHG,2017-12-27,CO
897,10000898.XSHG,510050P1712A02200,50ETF沽12月2160A,2.16,2017-12-27,2017-05-05,510050.XSHG,2017-12-27,PO
898,10000899.XSHG,510050C1712A02500,50ETF购12月2455A,2.455,2017-12-27,2017-05-17,510050.XSHG,2017-12-27,CO
899,10000900.XSHG,510050P1712A02500,50ETF沽12月2455A,2.455,2017-12-27,2017-05-17,510050.XSHG,2017-12-27,PO
900,10000901.XSHG,510050C1707M02300,50ETF购7月2300,2.3,2017-07-26,2017-05-25,510050.XSHG,2017-07-26,CO
901,10000902.XSHG,510050C1707M02350,50ETF购7月2350,2.35,2017-07-26,2017-05-25,510050.XSHG,2017-07-26,CO
902,10000903.XSHG,510050C1707M02400,50ETF购7月2400,2.4,2017-07-26,2017-05-25,510050.XSHG,2017-07-26,CO
903,10000904.XSHG,510050C1707M02450,50ETF购7月2450,2.45,2017-07-26,2017-05-25,510050.XSHG,2017-07-26,CO
904,10000905.XSHG,510050C1707M02500,50ETF购7月2500,2.5,2017-07-26,2017-05-25,510050.XSHG,2017-07-26,CO
905,10000906.XSHG,510050P1707M02300,50ETF沽7月2300,2.3,2017-07-26,2017-05-25,510050.XSHG,2017-07-26,PO
906,10000907.XSHG,510050P1707M02350,50ETF沽7月2350,2.35,2017-07-26,2017-05-25,510050.XSHG,2017-07-26,PO
907,10000908.XSHG,510050P1707M02400,50ETF沽7月2400,2.4,2017-07-26,2017-05-25,510050.XSHG,2017-07-26,PO
908,10000909.XSHG,510050P1707M02450,50ETF沽7月2450,2.45,2017-07-26,2017-05-25,510050.XSHG,2017-07-26,PO
909,10000910.XSHG,510050P1707M02500,50ETF沽7月2500,2.5,2017-07-26,2017-05-25,510050.XSHG,2017-07-26,PO
910,10000911.XSHG,510050C1707M02550,50ETF购7月2550,2.55,2017-07-26,2017-05-26,510050.XSHG,2017-07-26,CO
911,10000912.XSHG,510050P1707M02550,50ETF沽7月2550,2.55,2017-07-26,2017-05-26,510050.XSHG,2017-07-26,PO
912,10000913.XSHG,510050C1709M02550,50ETF购9月2550,2.55,2017-09-27,2017-05-26,510050.XSHG,2017-09-27,CO
913,10000914.XSHG,510050P1709M02550,50ETF沽9月2550,2.55,2017-09-27,2017-05-26,510050.XSHG,2017-09-27,PO
914,10000915.XSHG,510050C1712A02550,50ETF购12月2504A,2.504,2017-12-27,2017-05-26,510050.XSHG,2017-12-27,CO
915,10000916.XSHG,510050P1712A02550,50ETF沽12月2504A,2.504,2017-12-27,2017-05-26,510050.XSHG,2017-12-27,PO
916,10000917.XSHG,510050C1706M02600,50ETF购6月2600,2.6,2017-06-28,2017-06-01,510050.XSHG,2017-06-28,CO
917,10000918.XSHG,510050P1706M02600,50ETF沽6月2600,2.6,2017-06-28,2017-06-01,510050.XSHG,2017-06-28,PO
918,10000919.XSHG,510050C1707M02600,50ETF购7月2600,2.6,2017-07-26,2017-06-01,510050.XSHG,2017-07-26,CO
919,10000920.XSHG,510050P1707M02600,50ETF沽7月2600,2.6,2017-07-26,2017-06-01,510050.XSHG,2017-07-26,PO
920,10000921.XSHG,510050C1709M02600,50ETF购9月2600,2.6,2017-09-27,2017-06-01,510050.XSHG,2017-09-27,CO
921,10000922.XSHG,510050P1709M02600,50ETF沽9月2600,2.6,2017-09-27,2017-06-01,510050.XSHG,2017-09-27,PO
922,10000923.XSHG,510050C1712A02600,50ETF购12月2553A,2.553,2017-12-27,2017-06-01,510050.XSHG,2017-12-27,CO
923,10000924.XSHG,510050P1712A02600,50ETF沽12月2553A,2.553,2017-12-27,2017-06-01,510050.XSHG,2017-12-27,PO
924,10000925.XSHG,510050C1706M02650,50ETF购6月2650,2.65,2017-06-28,2017-06-26,510050.XSHG,2017-06-28,CO
925,10000926.XSHG,510050P1706M02650,50ETF沽6月2650,2.65,2017-06-28,2017-06-26,510050.XSHG,2017-06-28,PO
926,10000927.XSHG,510050C1707M02650,50ETF购7月2650,2.65,2017-07-26,2017-06-26,510050.XSHG,2017-07-26,CO
927,10000928.XSHG,510050P1707M02650,50ETF沽7月2650,2.65,2017-07-26,2017-06-26,510050.XSHG,2017-07-26,PO
928,10000929.XSHG,510050C1709M02650,50ETF购9月2650,2.65,2017-09-27,2017-06-26,510050.XSHG,2017-09-27,CO
929,10000930.XSHG,510050P1709M02650,50ETF沽9月2650,2.65,2017-09-27,2017-06-26,510050.XSHG,2017-09-27,PO
930,10000931.XSHG,510050C1712A02650,50ETF购12月2602A,2.602,2017-12-27,2017-06-26,510050.XSHG,2017-12-27,CO
931,10000932.XSHG,510050P1712A02650,50ETF沽12月2602A,2.602,2017-12-27,2017-06-26,510050.XSHG,2017-12-27,PO
932,10000933.XSHG,510050C1708M02450,50ETF购8月2450,2.45,2017-08-23,2017-06-29,510050.XSHG,2017-08-23,CO
933,10000934.XSHG,510050C1708M02500,50ETF购8月2500,2.5,2017-08-23,2017-06-29,510050.XSHG,2017-08-23,CO
934,10000935.XSHG,510050C1708M02550,50ETF购8月2550,2.55,2017-08-23,2017-06-29,510050.XSHG,2017-08-23,CO
935,10000936.XSHG,510050C1708M02600,50ETF购8月2600,2.6,2017-08-23,2017-06-29,510050.XSHG,2017-08-23,CO
936,10000937.XSHG,510050C1708M02650,50ETF购8月2650,2.65,2017-08-23,2017-06-29,510050.XSHG,2017-08-23,CO
937,10000938.XSHG,510050P1708M02450,50ETF沽8月2450,2.45,2017-08-23,2017-06-29,510050.XSHG,2017-08-23,PO
938,10000939.XSHG,510050P1708M02500,50ETF沽8月2500,2.5,2017-08-23,2017-06-29,510050.XSHG,2017-08-23,PO
939,10000940.XSHG,510050P1708M02550,50ETF沽8月2550,2.55,2017-08-23,2017-06-29,510050.XSHG,2017-08-23,PO
940,10000941.XSHG,510050P1708M02600,50ETF沽8月2600,2.6,2017-08-23,2017-06-29,510050.XSHG,2017-08-23,PO
941,10000942.XSHG,510050P1708M02650,50ETF沽8月2650,2.65,2017-08-23,2017-06-29,510050.XSHG,2017-08-23,PO
942,10000943.XSHG,510050C1708M02400,50ETF购8月2400,2.4,2017-08-23,2017-07-05,510050.XSHG,2017-08-23,CO
943,10000944.XSHG,510050P1708M02400,50ETF沽8月2400,2.4,2017-08-23,2017-07-05,510050.XSHG,2017-08-23,PO
944,10000945.XSHG,510050C1707M02700,50ETF购7月2700,2.7,2017-07-26,2017-07-11,510050.XSHG,2017-07-26,CO
945,10000946.XSHG,510050P1707M02700,50ETF沽7月2700,2.7,2017-07-26,2017-07-11,510050.XSHG,2017-07-26,PO
946,10000947.XSHG,510050C1708M02700,50ETF购8月2700,2.7,2017-08-23,2017-07-11,510050.XSHG,2017-08-23,CO
947,10000948.XSHG,510050P1708M02700,50ETF沽8月2700,2.7,2017-08-23,2017-07-11,510050.XSHG,2017-08-23,PO
948,10000949.XSHG,510050C1709M02700,50ETF购9月2700,2.7,2017-09-27,2017-07-11,510050.XSHG,2017-09-27,CO
949,10000950.XSHG,510050P1709M02700,50ETF沽9月2700,2.7,2017-09-27,2017-07-11,510050.XSHG,2017-09-27,PO
950,10000951.XSHG,510050C1712A02700,50ETF购12月2651A,2.651,2017-12-27,2017-07-11,510050.XSHG,2017-12-27,CO
951,10000952.XSHG,510050P1712A02700,50ETF沽12月2651A,2.651,2017-12-27,2017-07-11,510050.XSHG,2017-12-27,PO
952,10000953.XSHG,510050C1707M02750,50ETF购7月2750,2.75,2017-07-26,2017-07-14,510050.XSHG,2017-07-26,CO
953,10000954.XSHG,510050P1707M02750,50ETF沽7月2750,2.75,2017-07-26,2017-07-14,510050.XSHG,2017-07-26,PO
954,10000955.XSHG,510050C1708M02750,50ETF购8月2750,2.75,2017-08-23,2017-07-14,510050.XSHG,2017-08-23,CO
955,10000956.XSHG,510050P1708M02750,50ETF沽8月2750,2.75,2017-08-23,2017-07-14,510050.XSHG,2017-08-23,PO
956,10000957.XSHG,510050C1709M02750,50ETF购9月2750,2.75,2017-09-27,2017-07-14,510050.XSHG,2017-09-27,CO
957,10000958.XSHG,510050P1709M02750,50ETF沽9月2750,2.75,2017-09-27,2017-07-14,510050.XSHG,2017-09-27,PO
958,10000959.XSHG,510050C1712A02750,50ETF购12月2700A,2.7,2017-12-27,2017-07-14,510050.XSHG,2017-12-27,CO
959,10000960.XSHG,510050P1712A02750,50ETF沽12月2700A,2.7,2017-12-27,2017-07-14,510050.XSHG,2017-12-27,PO
960,10000961.XSHG,510050C1707M02800,50ETF购7月2800,2.8,2017-07-26,2017-07-20,510050.XSHG,2017-07-26,CO
961,10000962.XSHG,510050P1707M02800,50ETF沽7月2800,2.8,2017-07-26,2017-07-20,510050.XSHG,2017-07-26,PO
962,10000963.XSHG,510050C1708M02800,50ETF购8月2800,2.8,2017-08-23,2017-07-20,510050.XSHG,2017-08-23,CO
963,10000964.XSHG,510050P1708M02800,50ETF沽8月2800,2.8,2017-08-23,2017-07-20,510050.XSHG,2017-08-23,PO
964,10000965.XSHG,510050C1709M02800,50ETF购9月2800,2.8,2017-09-27,2017-07-20,510050.XSHG,2017-09-27,CO
965,10000966.XSHG,510050P1709M02800,50ETF沽9月2800,2.8,2017-09-27,2017-07-20,510050.XSHG,2017-09-27,PO
966,10000967.XSHG,510050C1712A02800,50ETF购12月2749A,2.749,2017-12-27,2017-07-20,510050.XSHG,2017-12-27,CO
967,10000968.XSHG,510050P1712A02800,50ETF沽12月2749A,2.749,2017-12-27,2017-07-20,510050.XSHG,2017-12-27,PO
968,10000969.XSHG,510050C1803A02600,50ETF购3月2553A,2.553,2018-03-28,2017-07-27,510050.XSHG,2018-03-28,CO
969,10000970.XSHG,510050C1803A02650,50ETF购3月2602A,2.602,2018-03-28,2017-07-27,510050.XSHG,2018-03-28,CO
970,10000971.XSHG,510050C1803A02700,50ETF购3月2651A,2.651,2018-03-28,2017-07-27,510050.XSHG,2018-03-28,CO
971,10000972.XSHG,510050C1803A02750,50ETF购3月2700A,2.7,2018-03-28,2017-07-27,510050.XSHG,2018-03-28,CO
972,10000973.XSHG,510050C1803A02800,50ETF购3月2749A,2.749,2018-03-28,2017-07-27,510050.XSHG,2018-03-28,CO
973,10000974.XSHG,510050P1803A02600,50ETF沽3月2553A,2.553,2018-03-28,2017-07-27,510050.XSHG,2018-03-28,PO
974,10000975.XSHG,510050P1803A02650,50ETF沽3月2602A,2.602,2018-03-28,2017-07-27,510050.XSHG,2018-03-28,PO
975,10000976.XSHG,510050P1803A02700,50ETF沽3月2651A,2.651,2018-03-28,2017-07-27,510050.XSHG,2018-03-28,PO
976,10000977.XSHG,510050P1803A02750,50ETF沽3月2700A,2.7,2018-03-28,2017-07-27,510050.XSHG,2018-03-28,PO
977,10000978.XSHG,510050P1803A02800,50ETF沽3月2749A,2.749,2018-03-28,2017-07-27,510050.XSHG,2018-03-28,PO
978,10000979.XSHG,510050C1708M02850,50ETF购8月2850,2.85,2017-08-23,2017-08-03,510050.XSHG,2017-08-23,CO
979,10000980.XSHG,510050P1708M02850,50ETF沽8月2850,2.85,2017-08-23,2017-08-03,510050.XSHG,2017-08-23,PO
980,10000981.XSHG,510050C1709M02850,50ETF购9月2850,2.85,2017-09-27,2017-08-03,510050.XSHG,2017-09-27,CO
981,10000982.XSHG,510050P1709M02850,50ETF沽9月2850,2.85,2017-09-27,2017-08-03,510050.XSHG,2017-09-27,PO
982,10000983.XSHG,510050C1712A02850,50ETF购12月2798A,2.798,2017-12-27,2017-08-03,510050.XSHG,2017-12-27,CO
983,10000984.XSHG,510050P1712A02850,50ETF沽12月2798A,2.798,2017-12-27,2017-08-03,510050.XSHG,2017-12-27,PO
984,10000985.XSHG,510050C1803A02850,50ETF购3月2798A,2.798,2018-03-28,2017-08-03,510050.XSHG,2018-03-28,CO
985,10000986.XSHG,510050P1803A02850,50ETF沽3月2798A,2.798,2018-03-28,2017-08-03,510050.XSHG,2018-03-28,PO
986,10000987.XSHG,510050C1803A02550,50ETF购3月2504A,2.504,2018-03-28,2017-08-07,510050.XSHG,2018-03-28,CO
987,10000988.XSHG,510050P1803A02550,50ETF沽3月2504A,2.504,2018-03-28,2017-08-07,510050.XSHG,2018-03-28,PO
988,10000989.XSHG,510050C1803A02500,50ETF购3月2455A,2.455,2018-03-28,2017-08-14,510050.XSHG,2018-03-28,CO
989,10000990.XSHG,510050P1803A02500,50ETF沽3月2455A,2.455,2018-03-28,2017-08-14,510050.XSHG,2018-03-28,PO
990,10000991.XSHG,510050C1710M02600,50ETF购10月2600,2.6,2017-10-25,2017-08-24,510050.XSHG,2017-10-25,CO
991,10000992.XSHG,510050C1710M02650,50ETF购10月2650,2.65,2017-10-25,2017-08-24,510050.XSHG,2017-10-25,CO
992,10000993.XSHG,510050C1710M02700,50ETF购10月2700,2.7,2017-10-25,2017-08-24,510050.XSHG,2017-10-25,CO
993,10000994.XSHG,510050C1710M02750,50ETF购10月2750,2.75,2017-10-25,2017-08-24,510050.XSHG,2017-10-25,CO
994,10000995.XSHG,510050C1710M02800,50ETF购10月2800,2.8,2017-10-25,2017-08-24,510050.XSHG,2017-10-25,CO
995,10000996.XSHG,510050P1710M02600,50ETF沽10月2600,2.6,2017-10-25,2017-08-24,510050.XSHG,2017-10-25,PO
996,10000997.XSHG,510050P1710M02650,50ETF沽10月2650,2.65,2017-10-25,2017-08-24,510050.XSHG,2017-10-25,PO
997,10000998.XSHG,510050P1710M02700,50ETF沽10月2700,2.7,2017-10-25,2017-08-24,510050.XSHG,2017-10-25,PO
998,10000999.XSHG,510050P1710M02750,50ETF沽10月2750,2.75,2017-10-25,2017-08-24,510050.XSHG,2017-10-25,PO
999,10001000.XSHG,510050P1710M02800,50ETF沽10月2800,2.8,2017-10-25,2017-08-24,510050.XSHG,2017-10-25,PO
1000,10001001.XSHG,510050C1710M02850,50ETF购10月2850,2.85,2017-10-25,2017-08-28,510050.XSHG,2017-10-25,CO
1001,10001002.XSHG,510050P1710M02850,50ETF沽10月2850,2.85,2017-10-25,2017-08-28,510050.XSHG,2017-10-25,PO
1002,10001003.XSHG,510050C1709M02900,50ETF购9月2900,2.9,2017-09-27,2017-08-29,510050.XSHG,2017-09-27,CO
1003,10001004.XSHG,510050P1709M02900,50ETF沽9月2900,2.9,2017-09-27,2017-08-29,510050.XSHG,2017-09-27,PO
1004,10001005.XSHG,510050C1710M02900,50ETF购10月2900,2.9,2017-10-25,2017-08-29,510050.XSHG,2017-10-25,CO
1005,10001006.XSHG,510050P1710M02900,50ETF沽10月2900,2.9,2017-10-25,2017-08-29,510050.XSHG,2017-10-25,PO
1006,10001007.XSHG,510050C1712A02900,50ETF购12月2847A,2.847,2017-12-27,2017-08-29,510050.XSHG,2017-12-27,CO
1007,10001008.XSHG,510050P1712A02900,50ETF沽12月2847A,2.847,2017-12-27,2017-08-29,510050.XSHG,2017-12-27,PO
1008,10001009.XSHG,510050C1803A02900,50ETF购3月2847A,2.847,2018-03-28,2017-08-29,510050.XSHG,2018-03-28,CO
1009,10001010.XSHG,510050P1803A02900,50ETF沽3月2847A,2.847,2018-03-28,2017-08-29,510050.XSHG,2018-03-28,PO
1010,10001011.XSHG,510050C1711M02600,50ETF购11月2600,2.6,2017-11-22,2017-09-28,510050.XSHG,2017-11-22,CO
1011,10001012.XSHG,510050C1711M02650,50ETF购11月2650,2.65,2017-11-22,2017-09-28,510050.XSHG,2017-11-22,CO
1012,10001013.XSHG,510050C1711M02700,50ETF购11月2700,2.7,2017-11-22,2017-09-28,510050.XSHG,2017-11-22,CO
1013,10001014.XSHG,510050C1711M02750,50ETF购11月2750,2.75,2017-11-22,2017-09-28,510050.XSHG,2017-11-22,CO
1014,10001015.XSHG,510050C1711M02800,50ETF购11月2800,2.8,2017-11-22,2017-09-28,510050.XSHG,2017-11-22,CO
1015,10001016.XSHG,510050P1711M02600,50ETF沽11月2600,2.6,2017-11-22,2017-09-28,510050.XSHG,2017-11-22,PO
1016,10001017.XSHG,510050P1711M02650,50ETF沽11月2650,2.65,2017-11-22,2017-09-28,510050.XSHG,2017-11-22,PO
1017,10001018.XSHG,510050P1711M02700,50ETF沽11月2700,2.7,2017-11-22,2017-09-28,510050.XSHG,2017-11-22,PO
1018,10001019.XSHG,510050P1711M02750,50ETF沽11月2750,2.75,2017-11-22,2017-09-28,510050.XSHG,2017-11-22,PO
1019,10001020.XSHG,510050P1711M02800,50ETF沽11月2800,2.8,2017-11-22,2017-09-28,510050.XSHG,2017-11-22,PO
1020,10001021.XSHG,510050C1711M02850,50ETF购11月2850,2.85,2017-11-22,2017-10-09,510050.XSHG,2017-11-22,CO
1021,10001022.XSHG,510050P1711M02850,50ETF沽11月2850,2.85,2017-11-22,2017-10-09,510050.XSHG,2017-11-22,PO
1022,10001023.XSHG,510050C1711M02900,50ETF购11月2900,2.9,2017-11-22,2017-10-17,510050.XSHG,2017-11-22,CO
1023,10001024.XSHG,510050P1711M02900,50ETF沽11月2900,2.9,2017-11-22,2017-10-17,510050.XSHG,2017-11-22,PO
1024,10001025.XSHG,510050C1806A02700,50ETF购6月2651A,2.651,2018-06-27,2017-10-26,510050.XSHG,2018-06-27,CO
1025,10001026.XSHG,510050C1806A02750,50ETF购6月2700A,2.7,2018-06-27,2017-10-26,510050.XSHG,2018-06-27,CO
1026,10001027.XSHG,510050C1806A02800,50ETF购6月2749A,2.749,2018-06-27,2017-10-26,510050.XSHG,2018-06-27,CO
1027,10001028.XSHG,510050C1806A02850,50ETF购6月2798A,2.798,2018-06-27,2017-10-26,510050.XSHG,2018-06-27,CO
1028,10001029.XSHG,510050C1806A02900,50ETF购6月2847A,2.847,2018-06-27,2017-10-26,510050.XSHG,2018-06-27,CO
1029,10001030.XSHG,510050P1806A02700,50ETF沽6月2651A,2.651,2018-06-27,2017-10-26,510050.XSHG,2018-06-27,PO
1030,10001031.XSHG,510050P1806A02750,50ETF沽6月2700A,2.7,2018-06-27,2017-10-26,510050.XSHG,2018-06-27,PO
1031,10001032.XSHG,510050P1806A02800,50ETF沽6月2749A,2.749,2018-06-27,2017-10-26,510050.XSHG,2018-06-27,PO
1032,10001033.XSHG,510050P1806A02850,50ETF沽6月2798A,2.798,2018-06-27,2017-10-26,510050.XSHG,2018-06-27,PO
1033,10001034.XSHG,510050P1806A02900,50ETF沽6月2847A,2.847,2018-06-27,2017-10-26,510050.XSHG,2018-06-27,PO
1034,10001035.XSHG,510050C1711M02950,50ETF购11月2950,2.95,2017-11-22,2017-10-27,510050.XSHG,2017-11-22,CO
1035,10001036.XSHG,510050P1711M02950,50ETF沽11月2950,2.95,2017-11-22,2017-10-27,510050.XSHG,2017-11-22,PO
1036,10001037.XSHG,510050C1712A02950,50ETF购12月2896A,2.896,2017-12-27,2017-10-27,510050.XSHG,2017-12-27,CO
1037,10001038.XSHG,510050P1712A02950,50ETF沽12月2896A,2.896,2017-12-27,2017-10-27,510050.XSHG,2017-12-27,PO
1038,10001039.XSHG,510050C1803A02950,50ETF购3月2896A,2.896,2018-03-28,2017-10-27,510050.XSHG,2018-03-28,CO
1039,10001040.XSHG,510050P1803A02950,50ETF沽3月2896A,2.896,2018-03-28,2017-10-27,510050.XSHG,2018-03-28,PO
1040,10001041.XSHG,510050C1806A02950,50ETF购6月2896A,2.896,2018-06-27,2017-10-27,510050.XSHG,2018-06-27,CO
1041,10001042.XSHG,510050P1806A02950,50ETF沽6月2896A,2.896,2018-06-27,2017-10-27,510050.XSHG,2018-06-27,PO
1042,10001043.XSHG,510050C1711M03000,50ETF购11月3000,3.0,2017-11-22,2017-11-08,510050.XSHG,2017-11-22,CO
1043,10001044.XSHG,510050P1711M03000,50ETF沽11月3000,3.0,2017-11-22,2017-11-08,510050.XSHG,2017-11-22,PO
1044,10001045.XSHG,510050C1712A03000,50ETF购12月2946A,2.946,2017-12-27,2017-11-08,510050.XSHG,2017-12-27,CO
1045,10001046.XSHG,510050P1712A03000,50ETF沽12月2946A,2.946,2017-12-27,2017-11-08,510050.XSHG,2017-12-27,PO
1046,10001047.XSHG,510050C1803A03000,50ETF购3月2946A,2.946,2018-03-28,2017-11-08,510050.XSHG,2018-03-28,CO
1047,10001048.XSHG,510050P1803A03000,50ETF沽3月2946A,2.946,2018-03-28,2017-11-08,510050.XSHG,2018-03-28,PO
1048,10001049.XSHG,510050C1806A03000,50ETF购6月2946A,2.946,2018-06-27,2017-11-08,510050.XSHG,2018-06-27,CO
1049,10001050.XSHG,510050P1806A03000,50ETF沽6月2946A,2.946,2018-06-27,2017-11-08,510050.XSHG,2018-06-27,PO
1050,10001051.XSHG,510050C1711M03100,50ETF购11月3100,3.1,2017-11-22,2017-11-14,510050.XSHG,2017-11-22,CO
1051,10001052.XSHG,510050P1711M03100,50ETF沽11月3100,3.1,2017-11-22,2017-11-14,510050.XSHG,2017-11-22,PO
1052,10001053.XSHG,510050C1712A03100,50ETF购12月3044A,3.044,2017-12-27,2017-11-14,510050.XSHG,2017-12-27,CO
1053,10001054.XSHG,510050P1712A03100,50ETF沽12月3044A,3.044,2017-12-27,2017-11-14,510050.XSHG,2017-12-27,PO
1054,10001055.XSHG,510050C1803A03100,50ETF购3月3044A,3.044,2018-03-28,2017-11-14,510050.XSHG,2018-03-28,CO
1055,10001056.XSHG,510050P1803A03100,50ETF沽3月3044A,3.044,2018-03-28,2017-11-14,510050.XSHG,2018-03-28,PO
1056,10001057.XSHG,510050C1806A03100,50ETF购6月3044A,3.044,2018-06-27,2017-11-14,510050.XSHG,2018-06-27,CO
1057,10001058.XSHG,510050P1806A03100,50ETF沽6月3044A,3.044,2018-06-27,2017-11-14,510050.XSHG,2018-06-27,PO
1058,10001059.XSHG,510050C1711M03200,50ETF购11月3200,3.2,2017-11-22,2017-11-20,510050.XSHG,2017-11-22,CO
1059,10001060.XSHG,510050P1711M03200,50ETF沽11月3200,3.2,2017-11-22,2017-11-20,510050.XSHG,2017-11-22,PO
1060,10001061.XSHG,510050C1712A03200,50ETF购12月3142A,3.142,2017-12-27,2017-11-20,510050.XSHG,2017-12-27,CO
1061,10001062.XSHG,510050P1712A03200,50ETF沽12月3142A,3.142,2017-12-27,2017-11-20,510050.XSHG,2017-12-27,PO
1062,10001063.XSHG,510050C1803A03200,50ETF购3月3142A,3.142,2018-03-28,2017-11-20,510050.XSHG,2018-03-28,CO
1063,10001064.XSHG,510050P1803A03200,50ETF沽3月3142A,3.142,2018-03-28,2017-11-20,510050.XSHG,2018-03-28,PO
1064,10001065.XSHG,510050C1806A03200,50ETF购6月3142A,3.142,2018-06-27,2017-11-20,510050.XSHG,2018-06-27,CO
1065,10001066.XSHG,510050P1806A03200,50ETF沽6月3142A,3.142,2018-06-27,2017-11-20,510050.XSHG,2018-06-27,PO
1066,10001067.XSHG,510050C1712A03300,50ETF购12月3240A,3.24,2017-12-27,2017-11-23,510050.XSHG,2017-12-27,CO
1067,10001068.XSHG,510050P1712A03300,50ETF沽12月3240A,3.24,2017-12-27,2017-11-23,510050.XSHG,2017-12-27,PO
1068,10001069.XSHG,510050C1803A03300,50ETF购3月3240A,3.24,2018-03-28,2017-11-23,510050.XSHG,2018-03-28,CO
1069,10001070.XSHG,510050P1803A03300,50ETF沽3月3240A,3.24,2018-03-28,2017-11-23,510050.XSHG,2018-03-28,PO
1070,10001071.XSHG,510050C1806A03300,50ETF购6月3240A,3.24,2018-06-27,2017-11-23,510050.XSHG,2018-06-27,CO
1071,10001072.XSHG,510050P1806A03300,50ETF沽6月3240A,3.24,2018-06-27,2017-11-23,510050.XSHG,2018-06-27,PO
1072,10001073.XSHG,510050C1801A02950,50ETF购1月2896A,2.896,2018-01-24,2017-11-23,510050.XSHG,2018-01-24,CO
1073,10001074.XSHG,510050C1801A03000,50ETF购1月2946A,2.946,2018-01-24,2017-11-23,510050.XSHG,2018-01-24,CO
1074,10001075.XSHG,510050C1801A03100,50ETF购1月3044A,3.044,2018-01-24,2017-11-23,510050.XSHG,2018-01-24,CO
1075,10001076.XSHG,510050C1801A03200,50ETF购1月3142A,3.142,2018-01-24,2017-11-23,510050.XSHG,2018-01-24,CO
1076,10001077.XSHG,510050C1801A03300,50ETF购1月3240A,3.24,2018-01-24,2017-11-23,510050.XSHG,2018-01-24,CO
1077,10001078.XSHG,510050P1801A02950,50ETF沽1月2896A,2.896,2018-01-24,2017-11-23,510050.XSHG,2018-01-24,PO
1078,10001079.XSHG,510050P1801A03000,50ETF沽1月2946A,2.946,2018-01-24,2017-11-23,510050.XSHG,2018-01-24,PO
1079,10001080.XSHG,510050P1801A03100,50ETF沽1月3044A,3.044,2018-01-24,2017-11-23,510050.XSHG,2018-01-24,PO
1080,10001081.XSHG,510050P1801A03200,50ETF沽1月3142A,3.142,2018-01-24,2017-11-23,510050.XSHG,2018-01-24,PO
1081,10001082.XSHG,510050P1801A03300,50ETF沽1月3240A,3.24,2018-01-24,2017-11-23,510050.XSHG,2018-01-24,PO
1082,10001083.XSHG,510050C1801A02900,50ETF购1月2847A,2.847,2018-01-24,2017-11-24,510050.XSHG,2018-01-24,CO
1083,10001084.XSHG,510050P1801A02900,50ETF沽1月2847A,2.847,2018-01-24,2017-11-24,510050.XSHG,2018-01-24,PO
1084,10001085.XSHG,510050C1712M02800,50ETF购12月2800,2.8,2017-12-27,2017-11-28,510050.XSHG,2017-12-27,CO
1085,10001086.XSHG,510050C1712M02850,50ETF购12月2850,2.85,2017-12-27,2017-11-28,510050.XSHG,2017-12-27,CO
1086,10001087.XSHG,510050C1712M02900,50ETF购12月2900,2.9,2017-12-27,2017-11-28,510050.XSHG,2017-12-27,CO
1087,10001088.XSHG,510050C1712M02950,50ETF购12月2950,2.95,2017-12-27,2017-11-28,510050.XSHG,2017-12-27,CO
1088,10001089.XSHG,510050C1712M03000,50ETF购12月3000,3.0,2017-12-27,2017-11-28,510050.XSHG,2017-12-27,CO
1089,10001090.XSHG,510050P1712M02800,50ETF沽12月2800,2.8,2017-12-27,2017-11-28,510050.XSHG,2017-12-27,PO
1090,10001091.XSHG,510050P1712M02850,50ETF沽12月2850,2.85,2017-12-27,2017-11-28,510050.XSHG,2017-12-27,PO
1091,10001092.XSHG,510050P1712M02900,50ETF沽12月2900,2.9,2017-12-27,2017-11-28,510050.XSHG,2017-12-27,PO
1092,10001093.XSHG,510050P1712M02950,50ETF沽12月2950,2.95,2017-12-27,2017-11-28,510050.XSHG,2017-12-27,PO
1093,10001094.XSHG,510050P1712M03000,50ETF沽12月3000,3.0,2017-12-27,2017-11-28,510050.XSHG,2017-12-27,PO
1094,10001095.XSHG,510050C1801M02800,50ETF购1月2800,2.8,2018-01-24,2017-11-28,510050.XSHG,2018-01-24,CO
1095,10001096.XSHG,510050C1801M02850,50ETF购1月2850,2.85,2018-01-24,2017-11-28,510050.XSHG,2018-01-24,CO
1096,10001097.XSHG,510050C1801M02900,50ETF购1月2900,2.9,2018-01-24,2017-11-28,510050.XSHG,2018-01-24,CO
1097,10001098.XSHG,510050C1801M02950,50ETF购1月2950,2.95,2018-01-24,2017-11-28,510050.XSHG,2018-01-24,CO
1098,10001099.XSHG,510050C1801M03000,50ETF购1月3000,3.0,2018-01-24,2017-11-28,510050.XSHG,2018-01-24,CO
1099,10001100.XSHG,510050P1801M02800,50ETF沽1月2800,2.8,2018-01-24,2017-11-28,510050.XSHG,2018-01-24,PO
1100,10001101.XSHG,510050P1801M02850,50ETF沽1月2850,2.85,2018-01-24,2017-11-28,510050.XSHG,2018-01-24,PO
1101,10001102.XSHG,510050P1801M02900,50ETF沽1月2900,2.9,2018-01-24,2017-11-28,510050.XSHG,2018-01-24,PO
1102,10001103.XSHG,510050P1801M02950,50ETF沽1月2950,2.95,2018-01-24,2017-11-28,510050.XSHG,2018-01-24,PO
1103,10001104.XSHG,510050P1801M03000,50ETF沽1月3000,3.0,2018-01-24,2017-11-28,510050.XSHG,2018-01-24,PO
1104,10001105.XSHG,510050C1803M02800,50ETF购3月2800,2.8,2018-03-28,2017-11-28,510050.XSHG,2018-03-28,CO
1105,10001106.XSHG,510050C1803M02850,50ETF购3月2850,2.85,2018-03-28,2017-11-28,510050.XSHG,2018-03-28,CO
1106,10001107.XSHG,510050C1803M02900,50ETF购3月2900,2.9,2018-03-28,2017-11-28,510050.XSHG,2018-03-28,CO
1107,10001108.XSHG,510050C1803M02950,50ETF购3月2950,2.95,2018-03-28,2017-11-28,510050.XSHG,2018-03-28,CO
1108,10001109.XSHG,510050C1803M03000,50ETF购3月3000,3.0,2018-03-28,2017-11-28,510050.XSHG,2018-03-28,CO
1109,10001110.XSHG,510050P1803M02800,50ETF沽3月2800,2.8,2018-03-28,2017-11-28,510050.XSHG,2018-03-28,PO
1110,10001111.XSHG,510050P1803M02850,50ETF沽3月2850,2.85,2018-03-28,2017-11-28,510050.XSHG,2018-03-28,PO
1111,10001112.XSHG,510050P1803M02900,50ETF沽3月2900,2.9,2018-03-28,2017-11-28,510050.XSHG,2018-03-28,PO
1112,10001113.XSHG,510050P1803M02950,50ETF沽3月2950,2.95,2018-03-28,2017-11-28,510050.XSHG,2018-03-28,PO
1113,10001114.XSHG,510050P1803M03000,50ETF沽3月3000,3.0,2018-03-28,2017-11-28,510050.XSHG,2018-03-28,PO
1114,10001115.XSHG,510050C1806M02800,50ETF购6月2800,2.8,2018-06-27,2017-11-28,510050.XSHG,2018-06-27,CO
1115,10001116.XSHG,510050C1806M02850,50ETF购6月2850,2.85,2018-06-27,2017-11-28,510050.XSHG,2018-06-27,CO
1116,10001117.XSHG,510050C1806M02900,50ETF购6月2900,2.9,2018-06-27,2017-11-28,510050.XSHG,2018-06-27,CO
1117,10001118.XSHG,510050C1806M02950,50ETF购6月2950,2.95,2018-06-27,2017-11-28,510050.XSHG,2018-06-27,CO
1118,10001119.XSHG,510050C1806M03000,50ETF购6月3000,3.0,2018-06-27,2017-11-28,510050.XSHG,2018-06-27,CO
1119,10001120.XSHG,510050P1806M02800,50ETF沽6月2800,2.8,2018-06-27,2017-11-28,510050.XSHG,2018-06-27,PO
1120,10001121.XSHG,510050P1806M02850,50ETF沽6月2850,2.85,2018-06-27,2017-11-28,510050.XSHG,2018-06-27,PO
1121,10001122.XSHG,510050P1806M02900,50ETF沽6月2900,2.9,2018-06-27,2017-11-28,510050.XSHG,2018-06-27,PO
1122,10001123.XSHG,510050P1806M02950,50ETF沽6月2950,2.95,2018-06-27,2017-11-28,510050.XSHG,2018-06-27,PO
1123,10001124.XSHG,510050P1806M03000,50ETF沽6月3000,3.0,2018-06-27,2017-11-28,510050.XSHG,2018-06-27,PO
1124,10001125.XSHG,510050C1712M02750,50ETF购12月2750,2.75,2017-12-27,2017-12-01,510050.XSHG,2017-12-27,CO
1125,10001126.XSHG,510050P1712M02750,50ETF沽12月2750,2.75,2017-12-27,2017-12-01,510050.XSHG,2017-12-27,PO
1126,10001127.XSHG,510050C1801M02750,50ETF购1月2750,2.75,2018-01-24,2017-12-01,510050.XSHG,2018-01-24,CO
1127,10001128.XSHG,510050P1801M02750,50ETF沽1月2750,2.75,2018-01-24,2017-12-01,510050.XSHG,2018-01-24,PO
1128,10001129.XSHG,510050C1803M02750,50ETF购3月2750,2.75,2018-03-28,2017-12-01,510050.XSHG,2018-03-28,CO
1129,10001130.XSHG,510050P1803M02750,50ETF沽3月2750,2.75,2018-03-28,2017-12-01,510050.XSHG,2018-03-28,PO
1130,10001131.XSHG,510050C1806M02750,50ETF购6月2750,2.75,2018-06-27,2017-12-01,510050.XSHG,2018-06-27,CO
1131,10001132.XSHG,510050P1806M02750,50ETF沽6月2750,2.75,2018-06-27,2017-12-01,510050.XSHG,2018-06-27,PO
1132,10001133.XSHG,510050C1712M02700,50ETF购12月2700,2.7,2017-12-27,2017-12-18,510050.XSHG,2017-12-27,CO
1133,10001134.XSHG,510050P1712M02700,50ETF沽12月2700,2.7,2017-12-27,2017-12-18,510050.XSHG,2017-12-27,PO
1134,10001135.XSHG,510050C1801M02700,50ETF购1月2700,2.7,2018-01-24,2017-12-18,510050.XSHG,2018-01-24,CO
1135,10001136.XSHG,510050P1801M02700,50ETF沽1月2700,2.7,2018-01-24,2017-12-18,510050.XSHG,2018-01-24,PO
1136,10001137.XSHG,510050C1803M02700,50ETF购3月2700,2.7,2018-03-28,2017-12-18,510050.XSHG,2018-03-28,CO
1137,10001138.XSHG,510050P1803M02700,50ETF沽3月2700,2.7,2018-03-28,2017-12-18,510050.XSHG,2018-03-28,PO
1138,10001139.XSHG,510050C1806M02700,50ETF购6月2700,2.7,2018-06-27,2017-12-18,510050.XSHG,2018-06-27,CO
1139,10001140.XSHG,510050P1806M02700,50ETF沽6月2700,2.7,2018-06-27,2017-12-18,510050.XSHG,2018-06-27,PO
1140,10001141.XSHG,510050C1802M02750,50ETF购2月2750,2.75,2018-02-28,2017-12-28,510050.XSHG,2018-02-28,CO
1141,10001142.XSHG,510050C1802M02800,50ETF购2月2800,2.8,2018-02-28,2017-12-28,510050.XSHG,2018-02-28,CO
1142,10001143.XSHG,510050C1802M02850,50ETF购2月2850,2.85,2018-02-28,2017-12-28,510050.XSHG,2018-02-28,CO
1143,10001144.XSHG,510050C1802M02900,50ETF购2月2900,2.9,2018-02-28,2017-12-28,510050.XSHG,2018-02-28,CO
1144,10001145.XSHG,510050C1802M02950,50ETF购2月2950,2.95,2018-02-28,2017-12-28,510050.XSHG,2018-02-28,CO
1145,10001146.XSHG,510050P1802M02750,50ETF沽2月2750,2.75,2018-02-28,2017-12-28,510050.XSHG,2018-02-28,PO
1146,10001147.XSHG,510050P1802M02800,50ETF沽2月2800,2.8,2018-02-28,2017-12-28,510050.XSHG,2018-02-28,PO
1147,10001148.XSHG,510050P1802M02850,50ETF沽2月2850,2.85,2018-02-28,2017-12-28,510050.XSHG,2018-02-28,PO
1148,10001149.XSHG,510050P1802M02900,50ETF沽2月2900,2.9,2018-02-28,2017-12-28,510050.XSHG,2018-02-28,PO
1149,10001150.XSHG,510050P1802M02950,50ETF沽2月2950,2.95,2018-02-28,2017-12-28,510050.XSHG,2018-02-28,PO
1150,10001151.XSHG,510050C1801M02650,50ETF购1月2650,2.65,2018-01-24,2018-01-02,510050.XSHG,2018-01-24,CO
1151,10001152.XSHG,510050C1801M03100,50ETF购1月3100,3.1,2018-01-24,2018-01-02,510050.XSHG,2018-01-24,CO
1152,10001153.XSHG,510050P1801M02650,50ETF沽1月2650,2.65,2018-01-24,2018-01-02,510050.XSHG,2018-01-24,PO
1153,10001154.XSHG,510050P1801M03100,50ETF沽1月3100,3.1,2018-01-24,2018-01-02,510050.XSHG,2018-01-24,PO
1154,10001155.XSHG,510050C1802M02650,50ETF购2月2650,2.65,2018-02-28,2018-01-02,510050.XSHG,2018-02-28,CO
1155,10001156.XSHG,510050C1802M02700,50ETF购2月2700,2.7,2018-02-28,2018-01-02,510050.XSHG,2018-02-28,CO
1156,10001157.XSHG,510050C1802M03000,50ETF购2月3000,3.0,2018-02-28,2018-01-02,510050.XSHG,2018-02-28,CO
1157,10001158.XSHG,510050C1802M03100,50ETF购2月3100,3.1,2018-02-28,2018-01-02,510050.XSHG,2018-02-28,CO
1158,10001159.XSHG,510050P1802M02650,50ETF沽2月2650,2.65,2018-02-28,2018-01-02,510050.XSHG,2018-02-28,PO
1159,10001160.XSHG,510050P1802M02700,50ETF沽2月2700,2.7,2018-02-28,2018-01-02,510050.XSHG,2018-02-28,PO
1160,10001161.XSHG,510050P1802M03000,50ETF沽2月3000,3.0,2018-02-28,2018-01-02,510050.XSHG,2018-02-28,PO
1161,10001162.XSHG,510050P1802M03100,50ETF沽2月3100,3.1,2018-02-28,2018-01-02,510050.XSHG,2018-02-28,PO
1162,10001163.XSHG,510050C1803M02650,50ETF购3月2650,2.65,2018-03-28,2018-01-02,510050.XSHG,2018-03-28,CO
1163,10001164.XSHG,510050C1803M03100,50ETF购3月3100,3.1,2018-03-28,2018-01-02,510050.XSHG,2018-03-28,CO
1164,10001165.XSHG,510050P1803M02650,50ETF沽3月2650,2.65,2018-03-28,2018-01-02,510050.XSHG,2018-03-28,PO
1165,10001166.XSHG,510050P1803M03100,50ETF沽3月3100,3.1,2018-03-28,2018-01-02,510050.XSHG,2018-03-28,PO
1166,10001167.XSHG,510050C1806M02650,50ETF购6月2650,2.65,2018-06-27,2018-01-02,510050.XSHG,2018-06-27,CO
1167,10001168.XSHG,510050C1806M03100,50ETF购6月3100,3.1,2018-06-27,2018-01-02,510050.XSHG,2018-06-27,CO
1168,10001169.XSHG,510050P1806M02650,50ETF沽6月2650,2.65,2018-06-27,2018-01-02,510050.XSHG,2018-06-27,PO
1169,10001170.XSHG,510050P1806M03100,50ETF沽6月3100,3.1,2018-06-27,2018-01-02,510050.XSHG,2018-06-27,PO
1170,10001171.XSHG,510050C1801M03200,50ETF购1月3200,3.2,2018-01-24,2018-01-03,510050.XSHG,2018-01-24,CO
1171,10001172.XSHG,510050P1801M03200,50ETF沽1月3200,3.2,2018-01-24,2018-01-03,510050.XSHG,2018-01-24,PO
1172,10001173.XSHG,510050C1802M03200,50ETF购2月3200,3.2,2018-02-28,2018-01-03,510050.XSHG,2018-02-28,CO
1173,10001174.XSHG,510050P1802M03200,50ETF沽2月3200,3.2,2018-02-28,2018-01-03,510050.XSHG,2018-02-28,PO
1174,10001175.XSHG,510050C1803M03200,50ETF购3月3200,3.2,2018-03-28,2018-01-03,510050.XSHG,2018-03-28,CO
1175,10001176.XSHG,510050P1803M03200,50ETF沽3月3200,3.2,2018-03-28,2018-01-03,510050.XSHG,2018-03-28,PO
1176,10001177.XSHG,510050C1806M03200,50ETF购6月3200,3.2,2018-06-27,2018-01-03,510050.XSHG,2018-06-27,CO
1177,10001178.XSHG,510050P1806M03200,50ETF沽6月3200,3.2,2018-06-27,2018-01-03,510050.XSHG,2018-06-27,PO
1178,10001179.XSHG,510050C1801M03300,50ETF购1月3300,3.3,2018-01-24,2018-01-08,510050.XSHG,2018-01-24,CO
1179,10001180.XSHG,510050P1801M03300,50ETF沽1月3300,3.3,2018-01-24,2018-01-08,510050.XSHG,2018-01-24,PO
1180,10001181.XSHG,510050C1802M03300,50ETF购2月3300,3.3,2018-02-28,2018-01-08,510050.XSHG,2018-02-28,CO
1181,10001182.XSHG,510050P1802M03300,50ETF沽2月3300,3.3,2018-02-28,2018-01-08,510050.XSHG,2018-02-28,PO
1182,10001183.XSHG,510050C1803M03300,50ETF购3月3300,3.3,2018-03-28,2018-01-08,510050.XSHG,2018-03-28,CO
1183,10001184.XSHG,510050P1803M03300,50ETF沽3月3300,3.3,2018-03-28,2018-01-08,510050.XSHG,2018-03-28,PO
1184,10001185.XSHG,510050C1806M03300,50ETF购6月3300,3.3,2018-06-27,2018-01-08,510050.XSHG,2018-06-27,CO
1185,10001186.XSHG,510050P1806M03300,50ETF沽6月3300,3.3,2018-06-27,2018-01-08,510050.XSHG,2018-06-27,PO
1186,10001187.XSHG,510050C1801M03400,50ETF购1月3400,3.4,2018-01-24,2018-01-11,510050.XSHG,2018-01-24,CO
1187,10001188.XSHG,510050P1801M03400,50ETF沽1月3400,3.4,2018-01-24,2018-01-11,510050.XSHG,2018-01-24,PO
1188,10001189.XSHG,510050C1802M03400,50ETF购2月3400,3.4,2018-02-28,2018-01-11,510050.XSHG,2018-02-28,CO
1189,10001190.XSHG,510050P1802M03400,50ETF沽2月3400,3.4,2018-02-28,2018-01-11,510050.XSHG,2018-02-28,PO
1190,10001191.XSHG,510050C1803M03400,50ETF购3月3400,3.4,2018-03-28,2018-01-11,510050.XSHG,2018-03-28,CO
1191,10001192.XSHG,510050P1803M03400,50ETF沽3月3400,3.4,2018-03-28,2018-01-11,510050.XSHG,2018-03-28,PO
1192,10001193.XSHG,510050C1806M03400,50ETF购6月3400,3.4,2018-06-27,2018-01-11,510050.XSHG,2018-06-27,CO
1193,10001194.XSHG,510050P1806M03400,50ETF沽6月3400,3.4,2018-06-27,2018-01-11,510050.XSHG,2018-06-27,PO
1194,10001195.XSHG,510050C1801M03500,50ETF购1月3500,3.5,2018-01-24,2018-01-17,510050.XSHG,2018-01-24,CO
1195,10001196.XSHG,510050P1801M03500,50ETF沽1月3500,3.5,2018-01-24,2018-01-17,510050.XSHG,2018-01-24,PO
1196,10001197.XSHG,510050C1802M03500,50ETF购2月3500,3.5,2018-02-28,2018-01-17,510050.XSHG,2018-02-28,CO
1197,10001198.XSHG,510050P1802M03500,50ETF沽2月3500,3.5,2018-02-28,2018-01-17,510050.XSHG,2018-02-28,PO
1198,10001199.XSHG,510050C1803M03500,50ETF购3月3500,3.5,2018-03-28,2018-01-17,510050.XSHG,2018-03-28,CO
1199,10001200.XSHG,510050P1803M03500,50ETF沽3月3500,3.5,2018-03-28,2018-01-17,510050.XSHG,2018-03-28,PO
1200,10001201.XSHG,510050C1806M03500,50ETF购6月3500,3.5,2018-06-27,2018-01-17,510050.XSHG,2018-06-27,CO
1201,10001202.XSHG,510050P1806M03500,50ETF沽6月3500,3.5,2018-06-27,2018-01-17,510050.XSHG,2018-06-27,PO
1202,10001203.XSHG,510050C1801M03600,50ETF购1月3600,3.6,2018-01-24,2018-01-24,510050.XSHG,2018-01-24,CO
1203,10001204.XSHG,510050P1801M03600,50ETF沽1月3600,3.6,2018-01-24,2018-01-24,510050.XSHG,2018-01-24,PO
1204,10001205.XSHG,510050C1802M03600,50ETF购2月3600,3.6,2018-02-28,2018-01-24,510050.XSHG,2018-02-28,CO
1205,10001206.XSHG,510050P1802M03600,50ETF沽2月3600,3.6,2018-02-28,2018-01-24,510050.XSHG,2018-02-28,PO
1206,10001207.XSHG,510050C1803M03600,50ETF购3月3600,3.6,2018-03-28,2018-01-24,510050.XSHG,2018-03-28,CO
1207,10001208.XSHG,510050P1803M03600,50ETF沽3月3600,3.6,2018-03-28,2018-01-24,510050.XSHG,2018-03-28,PO
1208,10001209.XSHG,510050C1806M03600,50ETF购6月3600,3.6,2018-06-27,2018-01-24,510050.XSHG,2018-06-27,CO
1209,10001210.XSHG,510050P1806M03600,50ETF沽6月3600,3.6,2018-06-27,2018-01-24,510050.XSHG,2018-06-27,PO
1210,10001211.XSHG,510050C1809M02900,50ETF购9月2900,2.9,2018-09-26,2018-01-25,510050.XSHG,2018-09-26,CO
1211,10001212.XSHG,510050C1809M02950,50ETF购9月2950,2.95,2018-09-26,2018-01-25,510050.XSHG,2018-09-26,CO
1212,10001213.XSHG,510050C1809M03000,50ETF购9月3000,3.0,2018-09-26,2018-01-25,510050.XSHG,2018-09-26,CO
1213,10001214.XSHG,510050C1809M03100,50ETF购9月3100,3.1,2018-09-26,2018-01-25,510050.XSHG,2018-09-26,CO
1214,10001215.XSHG,510050C1809M03200,50ETF购9月3200,3.2,2018-09-26,2018-01-25,510050.XSHG,2018-09-26,CO
1215,10001216.XSHG,510050C1809M03300,50ETF购9月3300,3.3,2018-09-26,2018-01-25,510050.XSHG,2018-09-26,CO
1216,10001217.XSHG,510050C1809M03400,50ETF购9月3400,3.4,2018-09-26,2018-01-25,510050.XSHG,2018-09-26,CO
1217,10001218.XSHG,510050C1809M03500,50ETF购9月3500,3.5,2018-09-26,2018-01-25,510050.XSHG,2018-09-26,CO
1218,10001219.XSHG,510050C1809M03600,50ETF购9月3600,3.6,2018-09-26,2018-01-25,510050.XSHG,2018-09-26,CO
1219,10001220.XSHG,510050P1809M02900,50ETF沽9月2900,2.9,2018-09-26,2018-01-25,510050.XSHG,2018-09-26,PO
1220,10001221.XSHG,510050P1809M02950,50ETF沽9月2950,2.95,2018-09-26,2018-01-25,510050.XSHG,2018-09-26,PO
1221,10001222.XSHG,510050P1809M03000,50ETF沽9月3000,3.0,2018-09-26,2018-01-25,510050.XSHG,2018-09-26,PO
1222,10001223.XSHG,510050P1809M03100,50ETF沽9月3100,3.1,2018-09-26,2018-01-25,510050.XSHG,2018-09-26,PO
1223,10001224.XSHG,510050P1809M03200,50ETF沽9月3200,3.2,2018-09-26,2018-01-25,510050.XSHG,2018-09-26,PO
1224,10001225.XSHG,510050P1809M03300,50ETF沽9月3300,3.3,2018-09-26,2018-01-25,510050.XSHG,2018-09-26,PO
1225,10001226.XSHG,510050P1809M03400,50ETF沽9月3400,3.4,2018-09-26,2018-01-25,510050.XSHG,2018-09-26,PO
1226,10001227.XSHG,510050P1809M03500,50ETF沽9月3500,3.5,2018-09-26,2018-01-25,510050.XSHG,2018-09-26,PO
1227,10001228.XSHG,510050P1809M03600,50ETF沽9月3600,3.6,2018-09-26,2018-01-25,510050.XSHG,2018-09-26,PO
1228,10001229.XSHG,510050C1809M02850,50ETF购9月2850,2.85,2018-09-26,2018-01-30,510050.XSHG,2018-09-26,CO
1229,10001230.XSHG,510050P1809M02850,50ETF沽9月2850,2.85,2018-09-26,2018-01-30,510050.XSHG,2018-09-26,PO
1230,10001231.XSHG,510050C1809M02800,50ETF购9月2800,2.8,2018-09-26,2018-02-08,510050.XSHG,2018-09-26,CO
1231,10001232.XSHG,510050P1809M02800,50ETF沽9月2800,2.8,2018-09-26,2018-02-08,510050.XSHG,2018-09-26,PO
1232,10001233.XSHG,510050C1809M02750,50ETF购9月2750,2.75,2018-09-26,2018-02-09,510050.XSHG,2018-09-26,CO
1233,10001234.XSHG,510050P1809M02750,50ETF沽9月2750,2.75,2018-09-26,2018-02-09,510050.XSHG,2018-09-26,PO
1234,10001235.XSHG,510050C1802M02600,50ETF购2月2600,2.6,2018-02-28,2018-02-12,510050.XSHG,2018-02-28,CO
1235,10001236.XSHG,510050P1802M02600,50ETF沽2月2600,2.6,2018-02-28,2018-02-12,510050.XSHG,2018-02-28,PO
1236,10001237.XSHG,510050C1803M02600,50ETF购3月2600,2.6,2018-03-28,2018-02-12,510050.XSHG,2018-03-28,CO
1237,10001238.XSHG,510050P1803M02600,50ETF沽3月2600,2.6,2018-03-28,2018-02-12,510050.XSHG,2018-03-28,PO
1238,10001239.XSHG,510050C1806M02600,50ETF购6月2600,2.6,2018-06-27,2018-02-12,510050.XSHG,2018-06-27,CO
1239,10001240.XSHG,510050P1806M02600,50ETF沽6月2600,2.6,2018-06-27,2018-02-12,510050.XSHG,2018-06-27,PO
1240,10001241.XSHG,510050C1809M02600,50ETF购9月2600,2.6,2018-09-26,2018-02-12,510050.XSHG,2018-09-26,CO
1241,10001242.XSHG,510050C1809M02650,50ETF购9月2650,2.65,2018-09-26,2018-02-12,510050.XSHG,2018-09-26,CO
1242,10001243.XSHG,510050C1809M02700,50ETF购9月2700,2.7,2018-09-26,2018-02-12,510050.XSHG,2018-09-26,CO
1243,10001244.XSHG,510050P1809M02600,50ETF沽9月2600,2.6,2018-09-26,2018-02-12,510050.XSHG,2018-09-26,PO
1244,10001245.XSHG,510050P1809M02650,50ETF沽9月2650,2.65,2018-09-26,2018-02-12,510050.XSHG,2018-09-26,PO
1245,10001246.XSHG,510050P1809M02700,50ETF沽9月2700,2.7,2018-09-26,2018-02-12,510050.XSHG,2018-09-26,PO
1246,10001247.XSHG,510050C1804M02650,50ETF购4月2650,2.65,2018-04-25,2018-03-01,510050.XSHG,2018-04-25,CO
1247,10001248.XSHG,510050C1804M02700,50ETF购4月2700,2.7,2018-04-25,2018-03-01,510050.XSHG,2018-04-25,CO
1248,10001249.XSHG,510050C1804M02750,50ETF购4月2750,2.75,2018-04-25,2018-03-01,510050.XSHG,2018-04-25,CO
1249,10001250.XSHG,510050C1804M02800,50ETF购4月2800,2.8,2018-04-25,2018-03-01,510050.XSHG,2018-04-25,CO
1250,10001251.XSHG,510050C1804M02850,50ETF购4月2850,2.85,2018-04-25,2018-03-01,510050.XSHG,2018-04-25,CO
1251,10001252.XSHG,510050C1804M02900,50ETF购4月2900,2.9,2018-04-25,2018-03-01,510050.XSHG,2018-04-25,CO
1252,10001253.XSHG,510050C1804M02950,50ETF购4月2950,2.95,2018-04-25,2018-03-01,510050.XSHG,2018-04-25,CO
1253,10001254.XSHG,510050C1804M03000,50ETF购4月3000,3.0,2018-04-25,2018-03-01,510050.XSHG,2018-04-25,CO
1254,10001255.XSHG,510050C1804M03100,50ETF购4月3100,3.1,2018-04-25,2018-03-01,510050.XSHG,2018-04-25,CO
1255,10001256.XSHG,510050P1804M02650,50ETF沽4月2650,2.65,2018-04-25,2018-03-01,510050.XSHG,2018-04-25,PO
1256,10001257.XSHG,510050P1804M02700,50ETF沽4月2700,2.7,2018-04-25,2018-03-01,510050.XSHG,2018-04-25,PO
1257,10001258.XSHG,510050P1804M02750,50ETF沽4月2750,2.75,2018-04-25,2018-03-01,510050.XSHG,2018-04-25,PO
1258,10001259.XSHG,510050P1804M02800,50ETF沽4月2800,2.8,2018-04-25,2018-03-01,510050.XSHG,2018-04-25,PO
1259,10001260.XSHG,510050P1804M02850,50ETF沽4月2850,2.85,2018-04-25,2018-03-01,510050.XSHG,2018-04-25,PO
1260,10001261.XSHG,510050P1804M02900,50ETF沽4月2900,2.9,2018-04-25,2018-03-01,510050.XSHG,2018-04-25,PO
1261,10001262.XSHG,510050P1804M02950,50ETF沽4月2950,2.95,2018-04-25,2018-03-01,510050.XSHG,2018-04-25,PO
1262,10001263.XSHG,510050P1804M03000,50ETF沽4月3000,3.0,2018-04-25,2018-03-01,510050.XSHG,2018-04-25,PO
1263,10001264.XSHG,510050P1804M03100,50ETF沽4月3100,3.1,2018-04-25,2018-03-01,510050.XSHG,2018-04-25,PO
1264,10001265.XSHG,510050C1804M03200,50ETF购4月3200,3.2,2018-04-25,2018-03-02,510050.XSHG,2018-04-25,CO
1265,10001266.XSHG,510050P1804M03200,50ETF沽4月3200,3.2,2018-04-25,2018-03-02,510050.XSHG,2018-04-25,PO
1266,10001267.XSHG,510050C1804M02600,50ETF购4月2600,2.6,2018-04-25,2018-03-26,510050.XSHG,2018-04-25,CO
1267,10001268.XSHG,510050P1804M02600,50ETF沽4月2600,2.6,2018-04-25,2018-03-26,510050.XSHG,2018-04-25,PO
1268,10001269.XSHG,510050C1803M02550,50ETF购3月2550,2.55,2018-03-28,2018-03-27,510050.XSHG,2018-03-28,CO
1269,10001270.XSHG,510050P1803M02550,50ETF沽3月2550,2.55,2018-03-28,2018-03-27,510050.XSHG,2018-03-28,PO
1270,10001271.XSHG,510050C1804M02550,50ETF购4月2550,2.55,2018-04-25,2018-03-27,510050.XSHG,2018-04-25,CO
1271,10001272.XSHG,510050P1804M02550,50ETF沽4月2550,2.55,2018-04-25,2018-03-27,510050.XSHG,2018-04-25,PO
1272,10001273.XSHG,510050C1806M02550,50ETF购6月2550,2.55,2018-06-27,2018-03-27,510050.XSHG,2018-06-27,CO
1273,10001274.XSHG,510050P1806M02550,50ETF沽6月2550,2.55,2018-06-27,2018-03-27,510050.XSHG,2018-06-27,PO
1274,10001275.XSHG,510050C1809M02550,50ETF购9月2550,2.55,2018-09-26,2018-03-27,510050.XSHG,2018-09-26,CO
1275,10001276.XSHG,510050P1809M02550,50ETF沽9月2550,2.55,2018-09-26,2018-03-27,510050.XSHG,2018-09-26,PO
1276,10001277.XSHG,510050C1804M02500,50ETF购4月2500,2.5,2018-04-25,2018-03-29,510050.XSHG,2018-04-25,CO
1277,10001278.XSHG,510050P1804M02500,50ETF沽4月2500,2.5,2018-04-25,2018-03-29,510050.XSHG,2018-04-25,PO
1278,10001279.XSHG,510050C1806M02500,50ETF购6月2500,2.5,2018-06-27,2018-03-29,510050.XSHG,2018-06-27,CO
1279,10001280.XSHG,510050P1806M02500,50ETF沽6月2500,2.5,2018-06-27,2018-03-29,510050.XSHG,2018-06-27,PO
1280,10001281.XSHG,510050C1809M02500,50ETF购9月2500,2.5,2018-09-26,2018-03-29,510050.XSHG,2018-09-26,CO
1281,10001282.XSHG,510050P1809M02500,50ETF沽9月2500,2.5,2018-09-26,2018-03-29,510050.XSHG,2018-09-26,PO
1282,10001283.XSHG,510050C1805M02500,50ETF购5月2500,2.5,2018-05-23,2018-03-29,510050.XSHG,2018-05-23,CO
1283,10001284.XSHG,510050C1805M02550,50ETF购5月2550,2.55,2018-05-23,2018-03-29,510050.XSHG,2018-05-23,CO
1284,10001285.XSHG,510050C1805M02600,50ETF购5月2600,2.6,2018-05-23,2018-03-29,510050.XSHG,2018-05-23,CO
1285,10001286.XSHG,510050C1805M02650,50ETF购5月2650,2.65,2018-05-23,2018-03-29,510050.XSHG,2018-05-23,CO
1286,10001287.XSHG,510050C1805M02700,50ETF购5月2700,2.7,2018-05-23,2018-03-29,510050.XSHG,2018-05-23,CO
1287,10001288.XSHG,510050C1805M02750,50ETF购5月2750,2.75,2018-05-23,2018-03-29,510050.XSHG,2018-05-23,CO
1288,10001289.XSHG,510050C1805M02800,50ETF购5月2800,2.8,2018-05-23,2018-03-29,510050.XSHG,2018-05-23,CO
1289,10001290.XSHG,510050C1805M02850,50ETF购5月2850,2.85,2018-05-23,2018-03-29,510050.XSHG,2018-05-23,CO
1290,10001291.XSHG,510050C1805M02900,50ETF购5月2900,2.9,2018-05-23,2018-03-29,510050.XSHG,2018-05-23,CO
1291,10001292.XSHG,510050P1805M02500,50ETF沽5月2500,2.5,2018-05-23,2018-03-29,510050.XSHG,2018-05-23,PO
1292,10001293.XSHG,510050P1805M02550,50ETF沽5月2550,2.55,2018-05-23,2018-03-29,510050.XSHG,2018-05-23,PO
1293,10001294.XSHG,510050P1805M02600,50ETF沽5月2600,2.6,2018-05-23,2018-03-29,510050.XSHG,2018-05-23,PO
1294,10001295.XSHG,510050P1805M02650,50ETF沽5月2650,2.65,2018-05-23,2018-03-29,510050.XSHG,2018-05-23,PO
1295,10001296.XSHG,510050P1805M02700,50ETF沽5月2700,2.7,2018-05-23,2018-03-29,510050.XSHG,2018-05-23,PO
1296,10001297.XSHG,510050P1805M02750,50ETF沽5月2750,2.75,2018-05-23,2018-03-29,510050.XSHG,2018-05-23,PO
1297,10001298.XSHG,510050P1805M02800,50ETF沽5月2800,2.8,2018-05-23,2018-03-29,510050.XSHG,2018-05-23,PO
1298,10001299.XSHG,510050P1805M02850,50ETF沽5月2850,2.85,2018-05-23,2018-03-29,510050.XSHG,2018-05-23,PO
1299,10001300.XSHG,510050P1805M02900,50ETF沽5月2900,2.9,2018-05-23,2018-03-29,510050.XSHG,2018-05-23,PO
1300,10001301.XSHG,510050C1805M02950,50ETF购5月2950,2.95,2018-05-23,2018-03-30,510050.XSHG,2018-05-23,CO
1301,10001302.XSHG,510050P1805M02950,50ETF沽5月2950,2.95,2018-05-23,2018-03-30,510050.XSHG,2018-05-23,PO
1302,10001303.XSHG,510050C1805M03000,50ETF购5月3000,3.0,2018-05-23,2018-04-11,510050.XSHG,2018-05-23,CO
1303,10001304.XSHG,510050P1805M03000,50ETF沽5月3000,3.0,2018-05-23,2018-04-11,510050.XSHG,2018-05-23,PO
1304,10001305.XSHG,510050C1804M02450,50ETF购4月2450,2.45,2018-04-25,2018-04-17,510050.XSHG,2018-04-25,CO
1305,10001306.XSHG,510050P1804M02450,50ETF沽4月2450,2.45,2018-04-25,2018-04-17,510050.XSHG,2018-04-25,PO
1306,10001307.XSHG,510050C1805M02450,50ETF购5月2450,2.45,2018-05-23,2018-04-17,510050.XSHG,2018-05-23,CO
1307,10001308.XSHG,510050P1805M02450,50ETF沽5月2450,2.45,2018-05-23,2018-04-17,510050.XSHG,2018-05-23,PO
1308,10001309.XSHG,510050C1806M02450,50ETF购6月2450,2.45,2018-06-27,2018-04-17,510050.XSHG,2018-06-27,CO
1309,10001310.XSHG,510050P1806M02450,50ETF沽6月2450,2.45,2018-06-27,2018-04-17,510050.XSHG,2018-06-27,PO
1310,10001311.XSHG,510050C1809M02450,50ETF购9月2450,2.45,2018-09-26,2018-04-17,510050.XSHG,2018-09-26,CO
1311,10001312.XSHG,510050P1809M02450,50ETF沽9月2450,2.45,2018-09-26,2018-04-17,510050.XSHG,2018-09-26,PO
1312,10001313.XSHG,510050C1812A02500,50ETF购12月2450A,2.45,2018-12-26,2018-04-26,510050.XSHG,2018-12-26,CO
1313,10001314.XSHG,510050C1812A02550,50ETF购12月2500A,2.5,2018-12-26,2018-04-26,510050.XSHG,2018-12-26,CO
1314,10001315.XSHG,510050C1812A02600,50ETF购12月2549A,2.549,2018-12-26,2018-04-26,510050.XSHG,2018-12-26,CO
1315,10001316.XSHG,510050C1812A02650,50ETF购12月2598A,2.598,2018-12-26,2018-04-26,510050.XSHG,2018-12-26,CO
1316,10001317.XSHG,510050C1812A02700,50ETF购12月2647A,2.647,2018-12-26,2018-04-26,510050.XSHG,2018-12-26,CO
1317,10001318.XSHG,510050C1812A02750,50ETF购12月2696A,2.696,2018-12-26,2018-04-26,510050.XSHG,2018-12-26,CO
1318,10001319.XSHG,510050C1812A02800,50ETF购12月2745A,2.745,2018-12-26,2018-04-26,510050.XSHG,2018-12-26,CO
1319,10001320.XSHG,510050C1812A02850,50ETF购12月2794A,2.794,2018-12-26,2018-04-26,510050.XSHG,2018-12-26,CO
1320,10001321.XSHG,510050C1812A02900,50ETF购12月2843A,2.843,2018-12-26,2018-04-26,510050.XSHG,2018-12-26,CO
1321,10001322.XSHG,510050P1812A02500,50ETF沽12月2450A,2.45,2018-12-26,2018-04-26,510050.XSHG,2018-12-26,PO
1322,10001323.XSHG,510050P1812A02550,50ETF沽12月2500A,2.5,2018-12-26,2018-04-26,510050.XSHG,2018-12-26,PO
1323,10001324.XSHG,510050P1812A02600,50ETF沽12月2549A,2.549,2018-12-26,2018-04-26,510050.XSHG,2018-12-26,PO
1324,10001325.XSHG,510050P1812A02650,50ETF沽12月2598A,2.598,2018-12-26,2018-04-26,510050.XSHG,2018-12-26,PO
1325,10001326.XSHG,510050P1812A02700,50ETF沽12月2647A,2.647,2018-12-26,2018-04-26,510050.XSHG,2018-12-26,PO
1326,10001327.XSHG,510050P1812A02750,50ETF沽12月2696A,2.696,2018-12-26,2018-04-26,510050.XSHG,2018-12-26,PO
1327,10001328.XSHG,510050P1812A02800,50ETF沽12月2745A,2.745,2018-12-26,2018-04-26,510050.XSHG,2018-12-26,PO
1328,10001329.XSHG,510050P1812A02850,50ETF沽12月2794A,2.794,2018-12-26,2018-04-26,510050.XSHG,2018-12-26,PO
1329,10001330.XSHG,510050P1812A02900,50ETF沽12月2843A,2.843,2018-12-26,2018-04-26,510050.XSHG,2018-12-26,PO
1330,10001331.XSHG,510050C1812A02450,50ETF购12月2401A,2.401,2018-12-26,2018-04-27,510050.XSHG,2018-12-26,CO
1331,10001332.XSHG,510050P1812A02450,50ETF沽12月2401A,2.401,2018-12-26,2018-04-27,510050.XSHG,2018-12-26,PO
1332,10001333.XSHG,510050C1812A02950,50ETF购12月2892A,2.892,2018-12-26,2018-05-15,510050.XSHG,2018-12-26,CO
1333,10001334.XSHG,510050P1812A02950,50ETF沽12月2892A,2.892,2018-12-26,2018-05-15,510050.XSHG,2018-12-26,PO
1334,10001335.XSHG,510050C1807M02450,50ETF购7月2450,2.45,2018-07-25,2018-05-24,510050.XSHG,2018-07-25,CO
1335,10001336.XSHG,510050C1807M02500,50ETF购7月2500,2.5,2018-07-25,2018-05-24,510050.XSHG,2018-07-25,CO
1336,10001337.XSHG,510050C1807M02550,50ETF购7月2550,2.55,2018-07-25,2018-05-24,510050.XSHG,2018-07-25,CO
1337,10001338.XSHG,510050C1807M02600,50ETF购7月2600,2.6,2018-07-25,2018-05-24,510050.XSHG,2018-07-25,CO
1338,10001339.XSHG,510050C1807M02650,50ETF购7月2650,2.65,2018-07-25,2018-05-24,510050.XSHG,2018-07-25,CO
1339,10001340.XSHG,510050C1807M02700,50ETF购7月2700,2.7,2018-07-25,2018-05-24,510050.XSHG,2018-07-25,CO
1340,10001341.XSHG,510050C1807M02750,50ETF购7月2750,2.75,2018-07-25,2018-05-24,510050.XSHG,2018-07-25,CO
1341,10001342.XSHG,510050C1807M02800,50ETF购7月2800,2.8,2018-07-25,2018-05-24,510050.XSHG,2018-07-25,CO
1342,10001343.XSHG,510050C1807M02850,50ETF购7月2850,2.85,2018-07-25,2018-05-24,510050.XSHG,2018-07-25,CO
1343,10001344.XSHG,510050P1807M02450,50ETF沽7月2450,2.45,2018-07-25,2018-05-24,510050.XSHG,2018-07-25,PO
1344,10001345.XSHG,510050P1807M02500,50ETF沽7月2500,2.5,2018-07-25,2018-05-24,510050.XSHG,2018-07-25,PO
1345,10001346.XSHG,510050P1807M02550,50ETF沽7月2550,2.55,2018-07-25,2018-05-24,510050.XSHG,2018-07-25,PO
1346,10001347.XSHG,510050P1807M02600,50ETF沽7月2600,2.6,2018-07-25,2018-05-24,510050.XSHG,2018-07-25,PO
1347,10001348.XSHG,510050P1807M02650,50ETF沽7月2650,2.65,2018-07-25,2018-05-24,510050.XSHG,2018-07-25,PO
1348,10001349.XSHG,510050P1807M02700,50ETF沽7月2700,2.7,2018-07-25,2018-05-24,510050.XSHG,2018-07-25,PO
1349,10001350.XSHG,510050P1807M02750,50ETF沽7月2750,2.75,2018-07-25,2018-05-24,510050.XSHG,2018-07-25,PO
1350,10001351.XSHG,510050P1807M02800,50ETF沽7月2800,2.8,2018-07-25,2018-05-24,510050.XSHG,2018-07-25,PO
1351,10001352.XSHG,510050P1807M02850,50ETF沽7月2850,2.85,2018-07-25,2018-05-24,510050.XSHG,2018-07-25,PO
1352,10001353.XSHG,510050C1806M02400,50ETF购6月2400,2.4,2018-06-27,2018-05-31,510050.XSHG,2018-06-27,CO
1353,10001354.XSHG,510050P1806M02400,50ETF沽6月2400,2.4,2018-06-27,2018-05-31,510050.XSHG,2018-06-27,PO
1354,10001355.XSHG,510050C1807M02400,50ETF购7月2400,2.4,2018-07-25,2018-05-31,510050.XSHG,2018-07-25,CO
1355,10001356.XSHG,510050P1807M02400,50ETF沽7月2400,2.4,2018-07-25,2018-05-31,510050.XSHG,2018-07-25,PO
1356,10001357.XSHG,510050C1809M02400,50ETF购9月2400,2.4,2018-09-26,2018-05-31,510050.XSHG,2018-09-26,CO
1357,10001358.XSHG,510050P1809M02400,50ETF沽9月2400,2.4,2018-09-26,2018-05-31,510050.XSHG,2018-09-26,PO
1358,10001359.XSHG,510050C1812A02400,50ETF购12月2352A,2.352,2018-12-26,2018-05-31,510050.XSHG,2018-12-26,CO
1359,10001360.XSHG,510050P1812A02400,50ETF沽12月2352A,2.352,2018-12-26,2018-05-31,510050.XSHG,2018-12-26,PO
1360,10001361.XSHG,510050C1807M02900,50ETF购7月2900,2.9,2018-07-25,2018-06-05,510050.XSHG,2018-07-25,CO
1361,10001362.XSHG,510050P1807M02900,50ETF沽7月2900,2.9,2018-07-25,2018-06-05,510050.XSHG,2018-07-25,PO
1362,10001363.XSHG,510050C1806M02350,50ETF购6月2350,2.35,2018-06-27,2018-06-26,510050.XSHG,2018-06-27,CO
1363,10001364.XSHG,510050P1806M02350,50ETF沽6月2350,2.35,2018-06-27,2018-06-26,510050.XSHG,2018-06-27,PO
1364,10001365.XSHG,510050C1807M02350,50ETF购7月2350,2.35,2018-07-25,2018-06-26,510050.XSHG,2018-07-25,CO
1365,10001366.XSHG,510050P1807M02350,50ETF沽7月2350,2.35,2018-07-25,2018-06-26,510050.XSHG,2018-07-25,PO
1366,10001367.XSHG,510050C1809M02350,50ETF购9月2350,2.35,2018-09-26,2018-06-26,510050.XSHG,2018-09-26,CO
1367,10001368.XSHG,510050P1809M02350,50ETF沽9月2350,2.35,2018-09-26,2018-06-26,510050.XSHG,2018-09-26,PO
1368,10001369.XSHG,510050C1812A02350,50ETF购12月2303A,2.303,2018-12-26,2018-06-26,510050.XSHG,2018-12-26,CO
1369,10001370.XSHG,510050P1812A02350,50ETF沽12月2303A,2.303,2018-12-26,2018-06-26,510050.XSHG,2018-12-26,PO
1370,10001371.XSHG,510050C1806M02300,50ETF购6月2300,2.3,2018-06-27,2018-06-27,510050.XSHG,2018-06-27,CO
1371,10001372.XSHG,510050P1806M02300,50ETF沽6月2300,2.3,2018-06-27,2018-06-27,510050.XSHG,2018-06-27,PO
1372,10001373.XSHG,510050C1807M02300,50ETF购7月2300,2.3,2018-07-25,2018-06-27,510050.XSHG,2018-07-25,CO
1373,10001374.XSHG,510050P1807M02300,50ETF沽7月2300,2.3,2018-07-25,2018-06-27,510050.XSHG,2018-07-25,PO
1374,10001375.XSHG,510050C1809M02300,50ETF购9月2300,2.3,2018-09-26,2018-06-27,510050.XSHG,2018-09-26,CO
1375,10001376.XSHG,510050P1809M02300,50ETF沽9月2300,2.3,2018-09-26,2018-06-27,510050.XSHG,2018-09-26,PO
1376,10001377.XSHG,510050C1812A02300,50ETF购12月2254A,2.254,2018-12-26,2018-06-27,510050.XSHG,2018-12-26,CO
1377,10001378.XSHG,510050P1812A02300,50ETF沽12月2254A,2.254,2018-12-26,2018-06-27,510050.XSHG,2018-12-26,PO
1378,10001379.XSHG,510050C1807M02250,50ETF购7月2250,2.25,2018-07-25,2018-06-28,510050.XSHG,2018-07-25,CO
1379,10001380.XSHG,510050P1807M02250,50ETF沽7月2250,2.25,2018-07-25,2018-06-28,510050.XSHG,2018-07-25,PO
1380,10001381.XSHG,510050C1809M02250,50ETF购9月2250,2.25,2018-09-26,2018-06-28,510050.XSHG,2018-09-26,CO
1381,10001382.XSHG,510050P1809M02250,50ETF沽9月2250,2.25,2018-09-26,2018-06-28,510050.XSHG,2018-09-26,PO
1382,10001383.XSHG,510050C1812A02250,50ETF购12月2205A,2.205,2018-12-26,2018-06-28,510050.XSHG,2018-12-26,CO
1383,10001384.XSHG,510050P1812A02250,50ETF沽12月2205A,2.205,2018-12-26,2018-06-28,510050.XSHG,2018-12-26,PO
1384,10001385.XSHG,510050C1808M02250,50ETF购8月2250,2.25,2018-08-22,2018-06-28,510050.XSHG,2018-08-22,CO
1385,10001386.XSHG,510050C1808M02300,50ETF购8月2300,2.3,2018-08-22,2018-06-28,510050.XSHG,2018-08-22,CO
1386,10001387.XSHG,510050C1808M02350,50ETF购8月2350,2.35,2018-08-22,2018-06-28,510050.XSHG,2018-08-22,CO
1387,10001388.XSHG,510050C1808M02400,50ETF购8月2400,2.4,2018-08-22,2018-06-28,510050.XSHG,2018-08-22,CO
1388,10001389.XSHG,510050C1808M02450,50ETF购8月2450,2.45,2018-08-22,2018-06-28,510050.XSHG,2018-08-22,CO
1389,10001390.XSHG,510050C1808M02500,50ETF购8月2500,2.5,2018-08-22,2018-06-28,510050.XSHG,2018-08-22,CO
1390,10001391.XSHG,510050C1808M02550,50ETF购8月2550,2.55,2018-08-22,2018-06-28,510050.XSHG,2018-08-22,CO
1391,10001392.XSHG,510050C1808M02600,50ETF购8月2600,2.6,2018-08-22,2018-06-28,510050.XSHG,2018-08-22,CO
1392,10001393.XSHG,510050C1808M02650,50ETF购8月2650,2.65,2018-08-22,2018-06-28,510050.XSHG,2018-08-22,CO
1393,10001394.XSHG,510050P1808M02250,50ETF沽8月2250,2.25,2018-08-22,2018-06-28,510050.XSHG,2018-08-22,PO
1394,10001395.XSHG,510050P1808M02300,50ETF沽8月2300,2.3,2018-08-22,2018-06-28,510050.XSHG,2018-08-22,PO
1395,10001396.XSHG,510050P1808M02350,50ETF沽8月2350,2.35,2018-08-22,2018-06-28,510050.XSHG,2018-08-22,PO
1396,10001397.XSHG,510050P1808M02400,50ETF沽8月2400,2.4,2018-08-22,2018-06-28,510050.XSHG,2018-08-22,PO
1397,10001398.XSHG,510050P1808M02450,50ETF沽8月2450,2.45,2018-08-22,2018-06-28,510050.XSHG,2018-08-22,PO
1398,10001399.XSHG,510050P1808M02500,50ETF沽8月2500,2.5,2018-08-22,2018-06-28,510050.XSHG,2018-08-22,PO
1399,10001400.XSHG,510050P1808M02550,50ETF沽8月2550,2.55,2018-08-22,2018-06-28,510050.XSHG,2018-08-22,PO
1400,10001401.XSHG,510050P1808M02600,50ETF沽8月2600,2.6,2018-08-22,2018-06-28,510050.XSHG,2018-08-22,PO
1401,10001402.XSHG,510050P1808M02650,50ETF沽8月2650,2.65,2018-08-22,2018-06-28,510050.XSHG,2018-08-22,PO
1402,10001403.XSHG,510050C1808M02700,50ETF购8月2700,2.7,2018-08-22,2018-07-02,510050.XSHG,2018-08-22,CO
1403,10001404.XSHG,510050P1808M02700,50ETF沽8月2700,2.7,2018-08-22,2018-07-02,510050.XSHG,2018-08-22,PO
1404,10001405.XSHG,510050C1807M02200,50ETF购7月2200,2.2,2018-07-25,2018-07-03,510050.XSHG,2018-07-25,CO
1405,10001406.XSHG,510050P1807M02200,50ETF沽7月2200,2.2,2018-07-25,2018-07-03,510050.XSHG,2018-07-25,PO
1406,10001407.XSHG,510050C1808M02200,50ETF购8月2200,2.2,2018-08-22,2018-07-03,510050.XSHG,2018-08-22,CO
1407,10001408.XSHG,510050P1808M02200,50ETF沽8月2200,2.2,2018-08-22,2018-07-03,510050.XSHG,2018-08-22,PO
1408,10001409.XSHG,510050C1809M02200,50ETF购9月2200,2.2,2018-09-26,2018-07-03,510050.XSHG,2018-09-26,CO
1409,10001410.XSHG,510050P1809M02200,50ETF沽9月2200,2.2,2018-09-26,2018-07-03,510050.XSHG,2018-09-26,PO
1410,10001411.XSHG,510050C1812A02200,50ETF购12月2156A,2.156,2018-12-26,2018-07-03,510050.XSHG,2018-12-26,CO
1411,10001412.XSHG,510050P1812A02200,50ETF沽12月2156A,2.156,2018-12-26,2018-07-03,510050.XSHG,2018-12-26,PO
1412,10001413.XSHG,510050C1808M02750,50ETF购8月2750,2.75,2018-08-22,2018-07-23,510050.XSHG,2018-08-22,CO
1413,10001414.XSHG,510050P1808M02750,50ETF沽8月2750,2.75,2018-08-22,2018-07-23,510050.XSHG,2018-08-22,PO
1414,10001415.XSHG,510050C1808M02800,50ETF购8月2800,2.8,2018-08-22,2018-07-25,510050.XSHG,2018-08-22,CO
1415,10001416.XSHG,510050P1808M02800,50ETF沽8月2800,2.8,2018-08-22,2018-07-25,510050.XSHG,2018-08-22,PO
1416,10001417.XSHG,510050C1903A02400,50ETF购3月2352A,2.352,2019-03-27,2018-07-26,510050.XSHG,2019-03-27,CO
1417,10001418.XSHG,510050C1903A02450,50ETF购3月2401A,2.401,2019-03-27,2018-07-26,510050.XSHG,2019-03-27,CO
1418,10001419.XSHG,510050C1903A02500,50ETF购3月2450A,2.45,2019-03-27,2018-07-26,510050.XSHG,2019-03-27,CO
1419,10001420.XSHG,510050C1903A02550,50ETF购3月2500A,2.5,2019-03-27,2018-07-26,510050.XSHG,2019-03-27,CO
1420,10001421.XSHG,510050C1903A02600,50ETF购3月2549A,2.549,2019-03-27,2018-07-26,510050.XSHG,2019-03-27,CO
1421,10001422.XSHG,510050C1903A02650,50ETF购3月2598A,2.598,2019-03-27,2018-07-26,510050.XSHG,2019-03-27,CO
1422,10001423.XSHG,510050C1903A02700,50ETF购3月2647A,2.647,2019-03-27,2018-07-26,510050.XSHG,2019-03-27,CO
1423,10001424.XSHG,510050C1903A02750,50ETF购3月2696A,2.696,2019-03-27,2018-07-26,510050.XSHG,2019-03-27,CO
1424,10001425.XSHG,510050C1903A02800,50ETF购3月2745A,2.745,2019-03-27,2018-07-26,510050.XSHG,2019-03-27,CO
1425,10001426.XSHG,510050P1903A02400,50ETF沽3月2352A,2.352,2019-03-27,2018-07-26,510050.XSHG,2019-03-27,PO
1426,10001427.XSHG,510050P1903A02450,50ETF沽3月2401A,2.401,2019-03-27,2018-07-26,510050.XSHG,2019-03-27,PO
1427,10001428.XSHG,510050P1903A02500,50ETF沽3月2450A,2.45,2019-03-27,2018-07-26,510050.XSHG,2019-03-27,PO
1428,10001429.XSHG,510050P1903A02550,50ETF沽3月2500A,2.5,2019-03-27,2018-07-26,510050.XSHG,2019-03-27,PO
1429,10001430.XSHG,510050P1903A02600,50ETF沽3月2549A,2.549,2019-03-27,2018-07-26,510050.XSHG,2019-03-27,PO
1430,10001431.XSHG,510050P1903A02650,50ETF沽3月2598A,2.598,2019-03-27,2018-07-26,510050.XSHG,2019-03-27,PO
1431,10001432.XSHG,510050P1903A02700,50ETF沽3月2647A,2.647,2019-03-27,2018-07-26,510050.XSHG,2019-03-27,PO
1432,10001433.XSHG,510050P1903A02750,50ETF沽3月2696A,2.696,2019-03-27,2018-07-26,510050.XSHG,2019-03-27,PO
1433,10001434.XSHG,510050P1903A02800,50ETF沽3月2745A,2.745,2019-03-27,2018-07-26,510050.XSHG,2019-03-27,PO
1434,10001435.XSHG,510050C1903A02350,50ETF购3月2303A,2.303,2019-03-27,2018-08-02,510050.XSHG,2019-03-27,CO
1435,10001436.XSHG,510050P1903A02350,50ETF沽3月2303A,2.303,2019-03-27,2018-08-02,510050.XSHG,2019-03-27,PO
1436,10001437.XSHG,510050C1903A02300,50ETF购3月2254A,2.254,2019-03-27,2018-08-03,510050.XSHG,2019-03-27,CO
1437,10001438.XSHG,510050P1903A02300,50ETF沽3月2254A,2.254,2019-03-27,2018-08-03,510050.XSHG,2019-03-27,PO
1438,10001439.XSHG,510050C1903A02250,50ETF购3月2205A,2.205,2019-03-27,2018-08-06,510050.XSHG,2019-03-27,CO
1439,10001440.XSHG,510050P1903A02250,50ETF沽3月2205A,2.205,2019-03-27,2018-08-06,510050.XSHG,2019-03-27,PO
1440,10001441.XSHG,510050C1903A02200,50ETF购3月2156A,2.156,2019-03-27,2018-08-20,510050.XSHG,2019-03-27,CO
1441,10001442.XSHG,510050P1903A02200,50ETF沽3月2156A,2.156,2019-03-27,2018-08-20,510050.XSHG,2019-03-27,PO
1442,10001443.XSHG,510050C1810M02300,50ETF购10月2300,2.3,2018-10-24,2018-08-23,510050.XSHG,2018-10-24,CO
1443,10001444.XSHG,510050C1810M02350,50ETF购10月2350,2.35,2018-10-24,2018-08-23,510050.XSHG,2018-10-24,CO
1444,10001445.XSHG,510050C1810M02400,50ETF购10月2400,2.4,2018-10-24,2018-08-23,510050.XSHG,2018-10-24,CO
1445,10001446.XSHG,510050C1810M02450,50ETF购10月2450,2.45,2018-10-24,2018-08-23,510050.XSHG,2018-10-24,CO
1446,10001447.XSHG,510050C1810M02500,50ETF购10月2500,2.5,2018-10-24,2018-08-23,510050.XSHG,2018-10-24,CO
1447,10001448.XSHG,510050C1810M02550,50ETF购10月2550,2.55,2018-10-24,2018-08-23,510050.XSHG,2018-10-24,CO
1448,10001449.XSHG,510050C1810M02600,50ETF购10月2600,2.6,2018-10-24,2018-08-23,510050.XSHG,2018-10-24,CO
1449,10001450.XSHG,510050C1810M02650,50ETF购10月2650,2.65,2018-10-24,2018-08-23,510050.XSHG,2018-10-24,CO
1450,10001451.XSHG,510050C1810M02700,50ETF购10月2700,2.7,2018-10-24,2018-08-23,510050.XSHG,2018-10-24,CO
1451,10001452.XSHG,510050P1810M02300,50ETF沽10月2300,2.3,2018-10-24,2018-08-23,510050.XSHG,2018-10-24,PO
1452,10001453.XSHG,510050P1810M02350,50ETF沽10月2350,2.35,2018-10-24,2018-08-23,510050.XSHG,2018-10-24,PO
1453,10001454.XSHG,510050P1810M02400,50ETF沽10月2400,2.4,2018-10-24,2018-08-23,510050.XSHG,2018-10-24,PO
1454,10001455.XSHG,510050P1810M02450,50ETF沽10月2450,2.45,2018-10-24,2018-08-23,510050.XSHG,2018-10-24,PO
1455,10001456.XSHG,510050P1810M02500,50ETF沽10月2500,2.5,2018-10-24,2018-08-23,510050.XSHG,2018-10-24,PO
1456,10001457.XSHG,510050P1810M02550,50ETF沽10月2550,2.55,2018-10-24,2018-08-23,510050.XSHG,2018-10-24,PO
1457,10001458.XSHG,510050P1810M02600,50ETF沽10月2600,2.6,2018-10-24,2018-08-23,510050.XSHG,2018-10-24,PO
1458,10001459.XSHG,510050P1810M02650,50ETF沽10月2650,2.65,2018-10-24,2018-08-23,510050.XSHG,2018-10-24,PO
1459,10001460.XSHG,510050P1810M02700,50ETF沽10月2700,2.7,2018-10-24,2018-08-23,510050.XSHG,2018-10-24,PO
1460,10001461.XSHG,510050C1810M02750,50ETF购10月2750,2.75,2018-10-24,2018-08-28,510050.XSHG,2018-10-24,CO
1461,10001462.XSHG,510050P1810M02750,50ETF沽10月2750,2.75,2018-10-24,2018-08-28,510050.XSHG,2018-10-24,PO
1462,10001463.XSHG,510050C1810M02250,50ETF购10月2250,2.25,2018-10-24,2018-09-07,510050.XSHG,2018-10-24,CO
1463,10001464.XSHG,510050P1810M02250,50ETF沽10月2250,2.25,2018-10-24,2018-09-07,510050.XSHG,2018-10-24,PO
1464,10001465.XSHG,510050C1810M02800,50ETF购10月2800,2.8,2018-10-24,2018-09-25,510050.XSHG,2018-10-24,CO
1465,10001466.XSHG,510050C1810M02850,50ETF购10月2850,2.85,2018-10-24,2018-09-25,510050.XSHG,2018-10-24,CO
1466,10001467.XSHG,510050P1810M02800,50ETF沽10月2800,2.8,2018-10-24,2018-09-25,510050.XSHG,2018-10-24,PO
1467,10001468.XSHG,510050P1810M02850,50ETF沽10月2850,2.85,2018-10-24,2018-09-25,510050.XSHG,2018-10-24,PO
1468,10001469.XSHG,510050C1903A02850,50ETF购3月2794A,2.794,2019-03-27,2018-09-25,510050.XSHG,2019-03-27,CO
1469,10001470.XSHG,510050P1903A02850,50ETF沽3月2794A,2.794,2019-03-27,2018-09-25,510050.XSHG,2019-03-27,PO
1470,10001471.XSHG,510050C1811M02450,50ETF购11月2450,2.45,2018-11-28,2018-09-27,510050.XSHG,2018-11-28,CO
1471,10001472.XSHG,510050C1811M02500,50ETF购11月2500,2.5,2018-11-28,2018-09-27,510050.XSHG,2018-11-28,CO
1472,10001473.XSHG,510050C1811M02550,50ETF购11月2550,2.55,2018-11-28,2018-09-27,510050.XSHG,2018-11-28,CO
1473,10001474.XSHG,510050C1811M02600,50ETF购11月2600,2.6,2018-11-28,2018-09-27,510050.XSHG,2018-11-28,CO
1474,10001475.XSHG,510050C1811M02650,50ETF购11月2650,2.65,2018-11-28,2018-09-27,510050.XSHG,2018-11-28,CO
1475,10001476.XSHG,510050C1811M02700,50ETF购11月2700,2.7,2018-11-28,2018-09-27,510050.XSHG,2018-11-28,CO
1476,10001477.XSHG,510050C1811M02750,50ETF购11月2750,2.75,2018-11-28,2018-09-27,510050.XSHG,2018-11-28,CO
1477,10001478.XSHG,510050C1811M02800,50ETF购11月2800,2.8,2018-11-28,2018-09-27,510050.XSHG,2018-11-28,CO
1478,10001479.XSHG,510050C1811M02850,50ETF购11月2850,2.85,2018-11-28,2018-09-27,510050.XSHG,2018-11-28,CO
1479,10001480.XSHG,510050P1811M02450,50ETF沽11月2450,2.45,2018-11-28,2018-09-27,510050.XSHG,2018-11-28,PO
1480,10001481.XSHG,510050P1811M02500,50ETF沽11月2500,2.5,2018-11-28,2018-09-27,510050.XSHG,2018-11-28,PO
1481,10001482.XSHG,510050P1811M02550,50ETF沽11月2550,2.55,2018-11-28,2018-09-27,510050.XSHG,2018-11-28,PO
1482,10001483.XSHG,510050P1811M02600,50ETF沽11月2600,2.6,2018-11-28,2018-09-27,510050.XSHG,2018-11-28,PO
1483,10001484.XSHG,510050P1811M02650,50ETF沽11月2650,2.65,2018-11-28,2018-09-27,510050.XSHG,2018-11-28,PO
1484,10001485.XSHG,510050P1811M02700,50ETF沽11月2700,2.7,2018-11-28,2018-09-27,510050.XSHG,2018-11-28,PO
1485,10001486.XSHG,510050P1811M02750,50ETF沽11月2750,2.75,2018-11-28,2018-09-27,510050.XSHG,2018-11-28,PO
1486,10001487.XSHG,510050P1811M02800,50ETF沽11月2800,2.8,2018-11-28,2018-09-27,510050.XSHG,2018-11-28,PO
1487,10001488.XSHG,510050P1811M02850,50ETF沽11月2850,2.85,2018-11-28,2018-09-27,510050.XSHG,2018-11-28,PO
1488,10001489.XSHG,510050C1811M02350,50ETF购11月2350,2.35,2018-11-28,2018-10-09,510050.XSHG,2018-11-28,CO
1489,10001490.XSHG,510050C1811M02400,50ETF购11月2400,2.4,2018-11-28,2018-10-09,510050.XSHG,2018-11-28,CO
1490,10001491.XSHG,510050P1811M02350,50ETF沽11月2350,2.35,2018-11-28,2018-10-09,510050.XSHG,2018-11-28,PO
1491,10001492.XSHG,510050P1811M02400,50ETF沽11月2400,2.4,2018-11-28,2018-10-09,510050.XSHG,2018-11-28,PO
1492,10001493.XSHG,510050C1811M02250,50ETF购11月2250,2.25,2018-11-28,2018-10-12,510050.XSHG,2018-11-28,CO
1493,10001494.XSHG,510050C1811M02300,50ETF购11月2300,2.3,2018-11-28,2018-10-12,510050.XSHG,2018-11-28,CO
1494,10001495.XSHG,510050P1811M02250,50ETF沽11月2250,2.25,2018-11-28,2018-10-12,510050.XSHG,2018-11-28,PO
1495,10001496.XSHG,510050P1811M02300,50ETF沽11月2300,2.3,2018-11-28,2018-10-12,510050.XSHG,2018-11-28,PO
1496,10001497.XSHG,510050C1810M02200,50ETF购10月2200,2.2,2018-10-24,2018-10-19,510050.XSHG,2018-10-24,CO
1497,10001498.XSHG,510050P1810M02200,50ETF沽10月2200,2.2,2018-10-24,2018-10-19,510050.XSHG,2018-10-24,PO
1498,10001499.XSHG,510050C1811M02200,50ETF购11月2200,2.2,2018-11-28,2018-10-19,510050.XSHG,2018-11-28,CO
1499,10001500.XSHG,510050P1811M02200,50ETF沽11月2200,2.2,2018-11-28,2018-10-19,510050.XSHG,2018-11-28,PO
1500,10001501.XSHG,510050C1906A02350,50ETF购6月2303A,2.303,2019-06-26,2018-10-25,510050.XSHG,2019-06-26,CO
1501,10001502.XSHG,510050C1906A02400,50ETF购6月2352A,2.352,2019-06-26,2018-10-25,510050.XSHG,2019-06-26,CO
1502,10001503.XSHG,510050C1906A02450,50ETF购6月2401A,2.401,2019-06-26,2018-10-25,510050.XSHG,2019-06-26,CO
1503,10001504.XSHG,510050C1906A02500,50ETF购6月2450A,2.45,2019-06-26,2018-10-25,510050.XSHG,2019-06-26,CO
1504,10001505.XSHG,510050C1906A02550,50ETF购6月2500A,2.5,2019-06-26,2018-10-25,510050.XSHG,2019-06-26,CO
1505,10001506.XSHG,510050C1906A02600,50ETF购6月2549A,2.549,2019-06-26,2018-10-25,510050.XSHG,2019-06-26,CO
1506,10001507.XSHG,510050C1906A02650,50ETF购6月2598A,2.598,2019-06-26,2018-10-25,510050.XSHG,2019-06-26,CO
1507,10001508.XSHG,510050C1906A02700,50ETF购6月2647A,2.647,2019-06-26,2018-10-25,510050.XSHG,2019-06-26,CO
1508,10001509.XSHG,510050C1906A02750,50ETF购6月2696A,2.696,2019-06-26,2018-10-25,510050.XSHG,2019-06-26,CO
1509,10001510.XSHG,510050P1906A02350,50ETF沽6月2303A,2.303,2019-06-26,2018-10-25,510050.XSHG,2019-06-26,PO
1510,10001511.XSHG,510050P1906A02400,50ETF沽6月2352A,2.352,2019-06-26,2018-10-25,510050.XSHG,2019-06-26,PO
1511,10001512.XSHG,510050P1906A02450,50ETF沽6月2401A,2.401,2019-06-26,2018-10-25,510050.XSHG,2019-06-26,PO
1512,10001513.XSHG,510050P1906A02500,50ETF沽6月2450A,2.45,2019-06-26,2018-10-25,510050.XSHG,2019-06-26,PO
1513,10001514.XSHG,510050P1906A02550,50ETF沽6月2500A,2.5,2019-06-26,2018-10-25,510050.XSHG,2019-06-26,PO
1514,10001515.XSHG,510050P1906A02600,50ETF沽6月2549A,2.549,2019-06-26,2018-10-25,510050.XSHG,2019-06-26,PO
1515,10001516.XSHG,510050P1906A02650,50ETF沽6月2598A,2.598,2019-06-26,2018-10-25,510050.XSHG,2019-06-26,PO
1516,10001517.XSHG,510050P1906A02700,50ETF沽6月2647A,2.647,2019-06-26,2018-10-25,510050.XSHG,2019-06-26,PO
1517,10001518.XSHG,510050P1906A02750,50ETF沽6月2696A,2.696,2019-06-26,2018-10-25,510050.XSHG,2019-06-26,PO
1518,10001519.XSHG,510050C1906A02300,50ETF购6月2254A,2.254,2019-06-26,2018-10-29,510050.XSHG,2019-06-26,CO
1519,10001520.XSHG,510050P1906A02300,50ETF沽6月2254A,2.254,2019-06-26,2018-10-29,510050.XSHG,2019-06-26,PO
1520,10001521.XSHG,510050C1906A02250,50ETF购6月2205A,2.205,2019-06-26,2018-10-30,510050.XSHG,2019-06-26,CO
1521,10001522.XSHG,510050P1906A02250,50ETF沽6月2205A,2.205,2019-06-26,2018-10-30,510050.XSHG,2019-06-26,PO
1522,10001523.XSHG,510050C1906A02800,50ETF购6月2745A,2.745,2019-06-26,2018-11-05,510050.XSHG,2019-06-26,CO
1523,10001524.XSHG,510050P1906A02800,50ETF沽6月2745A,2.745,2019-06-26,2018-11-05,510050.XSHG,2019-06-26,PO
1524,10001525.XSHG,510050C1901A02250,50ETF购1月2205A,2.205,2019-01-23,2018-11-29,510050.XSHG,2019-01-23,CO
1525,10001526.XSHG,510050C1901A02300,50ETF购1月2254A,2.254,2019-01-23,2018-11-29,510050.XSHG,2019-01-23,CO
1526,10001527.XSHG,510050C1901A02350,50ETF购1月2303A,2.303,2019-01-23,2018-11-29,510050.XSHG,2019-01-23,CO
1527,10001528.XSHG,510050C1901A02400,50ETF购1月2352A,2.352,2019-01-23,2018-11-29,510050.XSHG,2019-01-23,CO
1528,10001529.XSHG,510050C1901A02450,50ETF购1月2401A,2.401,2019-01-23,2018-11-29,510050.XSHG,2019-01-23,CO
1529,10001530.XSHG,510050C1901A02500,50ETF购1月2450A,2.45,2019-01-23,2018-11-29,510050.XSHG,2019-01-23,CO
1530,10001531.XSHG,510050C1901A02550,50ETF购1月2500A,2.5,2019-01-23,2018-11-29,510050.XSHG,2019-01-23,CO
1531,10001532.XSHG,510050C1901A02600,50ETF购1月2549A,2.549,2019-01-23,2018-11-29,510050.XSHG,2019-01-23,CO
1532,10001533.XSHG,510050C1901A02650,50ETF购1月2598A,2.598,2019-01-23,2018-11-29,510050.XSHG,2019-01-23,CO
1533,10001534.XSHG,510050P1901A02250,50ETF沽1月2205A,2.205,2019-01-23,2018-11-29,510050.XSHG,2019-01-23,PO
1534,10001535.XSHG,510050P1901A02300,50ETF沽1月2254A,2.254,2019-01-23,2018-11-29,510050.XSHG,2019-01-23,PO
1535,10001536.XSHG,510050P1901A02350,50ETF沽1月2303A,2.303,2019-01-23,2018-11-29,510050.XSHG,2019-01-23,PO
1536,10001537.XSHG,510050P1901A02400,50ETF沽1月2352A,2.352,2019-01-23,2018-11-29,510050.XSHG,2019-01-23,PO
1537,10001538.XSHG,510050P1901A02450,50ETF沽1月2401A,2.401,2019-01-23,2018-11-29,510050.XSHG,2019-01-23,PO
1538,10001539.XSHG,510050P1901A02500,50ETF沽1月2450A,2.45,2019-01-23,2018-11-29,510050.XSHG,2019-01-23,PO
1539,10001540.XSHG,510050P1901A02550,50ETF沽1月2500A,2.5,2019-01-23,2018-11-29,510050.XSHG,2019-01-23,PO
1540,10001541.XSHG,510050P1901A02600,50ETF沽1月2549A,2.549,2019-01-23,2018-11-29,510050.XSHG,2019-01-23,PO
1541,10001542.XSHG,510050P1901A02650,50ETF沽1月2598A,2.598,2019-01-23,2018-11-29,510050.XSHG,2019-01-23,PO
1542,10001543.XSHG,510050C1812M02250,50ETF购12月2250,2.25,2018-12-26,2018-12-03,510050.XSHG,2018-12-26,CO
1543,10001544.XSHG,510050C1812M02300,50ETF购12月2300,2.3,2018-12-26,2018-12-03,510050.XSHG,2018-12-26,CO
1544,10001545.XSHG,510050C1812M02350,50ETF购12月2350,2.35,2018-12-26,2018-12-03,510050.XSHG,2018-12-26,CO
1545,10001546.XSHG,510050C1812M02400,50ETF购12月2400,2.4,2018-12-26,2018-12-03,510050.XSHG,2018-12-26,CO
1546,10001547.XSHG,510050C1812M02450,50ETF购12月2450,2.45,2018-12-26,2018-12-03,510050.XSHG,2018-12-26,CO
1547,10001548.XSHG,510050C1812M02500,50ETF购12月2500,2.5,2018-12-26,2018-12-03,510050.XSHG,2018-12-26,CO
1548,10001549.XSHG,510050C1812M02550,50ETF购12月2550,2.55,2018-12-26,2018-12-03,510050.XSHG,2018-12-26,CO
1549,10001550.XSHG,510050C1812M02600,50ETF购12月2600,2.6,2018-12-26,2018-12-03,510050.XSHG,2018-12-26,CO
1550,10001551.XSHG,510050C1812M02650,50ETF购12月2650,2.65,2018-12-26,2018-12-03,510050.XSHG,2018-12-26,CO
1551,10001552.XSHG,510050P1812M02250,50ETF沽12月2250,2.25,2018-12-26,2018-12-03,510050.XSHG,2018-12-26,PO
1552,10001553.XSHG,510050P1812M02300,50ETF沽12月2300,2.3,2018-12-26,2018-12-03,510050.XSHG,2018-12-26,PO
1553,10001554.XSHG,510050P1812M02350,50ETF沽12月2350,2.35,2018-12-26,2018-12-03,510050.XSHG,2018-12-26,PO
1554,10001555.XSHG,510050P1812M02400,50ETF沽12月2400,2.4,2018-12-26,2018-12-03,510050.XSHG,2018-12-26,PO
1555,10001556.XSHG,510050P1812M02450,50ETF沽12月2450,2.45,2018-12-26,2018-12-03,510050.XSHG,2018-12-26,PO
1556,10001557.XSHG,510050P1812M02500,50ETF沽12月2500,2.5,2018-12-26,2018-12-03,510050.XSHG,2018-12-26,PO
1557,10001558.XSHG,510050P1812M02550,50ETF沽12月2550,2.55,2018-12-26,2018-12-03,510050.XSHG,2018-12-26,PO
1558,10001559.XSHG,510050P1812M02600,50ETF沽12月2600,2.6,2018-12-26,2018-12-03,510050.XSHG,2018-12-26,PO
1559,10001560.XSHG,510050P1812M02650,50ETF沽12月2650,2.65,2018-12-26,2018-12-03,510050.XSHG,2018-12-26,PO
1560,10001561.XSHG,510050C1901M02250,50ETF购1月2250,2.25,2019-01-23,2018-12-03,510050.XSHG,2019-01-23,CO
1561,10001562.XSHG,510050C1901M02300,50ETF购1月2300,2.3,2019-01-23,2018-12-03,510050.XSHG,2019-01-23,CO
1562,10001563.XSHG,510050C1901M02350,50ETF购1月2350,2.35,2019-01-23,2018-12-03,510050.XSHG,2019-01-23,CO
1563,10001564.XSHG,510050C1901M02400,50ETF购1月2400,2.4,2019-01-23,2018-12-03,510050.XSHG,2019-01-23,CO
1564,10001565.XSHG,510050C1901M02450,50ETF购1月2450,2.45,2019-01-23,2018-12-03,510050.XSHG,2019-01-23,CO
1565,10001566.XSHG,510050C1901M02500,50ETF购1月2500,2.5,2019-01-23,2018-12-03,510050.XSHG,2019-01-23,CO
1566,10001567.XSHG,510050C1901M02550,50ETF购1月2550,2.55,2019-01-23,2018-12-03,510050.XSHG,2019-01-23,CO
1567,10001568.XSHG,510050C1901M02600,50ETF购1月2600,2.6,2019-01-23,2018-12-03,510050.XSHG,2019-01-23,CO
1568,10001569.XSHG,510050C1901M02650,50ETF购1月2650,2.65,2019-01-23,2018-12-03,510050.XSHG,2019-01-23,CO
1569,10001570.XSHG,510050P1901M02250,50ETF沽1月2250,2.25,2019-01-23,2018-12-03,510050.XSHG,2019-01-23,PO
1570,10001571.XSHG,510050P1901M02300,50ETF沽1月2300,2.3,2019-01-23,2018-12-03,510050.XSHG,2019-01-23,PO
1571,10001572.XSHG,510050P1901M02350,50ETF沽1月2350,2.35,2019-01-23,2018-12-03,510050.XSHG,2019-01-23,PO
1572,10001573.XSHG,510050P1901M02400,50ETF沽1月2400,2.4,2019-01-23,2018-12-03,510050.XSHG,2019-01-23,PO
1573,10001574.XSHG,510050P1901M02450,50ETF沽1月2450,2.45,2019-01-23,2018-12-03,510050.XSHG,2019-01-23,PO
1574,10001575.XSHG,510050P1901M02500,50ETF沽1月2500,2.5,2019-01-23,2018-12-03,510050.XSHG,2019-01-23,PO
1575,10001576.XSHG,510050P1901M02550,50ETF沽1月2550,2.55,2019-01-23,2018-12-03,510050.XSHG,2019-01-23,PO
1576,10001577.XSHG,510050P1901M02600,50ETF沽1月2600,2.6,2019-01-23,2018-12-03,510050.XSHG,2019-01-23,PO
1577,10001578.XSHG,510050P1901M02650,50ETF沽1月2650,2.65,2019-01-23,2018-12-03,510050.XSHG,2019-01-23,PO
1578,10001579.XSHG,510050C1903M02250,50ETF购3月2250,2.25,2019-03-27,2018-12-03,510050.XSHG,2019-03-27,CO
1579,10001580.XSHG,510050C1903M02300,50ETF购3月2300,2.3,2019-03-27,2018-12-03,510050.XSHG,2019-03-27,CO
1580,10001581.XSHG,510050C1903M02350,50ETF购3月2350,2.35,2019-03-27,2018-12-03,510050.XSHG,2019-03-27,CO
1581,10001582.XSHG,510050C1903M02400,50ETF购3月2400,2.4,2019-03-27,2018-12-03,510050.XSHG,2019-03-27,CO
1582,10001583.XSHG,510050C1903M02450,50ETF购3月2450,2.45,2019-03-27,2018-12-03,510050.XSHG,2019-03-27,CO
1583,10001584.XSHG,510050C1903M02500,50ETF购3月2500,2.5,2019-03-27,2018-12-03,510050.XSHG,2019-03-27,CO
1584,10001585.XSHG,510050C1903M02550,50ETF购3月2550,2.55,2019-03-27,2018-12-03,510050.XSHG,2019-03-27,CO
1585,10001586.XSHG,510050C1903M02600,50ETF购3月2600,2.6,2019-03-27,2018-12-03,510050.XSHG,2019-03-27,CO
1586,10001587.XSHG,510050C1903M02650,50ETF购3月2650,2.65,2019-03-27,2018-12-03,510050.XSHG,2019-03-27,CO
1587,10001588.XSHG,510050P1903M02250,50ETF沽3月2250,2.25,2019-03-27,2018-12-03,510050.XSHG,2019-03-27,PO
1588,10001589.XSHG,510050P1903M02300,50ETF沽3月2300,2.3,2019-03-27,2018-12-03,510050.XSHG,2019-03-27,PO
1589,10001590.XSHG,510050P1903M02350,50ETF沽3月2350,2.35,2019-03-27,2018-12-03,510050.XSHG,2019-03-27,PO
1590,10001591.XSHG,510050P1903M02400,50ETF沽3月2400,2.4,2019-03-27,2018-12-03,510050.XSHG,2019-03-27,PO
1591,10001592.XSHG,510050P1903M02450,50ETF沽3月2450,2.45,2019-03-27,2018-12-03,510050.XSHG,2019-03-27,PO
1592,10001593.XSHG,510050P1903M02500,50ETF沽3月2500,2.5,2019-03-27,2018-12-03,510050.XSHG,2019-03-27,PO
1593,10001594.XSHG,510050P1903M02550,50ETF沽3月2550,2.55,2019-03-27,2018-12-03,510050.XSHG,2019-03-27,PO
1594,10001595.XSHG,510050P1903M02600,50ETF沽3月2600,2.6,2019-03-27,2018-12-03,510050.XSHG,2019-03-27,PO
1595,10001596.XSHG,510050P1903M02650,50ETF沽3月2650,2.65,2019-03-27,2018-12-03,510050.XSHG,2019-03-27,PO
1596,10001597.XSHG,510050C1906M02250,50ETF购6月2250,2.25,2019-06-26,2018-12-03,510050.XSHG,2019-06-26,CO
1597,10001598.XSHG,510050C1906M02300,50ETF购6月2300,2.3,2019-06-26,2018-12-03,510050.XSHG,2019-06-26,CO
1598,10001599.XSHG,510050C1906M02350,50ETF购6月2350,2.35,2019-06-26,2018-12-03,510050.XSHG,2019-06-26,CO
1599,10001600.XSHG,510050C1906M02400,50ETF购6月2400,2.4,2019-06-26,2018-12-03,510050.XSHG,2019-06-26,CO
1600,10001601.XSHG,510050C1906M02450,50ETF购6月2450,2.45,2019-06-26,2018-12-03,510050.XSHG,2019-06-26,CO
1601,10001602.XSHG,510050C1906M02500,50ETF购6月2500,2.5,2019-06-26,2018-12-03,510050.XSHG,2019-06-26,CO
1602,10001603.XSHG,510050C1906M02550,50ETF购6月2550,2.55,2019-06-26,2018-12-03,510050.XSHG,2019-06-26,CO
1603,10001604.XSHG,510050C1906M02600,50ETF购6月2600,2.6,2019-06-26,2018-12-03,510050.XSHG,2019-06-26,CO
1604,10001605.XSHG,510050C1906M02650,50ETF购6月2650,2.65,2019-06-26,2018-12-03,510050.XSHG,2019-06-26,CO
1605,10001606.XSHG,510050P1906M02250,50ETF沽6月2250,2.25,2019-06-26,2018-12-03,510050.XSHG,2019-06-26,PO
1606,10001607.XSHG,510050P1906M02300,50ETF沽6月2300,2.3,2019-06-26,2018-12-03,510050.XSHG,2019-06-26,PO
1607,10001608.XSHG,510050P1906M02350,50ETF沽6月2350,2.35,2019-06-26,2018-12-03,510050.XSHG,2019-06-26,PO
1608,10001609.XSHG,510050P1906M02400,50ETF沽6月2400,2.4,2019-06-26,2018-12-03,510050.XSHG,2019-06-26,PO
1609,10001610.XSHG,510050P1906M02450,50ETF沽6月2450,2.45,2019-06-26,2018-12-03,510050.XSHG,2019-06-26,PO
1610,10001611.XSHG,510050P1906M02500,50ETF沽6月2500,2.5,2019-06-26,2018-12-03,510050.XSHG,2019-06-26,PO
1611,10001612.XSHG,510050P1906M02550,50ETF沽6月2550,2.55,2019-06-26,2018-12-03,510050.XSHG,2019-06-26,PO
1612,10001613.XSHG,510050P1906M02600,50ETF沽6月2600,2.6,2019-06-26,2018-12-03,510050.XSHG,2019-06-26,PO
1613,10001614.XSHG,510050P1906M02650,50ETF沽6月2650,2.65,2019-06-26,2018-12-03,510050.XSHG,2019-06-26,PO
1614,10001615.XSHG,510050C1812M02700,50ETF购12月2700,2.7,2018-12-26,2018-12-04,510050.XSHG,2018-12-26,CO
1615,10001616.XSHG,510050P1812M02700,50ETF沽12月2700,2.7,2018-12-26,2018-12-04,510050.XSHG,2018-12-26,PO
1616,10001617.XSHG,510050C1901M02700,50ETF购1月2700,2.7,2019-01-23,2018-12-04,510050.XSHG,2019-01-23,CO
1617,10001618.XSHG,510050P1901M02700,50ETF沽1月2700,2.7,2019-01-23,2018-12-04,510050.XSHG,2019-01-23,PO
1618,10001619.XSHG,510050C1903M02700,50ETF购3月2700,2.7,2019-03-27,2018-12-04,510050.XSHG,2019-03-27,CO
1619,10001620.XSHG,510050P1903M02700,50ETF沽3月2700,2.7,2019-03-27,2018-12-04,510050.XSHG,2019-03-27,PO
1620,10001621.XSHG,510050C1906M02700,50ETF购6月2700,2.7,2019-06-26,2018-12-04,510050.XSHG,2019-06-26,CO
1621,10001622.XSHG,510050P1906M02700,50ETF沽6月2700,2.7,2019-06-26,2018-12-04,510050.XSHG,2019-06-26,PO
1622,10001623.XSHG,510050C1812M02200,50ETF购12月2200,2.2,2018-12-26,2018-12-11,510050.XSHG,2018-12-26,CO
1623,10001624.XSHG,510050P1812M02200,50ETF沽12月2200,2.2,2018-12-26,2018-12-11,510050.XSHG,2018-12-26,PO
1624,10001625.XSHG,510050C1901M02200,50ETF购1月2200,2.2,2019-01-23,2018-12-11,510050.XSHG,2019-01-23,CO
1625,10001626.XSHG,510050P1901M02200,50ETF沽1月2200,2.2,2019-01-23,2018-12-11,510050.XSHG,2019-01-23,PO
1626,10001627.XSHG,510050C1903M02200,50ETF购3月2200,2.2,2019-03-27,2018-12-11,510050.XSHG,2019-03-27,CO
1627,10001628.XSHG,510050P1903M02200,50ETF沽3月2200,2.2,2019-03-27,2018-12-11,510050.XSHG,2019-03-27,PO
1628,10001629.XSHG,510050C1906M02200,50ETF购6月2200,2.2,2019-06-26,2018-12-11,510050.XSHG,2019-06-26,CO
1629,10001630.XSHG,510050P1906M02200,50ETF沽6月2200,2.2,2019-06-26,2018-12-11,510050.XSHG,2019-06-26,PO
1630,10001631.XSHG,510050C1812M02150,50ETF购12月2150,2.15,2018-12-26,2018-12-20,510050.XSHG,2018-12-26,CO
1631,10001632.XSHG,510050P1812M02150,50ETF沽12月2150,2.15,2018-12-26,2018-12-20,510050.XSHG,2018-12-26,PO
1632,10001633.XSHG,510050C1901M02150,50ETF购1月2150,2.15,2019-01-23,2018-12-20,510050.XSHG,2019-01-23,CO
1633,10001634.XSHG,510050P1901M02150,50ETF沽1月2150,2.15,2019-01-23,2018-12-20,510050.XSHG,2019-01-23,PO
1634,10001635.XSHG,510050C1903M02150,50ETF购3月2150,2.15,2019-03-27,2018-12-20,510050.XSHG,2019-03-27,CO
1635,10001636.XSHG,510050P1903M02150,50ETF沽3月2150,2.15,2019-03-27,2018-12-20,510050.XSHG,2019-03-27,PO
1636,10001637.XSHG,510050C1906M02150,50ETF购6月2150,2.15,2019-06-26,2018-12-20,510050.XSHG,2019-06-26,CO
1637,10001638.XSHG,510050P1906M02150,50ETF沽6月2150,2.15,2019-06-26,2018-12-20,510050.XSHG,2019-06-26,PO
1638,10001639.XSHG,510050C1812M02100,50ETF购12月2100,2.1,2018-12-26,2018-12-24,510050.XSHG,2018-12-26,CO
1639,10001640.XSHG,510050P1812M02100,50ETF沽12月2100,2.1,2018-12-26,2018-12-24,510050.XSHG,2018-12-26,PO
1640,10001641.XSHG,510050C1901M02100,50ETF购1月2100,2.1,2019-01-23,2018-12-24,510050.XSHG,2019-01-23,CO
1641,10001642.XSHG,510050P1901M02100,50ETF沽1月2100,2.1,2019-01-23,2018-12-24,510050.XSHG,2019-01-23,PO
1642,10001643.XSHG,510050C1903M02100,50ETF购3月2100,2.1,2019-03-27,2018-12-24,510050.XSHG,2019-03-27,CO
1643,10001644.XSHG,510050P1903M02100,50ETF沽3月2100,2.1,2019-03-27,2018-12-24,510050.XSHG,2019-03-27,PO
1644,10001645.XSHG,510050C1906M02100,50ETF购6月2100,2.1,2019-06-26,2018-12-24,510050.XSHG,2019-06-26,CO
1645,10001646.XSHG,510050P1906M02100,50ETF沽6月2100,2.1,2019-06-26,2018-12-24,510050.XSHG,2019-06-26,PO
1646,10001647.XSHG,510050C1902M02100,50ETF购2月2100,2.1,2019-02-27,2018-12-27,510050.XSHG,2019-02-27,CO
1647,10001648.XSHG,510050C1902M02150,50ETF购2月2150,2.15,2019-02-27,2018-12-27,510050.XSHG,2019-02-27,CO
1648,10001649.XSHG,510050C1902M02200,50ETF购2月2200,2.2,2019-02-27,2018-12-27,510050.XSHG,2019-02-27,CO
1649,10001650.XSHG,510050C1902M02250,50ETF购2月2250,2.25,2019-02-27,2018-12-27,510050.XSHG,2019-02-27,CO
1650,10001651.XSHG,510050C1902M02300,50ETF购2月2300,2.3,2019-02-27,2018-12-27,510050.XSHG,2019-02-27,CO
1651,10001652.XSHG,510050C1902M02350,50ETF购2月2350,2.35,2019-02-27,2018-12-27,510050.XSHG,2019-02-27,CO
1652,10001653.XSHG,510050C1902M02400,50ETF购2月2400,2.4,2019-02-27,2018-12-27,510050.XSHG,2019-02-27,CO
1653,10001654.XSHG,510050C1902M02450,50ETF购2月2450,2.45,2019-02-27,2018-12-27,510050.XSHG,2019-02-27,CO
1654,10001655.XSHG,510050C1902M02500,50ETF购2月2500,2.5,2019-02-27,2018-12-27,510050.XSHG,2019-02-27,CO
1655,10001656.XSHG,510050P1902M02100,50ETF沽2月2100,2.1,2019-02-27,2018-12-27,510050.XSHG,2019-02-27,PO
1656,10001657.XSHG,510050P1902M02150,50ETF沽2月2150,2.15,2019-02-27,2018-12-27,510050.XSHG,2019-02-27,PO
1657,10001658.XSHG,510050P1902M02200,50ETF沽2月2200,2.2,2019-02-27,2018-12-27,510050.XSHG,2019-02-27,PO
1658,10001659.XSHG,510050P1902M02250,50ETF沽2月2250,2.25,2019-02-27,2018-12-27,510050.XSHG,2019-02-27,PO
1659,10001660.XSHG,510050P1902M02300,50ETF沽2月2300,2.3,2019-02-27,2018-12-27,510050.XSHG,2019-02-27,PO
1660,10001661.XSHG,510050P1902M02350,50ETF沽2月2350,2.35,2019-02-27,2018-12-27,510050.XSHG,2019-02-27,PO
1661,10001662.XSHG,510050P1902M02400,50ETF沽2月2400,2.4,2019-02-27,2018-12-27,510050.XSHG,2019-02-27,PO
1662,10001663.XSHG,510050P1902M02450,50ETF沽2月2450,2.45,2019-02-27,2018-12-27,510050.XSHG,2019-02-27,PO
1663,10001664.XSHG,510050P1902M02500,50ETF沽2月2500,2.5,2019-02-27,2018-12-27,510050.XSHG,2019-02-27,PO
1664,10001665.XSHG,510050C1901M02050,50ETF购1月2050,2.05,2019-01-23,2019-01-03,510050.XSHG,2019-01-23,CO
1665,10001666.XSHG,510050P1901M02050,50ETF沽1月2050,2.05,2019-01-23,2019-01-03,510050.XSHG,2019-01-23,PO
1666,10001667.XSHG,510050C1902M02050,50ETF购2月2050,2.05,2019-02-27,2019-01-03,510050.XSHG,2019-02-27,CO
1667,10001668.XSHG,510050P1902M02050,50ETF沽2月2050,2.05,2019-02-27,2019-01-03,510050.XSHG,2019-02-27,PO
1668,10001669.XSHG,510050C1903M02050,50ETF购3月2050,2.05,2019-03-27,2019-01-03,510050.XSHG,2019-03-27,CO
1669,10001670.XSHG,510050P1903M02050,50ETF沽3月2050,2.05,2019-03-27,2019-01-03,510050.XSHG,2019-03-27,PO
1670,10001671.XSHG,510050C1906M02050,50ETF购6月2050,2.05,2019-06-26,2019-01-03,510050.XSHG,2019-06-26,CO
1671,10001672.XSHG,510050P1906M02050,50ETF沽6月2050,2.05,2019-06-26,2019-01-03,510050.XSHG,2019-06-26,PO
1672,10001673.XSHG,510050C1902M02550,50ETF购2月2550,2.55,2019-02-27,2019-01-10,510050.XSHG,2019-02-27,CO
1673,10001674.XSHG,510050P1902M02550,50ETF沽2月2550,2.55,2019-02-27,2019-01-10,510050.XSHG,2019-02-27,PO
1674,10001675.XSHG,510050C1902M02600,50ETF购2月2600,2.6,2019-02-27,2019-01-21,510050.XSHG,2019-02-27,CO
1675,10001676.XSHG,510050P1902M02600,50ETF沽2月2600,2.6,2019-02-27,2019-01-21,510050.XSHG,2019-02-27,PO
1676,10001677.XSHG,510050C1909M02200,50ETF购9月2200,2.2,2019-09-25,2019-01-24,510050.XSHG,2019-09-25,CO
1677,10001678.XSHG,510050C1909M02250,50ETF购9月2250,2.25,2019-09-25,2019-01-24,510050.XSHG,2019-09-25,CO
1678,10001679.XSHG,510050C1909M02300,50ETF购9月2300,2.3,2019-09-25,2019-01-24,510050.XSHG,2019-09-25,CO
1679,10001680.XSHG,510050C1909M02350,50ETF购9月2350,2.35,2019-09-25,2019-01-24,510050.XSHG,2019-09-25,CO
1680,10001681.XSHG,510050C1909M02400,50ETF购9月2400,2.4,2019-09-25,2019-01-24,510050.XSHG,2019-09-25,CO
1681,10001682.XSHG,510050C1909M02450,50ETF购9月2450,2.45,2019-09-25,2019-01-24,510050.XSHG,2019-09-25,CO
1682,10001683.XSHG,510050C1909M02500,50ETF购9月2500,2.5,2019-09-25,2019-01-24,510050.XSHG,2019-09-25,CO
1683,10001684.XSHG,510050C1909M02550,50ETF购9月2550,2.55,2019-09-25,2019-01-24,510050.XSHG,2019-09-25,CO
1684,10001685.XSHG,510050C1909M02600,50ETF购9月2600,2.6,2019-09-25,2019-01-24,510050.XSHG,2019-09-25,CO
1685,10001686.XSHG,510050P1909M02200,50ETF沽9月2200,2.2,2019-09-25,2019-01-24,510050.XSHG,2019-09-25,PO
1686,10001687.XSHG,510050P1909M02250,50ETF沽9月2250,2.25,2019-09-25,2019-01-24,510050.XSHG,2019-09-25,PO
1687,10001688.XSHG,510050P1909M02300,50ETF沽9月2300,2.3,2019-09-25,2019-01-24,510050.XSHG,2019-09-25,PO
1688,10001689.XSHG,510050P1909M02350,50ETF沽9月2350,2.35,2019-09-25,2019-01-24,510050.XSHG,2019-09-25,PO
1689,10001690.XSHG,510050P1909M02400,50ETF沽9月2400,2.4,2019-09-25,2019-01-24,510050.XSHG,2019-09-25,PO
1690,10001691.XSHG,510050P1909M02450,50ETF沽9月2450,2.45,2019-09-25,2019-01-24,510050.XSHG,2019-09-25,PO
1691,10001692.XSHG,510050P1909M02500,50ETF沽9月2500,2.5,2019-09-25,2019-01-24,510050.XSHG,2019-09-25,PO
1692,10001693.XSHG,510050P1909M02550,50ETF沽9月2550,2.55,2019-09-25,2019-01-24,510050.XSHG,2019-09-25,PO
1693,10001694.XSHG,510050P1909M02600,50ETF沽9月2600,2.6,2019-09-25,2019-01-24,510050.XSHG,2019-09-25,PO
1694,10001695.XSHG,510050C1902M02650,50ETF购2月2650,2.65,2019-02-27,2019-01-28,510050.XSHG,2019-02-27,CO
1695,10001696.XSHG,510050P1902M02650,50ETF沽2月2650,2.65,2019-02-27,2019-01-28,510050.XSHG,2019-02-27,PO
1696,10001697.XSHG,510050C1909M02650,50ETF购9月2650,2.65,2019-09-25,2019-01-28,510050.XSHG,2019-09-25,CO
1697,10001698.XSHG,510050P1909M02650,50ETF沽9月2650,2.65,2019-09-25,2019-01-28,510050.XSHG,2019-09-25,PO
1698,10001699.XSHG,510050C1902M02700,50ETF购2月2700,2.7,2019-02-27,2019-02-11,510050.XSHG,2019-02-27,CO
1699,10001700.XSHG,510050P1902M02700,50ETF沽2月2700,2.7,2019-02-27,2019-02-11,510050.XSHG,2019-02-27,PO
1700,10001701.XSHG,510050C1909M02700,50ETF购9月2700,2.7,2019-09-25,2019-02-11,510050.XSHG,2019-09-25,CO
1701,10001702.XSHG,510050P1909M02700,50ETF沽9月2700,2.7,2019-09-25,2019-02-11,510050.XSHG,2019-09-25,PO
1702,10001703.XSHG,510050C1902M02750,50ETF购2月2750,2.75,2019-02-27,2019-02-14,510050.XSHG,2019-02-27,CO
1703,10001704.XSHG,510050P1902M02750,50ETF沽2月2750,2.75,2019-02-27,2019-02-14,510050.XSHG,2019-02-27,PO
1704,10001705.XSHG,510050C1903M02750,50ETF购3月2750,2.75,2019-03-27,2019-02-14,510050.XSHG,2019-03-27,CO
1705,10001706.XSHG,510050P1903M02750,50ETF沽3月2750,2.75,2019-03-27,2019-02-14,510050.XSHG,2019-03-27,PO
1706,10001707.XSHG,510050C1906M02750,50ETF购6月2750,2.75,2019-06-26,2019-02-14,510050.XSHG,2019-06-26,CO
1707,10001708.XSHG,510050P1906M02750,50ETF沽6月2750,2.75,2019-06-26,2019-02-14,510050.XSHG,2019-06-26,PO
1708,10001709.XSHG,510050C1909M02750,50ETF购9月2750,2.75,2019-09-25,2019-02-14,510050.XSHG,2019-09-25,CO
1709,10001710.XSHG,510050P1909M02750,50ETF沽9月2750,2.75,2019-09-25,2019-02-14,510050.XSHG,2019-09-25,PO
1710,10001711.XSHG,510050C1902M02800,50ETF购2月2800,2.8,2019-02-27,2019-02-21,510050.XSHG,2019-02-27,CO
1711,10001712.XSHG,510050P1902M02800,50ETF沽2月2800,2.8,2019-02-27,2019-02-21,510050.XSHG,2019-02-27,PO
1712,10001713.XSHG,510050C1903M02800,50ETF购3月2800,2.8,2019-03-27,2019-02-21,510050.XSHG,2019-03-27,CO
1713,10001714.XSHG,510050P1903M02800,50ETF沽3月2800,2.8,2019-03-27,2019-02-21,510050.XSHG,2019-03-27,PO
1714,10001715.XSHG,510050C1906M02800,50ETF购6月2800,2.8,2019-06-26,2019-02-21,510050.XSHG,2019-06-26,CO
1715,10001716.XSHG,510050P1906M02800,50ETF沽6月2800,2.8,2019-06-26,2019-02-21,510050.XSHG,2019-06-26,PO
1716,10001717.XSHG,510050C1909M02800,50ETF购9月2800,2.8,2019-09-25,2019-02-21,510050.XSHG,2019-09-25,CO
1717,10001718.XSHG,510050P1909M02800,50ETF沽9月2800,2.8,2019-09-25,2019-02-21,510050.XSHG,2019-09-25,PO
1718,10001719.XSHG,510050C1902M02850,50ETF购2月2850,2.85,2019-02-27,2019-02-26,510050.XSHG,2019-02-27,CO
1719,10001720.XSHG,510050C1902M02900,50ETF购2月2900,2.9,2019-02-27,2019-02-26,510050.XSHG,2019-02-27,CO
1720,10001721.XSHG,510050C1902M02950,50ETF购2月2950,2.95,2019-02-27,2019-02-26,510050.XSHG,2019-02-27,CO
1721,10001722.XSHG,510050C1902M03000,50ETF购2月3000,3.0,2019-02-27,2019-02-26,510050.XSHG,2019-02-27,CO
1722,10001723.XSHG,510050P1902M02850,50ETF沽2月2850,2.85,2019-02-27,2019-02-26,510050.XSHG,2019-02-27,PO
1723,10001724.XSHG,510050P1902M02900,50ETF沽2月2900,2.9,2019-02-27,2019-02-26,510050.XSHG,2019-02-27,PO
1724,10001725.XSHG,510050P1902M02950,50ETF沽2月2950,2.95,2019-02-27,2019-02-26,510050.XSHG,2019-02-27,PO
1725,10001726.XSHG,510050P1902M03000,50ETF沽2月3000,3.0,2019-02-27,2019-02-26,510050.XSHG,2019-02-27,PO
1726,10001727.XSHG,510050C1903M02850,50ETF购3月2850,2.85,2019-03-27,2019-02-26,510050.XSHG,2019-03-27,CO
1727,10001728.XSHG,510050C1903M02900,50ETF购3月2900,2.9,2019-03-27,2019-02-26,510050.XSHG,2019-03-27,CO
1728,10001729.XSHG,510050C1903M02950,50ETF购3月2950,2.95,2019-03-27,2019-02-26,510050.XSHG,2019-03-27,CO
1729,10001730.XSHG,510050C1903M03000,50ETF购3月3000,3.0,2019-03-27,2019-02-26,510050.XSHG,2019-03-27,CO
1730,10001731.XSHG,510050P1903M02850,50ETF沽3月2850,2.85,2019-03-27,2019-02-26,510050.XSHG,2019-03-27,PO
1731,10001732.XSHG,510050P1903M02900,50ETF沽3月2900,2.9,2019-03-27,2019-02-26,510050.XSHG,2019-03-27,PO
1732,10001733.XSHG,510050P1903M02950,50ETF沽3月2950,2.95,2019-03-27,2019-02-26,510050.XSHG,2019-03-27,PO
1733,10001734.XSHG,510050P1903M03000,50ETF沽3月3000,3.0,2019-03-27,2019-02-26,510050.XSHG,2019-03-27,PO
1734,10001735.XSHG,510050C1906M02850,50ETF购6月2850,2.85,2019-06-26,2019-02-26,510050.XSHG,2019-06-26,CO
1735,10001736.XSHG,510050C1906M02900,50ETF购6月2900,2.9,2019-06-26,2019-02-26,510050.XSHG,2019-06-26,CO
1736,10001737.XSHG,510050C1906M02950,50ETF购6月2950,2.95,2019-06-26,2019-02-26,510050.XSHG,2019-06-26,CO
1737,10001738.XSHG,510050C1906M03000,50ETF购6月3000,3.0,2019-06-26,2019-02-26,510050.XSHG,2019-06-26,CO
1738,10001739.XSHG,510050P1906M02850,50ETF沽6月2850,2.85,2019-06-26,2019-02-26,510050.XSHG,2019-06-26,PO
1739,10001740.XSHG,510050P1906M02900,50ETF沽6月2900,2.9,2019-06-26,2019-02-26,510050.XSHG,2019-06-26,PO
1740,10001741.XSHG,510050P1906M02950,50ETF沽6月2950,2.95,2019-06-26,2019-02-26,510050.XSHG,2019-06-26,PO
1741,10001742.XSHG,510050P1906M03000,50ETF沽6月3000,3.0,2019-06-26,2019-02-26,510050.XSHG,2019-06-26,PO
1742,10001743.XSHG,510050C1909M02850,50ETF购9月2850,2.85,2019-09-25,2019-02-26,510050.XSHG,2019-09-25,CO
1743,10001744.XSHG,510050C1909M02900,50ETF购9月2900,2.9,2019-09-25,2019-02-26,510050.XSHG,2019-09-25,CO
1744,10001745.XSHG,510050C1909M02950,50ETF购9月2950,2.95,2019-09-25,2019-02-26,510050.XSHG,2019-09-25,CO
1745,10001746.XSHG,510050C1909M03000,50ETF购9月3000,3.0,2019-09-25,2019-02-26,510050.XSHG,2019-09-25,CO
1746,10001747.XSHG,510050P1909M02850,50ETF沽9月2850,2.85,2019-09-25,2019-02-26,510050.XSHG,2019-09-25,PO
1747,10001748.XSHG,510050P1909M02900,50ETF沽9月2900,2.9,2019-09-25,2019-02-26,510050.XSHG,2019-09-25,PO
1748,10001749.XSHG,510050P1909M02950,50ETF沽9月2950,2.95,2019-09-25,2019-02-26,510050.XSHG,2019-09-25,PO
1749,10001750.XSHG,510050P1909M03000,50ETF沽9月3000,3.0,2019-09-25,2019-02-26,510050.XSHG,2019-09-25,PO
1750,10001751.XSHG,510050C1904M02550,50ETF购4月2550,2.55,2019-04-24,2019-02-28,510050.XSHG,2019-04-24,CO
1751,10001752.XSHG,510050C1904M02600,50ETF购4月2600,2.6,2019-04-24,2019-02-28,510050.XSHG,2019-04-24,CO
1752,10001753.XSHG,510050C1904M02650,50ETF购4月2650,2.65,2019-04-24,2019-02-28,510050.XSHG,2019-04-24,CO
1753,10001754.XSHG,510050C1904M02700,50ETF购4月2700,2.7,2019-04-24,2019-02-28,510050.XSHG,2019-04-24,CO
1754,10001755.XSHG,510050C1904M02750,50ETF购4月2750,2.75,2019-04-24,2019-02-28,510050.XSHG,2019-04-24,CO
1755,10001756.XSHG,510050C1904M02800,50ETF购4月2800,2.8,2019-04-24,2019-02-28,510050.XSHG,2019-04-24,CO
1756,10001757.XSHG,510050C1904M02850,50ETF购4月2850,2.85,2019-04-24,2019-02-28,510050.XSHG,2019-04-24,CO
1757,10001758.XSHG,510050C1904M02900,50ETF购4月2900,2.9,2019-04-24,2019-02-28,510050.XSHG,2019-04-24,CO
1758,10001759.XSHG,510050C1904M02950,50ETF购4月2950,2.95,2019-04-24,2019-02-28,510050.XSHG,2019-04-24,CO
1759,10001760.XSHG,510050P1904M02550,50ETF沽4月2550,2.55,2019-04-24,2019-02-28,510050.XSHG,2019-04-24,PO
1760,10001761.XSHG,510050P1904M02600,50ETF沽4月2600,2.6,2019-04-24,2019-02-28,510050.XSHG,2019-04-24,PO
1761,10001762.XSHG,510050P1904M02650,50ETF沽4月2650,2.65,2019-04-24,2019-02-28,510050.XSHG,2019-04-24,PO
1762,10001763.XSHG,510050P1904M02700,50ETF沽4月2700,2.7,2019-04-24,2019-02-28,510050.XSHG,2019-04-24,PO
1763,10001764.XSHG,510050P1904M02750,50ETF沽4月2750,2.75,2019-04-24,2019-02-28,510050.XSHG,2019-04-24,PO
1764,10001765.XSHG,510050P1904M02800,50ETF沽4月2800,2.8,2019-04-24,2019-02-28,510050.XSHG,2019-04-24,PO
1765,10001766.XSHG,510050P1904M02850,50ETF沽4月2850,2.85,2019-04-24,2019-02-28,510050.XSHG,2019-04-24,PO
1766,10001767.XSHG,510050P1904M02900,50ETF沽4月2900,2.9,2019-04-24,2019-02-28,510050.XSHG,2019-04-24,PO
1767,10001768.XSHG,510050P1904M02950,50ETF沽4月2950,2.95,2019-04-24,2019-02-28,510050.XSHG,2019-04-24,PO
1768,10001769.XSHG,510050C1904M03000,50ETF购4月3000,3.0,2019-04-24,2019-03-04,510050.XSHG,2019-04-24,CO
1769,10001770.XSHG,510050P1904M03000,50ETF沽4月3000,3.0,2019-04-24,2019-03-04,510050.XSHG,2019-04-24,PO
1770,10001771.XSHG,510050C1904M02500,50ETF购4月2500,2.5,2019-04-24,2019-03-11,510050.XSHG,2019-04-24,CO
1771,10001772.XSHG,510050P1904M02500,50ETF沽4月2500,2.5,2019-04-24,2019-03-11,510050.XSHG,2019-04-24,PO
1772,10001773.XSHG,510050C1905M02500,50ETF购5月2500,2.5,2019-05-22,2019-03-28,510050.XSHG,2019-05-22,CO
1773,10001774.XSHG,510050C1905M02550,50ETF购5月2550,2.55,2019-05-22,2019-03-28,510050.XSHG,2019-05-22,CO
1774,10001775.XSHG,510050C1905M02600,50ETF购5月2600,2.6,2019-05-22,2019-03-28,510050.XSHG,2019-05-22,CO
1775,10001776.XSHG,510050C1905M02650,50ETF购5月2650,2.65,2019-05-22,2019-03-28,510050.XSHG,2019-05-22,CO
1776,10001777.XSHG,510050C1905M02700,50ETF购5月2700,2.7,2019-05-22,2019-03-28,510050.XSHG,2019-05-22,CO
1777,10001778.XSHG,510050C1905M02750,50ETF购5月2750,2.75,2019-05-22,2019-03-28,510050.XSHG,2019-05-22,CO
1778,10001779.XSHG,510050C1905M02800,50ETF购5月2800,2.8,2019-05-22,2019-03-28,510050.XSHG,2019-05-22,CO
1779,10001780.XSHG,510050C1905M02850,50ETF购5月2850,2.85,2019-05-22,2019-03-28,510050.XSHG,2019-05-22,CO
1780,10001781.XSHG,510050C1905M02900,50ETF购5月2900,2.9,2019-05-22,2019-03-28,510050.XSHG,2019-05-22,CO
1781,10001782.XSHG,510050P1905M02500,50ETF沽5月2500,2.5,2019-05-22,2019-03-28,510050.XSHG,2019-05-22,PO
1782,10001783.XSHG,510050P1905M02550,50ETF沽5月2550,2.55,2019-05-22,2019-03-28,510050.XSHG,2019-05-22,PO
1783,10001784.XSHG,510050P1905M02600,50ETF沽5月2600,2.6,2019-05-22,2019-03-28,510050.XSHG,2019-05-22,PO
1784,10001785.XSHG,510050P1905M02650,50ETF沽5月2650,2.65,2019-05-22,2019-03-28,510050.XSHG,2019-05-22,PO
1785,10001786.XSHG,510050P1905M02700,50ETF沽5月2700,2.7,2019-05-22,2019-03-28,510050.XSHG,2019-05-22,PO
1786,10001787.XSHG,510050P1905M02750,50ETF沽5月2750,2.75,2019-05-22,2019-03-28,510050.XSHG,2019-05-22,PO
1787,10001788.XSHG,510050P1905M02800,50ETF沽5月2800,2.8,2019-05-22,2019-03-28,510050.XSHG,2019-05-22,PO
1788,10001789.XSHG,510050P1905M02850,50ETF沽5月2850,2.85,2019-05-22,2019-03-28,510050.XSHG,2019-05-22,PO
1789,10001790.XSHG,510050P1905M02900,50ETF沽5月2900,2.9,2019-05-22,2019-03-28,510050.XSHG,2019-05-22,PO
1790,10001791.XSHG,510050C1905M02950,50ETF购5月2950,2.95,2019-05-22,2019-04-01,510050.XSHG,2019-05-22,CO
1791,10001792.XSHG,510050C1905M03000,50ETF购5月3000,3.0,2019-05-22,2019-04-01,510050.XSHG,2019-05-22,CO
1792,10001793.XSHG,510050P1905M02950,50ETF沽5月2950,2.95,2019-05-22,2019-04-01,510050.XSHG,2019-05-22,PO
1793,10001794.XSHG,510050P1905M03000,50ETF沽5月3000,3.0,2019-05-22,2019-04-01,510050.XSHG,2019-05-22,PO
1794,10001795.XSHG,510050C1904M03100,50ETF购4月3100,3.1,2019-04-24,2019-04-02,510050.XSHG,2019-04-24,CO
1795,10001796.XSHG,510050P1904M03100,50ETF沽4月3100,3.1,2019-04-24,2019-04-02,510050.XSHG,2019-04-24,PO
1796,10001797.XSHG,510050C1905M03100,50ETF购5月3100,3.1,2019-05-22,2019-04-02,510050.XSHG,2019-05-22,CO
1797,10001798.XSHG,510050P1905M03100,50ETF沽5月3100,3.1,2019-05-22,2019-04-02,510050.XSHG,2019-05-22,PO
1798,10001799.XSHG,510050C1906M03100,50ETF购6月3100,3.1,2019-06-26,2019-04-02,510050.XSHG,2019-06-26,CO
1799,10001800.XSHG,510050P1906M03100,50ETF沽6月3100,3.1,2019-06-26,2019-04-02,510050.XSHG,2019-06-26,PO
1800,10001801.XSHG,510050C1909M03100,50ETF购9月3100,3.1,2019-09-25,2019-04-02,510050.XSHG,2019-09-25,CO
1801,10001802.XSHG,510050P1909M03100,50ETF沽9月3100,3.1,2019-09-25,2019-04-02,510050.XSHG,2019-09-25,PO
1802,10001803.XSHG,510050C1904M03200,50ETF购4月3200,3.2,2019-04-24,2019-04-04,510050.XSHG,2019-04-24,CO
1803,10001804.XSHG,510050P1904M03200,50ETF沽4月3200,3.2,2019-04-24,2019-04-04,510050.XSHG,2019-04-24,PO
1804,10001805.XSHG,510050C1905M03200,50ETF购5月3200,3.2,2019-05-22,2019-04-04,510050.XSHG,2019-05-22,CO
1805,10001806.XSHG,510050P1905M03200,50ETF沽5月3200,3.2,2019-05-22,2019-04-04,510050.XSHG,2019-05-22,PO
1806,10001807.XSHG,510050C1906M03200,50ETF购6月3200,3.2,2019-06-26,2019-04-04,510050.XSHG,2019-06-26,CO
1807,10001808.XSHG,510050P1906M03200,50ETF沽6月3200,3.2,2019-06-26,2019-04-04,510050.XSHG,2019-06-26,PO
1808,10001809.XSHG,510050C1909M03200,50ETF购9月3200,3.2,2019-09-25,2019-04-04,510050.XSHG,2019-09-25,CO
1809,10001810.XSHG,510050P1909M03200,50ETF沽9月3200,3.2,2019-09-25,2019-04-04,510050.XSHG,2019-09-25,PO
1810,10001811.XSHG,510050C1904M03300,50ETF购4月3300,3.3,2019-04-24,2019-04-08,510050.XSHG,2019-04-24,CO
1811,10001812.XSHG,510050P1904M03300,50ETF沽4月3300,3.3,2019-04-24,2019-04-08,510050.XSHG,2019-04-24,PO
1812,10001813.XSHG,510050C1905M03300,50ETF购5月3300,3.3,2019-05-22,2019-04-08,510050.XSHG,2019-05-22,CO
1813,10001814.XSHG,510050P1905M03300,50ETF沽5月3300,3.3,2019-05-22,2019-04-08,510050.XSHG,2019-05-22,PO
1814,10001815.XSHG,510050C1906M03300,50ETF购6月3300,3.3,2019-06-26,2019-04-08,510050.XSHG,2019-06-26,CO
1815,10001816.XSHG,510050P1906M03300,50ETF沽6月3300,3.3,2019-06-26,2019-04-08,510050.XSHG,2019-06-26,PO
1816,10001817.XSHG,510050C1909M03300,50ETF购9月3300,3.3,2019-09-25,2019-04-08,510050.XSHG,2019-09-25,CO
1817,10001818.XSHG,510050P1909M03300,50ETF沽9月3300,3.3,2019-09-25,2019-04-08,510050.XSHG,2019-09-25,PO
1818,10001819.XSHG,510050C1904M03400,50ETF购4月3400,3.4,2019-04-24,2019-04-17,510050.XSHG,2019-04-24,CO
1819,10001820.XSHG,510050P1904M03400,50ETF沽4月3400,3.4,2019-04-24,2019-04-17,510050.XSHG,2019-04-24,PO
1820,10001821.XSHG,510050C1905M03400,50ETF购5月3400,3.4,2019-05-22,2019-04-17,510050.XSHG,2019-05-22,CO
1821,10001822.XSHG,510050P1905M03400,50ETF沽5月3400,3.4,2019-05-22,2019-04-17,510050.XSHG,2019-05-22,PO
1822,10001823.XSHG,510050C1906M03400,50ETF购6月3400,3.4,2019-06-26,2019-04-17,510050.XSHG,2019-06-26,CO
1823,10001824.XSHG,510050P1906M03400,50ETF沽6月3400,3.4,2019-06-26,2019-04-17,510050.XSHG,2019-06-26,PO
1824,10001825.XSHG,510050C1909M03400,50ETF购9月3400,3.4,2019-09-25,2019-04-17,510050.XSHG,2019-09-25,CO
1825,10001826.XSHG,510050P1909M03400,50ETF沽9月3400,3.4,2019-09-25,2019-04-17,510050.XSHG,2019-09-25,PO
1826,10001827.XSHG,510050C1912A02750,50ETF购12月2706A,2.706,2019-12-25,2019-04-25,510050.XSHG,2019-12-25,CO
1827,10001828.XSHG,510050C1912A02800,50ETF购12月2755A,2.755,2019-12-25,2019-04-25,510050.XSHG,2019-12-25,CO
1828,10001829.XSHG,510050C1912A02850,50ETF购12月2804A,2.804,2019-12-25,2019-04-25,510050.XSHG,2019-12-25,CO
1829,10001830.XSHG,510050C1912A02900,50ETF购12月2853A,2.853,2019-12-25,2019-04-25,510050.XSHG,2019-12-25,CO
1830,10001831.XSHG,510050C1912A02950,50ETF购12月2903A,2.903,2019-12-25,2019-04-25,510050.XSHG,2019-12-25,CO
1831,10001832.XSHG,510050C1912A03000,50ETF购12月2952A,2.952,2019-12-25,2019-04-25,510050.XSHG,2019-12-25,CO
1832,10001833.XSHG,510050C1912A03100,50ETF购12月3050A,3.05,2019-12-25,2019-04-25,510050.XSHG,2019-12-25,CO
1833,10001834.XSHG,510050C1912A03200,50ETF购12月3149A,3.149,2019-12-25,2019-04-25,510050.XSHG,2019-12-25,CO
1834,10001835.XSHG,510050C1912A03300,50ETF购12月3247A,3.247,2019-12-25,2019-04-25,510050.XSHG,2019-12-25,CO
1835,10001836.XSHG,510050P1912A02750,50ETF沽12月2706A,2.706,2019-12-25,2019-04-25,510050.XSHG,2019-12-25,PO
1836,10001837.XSHG,510050P1912A02800,50ETF沽12月2755A,2.755,2019-12-25,2019-04-25,510050.XSHG,2019-12-25,PO
1837,10001838.XSHG,510050P1912A02850,50ETF沽12月2804A,2.804,2019-12-25,2019-04-25,510050.XSHG,2019-12-25,PO
1838,10001839.XSHG,510050P1912A02900,50ETF沽12月2853A,2.853,2019-12-25,2019-04-25,510050.XSHG,2019-12-25,PO
1839,10001840.XSHG,510050P1912A02950,50ETF沽12月2903A,2.903,2019-12-25,2019-04-25,510050.XSHG,2019-12-25,PO
1840,10001841.XSHG,510050P1912A03000,50ETF沽12月2952A,2.952,2019-12-25,2019-04-25,510050.XSHG,2019-12-25,PO
1841,10001842.XSHG,510050P1912A03100,50ETF沽12月3050A,3.05,2019-12-25,2019-04-25,510050.XSHG,2019-12-25,PO
1842,10001843.XSHG,510050P1912A03200,50ETF沽12月3149A,3.149,2019-12-25,2019-04-25,510050.XSHG,2019-12-25,PO
1843,10001844.XSHG,510050P1912A03300,50ETF沽12月3247A,3.247,2019-12-25,2019-04-25,510050.XSHG,2019-12-25,PO
1844,10001845.XSHG,510050C1912A02700,50ETF购12月2657A,2.657,2019-12-25,2019-04-26,510050.XSHG,2019-12-25,CO
1845,10001846.XSHG,510050P1912A02700,50ETF沽12月2657A,2.657,2019-12-25,2019-04-26,510050.XSHG,2019-12-25,PO
1846,10001847.XSHG,510050C1912A02600,50ETF购12月2558A,2.558,2019-12-25,2019-05-07,510050.XSHG,2019-12-25,CO
1847,10001848.XSHG,510050C1912A02650,50ETF购12月2607A,2.607,2019-12-25,2019-05-07,510050.XSHG,2019-12-25,CO
1848,10001849.XSHG,510050P1912A02600,50ETF沽12月2558A,2.558,2019-12-25,2019-05-07,510050.XSHG,2019-12-25,PO
1849,10001850.XSHG,510050P1912A02650,50ETF沽12月2607A,2.607,2019-12-25,2019-05-07,510050.XSHG,2019-12-25,PO
1850,10001851.XSHG,510050C1912A02550,50ETF购12月2509A,2.509,2019-12-25,2019-05-09,510050.XSHG,2019-12-25,CO
1851,10001852.XSHG,510050P1912A02550,50ETF沽12月2509A,2.509,2019-12-25,2019-05-09,510050.XSHG,2019-12-25,PO
1852,10001853.XSHG,510050C1912A02500,50ETF购12月2460A,2.46,2019-12-25,2019-05-10,510050.XSHG,2019-12-25,CO
1853,10001854.XSHG,510050P1912A02500,50ETF沽12月2460A,2.46,2019-12-25,2019-05-10,510050.XSHG,2019-12-25,PO
1854,10001855.XSHG,510050C1907M02500,50ETF购7月2500,2.5,2019-07-24,2019-05-23,510050.XSHG,2019-07-24,CO
1855,10001856.XSHG,510050C1907M02550,50ETF购7月2550,2.55,2019-07-24,2019-05-23,510050.XSHG,2019-07-24,CO
1856,10001857.XSHG,510050C1907M02600,50ETF购7月2600,2.6,2019-07-24,2019-05-23,510050.XSHG,2019-07-24,CO
1857,10001858.XSHG,510050C1907M02650,50ETF购7月2650,2.65,2019-07-24,2019-05-23,510050.XSHG,2019-07-24,CO
1858,10001859.XSHG,510050C1907M02700,50ETF购7月2700,2.7,2019-07-24,2019-05-23,510050.XSHG,2019-07-24,CO
1859,10001860.XSHG,510050C1907M02750,50ETF购7月2750,2.75,2019-07-24,2019-05-23,510050.XSHG,2019-07-24,CO
1860,10001861.XSHG,510050C1907M02800,50ETF购7月2800,2.8,2019-07-24,2019-05-23,510050.XSHG,2019-07-24,CO
1861,10001862.XSHG,510050C1907M02850,50ETF购7月2850,2.85,2019-07-24,2019-05-23,510050.XSHG,2019-07-24,CO
1862,10001863.XSHG,510050C1907M02900,50ETF购7月2900,2.9,2019-07-24,2019-05-23,510050.XSHG,2019-07-24,CO
1863,10001864.XSHG,510050P1907M02500,50ETF沽7月2500,2.5,2019-07-24,2019-05-23,510050.XSHG,2019-07-24,PO
1864,10001865.XSHG,510050P1907M02550,50ETF沽7月2550,2.55,2019-07-24,2019-05-23,510050.XSHG,2019-07-24,PO
1865,10001866.XSHG,510050P1907M02600,50ETF沽7月2600,2.6,2019-07-24,2019-05-23,510050.XSHG,2019-07-24,PO
1866,10001867.XSHG,510050P1907M02650,50ETF沽7月2650,2.65,2019-07-24,2019-05-23,510050.XSHG,2019-07-24,PO
1867,10001868.XSHG,510050P1907M02700,50ETF沽7月2700,2.7,2019-07-24,2019-05-23,510050.XSHG,2019-07-24,PO
1868,10001869.XSHG,510050P1907M02750,50ETF沽7月2750,2.75,2019-07-24,2019-05-23,510050.XSHG,2019-07-24,PO
1869,10001870.XSHG,510050P1907M02800,50ETF沽7月2800,2.8,2019-07-24,2019-05-23,510050.XSHG,2019-07-24,PO
1870,10001871.XSHG,510050P1907M02850,50ETF沽7月2850,2.85,2019-07-24,2019-05-23,510050.XSHG,2019-07-24,PO
1871,10001872.XSHG,510050P1907M02900,50ETF沽7月2900,2.9,2019-07-24,2019-05-23,510050.XSHG,2019-07-24,PO
1872,10001873.XSHG,510050C1907M02950,50ETF购7月2950,2.95,2019-07-24,2019-05-29,510050.XSHG,2019-07-24,CO
1873,10001874.XSHG,510050P1907M02950,50ETF沽7月2950,2.95,2019-07-24,2019-05-29,510050.XSHG,2019-07-24,PO
1874,10001875.XSHG,510050C1907M03000,50ETF购7月3000,3.0,2019-07-24,2019-06-12,510050.XSHG,2019-07-24,CO
1875,10001876.XSHG,510050P1907M03000,50ETF沽7月3000,3.0,2019-07-24,2019-06-12,510050.XSHG,2019-07-24,PO
1876,10001877.XSHG,510050C1907M03100,50ETF购7月3100,3.1,2019-07-24,2019-06-20,510050.XSHG,2019-07-24,CO
1877,10001878.XSHG,510050P1907M03100,50ETF沽7月3100,3.1,2019-07-24,2019-06-20,510050.XSHG,2019-07-24,PO
1878,10001879.XSHG,510050C1907M03200,50ETF购7月3200,3.2,2019-07-24,2019-06-21,510050.XSHG,2019-07-24,CO
1879,10001880.XSHG,510050C1907M03300,50ETF购7月3300,3.3,2019-07-24,2019-06-21,510050.XSHG,2019-07-24,CO
1880,10001881.XSHG,510050P1907M03200,50ETF沽7月3200,3.2,2019-07-24,2019-06-21,510050.XSHG,2019-07-24,PO
1881,10001882.XSHG,510050P1907M03300,50ETF沽7月3300,3.3,2019-07-24,2019-06-21,510050.XSHG,2019-07-24,PO
1882,10001883.XSHG,510050C1908M02700,50ETF购8月2700,2.7,2019-08-28,2019-06-27,510050.XSHG,2019-08-28,CO
1883,10001884.XSHG,510050C1908M02750,50ETF购8月2750,2.75,2019-08-28,2019-06-27,510050.XSHG,2019-08-28,CO
1884,10001885.XSHG,510050C1908M02800,50ETF购8月2800,2.8,2019-08-28,2019-06-27,510050.XSHG,2019-08-28,CO
1885,10001886.XSHG,510050C1908M02850,50ETF购8月2850,2.85,2019-08-28,2019-06-27,510050.XSHG,2019-08-28,CO
1886,10001887.XSHG,510050C1908M02900,50ETF购8月2900,2.9,2019-08-28,2019-06-27,510050.XSHG,2019-08-28,CO
1887,10001888.XSHG,510050C1908M02950,50ETF购8月2950,2.95,2019-08-28,2019-06-27,510050.XSHG,2019-08-28,CO
1888,10001889.XSHG,510050C1908M03000,50ETF购8月3000,3.0,2019-08-28,2019-06-27,510050.XSHG,2019-08-28,CO
1889,10001890.XSHG,510050C1908M03100,50ETF购8月3100,3.1,2019-08-28,2019-06-27,510050.XSHG,2019-08-28,CO
1890,10001891.XSHG,510050C1908M03200,50ETF购8月3200,3.2,2019-08-28,2019-06-27,510050.XSHG,2019-08-28,CO
1891,10001892.XSHG,510050P1908M02700,50ETF沽8月2700,2.7,2019-08-28,2019-06-27,510050.XSHG,2019-08-28,PO
1892,10001893.XSHG,510050P1908M02750,50ETF沽8月2750,2.75,2019-08-28,2019-06-27,510050.XSHG,2019-08-28,PO
1893,10001894.XSHG,510050P1908M02800,50ETF沽8月2800,2.8,2019-08-28,2019-06-27,510050.XSHG,2019-08-28,PO
1894,10001895.XSHG,510050P1908M02850,50ETF沽8月2850,2.85,2019-08-28,2019-06-27,510050.XSHG,2019-08-28,PO
1895,10001896.XSHG,510050P1908M02900,50ETF沽8月2900,2.9,2019-08-28,2019-06-27,510050.XSHG,2019-08-28,PO
1896,10001897.XSHG,510050P1908M02950,50ETF沽8月2950,2.95,2019-08-28,2019-06-27,510050.XSHG,2019-08-28,PO
1897,10001898.XSHG,510050P1908M03000,50ETF沽8月3000,3.0,2019-08-28,2019-06-27,510050.XSHG,2019-08-28,PO
1898,10001899.XSHG,510050P1908M03100,50ETF沽8月3100,3.1,2019-08-28,2019-06-27,510050.XSHG,2019-08-28,PO
1899,10001900.XSHG,510050P1908M03200,50ETF沽8月3200,3.2,2019-08-28,2019-06-27,510050.XSHG,2019-08-28,PO
1900,10001901.XSHG,510050C1908M03300,50ETF购8月3300,3.3,2019-08-28,2019-06-28,510050.XSHG,2019-08-28,CO
1901,10001902.XSHG,510050P1908M03300,50ETF沽8月3300,3.3,2019-08-28,2019-06-28,510050.XSHG,2019-08-28,PO
1902,10001903.XSHG,510050C1907M03400,50ETF购7月3400,3.4,2019-07-24,2019-07-02,510050.XSHG,2019-07-24,CO
1903,10001904.XSHG,510050P1907M03400,50ETF沽7月3400,3.4,2019-07-24,2019-07-02,510050.XSHG,2019-07-24,PO
1904,10001905.XSHG,510050C1908M03400,50ETF购8月3400,3.4,2019-08-28,2019-07-02,510050.XSHG,2019-08-28,CO
1905,10001906.XSHG,510050P1908M03400,50ETF沽8月3400,3.4,2019-08-28,2019-07-02,510050.XSHG,2019-08-28,PO
1906,10001907.XSHG,510050C1912A03400,50ETF购12月3345A,3.345,2019-12-25,2019-07-02,510050.XSHG,2019-12-25,CO
1907,10001908.XSHG,510050P1912A03400,50ETF沽12月3345A,3.345,2019-12-25,2019-07-02,510050.XSHG,2019-12-25,PO
1908,10001909.XSHG,510050C2003A02750,50ETF购3月2706A,2.706,2020-03-25,2019-07-25,510050.XSHG,2020-03-25,CO
1909,10001910.XSHG,510050C2003A02800,50ETF购3月2755A,2.755,2020-03-25,2019-07-25,510050.XSHG,2020-03-25,CO
1910,10001911.XSHG,510050C2003A02850,50ETF购3月2804A,2.804,2020-03-25,2019-07-25,510050.XSHG,2020-03-25,CO
1911,10001912.XSHG,510050C2003A02900,50ETF购3月2853A,2.853,2020-03-25,2019-07-25,510050.XSHG,2020-03-25,CO
1912,10001913.XSHG,510050C2003A02950,50ETF购3月2903A,2.903,2020-03-25,2019-07-25,510050.XSHG,2020-03-25,CO
1913,10001914.XSHG,510050C2003A03000,50ETF购3月2952A,2.952,2020-03-25,2019-07-25,510050.XSHG,2020-03-25,CO
1914,10001915.XSHG,510050C2003A03100,50ETF购3月3050A,3.05,2020-03-25,2019-07-25,510050.XSHG,2020-03-25,CO
1915,10001916.XSHG,510050C2003A03200,50ETF购3月3149A,3.149,2020-03-25,2019-07-25,510050.XSHG,2020-03-25,CO
1916,10001917.XSHG,510050C2003A03300,50ETF购3月3247A,3.247,2020-03-25,2019-07-25,510050.XSHG,2020-03-25,CO
1917,10001918.XSHG,510050P2003A02750,50ETF沽3月2706A,2.706,2020-03-25,2019-07-25,510050.XSHG,2020-03-25,PO
1918,10001919.XSHG,510050P2003A02800,50ETF沽3月2755A,2.755,2020-03-25,2019-07-25,510050.XSHG,2020-03-25,PO
1919,10001920.XSHG,510050P2003A02850,50ETF沽3月2804A,2.804,2020-03-25,2019-07-25,510050.XSHG,2020-03-25,PO
1920,10001921.XSHG,510050P2003A02900,50ETF沽3月2853A,2.853,2020-03-25,2019-07-25,510050.XSHG,2020-03-25,PO
1921,10001922.XSHG,510050P2003A02950,50ETF沽3月2903A,2.903,2020-03-25,2019-07-25,510050.XSHG,2020-03-25,PO
1922,10001923.XSHG,510050P2003A03000,50ETF沽3月2952A,2.952,2020-03-25,2019-07-25,510050.XSHG,2020-03-25,PO
1923,10001924.XSHG,510050P2003A03100,50ETF沽3月3050A,3.05,2020-03-25,2019-07-25,510050.XSHG,2020-03-25,PO
1924,10001925.XSHG,510050P2003A03200,50ETF沽3月3149A,3.149,2020-03-25,2019-07-25,510050.XSHG,2020-03-25,PO
1925,10001926.XSHG,510050P2003A03300,50ETF沽3月3247A,3.247,2020-03-25,2019-07-25,510050.XSHG,2020-03-25,PO
1926,10001927.XSHG,510050C2003A03400,50ETF购3月3345A,3.345,2020-03-25,2019-07-26,510050.XSHG,2020-03-25,CO
1927,10001928.XSHG,510050P2003A03400,50ETF沽3月3345A,3.345,2020-03-25,2019-07-26,510050.XSHG,2020-03-25,PO
1928,10001929.XSHG,510050C2003A02700,50ETF购3月2657A,2.657,2020-03-25,2019-08-05,510050.XSHG,2020-03-25,CO
1929,10001930.XSHG,510050P2003A02700,50ETF沽3月2657A,2.657,2020-03-25,2019-08-05,510050.XSHG,2020-03-25,PO
1930,10001931.XSHG,510050C1908M02650,50ETF购8月2650,2.65,2019-08-28,2019-08-06,510050.XSHG,2019-08-28,CO
1931,10001932.XSHG,510050P1908M02650,50ETF沽8月2650,2.65,2019-08-28,2019-08-06,510050.XSHG,2019-08-28,PO
1932,10001933.XSHG,510050C2003A02650,50ETF购3月2607A,2.607,2020-03-25,2019-08-06,510050.XSHG,2020-03-25,CO
1933,10001934.XSHG,510050P2003A02650,50ETF沽3月2607A,2.607,2020-03-25,2019-08-06,510050.XSHG,2020-03-25,PO
1934,10001935.XSHG,510050C1908M02600,50ETF购8月2600,2.6,2019-08-28,2019-08-07,510050.XSHG,2019-08-28,CO
1935,10001936.XSHG,510050P1908M02600,50ETF沽8月2600,2.6,2019-08-28,2019-08-07,510050.XSHG,2019-08-28,PO
1936,10001937.XSHG,510050C2003A02600,50ETF购3月2558A,2.558,2020-03-25,2019-08-07,510050.XSHG,2020-03-25,CO
1937,10001938.XSHG,510050P2003A02600,50ETF沽3月2558A,2.558,2020-03-25,2019-08-07,510050.XSHG,2020-03-25,PO
1938,10001939.XSHG,510050C1910M02700,50ETF购10月2700,2.7,2019-10-23,2019-08-29,510050.XSHG,2019-10-23,CO
1939,10001940.XSHG,510050C1910M02750,50ETF购10月2750,2.75,2019-10-23,2019-08-29,510050.XSHG,2019-10-23,CO
1940,10001941.XSHG,510050C1910M02800,50ETF购10月2800,2.8,2019-10-23,2019-08-29,510050.XSHG,2019-10-23,CO
1941,10001942.XSHG,510050C1910M02850,50ETF购10月2850,2.85,2019-10-23,2019-08-29,510050.XSHG,2019-10-23,CO
1942,10001943.XSHG,510050C1910M02900,50ETF购10月2900,2.9,2019-10-23,2019-08-29,510050.XSHG,2019-10-23,CO
1943,10001944.XSHG,510050C1910M02950,50ETF购10月2950,2.95,2019-10-23,2019-08-29,510050.XSHG,2019-10-23,CO
1944,10001945.XSHG,510050C1910M03000,50ETF购10月3000,3.0,2019-10-23,2019-08-29,510050.XSHG,2019-10-23,CO
1945,10001946.XSHG,510050C1910M03100,50ETF购10月3100,3.1,2019-10-23,2019-08-29,510050.XSHG,2019-10-23,CO
1946,10001947.XSHG,510050C1910M03200,50ETF购10月3200,3.2,2019-10-23,2019-08-29,510050.XSHG,2019-10-23,CO
1947,10001948.XSHG,510050P1910M02700,50ETF沽10月2700,2.7,2019-10-23,2019-08-29,510050.XSHG,2019-10-23,PO
1948,10001949.XSHG,510050P1910M02750,50ETF沽10月2750,2.75,2019-10-23,2019-08-29,510050.XSHG,2019-10-23,PO
1949,10001950.XSHG,510050P1910M02800,50ETF沽10月2800,2.8,2019-10-23,2019-08-29,510050.XSHG,2019-10-23,PO
1950,10001951.XSHG,510050P1910M02850,50ETF沽10月2850,2.85,2019-10-23,2019-08-29,510050.XSHG,2019-10-23,PO
1951,10001952.XSHG,510050P1910M02900,50ETF沽10月2900,2.9,2019-10-23,2019-08-29,510050.XSHG,2019-10-23,PO
1952,10001953.XSHG,510050P1910M02950,50ETF沽10月2950,2.95,2019-10-23,2019-08-29,510050.XSHG,2019-10-23,PO
1953,10001954.XSHG,510050P1910M03000,50ETF沽10月3000,3.0,2019-10-23,2019-08-29,510050.XSHG,2019-10-23,PO
1954,10001955.XSHG,510050P1910M03100,50ETF沽10月3100,3.1,2019-10-23,2019-08-29,510050.XSHG,2019-10-23,PO
1955,10001956.XSHG,510050P1910M03200,50ETF沽10月3200,3.2,2019-10-23,2019-08-29,510050.XSHG,2019-10-23,PO
1956,10001957.XSHG,510050C1910M03300,50ETF购10月3300,3.3,2019-10-23,2019-09-03,510050.XSHG,2019-10-23,CO
1957,10001958.XSHG,510050P1910M03300,50ETF沽10月3300,3.3,2019-10-23,2019-09-03,510050.XSHG,2019-10-23,PO
1958,10001959.XSHG,510050C1910M03400,50ETF购10月3400,3.4,2019-10-23,2019-09-06,510050.XSHG,2019-10-23,CO
1959,10001960.XSHG,510050P1910M03400,50ETF沽10月3400,3.4,2019-10-23,2019-09-06,510050.XSHG,2019-10-23,PO
1960,10001961.XSHG,510050C1911M02800,50ETF购11月2800,2.8,2019-11-27,2019-09-26,510050.XSHG,2019-11-27,CO
1961,10001962.XSHG,510050C1911M02850,50ETF购11月2850,2.85,2019-11-27,2019-09-26,510050.XSHG,2019-11-27,CO
1962,10001963.XSHG,510050C1911M02900,50ETF购11月2900,2.9,2019-11-27,2019-09-26,510050.XSHG,2019-11-27,CO
1963,10001964.XSHG,510050C1911M02950,50ETF购11月2950,2.95,2019-11-27,2019-09-26,510050.XSHG,2019-11-27,CO
1964,10001965.XSHG,510050C1911M03000,50ETF购11月3000,3.0,2019-11-27,2019-09-26,510050.XSHG,2019-11-27,CO
1965,10001966.XSHG,510050C1911M03100,50ETF购11月3100,3.1,2019-11-27,2019-09-26,510050.XSHG,2019-11-27,CO
1966,10001967.XSHG,510050C1911M03200,50ETF购11月3200,3.2,2019-11-27,2019-09-26,510050.XSHG,2019-11-27,CO
1967,10001968.XSHG,510050C1911M03300,50ETF购11月3300,3.3,2019-11-27,2019-09-26,510050.XSHG,2019-11-27,CO
1968,10001969.XSHG,510050C1911M03400,50ETF购11月3400,3.4,2019-11-27,2019-09-26,510050.XSHG,2019-11-27,CO
1969,10001970.XSHG,510050P1911M02800,50ETF沽11月2800,2.8,2019-11-27,2019-09-26,510050.XSHG,2019-11-27,PO
1970,10001971.XSHG,510050P1911M02850,50ETF沽11月2850,2.85,2019-11-27,2019-09-26,510050.XSHG,2019-11-27,PO
1971,10001972.XSHG,510050P1911M02900,50ETF沽11月2900,2.9,2019-11-27,2019-09-26,510050.XSHG,2019-11-27,PO
1972,10001973.XSHG,510050P1911M02950,50ETF沽11月2950,2.95,2019-11-27,2019-09-26,510050.XSHG,2019-11-27,PO
1973,10001974.XSHG,510050P1911M03000,50ETF沽11月3000,3.0,2019-11-27,2019-09-26,510050.XSHG,2019-11-27,PO
1974,10001975.XSHG,510050P1911M03100,50ETF沽11月3100,3.1,2019-11-27,2019-09-26,510050.XSHG,2019-11-27,PO
1975,10001976.XSHG,510050P1911M03200,50ETF沽11月3200,3.2,2019-11-27,2019-09-26,510050.XSHG,2019-11-27,PO
1976,10001977.XSHG,510050P1911M03300,50ETF沽11月3300,3.3,2019-11-27,2019-09-26,510050.XSHG,2019-11-27,PO
1977,10001978.XSHG,510050P1911M03400,50ETF沽11月3400,3.4,2019-11-27,2019-09-26,510050.XSHG,2019-11-27,PO
1978,10001979.XSHG,510050C1911M02750,50ETF购11月2750,2.75,2019-11-27,2019-10-08,510050.XSHG,2019-11-27,CO
1979,10001980.XSHG,510050P1911M02750,50ETF沽11月2750,2.75,2019-11-27,2019-10-08,510050.XSHG,2019-11-27,PO
1980,10001981.XSHG,510050C1910M03500,50ETF购10月3500,3.5,2019-10-23,2019-10-15,510050.XSHG,2019-10-23,CO
1981,10001982.XSHG,510050P1910M03500,50ETF沽10月3500,3.5,2019-10-23,2019-10-15,510050.XSHG,2019-10-23,PO
1982,10001983.XSHG,510050C1911M03500,50ETF购11月3500,3.5,2019-11-27,2019-10-15,510050.XSHG,2019-11-27,CO
1983,10001984.XSHG,510050P1911M03500,50ETF沽11月3500,3.5,2019-11-27,2019-10-15,510050.XSHG,2019-11-27,PO
1984,10001985.XSHG,510050C1912A03500,50ETF购12月3444A,3.444,2019-12-25,2019-10-15,510050.XSHG,2019-12-25,CO
1985,10001986.XSHG,510050P1912A03500,50ETF沽12月3444A,3.444,2019-12-25,2019-10-15,510050.XSHG,2019-12-25,PO
1986,10001987.XSHG,510050C2003A03500,50ETF购3月3444A,3.444,2020-03-25,2019-10-15,510050.XSHG,2020-03-25,CO
1987,10001988.XSHG,510050P2003A03500,50ETF沽3月3444A,3.444,2020-03-25,2019-10-15,510050.XSHG,2020-03-25,PO
1988,10001989.XSHG,510050C2006A02800,50ETF购6月2755A,2.755,2020-06-24,2019-10-24,510050.XSHG,2020-06-24,CO
1989,10001990.XSHG,510050C2006A02850,50ETF购6月2804A,2.804,2020-06-24,2019-10-24,510050.XSHG,2020-06-24,CO
1990,10001991.XSHG,510050C2006A02900,50ETF购6月2853A,2.853,2020-06-24,2019-10-24,510050.XSHG,2020-06-24,CO
1991,10001992.XSHG,510050C2006A02950,50ETF购6月2903A,2.903,2020-06-24,2019-10-24,510050.XSHG,2020-06-24,CO
1992,10001993.XSHG,510050C2006A03000,50ETF购6月2952A,2.952,2020-06-24,2019-10-24,510050.XSHG,2020-06-24,CO
1993,10001994.XSHG,510050C2006A03100,50ETF购6月3050A,3.05,2020-06-24,2019-10-24,510050.XSHG,2020-06-24,CO
1994,10001995.XSHG,510050C2006A03200,50ETF购6月3149A,3.149,2020-06-24,2019-10-24,510050.XSHG,2020-06-24,CO
1995,10001996.XSHG,510050C2006A03300,50ETF购6月3247A,3.247,2020-06-24,2019-10-24,510050.XSHG,2020-06-24,CO
1996,10001997.XSHG,510050C2006A03400,50ETF购6月3345A,3.345,2020-06-24,2019-10-24,510050.XSHG,2020-06-24,CO
1997,10001998.XSHG,510050P2006A02800,50ETF沽6月2755A,2.755,2020-06-24,2019-10-24,510050.XSHG,2020-06-24,PO
1998,10001999.XSHG,510050P2006A02850,50ETF沽6月2804A,2.804,2020-06-24,2019-10-24,510050.XSHG,2020-06-24,PO
1999,10002000.XSHG,510050P2006A02900,50ETF沽6月2853A,2.853,2020-06-24,2019-10-24,510050.XSHG,2020-06-24,PO
2000,10002001.XSHG,510050P2006A02950,50ETF沽6月2903A,2.903,2020-06-24,2019-10-24,510050.XSHG,2020-06-24,PO
2001,10002002.XSHG,510050P2006A03000,50ETF沽6月2952A,2.952,2020-06-24,2019-10-24,510050.XSHG,2020-06-24,PO
2002,10002003.XSHG,510050P2006A03100,50ETF沽6月3050A,3.05,2020-06-24,2019-10-24,510050.XSHG,2020-06-24,PO
2003,10002004.XSHG,510050P2006A03200,50ETF沽6月3149A,3.149,2020-06-24,2019-10-24,510050.XSHG,2020-06-24,PO
2004,10002005.XSHG,510050P2006A03300,50ETF沽6月3247A,3.247,2020-06-24,2019-10-24,510050.XSHG,2020-06-24,PO
2005,10002006.XSHG,510050P2006A03400,50ETF沽6月3345A,3.345,2020-06-24,2019-10-24,510050.XSHG,2020-06-24,PO
2006,10002007.XSHG,510050C2006A03500,50ETF购6月3444A,3.444,2020-06-24,2019-11-04,510050.XSHG,2020-06-24,CO
2007,10002008.XSHG,510050P2006A03500,50ETF沽6月3444A,3.444,2020-06-24,2019-11-04,510050.XSHG,2020-06-24,PO
2008,10002009.XSHG,510050C2006A02750,50ETF购6月2706A,2.706,2020-06-24,2019-11-25,510050.XSHG,2020-06-24,CO
2009,10002010.XSHG,510050P2006A02750,50ETF沽6月2706A,2.706,2020-06-24,2019-11-25,510050.XSHG,2020-06-24,PO
2010,10002011.XSHG,510050C2001A02800,50ETF购1月2755A,2.755,2020-01-22,2019-11-28,510050.XSHG,2020-01-22,CO
2011,10002012.XSHG,510050C2001A02850,50ETF购1月2804A,2.804,2020-01-22,2019-11-28,510050.XSHG,2020-01-22,CO
2012,10002013.XSHG,510050C2001A02900,50ETF购1月2853A,2.853,2020-01-22,2019-11-28,510050.XSHG,2020-01-22,CO
2013,10002014.XSHG,510050C2001A02950,50ETF购1月2903A,2.903,2020-01-22,2019-11-28,510050.XSHG,2020-01-22,CO
2014,10002015.XSHG,510050C2001A03000,50ETF购1月2952A,2.952,2020-01-22,2019-11-28,510050.XSHG,2020-01-22,CO
2015,10002016.XSHG,510050C2001A03100,50ETF购1月3050A,3.05,2020-01-22,2019-11-28,510050.XSHG,2020-01-22,CO
2016,10002017.XSHG,510050C2001A03200,50ETF购1月3149A,3.149,2020-01-22,2019-11-28,510050.XSHG,2020-01-22,CO
2017,10002018.XSHG,510050C2001A03300,50ETF购1月3247A,3.247,2020-01-22,2019-11-28,510050.XSHG,2020-01-22,CO
2018,10002019.XSHG,510050C2001A03400,50ETF购1月3345A,3.345,2020-01-22,2019-11-28,510050.XSHG,2020-01-22,CO
2019,10002020.XSHG,510050P2001A02800,50ETF沽1月2755A,2.755,2020-01-22,2019-11-28,510050.XSHG,2020-01-22,PO
2020,10002021.XSHG,510050P2001A02850,50ETF沽1月2804A,2.804,2020-01-22,2019-11-28,510050.XSHG,2020-01-22,PO
2021,10002022.XSHG,510050P2001A02900,50ETF沽1月2853A,2.853,2020-01-22,2019-11-28,510050.XSHG,2020-01-22,PO
2022,10002023.XSHG,510050P2001A02950,50ETF沽1月2903A,2.903,2020-01-22,2019-11-28,510050.XSHG,2020-01-22,PO
2023,10002024.XSHG,510050P2001A03000,50ETF沽1月2952A,2.952,2020-01-22,2019-11-28,510050.XSHG,2020-01-22,PO
2024,10002025.XSHG,510050P2001A03100,50ETF沽1月3050A,3.05,2020-01-22,2019-11-28,510050.XSHG,2020-01-22,PO
2025,10002026.XSHG,510050P2001A03200,50ETF沽1月3149A,3.149,2020-01-22,2019-11-28,510050.XSHG,2020-01-22,PO
2026,10002027.XSHG,510050P2001A03300,50ETF沽1月3247A,3.247,2020-01-22,2019-11-28,510050.XSHG,2020-01-22,PO
2027,10002028.XSHG,510050P2001A03400,50ETF沽1月3345A,3.345,2020-01-22,2019-11-28,510050.XSHG,2020-01-22,PO
2028,10002029.XSHG,510050C1912M02700,50ETF购12月2700,2.7,2019-12-25,2019-12-02,510050.XSHG,2019-12-25,CO
2029,10002030.XSHG,510050C1912M02750,50ETF购12月2750,2.75,2019-12-25,2019-12-02,510050.XSHG,2019-12-25,CO
2030,10002031.XSHG,510050C1912M02800,50ETF购12月2800,2.8,2019-12-25,2019-12-02,510050.XSHG,2019-12-25,CO
2031,10002032.XSHG,510050C1912M02850,50ETF购12月2850,2.85,2019-12-25,2019-12-02,510050.XSHG,2019-12-25,CO
2032,10002033.XSHG,510050C1912M02900,50ETF购12月2900,2.9,2019-12-25,2019-12-02,510050.XSHG,2019-12-25,CO
2033,10002034.XSHG,510050C1912M02950,50ETF购12月2950,2.95,2019-12-25,2019-12-02,510050.XSHG,2019-12-25,CO
2034,10002035.XSHG,510050C1912M03000,50ETF购12月3000,3.0,2019-12-25,2019-12-02,510050.XSHG,2019-12-25,CO
2035,10002036.XSHG,510050C1912M03100,50ETF购12月3100,3.1,2019-12-25,2019-12-02,510050.XSHG,2019-12-25,CO
2036,10002037.XSHG,510050C1912M03200,50ETF购12月3200,3.2,2019-12-25,2019-12-02,510050.XSHG,2019-12-25,CO
2037,10002038.XSHG,510050P1912M02700,50ETF沽12月2700,2.7,2019-12-25,2019-12-02,510050.XSHG,2019-12-25,PO
2038,10002039.XSHG,510050P1912M02750,50ETF沽12月2750,2.75,2019-12-25,2019-12-02,510050.XSHG,2019-12-25,PO
2039,10002040.XSHG,510050P1912M02800,50ETF沽12月2800,2.8,2019-12-25,2019-12-02,510050.XSHG,2019-12-25,PO
2040,10002041.XSHG,510050P1912M02850,50ETF沽12月2850,2.85,2019-12-25,2019-12-02,510050.XSHG,2019-12-25,PO
2041,10002042.XSHG,510050P1912M02900,50ETF沽12月2900,2.9,2019-12-25,2019-12-02,510050.XSHG,2019-12-25,PO
2042,10002043.XSHG,510050P1912M02950,50ETF沽12月2950,2.95,2019-12-25,2019-12-02,510050.XSHG,2019-12-25,PO
2043,10002044.XSHG,510050P1912M03000,50ETF沽12月3000,3.0,2019-12-25,2019-12-02,510050.XSHG,2019-12-25,PO
2044,10002045.XSHG,510050P1912M03100,50ETF沽12月3100,3.1,2019-12-25,2019-12-02,510050.XSHG,2019-12-25,PO
2045,10002046.XSHG,510050P1912M03200,50ETF沽12月3200,3.2,2019-12-25,2019-12-02,510050.XSHG,2019-12-25,PO
2046,10002047.XSHG,510050C2001M02700,50ETF购1月2700,2.7,2020-01-22,2019-12-02,510050.XSHG,2020-01-22,CO
2047,10002048.XSHG,510050C2001M02750,50ETF购1月2750,2.75,2020-01-22,2019-12-02,510050.XSHG,2020-01-22,CO
2048,10002049.XSHG,510050C2001M02800,50ETF购1月2800,2.8,2020-01-22,2019-12-02,510050.XSHG,2020-01-22,CO
2049,10002050.XSHG,510050C2001M02850,50ETF购1月2850,2.85,2020-01-22,2019-12-02,510050.XSHG,2020-01-22,CO
2050,10002051.XSHG,510050C2001M02900,50ETF购1月2900,2.9,2020-01-22,2019-12-02,510050.XSHG,2020-01-22,CO
2051,10002052.XSHG,510050C2001M02950,50ETF购1月2950,2.95,2020-01-22,2019-12-02,510050.XSHG,2020-01-22,CO
2052,10002053.XSHG,510050C2001M03000,50ETF购1月3000,3.0,2020-01-22,2019-12-02,510050.XSHG,2020-01-22,CO
2053,10002054.XSHG,510050C2001M03100,50ETF购1月3100,3.1,2020-01-22,2019-12-02,510050.XSHG,2020-01-22,CO
2054,10002055.XSHG,510050C2001M03200,50ETF购1月3200,3.2,2020-01-22,2019-12-02,510050.XSHG,2020-01-22,CO
2055,10002056.XSHG,510050P2001M02700,50ETF沽1月2700,2.7,2020-01-22,2019-12-02,510050.XSHG,2020-01-22,PO
2056,10002057.XSHG,510050P2001M02750,50ETF沽1月2750,2.75,2020-01-22,2019-12-02,510050.XSHG,2020-01-22,PO
2057,10002058.XSHG,510050P2001M02800,50ETF沽1月2800,2.8,2020-01-22,2019-12-02,510050.XSHG,2020-01-22,PO
2058,10002059.XSHG,510050P2001M02850,50ETF沽1月2850,2.85,2020-01-22,2019-12-02,510050.XSHG,2020-01-22,PO
2059,10002060.XSHG,510050P2001M02900,50ETF沽1月2900,2.9,2020-01-22,2019-12-02,510050.XSHG,2020-01-22,PO
2060,10002061.XSHG,510050P2001M02950,50ETF沽1月2950,2.95,2020-01-22,2019-12-02,510050.XSHG,2020-01-22,PO
2061,10002062.XSHG,510050P2001M03000,50ETF沽1月3000,3.0,2020-01-22,2019-12-02,510050.XSHG,2020-01-22,PO
2062,10002063.XSHG,510050P2001M03100,50ETF沽1月3100,3.1,2020-01-22,2019-12-02,510050.XSHG,2020-01-22,PO
2063,10002064.XSHG,510050P2001M03200,50ETF沽1月3200,3.2,2020-01-22,2019-12-02,510050.XSHG,2020-01-22,PO
2064,10002065.XSHG,510050C2003M02700,50ETF购3月2700,2.7,2020-03-25,2019-12-02,510050.XSHG,2020-03-25,CO
2065,10002066.XSHG,510050C2003M02750,50ETF购3月2750,2.75,2020-03-25,2019-12-02,510050.XSHG,2020-03-25,CO
2066,10002067.XSHG,510050C2003M02800,50ETF购3月2800,2.8,2020-03-25,2019-12-02,510050.XSHG,2020-03-25,CO
2067,10002068.XSHG,510050C2003M02850,50ETF购3月2850,2.85,2020-03-25,2019-12-02,510050.XSHG,2020-03-25,CO
2068,10002069.XSHG,510050C2003M02900,50ETF购3月2900,2.9,2020-03-25,2019-12-02,510050.XSHG,2020-03-25,CO
2069,10002070.XSHG,510050C2003M02950,50ETF购3月2950,2.95,2020-03-25,2019-12-02,510050.XSHG,2020-03-25,CO
2070,10002071.XSHG,510050C2003M03000,50ETF购3月3000,3.0,2020-03-25,2019-12-02,510050.XSHG,2020-03-25,CO
2071,10002072.XSHG,510050C2003M03100,50ETF购3月3100,3.1,2020-03-25,2019-12-02,510050.XSHG,2020-03-25,CO
2072,10002073.XSHG,510050C2003M03200,50ETF购3月3200,3.2,2020-03-25,2019-12-02,510050.XSHG,2020-03-25,CO
2073,10002074.XSHG,510050P2003M02700,50ETF沽3月2700,2.7,2020-03-25,2019-12-02,510050.XSHG,2020-03-25,PO
2074,10002075.XSHG,510050P2003M02750,50ETF沽3月2750,2.75,2020-03-25,2019-12-02,510050.XSHG,2020-03-25,PO
2075,10002076.XSHG,510050P2003M02800,50ETF沽3月2800,2.8,2020-03-25,2019-12-02,510050.XSHG,2020-03-25,PO
2076,10002077.XSHG,510050P2003M02850,50ETF沽3月2850,2.85,2020-03-25,2019-12-02,510050.XSHG,2020-03-25,PO
2077,10002078.XSHG,510050P2003M02900,50ETF沽3月2900,2.9,2020-03-25,2019-12-02,510050.XSHG,2020-03-25,PO
2078,10002079.XSHG,510050P2003M02950,50ETF沽3月2950,2.95,2020-03-25,2019-12-02,510050.XSHG,2020-03-25,PO
2079,10002080.XSHG,510050P2003M03000,50ETF沽3月3000,3.0,2020-03-25,2019-12-02,510050.XSHG,2020-03-25,PO
2080,10002081.XSHG,510050P2003M03100,50ETF沽3月3100,3.1,2020-03-25,2019-12-02,510050.XSHG,2020-03-25,PO
2081,10002082.XSHG,510050P2003M03200,50ETF沽3月3200,3.2,2020-03-25,2019-12-02,510050.XSHG,2020-03-25,PO
2082,10002083.XSHG,510050C2006M02700,50ETF购6月2700,2.7,2020-06-24,2019-12-02,510050.XSHG,2020-06-24,CO
2083,10002084.XSHG,510050C2006M02750,50ETF购6月2750,2.75,2020-06-24,2019-12-02,510050.XSHG,2020-06-24,CO
2084,10002085.XSHG,510050C2006M02800,50ETF购6月2800,2.8,2020-06-24,2019-12-02,510050.XSHG,2020-06-24,CO
2085,10002086.XSHG,510050C2006M02850,50ETF购6月2850,2.85,2020-06-24,2019-12-02,510050.XSHG,2020-06-24,CO
2086,10002087.XSHG,510050C2006M02900,50ETF购6月2900,2.9,2020-06-24,2019-12-02,510050.XSHG,2020-06-24,CO
2087,10002088.XSHG,510050C2006M02950,50ETF购6月2950,2.95,2020-06-24,2019-12-02,510050.XSHG,2020-06-24,CO
2088,10002089.XSHG,510050C2006M03000,50ETF购6月3000,3.0,2020-06-24,2019-12-02,510050.XSHG,2020-06-24,CO
2089,10002090.XSHG,510050C2006M03100,50ETF购6月3100,3.1,2020-06-24,2019-12-02,510050.XSHG,2020-06-24,CO
2090,10002091.XSHG,510050C2006M03200,50ETF购6月3200,3.2,2020-06-24,2019-12-02,510050.XSHG,2020-06-24,CO
2091,10002092.XSHG,510050P2006M02700,50ETF沽6月2700,2.7,2020-06-24,2019-12-02,510050.XSHG,2020-06-24,PO
2092,10002093.XSHG,510050P2006M02750,50ETF沽6月2750,2.75,2020-06-24,2019-12-02,510050.XSHG,2020-06-24,PO
2093,10002094.XSHG,510050P2006M02800,50ETF沽6月2800,2.8,2020-06-24,2019-12-02,510050.XSHG,2020-06-24,PO
2094,10002095.XSHG,510050P2006M02850,50ETF沽6月2850,2.85,2020-06-24,2019-12-02,510050.XSHG,2020-06-24,PO
2095,10002096.XSHG,510050P2006M02900,50ETF沽6月2900,2.9,2020-06-24,2019-12-02,510050.XSHG,2020-06-24,PO
2096,10002097.XSHG,510050P2006M02950,50ETF沽6月2950,2.95,2020-06-24,2019-12-02,510050.XSHG,2020-06-24,PO
2097,10002098.XSHG,510050P2006M03000,50ETF沽6月3000,3.0,2020-06-24,2019-12-02,510050.XSHG,2020-06-24,PO
2098,10002099.XSHG,510050P2006M03100,50ETF沽6月3100,3.1,2020-06-24,2019-12-02,510050.XSHG,2020-06-24,PO
2099,10002100.XSHG,510050P2006M03200,50ETF沽6月3200,3.2,2020-06-24,2019-12-02,510050.XSHG,2020-06-24,PO
2100,10002101.XSHG,510050C1912M03300,50ETF购12月3300,3.3,2019-12-25,2019-12-09,510050.XSHG,2019-12-25,CO
2101,10002102.XSHG,510050P1912M03300,50ETF沽12月3300,3.3,2019-12-25,2019-12-09,510050.XSHG,2019-12-25,PO
2102,10002103.XSHG,510050C2001M03300,50ETF购1月3300,3.3,2020-01-22,2019-12-09,510050.XSHG,2020-01-22,CO
2103,10002104.XSHG,510050P2001M03300,50ETF沽1月3300,3.3,2020-01-22,2019-12-09,510050.XSHG,2020-01-22,PO
2104,10002105.XSHG,510050C2003M03300,50ETF购3月3300,3.3,2020-03-25,2019-12-09,510050.XSHG,2020-03-25,CO
2105,10002106.XSHG,510050P2003M03300,50ETF沽3月3300,3.3,2020-03-25,2019-12-09,510050.XSHG,2020-03-25,PO
2106,10002107.XSHG,510050C2006M03300,50ETF购6月3300,3.3,2020-06-24,2019-12-09,510050.XSHG,2020-06-24,CO
2107,10002108.XSHG,510050P2006M03300,50ETF沽6月3300,3.3,2020-06-24,2019-12-09,510050.XSHG,2020-06-24,PO
2108,10002109.XSHG,510050C1912M03400,50ETF购12月3400,3.4,2019-12-25,2019-12-16,510050.XSHG,2019-12-25,CO
2109,10002110.XSHG,510050P1912M03400,50ETF沽12月3400,3.4,2019-12-25,2019-12-16,510050.XSHG,2019-12-25,PO
2110,10002111.XSHG,510050C2001M03400,50ETF购1月3400,3.4,2020-01-22,2019-12-16,510050.XSHG,2020-01-22,CO
2111,10002112.XSHG,510050P2001M03400,50ETF沽1月3400,3.4,2020-01-22,2019-12-16,510050.XSHG,2020-01-22,PO
2112,10002113.XSHG,510050C2003M03400,50ETF购3月3400,3.4,2020-03-25,2019-12-16,510050.XSHG,2020-03-25,CO
2113,10002114.XSHG,510050P2003M03400,50ETF沽3月3400,3.4,2020-03-25,2019-12-16,510050.XSHG,2020-03-25,PO
2114,10002115.XSHG,510050C2006M03400,50ETF购6月3400,3.4,2020-06-24,2019-12-16,510050.XSHG,2020-06-24,CO
2115,10002116.XSHG,510050P2006M03400,50ETF沽6月3400,3.4,2020-06-24,2019-12-16,510050.XSHG,2020-06-24,PO
2116,10002189.XSHG,510050C2002M02800,50ETF购2月2800,2.8,2020-02-26,2019-12-26,510050.XSHG,2020-02-26,CO
2117,10002190.XSHG,510050C2002M02850,50ETF购2月2850,2.85,2020-02-26,2019-12-26,510050.XSHG,2020-02-26,CO
2118,10002191.XSHG,510050C2002M02900,50ETF购2月2900,2.9,2020-02-26,2019-12-26,510050.XSHG,2020-02-26,CO
2119,10002192.XSHG,510050C2002M02950,50ETF购2月2950,2.95,2020-02-26,2019-12-26,510050.XSHG,2020-02-26,CO
2120,10002193.XSHG,510050C2002M03000,50ETF购2月3000,3.0,2020-02-26,2019-12-26,510050.XSHG,2020-02-26,CO
2121,10002194.XSHG,510050C2002M03100,50ETF购2月3100,3.1,2020-02-26,2019-12-26,510050.XSHG,2020-02-26,CO
2122,10002195.XSHG,510050C2002M03200,50ETF购2月3200,3.2,2020-02-26,2019-12-26,510050.XSHG,2020-02-26,CO
2123,10002196.XSHG,510050C2002M03300,50ETF购2月3300,3.3,2020-02-26,2019-12-26,510050.XSHG,2020-02-26,CO
2124,10002197.XSHG,510050C2002M03400,50ETF购2月3400,3.4,2020-02-26,2019-12-26,510050.XSHG,2020-02-26,CO
2125,10002198.XSHG,510050P2002M02800,50ETF沽2月2800,2.8,2020-02-26,2019-12-26,510050.XSHG,2020-02-26,PO
2126,10002199.XSHG,510050P2002M02850,50ETF沽2月2850,2.85,2020-02-26,2019-12-26,510050.XSHG,2020-02-26,PO
2127,10002200.XSHG,510050P2002M02900,50ETF沽2月2900,2.9,2020-02-26,2019-12-26,510050.XSHG,2020-02-26,PO
2128,10002201.XSHG,510050P2002M02950,50ETF沽2月2950,2.95,2020-02-26,2019-12-26,510050.XSHG,2020-02-26,PO
2129,10002202.XSHG,510050P2002M03000,50ETF沽2月3000,3.0,2020-02-26,2019-12-26,510050.XSHG,2020-02-26,PO
2130,10002203.XSHG,510050P2002M03100,50ETF沽2月3100,3.1,2020-02-26,2019-12-26,510050.XSHG,2020-02-26,PO
2131,10002204.XSHG,510050P2002M03200,50ETF沽2月3200,3.2,2020-02-26,2019-12-26,510050.XSHG,2020-02-26,PO
2132,10002205.XSHG,510050P2002M03300,50ETF沽2月3300,3.3,2020-02-26,2019-12-26,510050.XSHG,2020-02-26,PO
2133,10002206.XSHG,510050P2002M03400,50ETF沽2月3400,3.4,2020-02-26,2019-12-26,510050.XSHG,2020-02-26,PO
2134,10002207.XSHG,510050C2001M03500,50ETF购1月3500,3.5,2020-01-22,2019-12-31,510050.XSHG,2020-01-22,CO
2135,10002208.XSHG,510050P2001M03500,50ETF沽1月3500,3.5,2020-01-22,2019-12-31,510050.XSHG,2020-01-22,PO
2136,10002209.XSHG,510050C2002M03500,50ETF购2月3500,3.5,2020-02-26,2019-12-31,510050.XSHG,2020-02-26,CO
2137,10002210.XSHG,510050P2002M03500,50ETF沽2月3500,3.5,2020-02-26,2019-12-31,510050.XSHG,2020-02-26,PO
2138,10002211.XSHG,510050C2003M03500,50ETF购3月3500,3.5,2020-03-25,2019-12-31,510050.XSHG,2020-03-25,CO
2139,10002212.XSHG,510050P2003M03500,50ETF沽3月3500,3.5,2020-03-25,2019-12-31,510050.XSHG,2020-03-25,PO
2140,10002213.XSHG,510050C2006M03500,50ETF购6月3500,3.5,2020-06-24,2019-12-31,510050.XSHG,2020-06-24,CO
2141,10002214.XSHG,510050P2006M03500,50ETF沽6月3500,3.5,2020-06-24,2019-12-31,510050.XSHG,2020-06-24,PO
2142,10002231.XSHG,510050C2009M02800,50ETF购9月2800,2.8,2020-09-23,2020-01-23,510050.XSHG,2020-09-23,CO
2143,10002232.XSHG,510050C2009M02850,50ETF购9月2850,2.85,2020-09-23,2020-01-23,510050.XSHG,2020-09-23,CO
2144,10002233.XSHG,510050C2009M02900,50ETF购9月2900,2.9,2020-09-23,2020-01-23,510050.XSHG,2020-09-23,CO
2145,10002234.XSHG,510050C2009M02950,50ETF购9月2950,2.95,2020-09-23,2020-01-23,510050.XSHG,2020-09-23,CO
2146,10002235.XSHG,510050C2009M03000,50ETF购9月3000,3.0,2020-09-23,2020-01-23,510050.XSHG,2020-09-23,CO
2147,10002236.XSHG,510050C2009M03100,50ETF购9月3100,3.1,2020-09-23,2020-01-23,510050.XSHG,2020-09-23,CO
2148,10002237.XSHG,510050C2009M03200,50ETF购9月3200,3.2,2020-09-23,2020-01-23,510050.XSHG,2020-09-23,CO
2149,10002238.XSHG,510050C2009M03300,50ETF购9月3300,3.3,2020-09-23,2020-01-23,510050.XSHG,2020-09-23,CO
2150,10002239.XSHG,510050C2009M03400,50ETF购9月3400,3.4,2020-09-23,2020-01-23,510050.XSHG,2020-09-23,CO
2151,10002240.XSHG,510050P2009M02800,50ETF沽9月2800,2.8,2020-09-23,2020-01-23,510050.XSHG,2020-09-23,PO
2152,10002241.XSHG,510050P2009M02850,50ETF沽9月2850,2.85,2020-09-23,2020-01-23,510050.XSHG,2020-09-23,PO
2153,10002242.XSHG,510050P2009M02900,50ETF沽9月2900,2.9,2020-09-23,2020-01-23,510050.XSHG,2020-09-23,PO
2154,10002243.XSHG,510050P2009M02950,50ETF沽9月2950,2.95,2020-09-23,2020-01-23,510050.XSHG,2020-09-23,PO
2155,10002244.XSHG,510050P2009M03000,50ETF沽9月3000,3.0,2020-09-23,2020-01-23,510050.XSHG,2020-09-23,PO
2156,10002245.XSHG,510050P2009M03100,50ETF沽9月3100,3.1,2020-09-23,2020-01-23,510050.XSHG,2020-09-23,PO
2157,10002246.XSHG,510050P2009M03200,50ETF沽9月3200,3.2,2020-09-23,2020-01-23,510050.XSHG,2020-09-23,PO
2158,10002247.XSHG,510050P2009M03300,50ETF沽9月3300,3.3,2020-09-23,2020-01-23,510050.XSHG,2020-09-23,PO
2159,10002248.XSHG,510050P2009M03400,50ETF沽9月3400,3.4,2020-09-23,2020-01-23,510050.XSHG,2020-09-23,PO
2160,10002267.XSHG,510050C2002M02750,50ETF购2月2750,2.75,2020-02-26,2020-02-03,510050.XSHG,2020-02-26,CO
2161,10002268.XSHG,510050P2002M02750,50ETF沽2月2750,2.75,2020-02-26,2020-02-03,510050.XSHG,2020-02-26,PO
2162,10002269.XSHG,510050C2009M02750,50ETF购9月2750,2.75,2020-09-23,2020-02-03,510050.XSHG,2020-09-23,CO
2163,10002270.XSHG,510050P2009M02750,50ETF沽9月2750,2.75,2020-09-23,2020-02-03,510050.XSHG,2020-09-23,PO
2164,10002273.XSHG,510050C2002M02500,50ETF购2月2500,2.5,2020-02-26,2020-02-04,510050.XSHG,2020-02-26,CO
2165,10002274.XSHG,510050C2002M02550,50ETF购2月2550,2.55,2020-02-26,2020-02-04,510050.XSHG,2020-02-26,CO
2166,10002275.XSHG,510050C2002M02600,50ETF购2月2600,2.6,2020-02-26,2020-02-04,510050.XSHG,2020-02-26,CO
2167,10002276.XSHG,510050C2002M02650,50ETF购2月2650,2.65,2020-02-26,2020-02-04,510050.XSHG,2020-02-26,CO
2168,10002277.XSHG,510050C2002M02700,50ETF购2月2700,2.7,2020-02-26,2020-02-04,510050.XSHG,2020-02-26,CO
2169,10002278.XSHG,510050P2002M02500,50ETF沽2月2500,2.5,2020-02-26,2020-02-04,510050.XSHG,2020-02-26,PO
2170,10002279.XSHG,510050P2002M02550,50ETF沽2月2550,2.55,2020-02-26,2020-02-04,510050.XSHG,2020-02-26,PO
2171,10002280.XSHG,510050P2002M02600,50ETF沽2月2600,2.6,2020-02-26,2020-02-04,510050.XSHG,2020-02-26,PO
2172,10002281.XSHG,510050P2002M02650,50ETF沽2月2650,2.65,2020-02-26,2020-02-04,510050.XSHG,2020-02-26,PO
2173,10002282.XSHG,510050P2002M02700,50ETF沽2月2700,2.7,2020-02-26,2020-02-04,510050.XSHG,2020-02-26,PO
2174,10002283.XSHG,510050C2003M02500,50ETF购3月2500,2.5,2020-03-25,2020-02-04,510050.XSHG,2020-03-25,CO
2175,10002284.XSHG,510050C2003M02550,50ETF购3月2550,2.55,2020-03-25,2020-02-04,510050.XSHG,2020-03-25,CO
2176,10002285.XSHG,510050C2003M02600,50ETF购3月2600,2.6,2020-03-25,2020-02-04,510050.XSHG,2020-03-25,CO
2177,10002286.XSHG,510050C2003M02650,50ETF购3月2650,2.65,2020-03-25,2020-02-04,510050.XSHG,2020-03-25,CO
2178,10002287.XSHG,510050P2003M02500,50ETF沽3月2500,2.5,2020-03-25,2020-02-04,510050.XSHG,2020-03-25,PO
2179,10002288.XSHG,510050P2003M02550,50ETF沽3月2550,2.55,2020-03-25,2020-02-04,510050.XSHG,2020-03-25,PO
2180,10002289.XSHG,510050P2003M02600,50ETF沽3月2600,2.6,2020-03-25,2020-02-04,510050.XSHG,2020-03-25,PO
2181,10002290.XSHG,510050P2003M02650,50ETF沽3月2650,2.65,2020-03-25,2020-02-04,510050.XSHG,2020-03-25,PO
2182,10002291.XSHG,510050C2006M02500,50ETF购6月2500,2.5,2020-06-24,2020-02-04,510050.XSHG,2020-06-24,CO
2183,10002292.XSHG,510050C2006M02550,50ETF购6月2550,2.55,2020-06-24,2020-02-04,510050.XSHG,2020-06-24,CO
2184,10002293.XSHG,510050C2006M02600,50ETF购6月2600,2.6,2020-06-24,2020-02-04,510050.XSHG,2020-06-24,CO
2185,10002294.XSHG,510050C2006M02650,50ETF购6月2650,2.65,2020-06-24,2020-02-04,510050.XSHG,2020-06-24,CO
2186,10002295.XSHG,510050P2006M02500,50ETF沽6月2500,2.5,2020-06-24,2020-02-04,510050.XSHG,2020-06-24,PO
2187,10002296.XSHG,510050P2006M02550,50ETF沽6月2550,2.55,2020-06-24,2020-02-04,510050.XSHG,2020-06-24,PO
2188,10002297.XSHG,510050P2006M02600,50ETF沽6月2600,2.6,2020-06-24,2020-02-04,510050.XSHG,2020-06-24,PO
2189,10002298.XSHG,510050P2006M02650,50ETF沽6月2650,2.65,2020-06-24,2020-02-04,510050.XSHG,2020-06-24,PO
2190,10002299.XSHG,510050C2009M02500,50ETF购9月2500,2.5,2020-09-23,2020-02-04,510050.XSHG,2020-09-23,CO
2191,10002300.XSHG,510050C2009M02550,50ETF购9月2550,2.55,2020-09-23,2020-02-04,510050.XSHG,2020-09-23,CO
2192,10002301.XSHG,510050C2009M02600,50ETF购9月2600,2.6,2020-09-23,2020-02-04,510050.XSHG,2020-09-23,CO
2193,10002302.XSHG,510050C2009M02650,50ETF购9月2650,2.65,2020-09-23,2020-02-04,510050.XSHG,2020-09-23,CO
2194,10002303.XSHG,510050C2009M02700,50ETF购9月2700,2.7,2020-09-23,2020-02-04,510050.XSHG,2020-09-23,CO
2195,10002304.XSHG,510050P2009M02500,50ETF沽9月2500,2.5,2020-09-23,2020-02-04,510050.XSHG,2020-09-23,PO
2196,10002305.XSHG,510050P2009M02550,50ETF沽9月2550,2.55,2020-09-23,2020-02-04,510050.XSHG,2020-09-23,PO
2197,10002306.XSHG,510050P2009M02600,50ETF沽9月2600,2.6,2020-09-23,2020-02-04,510050.XSHG,2020-09-23,PO
2198,10002307.XSHG,510050P2009M02650,50ETF沽9月2650,2.65,2020-09-23,2020-02-04,510050.XSHG,2020-09-23,PO
2199,10002308.XSHG,510050P2009M02700,50ETF沽9月2700,2.7,2020-09-23,2020-02-04,510050.XSHG,2020-09-23,PO
2200,10002333.XSHG,510050C2004M02700,50ETF购4月2700,2.7,2020-04-22,2020-02-27,510050.XSHG,2020-04-22,CO
2201,10002334.XSHG,510050C2004M02750,50ETF购4月2750,2.75,2020-04-22,2020-02-27,510050.XSHG,2020-04-22,CO
2202,10002335.XSHG,510050C2004M02800,50ETF购4月2800,2.8,2020-04-22,2020-02-27,510050.XSHG,2020-04-22,CO
2203,10002336.XSHG,510050C2004M02850,50ETF购4月2850,2.85,2020-04-22,2020-02-27,510050.XSHG,2020-04-22,CO
2204,10002337.XSHG,510050C2004M02900,50ETF购4月2900,2.9,2020-04-22,2020-02-27,510050.XSHG,2020-04-22,CO
2205,10002338.XSHG,510050C2004M02950,50ETF购4月2950,2.95,2020-04-22,2020-02-27,510050.XSHG,2020-04-22,CO
2206,10002339.XSHG,510050C2004M03000,50ETF购4月3000,3.0,2020-04-22,2020-02-27,510050.XSHG,2020-04-22,CO
2207,10002340.XSHG,510050C2004M03100,50ETF购4月3100,3.1,2020-04-22,2020-02-27,510050.XSHG,2020-04-22,CO
2208,10002341.XSHG,510050C2004M03200,50ETF购4月3200,3.2,2020-04-22,2020-02-27,510050.XSHG,2020-04-22,CO
2209,10002342.XSHG,510050P2004M02700,50ETF沽4月2700,2.7,2020-04-22,2020-02-27,510050.XSHG,2020-04-22,PO
2210,10002343.XSHG,510050P2004M02750,50ETF沽4月2750,2.75,2020-04-22,2020-02-27,510050.XSHG,2020-04-22,PO
2211,10002344.XSHG,510050P2004M02800,50ETF沽4月2800,2.8,2020-04-22,2020-02-27,510050.XSHG,2020-04-22,PO
2212,10002345.XSHG,510050P2004M02850,50ETF沽4月2850,2.85,2020-04-22,2020-02-27,510050.XSHG,2020-04-22,PO
2213,10002346.XSHG,510050P2004M02900,50ETF沽4月2900,2.9,2020-04-22,2020-02-27,510050.XSHG,2020-04-22,PO
2214,10002347.XSHG,510050P2004M02950,50ETF沽4月2950,2.95,2020-04-22,2020-02-27,510050.XSHG,2020-04-22,PO
2215,10002348.XSHG,510050P2004M03000,50ETF沽4月3000,3.0,2020-04-22,2020-02-27,510050.XSHG,2020-04-22,PO
2216,10002349.XSHG,510050P2004M03100,50ETF沽4月3100,3.1,2020-04-22,2020-02-27,510050.XSHG,2020-04-22,PO
2217,10002350.XSHG,510050P2004M03200,50ETF沽4月3200,3.2,2020-04-22,2020-02-27,510050.XSHG,2020-04-22,PO
2218,10002369.XSHG,510050C2004M02600,50ETF购4月2600,2.6,2020-04-22,2020-03-02,510050.XSHG,2020-04-22,CO
2219,10002370.XSHG,510050C2004M02650,50ETF购4月2650,2.65,2020-04-22,2020-03-02,510050.XSHG,2020-04-22,CO
2220,10002371.XSHG,510050P2004M02600,50ETF沽4月2600,2.6,2020-04-22,2020-03-02,510050.XSHG,2020-04-22,PO
2221,10002372.XSHG,510050P2004M02650,50ETF沽4月2650,2.65,2020-04-22,2020-03-02,510050.XSHG,2020-04-22,PO
2222,10002377.XSHG,510050C2004M03300,50ETF购4月3300,3.3,2020-04-22,2020-03-05,510050.XSHG,2020-04-22,CO
2223,10002378.XSHG,510050P2004M03300,50ETF沽4月3300,3.3,2020-04-22,2020-03-05,510050.XSHG,2020-04-22,PO
2224,10002379.XSHG,510050C2004M03400,50ETF购4月3400,3.4,2020-04-22,2020-03-06,510050.XSHG,2020-04-22,CO
2225,10002380.XSHG,510050P2004M03400,50ETF沽4月3400,3.4,2020-04-22,2020-03-06,510050.XSHG,2020-04-22,PO
2226,10002385.XSHG,510050C2004M02500,50ETF购4月2500,2.5,2020-04-22,2020-03-17,510050.XSHG,2020-04-22,CO
2227,10002386.XSHG,510050C2004M02550,50ETF购4月2550,2.55,2020-04-22,2020-03-17,510050.XSHG,2020-04-22,CO
2228,10002387.XSHG,510050P2004M02500,50ETF沽4月2500,2.5,2020-04-22,2020-03-17,510050.XSHG,2020-04-22,PO
2229,10002388.XSHG,510050P2004M02550,50ETF沽4月2550,2.55,2020-04-22,2020-03-17,510050.XSHG,2020-04-22,PO
2230,10002393.XSHG,510050C2003M02400,50ETF购3月2400,2.4,2020-03-25,2020-03-19,510050.XSHG,2020-03-25,CO
2231,10002394.XSHG,510050C2003M02450,50ETF购3月2450,2.45,2020-03-25,2020-03-19,510050.XSHG,2020-03-25,CO
2232,10002395.XSHG,510050P2003M02400,50ETF沽3月2400,2.4,2020-03-25,2020-03-19,510050.XSHG,2020-03-25,PO
2233,10002396.XSHG,510050P2003M02450,50ETF沽3月2450,2.45,2020-03-25,2020-03-19,510050.XSHG,2020-03-25,PO
2234,10002397.XSHG,510050C2004M02400,50ETF购4月2400,2.4,2020-04-22,2020-03-19,510050.XSHG,2020-04-22,CO
2235,10002398.XSHG,510050C2004M02450,50ETF购4月2450,2.45,2020-04-22,2020-03-19,510050.XSHG,2020-04-22,CO
2236,10002399.XSHG,510050P2004M02400,50ETF沽4月2400,2.4,2020-04-22,2020-03-19,510050.XSHG,2020-04-22,PO
2237,10002400.XSHG,510050P2004M02450,50ETF沽4月2450,2.45,2020-04-22,2020-03-19,510050.XSHG,2020-04-22,PO
2238,10002401.XSHG,510050C2006M02400,50ETF购6月2400,2.4,2020-06-24,2020-03-19,510050.XSHG,2020-06-24,CO
2239,10002402.XSHG,510050C2006M02450,50ETF购6月2450,2.45,2020-06-24,2020-03-19,510050.XSHG,2020-06-24,CO
2240,10002403.XSHG,510050P2006M02400,50ETF沽6月2400,2.4,2020-06-24,2020-03-19,510050.XSHG,2020-06-24,PO
2241,10002404.XSHG,510050P2006M02450,50ETF沽6月2450,2.45,2020-06-24,2020-03-19,510050.XSHG,2020-06-24,PO
2242,10002405.XSHG,510050C2009M02400,50ETF购9月2400,2.4,2020-09-23,2020-03-19,510050.XSHG,2020-09-23,CO
2243,10002406.XSHG,510050C2009M02450,50ETF购9月2450,2.45,2020-09-23,2020-03-19,510050.XSHG,2020-09-23,CO
2244,10002407.XSHG,510050P2009M02400,50ETF沽9月2400,2.4,2020-09-23,2020-03-19,510050.XSHG,2020-09-23,PO
2245,10002408.XSHG,510050P2009M02450,50ETF沽9月2450,2.45,2020-09-23,2020-03-19,510050.XSHG,2020-09-23,PO
2246,10002417.XSHG,510050C2003M02350,50ETF购3月2350,2.35,2020-03-25,2020-03-20,510050.XSHG,2020-03-25,CO
2247,10002418.XSHG,510050P2003M02350,50ETF沽3月2350,2.35,2020-03-25,2020-03-20,510050.XSHG,2020-03-25,PO
2248,10002419.XSHG,510050C2004M02350,50ETF购4月2350,2.35,2020-04-22,2020-03-20,510050.XSHG,2020-04-22,CO
2249,10002420.XSHG,510050P2004M02350,50ETF沽4月2350,2.35,2020-04-22,2020-03-20,510050.XSHG,2020-04-22,PO
2250,10002421.XSHG,510050C2006M02350,50ETF购6月2350,2.35,2020-06-24,2020-03-20,510050.XSHG,2020-06-24,CO
2251,10002422.XSHG,510050P2006M02350,50ETF沽6月2350,2.35,2020-06-24,2020-03-20,510050.XSHG,2020-06-24,PO
2252,10002423.XSHG,510050C2009M02350,50ETF购9月2350,2.35,2020-09-23,2020-03-20,510050.XSHG,2020-09-23,CO
2253,10002424.XSHG,510050P2009M02350,50ETF沽9月2350,2.35,2020-09-23,2020-03-20,510050.XSHG,2020-09-23,PO
2254,10002433.XSHG,510050C2005M02500,50ETF购5月2500,2.5,2020-05-27,2020-03-26,510050.XSHG,2020-05-27,CO
2255,10002434.XSHG,510050C2005M02550,50ETF购5月2550,2.55,2020-05-27,2020-03-26,510050.XSHG,2020-05-27,CO
2256,10002435.XSHG,510050C2005M02600,50ETF购5月2600,2.6,2020-05-27,2020-03-26,510050.XSHG,2020-05-27,CO
2257,10002436.XSHG,510050C2005M02650,50ETF购5月2650,2.65,2020-05-27,2020-03-26,510050.XSHG,2020-05-27,CO
2258,10002437.XSHG,510050C2005M02700,50ETF购5月2700,2.7,2020-05-27,2020-03-26,510050.XSHG,2020-05-27,CO
2259,10002438.XSHG,510050C2005M02750,50ETF购5月2750,2.75,2020-05-27,2020-03-26,510050.XSHG,2020-05-27,CO
2260,10002439.XSHG,510050C2005M02800,50ETF购5月2800,2.8,2020-05-27,2020-03-26,510050.XSHG,2020-05-27,CO
2261,10002440.XSHG,510050C2005M02850,50ETF购5月2850,2.85,2020-05-27,2020-03-26,510050.XSHG,2020-05-27,CO
2262,10002441.XSHG,510050C2005M02900,50ETF购5月2900,2.9,2020-05-27,2020-03-26,510050.XSHG,2020-05-27,CO
2263,10002442.XSHG,510050P2005M02500,50ETF沽5月2500,2.5,2020-05-27,2020-03-26,510050.XSHG,2020-05-27,PO
2264,10002443.XSHG,510050P2005M02550,50ETF沽5月2550,2.55,2020-05-27,2020-03-26,510050.XSHG,2020-05-27,PO
2265,10002444.XSHG,510050P2005M02600,50ETF沽5月2600,2.6,2020-05-27,2020-03-26,510050.XSHG,2020-05-27,PO
2266,10002445.XSHG,510050P2005M02650,50ETF沽5月2650,2.65,2020-05-27,2020-03-26,510050.XSHG,2020-05-27,PO
2267,10002446.XSHG,510050P2005M02700,50ETF沽5月2700,2.7,2020-05-27,2020-03-26,510050.XSHG,2020-05-27,PO
2268,10002447.XSHG,510050P2005M02750,50ETF沽5月2750,2.75,2020-05-27,2020-03-26,510050.XSHG,2020-05-27,PO
2269,10002448.XSHG,510050P2005M02800,50ETF沽5月2800,2.8,2020-05-27,2020-03-26,510050.XSHG,2020-05-27,PO
2270,10002449.XSHG,510050P2005M02850,50ETF沽5月2850,2.85,2020-05-27,2020-03-26,510050.XSHG,2020-05-27,PO
2271,10002450.XSHG,510050P2005M02900,50ETF沽5月2900,2.9,2020-05-27,2020-03-26,510050.XSHG,2020-05-27,PO
2272,10002469.XSHG,510050C2005M02450,50ETF购5月2450,2.45,2020-05-27,2020-04-02,510050.XSHG,2020-05-27,CO
2273,10002470.XSHG,510050P2005M02450,50ETF沽5月2450,2.45,2020-05-27,2020-04-02,510050.XSHG,2020-05-27,PO
2274,10002471.XSHG,510050C2005M02950,50ETF购5月2950,2.95,2020-05-27,2020-04-08,510050.XSHG,2020-05-27,CO
2275,10002472.XSHG,510050P2005M02950,50ETF沽5月2950,2.95,2020-05-27,2020-04-08,510050.XSHG,2020-05-27,PO
2276,10002475.XSHG,510050C2005M03000,50ETF购5月3000,3.0,2020-05-27,2020-04-20,510050.XSHG,2020-05-27,CO
2277,10002476.XSHG,510050P2005M03000,50ETF沽5月3000,3.0,2020-05-27,2020-04-20,510050.XSHG,2020-05-27,PO
2278,10002477.XSHG,510050C2012A02600,50ETF购12月2563A,2.563,2020-12-23,2020-04-23,510050.XSHG,2020-12-23,CO
2279,10002478.XSHG,510050C2012A02650,50ETF购12月2612A,2.612,2020-12-23,2020-04-23,510050.XSHG,2020-12-23,CO
2280,10002479.XSHG,510050C2012A02700,50ETF购12月2661A,2.661,2020-12-23,2020-04-23,510050.XSHG,2020-12-23,CO
2281,10002480.XSHG,510050C2012A02750,50ETF购12月2711A,2.711,2020-12-23,2020-04-23,510050.XSHG,2020-12-23,CO
2282,10002481.XSHG,510050C2012A02800,50ETF购12月2760A,2.76,2020-12-23,2020-04-23,510050.XSHG,2020-12-23,CO
2283,10002482.XSHG,510050C2012A02850,50ETF购12月2809A,2.809,2020-12-23,2020-04-23,510050.XSHG,2020-12-23,CO
2284,10002483.XSHG,510050C2012A02900,50ETF购12月2859A,2.859,2020-12-23,2020-04-23,510050.XSHG,2020-12-23,CO
2285,10002484.XSHG,510050C2012A02950,50ETF购12月2908A,2.908,2020-12-23,2020-04-23,510050.XSHG,2020-12-23,CO
2286,10002485.XSHG,510050C2012A03000,50ETF购12月2957A,2.957,2020-12-23,2020-04-23,510050.XSHG,2020-12-23,CO
2287,10002486.XSHG,510050P2012A02600,50ETF沽12月2563A,2.563,2020-12-23,2020-04-23,510050.XSHG,2020-12-23,PO
2288,10002487.XSHG,510050P2012A02650,50ETF沽12月2612A,2.612,2020-12-23,2020-04-23,510050.XSHG,2020-12-23,PO
2289,10002488.XSHG,510050P2012A02700,50ETF沽12月2661A,2.661,2020-12-23,2020-04-23,510050.XSHG,2020-12-23,PO
2290,10002489.XSHG,510050P2012A02750,50ETF沽12月2711A,2.711,2020-12-23,2020-04-23,510050.XSHG,2020-12-23,PO
2291,10002490.XSHG,510050P2012A02800,50ETF沽12月2760A,2.76,2020-12-23,2020-04-23,510050.XSHG,2020-12-23,PO
2292,10002491.XSHG,510050P2012A02850,50ETF沽12月2809A,2.809,2020-12-23,2020-04-23,510050.XSHG,2020-12-23,PO
2293,10002492.XSHG,510050P2012A02900,50ETF沽12月2859A,2.859,2020-12-23,2020-04-23,510050.XSHG,2020-12-23,PO
2294,10002493.XSHG,510050P2012A02950,50ETF沽12月2908A,2.908,2020-12-23,2020-04-23,510050.XSHG,2020-12-23,PO
2295,10002494.XSHG,510050P2012A03000,50ETF沽12月2957A,2.957,2020-12-23,2020-04-23,510050.XSHG,2020-12-23,PO
2296,10002513.XSHG,510050C2012A02550,50ETF购12月2514A,2.514,2020-12-23,2020-04-27,510050.XSHG,2020-12-23,CO
2297,10002514.XSHG,510050P2012A02550,50ETF沽12月2514A,2.514,2020-12-23,2020-04-27,510050.XSHG,2020-12-23,PO
2298,10002515.XSHG,510050C2005M03100,50ETF购5月3100,3.1,2020-05-27,2020-04-30,510050.XSHG,2020-05-27,CO
2299,10002516.XSHG,510050P2005M03100,50ETF沽5月3100,3.1,2020-05-27,2020-04-30,510050.XSHG,2020-05-27,PO
2300,10002517.XSHG,510050C2012A03100,50ETF购12月3056A,3.056,2020-12-23,2020-04-30,510050.XSHG,2020-12-23,CO
2301,10002518.XSHG,510050P2012A03100,50ETF沽12月3056A,3.056,2020-12-23,2020-04-30,510050.XSHG,2020-12-23,PO
2302,10002527.XSHG,510050C2007M02600,50ETF购7月2600,2.6,2020-07-22,2020-05-28,510050.XSHG,2020-07-22,CO
2303,10002528.XSHG,510050C2007M02650,50ETF购7月2650,2.65,2020-07-22,2020-05-28,510050.XSHG,2020-07-22,CO
2304,10002529.XSHG,510050C2007M02700,50ETF购7月2700,2.7,2020-07-22,2020-05-28,510050.XSHG,2020-07-22,CO
2305,10002530.XSHG,510050C2007M02750,50ETF购7月2750,2.75,2020-07-22,2020-05-28,510050.XSHG,2020-07-22,CO
2306,10002531.XSHG,510050C2007M02800,50ETF购7月2800,2.8,2020-07-22,2020-05-28,510050.XSHG,2020-07-22,CO
2307,10002532.XSHG,510050C2007M02850,50ETF购7月2850,2.85,2020-07-22,2020-05-28,510050.XSHG,2020-07-22,CO
2308,10002533.XSHG,510050C2007M02900,50ETF购7月2900,2.9,2020-07-22,2020-05-28,510050.XSHG,2020-07-22,CO
2309,10002534.XSHG,510050C2007M02950,50ETF购7月2950,2.95,2020-07-22,2020-05-28,510050.XSHG,2020-07-22,CO
2310,10002535.XSHG,510050C2007M03000,50ETF购7月3000,3.0,2020-07-22,2020-05-28,510050.XSHG,2020-07-22,CO
2311,10002536.XSHG,510050P2007M02600,50ETF沽7月2600,2.6,2020-07-22,2020-05-28,510050.XSHG,2020-07-22,PO
2312,10002537.XSHG,510050P2007M02650,50ETF沽7月2650,2.65,2020-07-22,2020-05-28,510050.XSHG,2020-07-22,PO
2313,10002538.XSHG,510050P2007M02700,50ETF沽7月2700,2.7,2020-07-22,2020-05-28,510050.XSHG,2020-07-22,PO
2314,10002539.XSHG,510050P2007M02750,50ETF沽7月2750,2.75,2020-07-22,2020-05-28,510050.XSHG,2020-07-22,PO
2315,10002540.XSHG,510050P2007M02800,50ETF沽7月2800,2.8,2020-07-22,2020-05-28,510050.XSHG,2020-07-22,PO
2316,10002541.XSHG,510050P2007M02850,50ETF沽7月2850,2.85,2020-07-22,2020-05-28,510050.XSHG,2020-07-22,PO
2317,10002542.XSHG,510050P2007M02900,50ETF沽7月2900,2.9,2020-07-22,2020-05-28,510050.XSHG,2020-07-22,PO
2318,10002543.XSHG,510050P2007M02950,50ETF沽7月2950,2.95,2020-07-22,2020-05-28,510050.XSHG,2020-07-22,PO
2319,10002544.XSHG,510050P2007M03000,50ETF沽7月3000,3.0,2020-07-22,2020-05-28,510050.XSHG,2020-07-22,PO
2320,10002565.XSHG,510050C2007M03100,50ETF购7月3100,3.1,2020-07-22,2020-06-02,510050.XSHG,2020-07-22,CO
2321,10002566.XSHG,510050P2007M03100,50ETF沽7月3100,3.1,2020-07-22,2020-06-02,510050.XSHG,2020-07-22,PO
2322,10002569.XSHG,510050C2007M03200,50ETF购7月3200,3.2,2020-07-22,2020-06-03,510050.XSHG,2020-07-22,CO
2323,10002570.XSHG,510050P2007M03200,50ETF沽7月3200,3.2,2020-07-22,2020-06-03,510050.XSHG,2020-07-22,PO
2324,10002571.XSHG,510050C2012A03200,50ETF购12月3154A,3.154,2020-12-23,2020-06-03,510050.XSHG,2020-12-23,CO
2325,10002572.XSHG,510050P2012A03200,50ETF沽12月3154A,3.154,2020-12-23,2020-06-03,510050.XSHG,2020-12-23,PO
2326,10002577.XSHG,510050C2007M03300,50ETF购7月3300,3.3,2020-07-22,2020-06-22,510050.XSHG,2020-07-22,CO
2327,10002578.XSHG,510050P2007M03300,50ETF沽7月3300,3.3,2020-07-22,2020-06-22,510050.XSHG,2020-07-22,PO
2328,10002579.XSHG,510050C2012A03300,50ETF购12月3253A,3.253,2020-12-23,2020-06-22,510050.XSHG,2020-12-23,CO
2329,10002580.XSHG,510050P2012A03300,50ETF沽12月3253A,3.253,2020-12-23,2020-06-22,510050.XSHG,2020-12-23,PO
2330,10002585.XSHG,510050C2008M02750,50ETF购8月2750,2.75,2020-08-26,2020-06-29,510050.XSHG,2020-08-26,CO
2331,10002586.XSHG,510050C2008M02800,50ETF购8月2800,2.8,2020-08-26,2020-06-29,510050.XSHG,2020-08-26,CO
2332,10002587.XSHG,510050C2008M02850,50ETF购8月2850,2.85,2020-08-26,2020-06-29,510050.XSHG,2020-08-26,CO
2333,10002588.XSHG,510050C2008M02900,50ETF购8月2900,2.9,2020-08-26,2020-06-29,510050.XSHG,2020-08-26,CO
2334,10002589.XSHG,510050C2008M02950,50ETF购8月2950,2.95,2020-08-26,2020-06-29,510050.XSHG,2020-08-26,CO
2335,10002590.XSHG,510050C2008M03000,50ETF购8月3000,3.0,2020-08-26,2020-06-29,510050.XSHG,2020-08-26,CO
2336,10002591.XSHG,510050C2008M03100,50ETF购8月3100,3.1,2020-08-26,2020-06-29,510050.XSHG,2020-08-26,CO
2337,10002592.XSHG,510050C2008M03200,50ETF购8月3200,3.2,2020-08-26,2020-06-29,510050.XSHG,2020-08-26,CO
2338,10002593.XSHG,510050C2008M03300,50ETF购8月3300,3.3,2020-08-26,2020-06-29,510050.XSHG,2020-08-26,CO
2339,10002594.XSHG,510050P2008M02750,50ETF沽8月2750,2.75,2020-08-26,2020-06-29,510050.XSHG,2020-08-26,PO
2340,10002595.XSHG,510050P2008M02800,50ETF沽8月2800,2.8,2020-08-26,2020-06-29,510050.XSHG,2020-08-26,PO
2341,10002596.XSHG,510050P2008M02850,50ETF沽8月2850,2.85,2020-08-26,2020-06-29,510050.XSHG,2020-08-26,PO
2342,10002597.XSHG,510050P2008M02900,50ETF沽8月2900,2.9,2020-08-26,2020-06-29,510050.XSHG,2020-08-26,PO
2343,10002598.XSHG,510050P2008M02950,50ETF沽8月2950,2.95,2020-08-26,2020-06-29,510050.XSHG,2020-08-26,PO
2344,10002599.XSHG,510050P2008M03000,50ETF沽8月3000,3.0,2020-08-26,2020-06-29,510050.XSHG,2020-08-26,PO
2345,10002600.XSHG,510050P2008M03100,50ETF沽8月3100,3.1,2020-08-26,2020-06-29,510050.XSHG,2020-08-26,PO
2346,10002601.XSHG,510050P2008M03200,50ETF沽8月3200,3.2,2020-08-26,2020-06-29,510050.XSHG,2020-08-26,PO
2347,10002602.XSHG,510050P2008M03300,50ETF沽8月3300,3.3,2020-08-26,2020-06-29,510050.XSHG,2020-08-26,PO
2348,10002623.XSHG,510050C2007M03400,50ETF购7月3400,3.4,2020-07-22,2020-07-02,510050.XSHG,2020-07-22,CO
2349,10002624.XSHG,510050P2007M03400,50ETF沽7月3400,3.4,2020-07-22,2020-07-02,510050.XSHG,2020-07-22,PO
2350,10002625.XSHG,510050C2008M03400,50ETF购8月3400,3.4,2020-08-26,2020-07-02,510050.XSHG,2020-08-26,CO
2351,10002626.XSHG,510050P2008M03400,50ETF沽8月3400,3.4,2020-08-26,2020-07-02,510050.XSHG,2020-08-26,PO
2352,10002627.XSHG,510050C2012A03400,50ETF购12月3351A,3.351,2020-12-23,2020-07-02,510050.XSHG,2020-12-23,CO
2353,10002628.XSHG,510050P2012A03400,50ETF沽12月3351A,3.351,2020-12-23,2020-07-02,510050.XSHG,2020-12-23,PO
2354,10002637.XSHG,510050C2007M03500,50ETF购7月3500,3.5,2020-07-22,2020-07-03,510050.XSHG,2020-07-22,CO
2355,10002638.XSHG,510050P2007M03500,50ETF沽7月3500,3.5,2020-07-22,2020-07-03,510050.XSHG,2020-07-22,PO
2356,10002639.XSHG,510050C2008M03500,50ETF购8月3500,3.5,2020-08-26,2020-07-03,510050.XSHG,2020-08-26,CO
2357,10002640.XSHG,510050P2008M03500,50ETF沽8月3500,3.5,2020-08-26,2020-07-03,510050.XSHG,2020-08-26,PO
2358,10002641.XSHG,510050C2009M03500,50ETF购9月3500,3.5,2020-09-23,2020-07-03,510050.XSHG,2020-09-23,CO
2359,10002642.XSHG,510050P2009M03500,50ETF沽9月3500,3.5,2020-09-23,2020-07-03,510050.XSHG,2020-09-23,PO
2360,10002643.XSHG,510050C2012A03500,50ETF购12月3450A,3.45,2020-12-23,2020-07-03,510050.XSHG,2020-12-23,CO
2361,10002644.XSHG,510050P2012A03500,50ETF沽12月3450A,3.45,2020-12-23,2020-07-03,510050.XSHG,2020-12-23,PO
2362,10002653.XSHG,510050C2007M03600,50ETF购7月3600,3.6,2020-07-22,2020-07-06,510050.XSHG,2020-07-22,CO
2363,10002654.XSHG,510050P2007M03600,50ETF沽7月3600,3.6,2020-07-22,2020-07-06,510050.XSHG,2020-07-22,PO
2364,10002655.XSHG,510050C2008M03600,50ETF购8月3600,3.6,2020-08-26,2020-07-06,510050.XSHG,2020-08-26,CO
2365,10002656.XSHG,510050P2008M03600,50ETF沽8月3600,3.6,2020-08-26,2020-07-06,510050.XSHG,2020-08-26,PO
2366,10002657.XSHG,510050C2009M03600,50ETF购9月3600,3.6,2020-09-23,2020-07-06,510050.XSHG,2020-09-23,CO
2367,10002658.XSHG,510050P2009M03600,50ETF沽9月3600,3.6,2020-09-23,2020-07-06,510050.XSHG,2020-09-23,PO
2368,10002659.XSHG,510050C2012A03600,50ETF购12月3549A,3.549,2020-12-23,2020-07-06,510050.XSHG,2020-12-23,CO
2369,10002660.XSHG,510050P2012A03600,50ETF沽12月3549A,3.549,2020-12-23,2020-07-06,510050.XSHG,2020-12-23,PO
2370,10002669.XSHG,510050C2007M03700,50ETF购7月3700,3.7,2020-07-22,2020-07-07,510050.XSHG,2020-07-22,CO
2371,10002670.XSHG,510050C2007M03800,50ETF购7月3800,3.8,2020-07-22,2020-07-07,510050.XSHG,2020-07-22,CO
2372,10002671.XSHG,510050C2007M03900,50ETF购7月3900,3.9,2020-07-22,2020-07-07,510050.XSHG,2020-07-22,CO
2373,10002672.XSHG,510050P2007M03700,50ETF沽7月3700,3.7,2020-07-22,2020-07-07,510050.XSHG,2020-07-22,PO
2374,10002673.XSHG,510050P2007M03800,50ETF沽7月3800,3.8,2020-07-22,2020-07-07,510050.XSHG,2020-07-22,PO
2375,10002674.XSHG,510050P2007M03900,50ETF沽7月3900,3.9,2020-07-22,2020-07-07,510050.XSHG,2020-07-22,PO
2376,10002675.XSHG,510050C2008M03700,50ETF购8月3700,3.7,2020-08-26,2020-07-07,510050.XSHG,2020-08-26,CO
2377,10002676.XSHG,510050C2008M03800,50ETF购8月3800,3.8,2020-08-26,2020-07-07,510050.XSHG,2020-08-26,CO
2378,10002677.XSHG,510050C2008M03900,50ETF购8月3900,3.9,2020-08-26,2020-07-07,510050.XSHG,2020-08-26,CO
2379,10002678.XSHG,510050P2008M03700,50ETF沽8月3700,3.7,2020-08-26,2020-07-07,510050.XSHG,2020-08-26,PO
2380,10002679.XSHG,510050P2008M03800,50ETF沽8月3800,3.8,2020-08-26,2020-07-07,510050.XSHG,2020-08-26,PO
2381,10002680.XSHG,510050P2008M03900,50ETF沽8月3900,3.9,2020-08-26,2020-07-07,510050.XSHG,2020-08-26,PO
2382,10002681.XSHG,510050C2009M03700,50ETF购9月3700,3.7,2020-09-23,2020-07-07,510050.XSHG,2020-09-23,CO
2383,10002682.XSHG,510050C2009M03800,50ETF购9月3800,3.8,2020-09-23,2020-07-07,510050.XSHG,2020-09-23,CO
2384,10002683.XSHG,510050C2009M03900,50ETF购9月3900,3.9,2020-09-23,2020-07-07,510050.XSHG,2020-09-23,CO
2385,10002684.XSHG,510050P2009M03700,50ETF沽9月3700,3.7,2020-09-23,2020-07-07,510050.XSHG,2020-09-23,PO
2386,10002685.XSHG,510050P2009M03800,50ETF沽9月3800,3.8,2020-09-23,2020-07-07,510050.XSHG,2020-09-23,PO
2387,10002686.XSHG,510050P2009M03900,50ETF沽9月3900,3.9,2020-09-23,2020-07-07,510050.XSHG,2020-09-23,PO
2388,10002687.XSHG,510050C2012A03700,50ETF购12月3647A,3.647,2020-12-23,2020-07-07,510050.XSHG,2020-12-23,CO
2389,10002688.XSHG,510050C2012A03800,50ETF购12月3746A,3.746,2020-12-23,2020-07-07,510050.XSHG,2020-12-23,CO
2390,10002689.XSHG,510050C2012A03900,50ETF购12月3844A,3.844,2020-12-23,2020-07-07,510050.XSHG,2020-12-23,CO
2391,10002690.XSHG,510050P2012A03700,50ETF沽12月3647A,3.647,2020-12-23,2020-07-07,510050.XSHG,2020-12-23,PO
2392,10002691.XSHG,510050P2012A03800,50ETF沽12月3746A,3.746,2020-12-23,2020-07-07,510050.XSHG,2020-12-23,PO
2393,10002692.XSHG,510050P2012A03900,50ETF沽12月3844A,3.844,2020-12-23,2020-07-07,510050.XSHG,2020-12-23,PO
2394,10002725.XSHG,510050C2103A02950,50ETF购3月2908A,2.908,2021-03-24,2020-07-23,510050.XSHG,2021-03-24,CO
2395,10002726.XSHG,510050C2103A03000,50ETF购3月2957A,2.957,2021-03-24,2020-07-23,510050.XSHG,2021-03-24,CO
2396,10002727.XSHG,510050C2103A03100,50ETF购3月3056A,3.056,2021-03-24,2020-07-23,510050.XSHG,2021-03-24,CO
2397,10002728.XSHG,510050C2103A03200,50ETF购3月3154A,3.154,2021-03-24,2020-07-23,510050.XSHG,2021-03-24,CO
2398,10002729.XSHG,510050C2103A03300,50ETF购3月3253A,3.253,2021-03-24,2020-07-23,510050.XSHG,2021-03-24,CO
2399,10002730.XSHG,510050C2103A03400,50ETF购3月3351A,3.351,2021-03-24,2020-07-23,510050.XSHG,2021-03-24,CO
2400,10002731.XSHG,510050C2103A03500,50ETF购3月3450A,3.45,2021-03-24,2020-07-23,510050.XSHG,2021-03-24,CO
2401,10002732.XSHG,510050C2103A03600,50ETF购3月3549A,3.549,2021-03-24,2020-07-23,510050.XSHG,2021-03-24,CO
2402,10002733.XSHG,510050C2103A03700,50ETF购3月3647A,3.647,2021-03-24,2020-07-23,510050.XSHG,2021-03-24,CO
2403,10002734.XSHG,510050P2103A02950,50ETF沽3月2908A,2.908,2021-03-24,2020-07-23,510050.XSHG,2021-03-24,PO
2404,10002735.XSHG,510050P2103A03000,50ETF沽3月2957A,2.957,2021-03-24,2020-07-23,510050.XSHG,2021-03-24,PO
2405,10002736.XSHG,510050P2103A03100,50ETF沽3月3056A,3.056,2021-03-24,2020-07-23,510050.XSHG,2021-03-24,PO
2406,10002737.XSHG,510050P2103A03200,50ETF沽3月3154A,3.154,2021-03-24,2020-07-23,510050.XSHG,2021-03-24,PO
2407,10002738.XSHG,510050P2103A03300,50ETF沽3月3253A,3.253,2021-03-24,2020-07-23,510050.XSHG,2021-03-24,PO
2408,10002739.XSHG,510050P2103A03400,50ETF沽3月3351A,3.351,2021-03-24,2020-07-23,510050.XSHG,2021-03-24,PO
2409,10002740.XSHG,510050P2103A03500,50ETF沽3月3450A,3.45,2021-03-24,2020-07-23,510050.XSHG,2021-03-24,PO
2410,10002741.XSHG,510050P2103A03600,50ETF沽3月3549A,3.549,2021-03-24,2020-07-23,510050.XSHG,2021-03-24,PO
2411,10002742.XSHG,510050P2103A03700,50ETF沽3月3647A,3.647,2021-03-24,2020-07-23,510050.XSHG,2021-03-24,PO
2412,10002761.XSHG,510050C2103A02900,50ETF购3月2859A,2.859,2021-03-24,2020-07-27,510050.XSHG,2021-03-24,CO
2413,10002762.XSHG,510050P2103A02900,50ETF沽3月2859A,2.859,2021-03-24,2020-07-27,510050.XSHG,2021-03-24,PO
2414,10002767.XSHG,510050C2103A03800,50ETF购3月3746A,3.746,2021-03-24,2020-08-05,510050.XSHG,2021-03-24,CO
2415,10002768.XSHG,510050P2103A03800,50ETF沽3月3746A,3.746,2021-03-24,2020-08-05,510050.XSHG,2021-03-24,PO
2416,10002771.XSHG,510050C2010M02950,50ETF购10月2950,2.95,2020-10-28,2020-08-27,510050.XSHG,2020-10-28,CO
2417,10002772.XSHG,510050C2010M03000,50ETF购10月3000,3.0,2020-10-28,2020-08-27,510050.XSHG,2020-10-28,CO
2418,10002773.XSHG,510050C2010M03100,50ETF购10月3100,3.1,2020-10-28,2020-08-27,510050.XSHG,2020-10-28,CO
2419,10002774.XSHG,510050C2010M03200,50ETF购10月3200,3.2,2020-10-28,2020-08-27,510050.XSHG,2020-10-28,CO
2420,10002775.XSHG,510050C2010M03300,50ETF购10月3300,3.3,2020-10-28,2020-08-27,510050.XSHG,2020-10-28,CO
2421,10002776.XSHG,510050C2010M03400,50ETF购10月3400,3.4,2020-10-28,2020-08-27,510050.XSHG,2020-10-28,CO
2422,10002777.XSHG,510050C2010M03500,50ETF购10月3500,3.5,2020-10-28,2020-08-27,510050.XSHG,2020-10-28,CO
2423,10002778.XSHG,510050C2010M03600,50ETF购10月3600,3.6,2020-10-28,2020-08-27,510050.XSHG,2020-10-28,CO
2424,10002779.XSHG,510050C2010M03700,50ETF购10月3700,3.7,2020-10-28,2020-08-27,510050.XSHG,2020-10-28,CO
2425,10002780.XSHG,510050P2010M02950,50ETF沽10月2950,2.95,2020-10-28,2020-08-27,510050.XSHG,2020-10-28,PO
2426,10002781.XSHG,510050P2010M03000,50ETF沽10月3000,3.0,2020-10-28,2020-08-27,510050.XSHG,2020-10-28,PO
2427,10002782.XSHG,510050P2010M03100,50ETF沽10月3100,3.1,2020-10-28,2020-08-27,510050.XSHG,2020-10-28,PO
2428,10002783.XSHG,510050P2010M03200,50ETF沽10月3200,3.2,2020-10-28,2020-08-27,510050.XSHG,2020-10-28,PO
2429,10002784.XSHG,510050P2010M03300,50ETF沽10月3300,3.3,2020-10-28,2020-08-27,510050.XSHG,2020-10-28,PO
2430,10002785.XSHG,510050P2010M03400,50ETF沽10月3400,3.4,2020-10-28,2020-08-27,510050.XSHG,2020-10-28,PO
2431,10002786.XSHG,510050P2010M03500,50ETF沽10月3500,3.5,2020-10-28,2020-08-27,510050.XSHG,2020-10-28,PO
2432,10002787.XSHG,510050P2010M03600,50ETF沽10月3600,3.6,2020-10-28,2020-08-27,510050.XSHG,2020-10-28,PO
2433,10002788.XSHG,510050P2010M03700,50ETF沽10月3700,3.7,2020-10-28,2020-08-27,510050.XSHG,2020-10-28,PO
2434,10002807.XSHG,510050C2010M03800,50ETF购10月3800,3.8,2020-10-28,2020-08-31,510050.XSHG,2020-10-28,CO
2435,10002808.XSHG,510050P2010M03800,50ETF沽10月3800,3.8,2020-10-28,2020-08-31,510050.XSHG,2020-10-28,PO
2436,10002815.XSHG,510050C2011M02950,50ETF购11月2950,2.95,2020-11-25,2020-09-24,510050.XSHG,2020-11-25,CO
2437,10002816.XSHG,510050C2011M03000,50ETF购11月3000,3.0,2020-11-25,2020-09-24,510050.XSHG,2020-11-25,CO
2438,10002817.XSHG,510050C2011M03100,50ETF购11月3100,3.1,2020-11-25,2020-09-24,510050.XSHG,2020-11-25,CO
2439,10002818.XSHG,510050C2011M03200,50ETF购11月3200,3.2,2020-11-25,2020-09-24,510050.XSHG,2020-11-25,CO
2440,10002819.XSHG,510050C2011M03300,50ETF购11月3300,3.3,2020-11-25,2020-09-24,510050.XSHG,2020-11-25,CO
2441,10002820.XSHG,510050C2011M03400,50ETF购11月3400,3.4,2020-11-25,2020-09-24,510050.XSHG,2020-11-25,CO
2442,10002821.XSHG,510050C2011M03500,50ETF购11月3500,3.5,2020-11-25,2020-09-24,510050.XSHG,2020-11-25,CO
2443,10002822.XSHG,510050C2011M03600,50ETF购11月3600,3.6,2020-11-25,2020-09-24,510050.XSHG,2020-11-25,CO
2444,10002823.XSHG,510050C2011M03700,50ETF购11月3700,3.7,2020-11-25,2020-09-24,510050.XSHG,2020-11-25,CO
2445,10002824.XSHG,510050P2011M02950,50ETF沽11月2950,2.95,2020-11-25,2020-09-24,510050.XSHG,2020-11-25,PO
2446,10002825.XSHG,510050P2011M03000,50ETF沽11月3000,3.0,2020-11-25,2020-09-24,510050.XSHG,2020-11-25,PO
2447,10002826.XSHG,510050P2011M03100,50ETF沽11月3100,3.1,2020-11-25,2020-09-24,510050.XSHG,2020-11-25,PO
2448,10002827.XSHG,510050P2011M03200,50ETF沽11月3200,3.2,2020-11-25,2020-09-24,510050.XSHG,2020-11-25,PO
2449,10002828.XSHG,510050P2011M03300,50ETF沽11月3300,3.3,2020-11-25,2020-09-24,510050.XSHG,2020-11-25,PO
2450,10002829.XSHG,510050P2011M03400,50ETF沽11月3400,3.4,2020-11-25,2020-09-24,510050.XSHG,2020-11-25,PO
2451,10002830.XSHG,510050P2011M03500,50ETF沽11月3500,3.5,2020-11-25,2020-09-24,510050.XSHG,2020-11-25,PO
2452,10002831.XSHG,510050P2011M03600,50ETF沽11月3600,3.6,2020-11-25,2020-09-24,510050.XSHG,2020-11-25,PO
2453,10002832.XSHG,510050P2011M03700,50ETF沽11月3700,3.7,2020-11-25,2020-09-24,510050.XSHG,2020-11-25,PO
2454,10002853.XSHG,510050C2011M03800,50ETF购11月3800,3.8,2020-11-25,2020-10-13,510050.XSHG,2020-11-25,CO
2455,10002854.XSHG,510050P2011M03800,50ETF沽11月3800,3.8,2020-11-25,2020-10-13,510050.XSHG,2020-11-25,PO
2456,10002859.XSHG,510050C2106A03000,50ETF购6月2957A,2.957,2021-06-23,2020-10-29,510050.XSHG,2021-06-23,CO
2457,10002860.XSHG,510050C2106A03100,50ETF购6月3056A,3.056,2021-06-23,2020-10-29,510050.XSHG,2021-06-23,CO
2458,10002861.XSHG,510050C2106A03200,50ETF购6月3154A,3.154,2021-06-23,2020-10-29,510050.XSHG,2021-06-23,CO
2459,10002862.XSHG,510050C2106A03300,50ETF购6月3253A,3.253,2021-06-23,2020-10-29,510050.XSHG,2021-06-23,CO
2460,10002863.XSHG,510050C2106A03400,50ETF购6月3351A,3.351,2021-06-23,2020-10-29,510050.XSHG,2021-06-23,CO
2461,10002864.XSHG,510050C2106A03500,50ETF购6月3450A,3.45,2021-06-23,2020-10-29,510050.XSHG,2021-06-23,CO
2462,10002865.XSHG,510050C2106A03600,50ETF购6月3549A,3.549,2021-06-23,2020-10-29,510050.XSHG,2021-06-23,CO
2463,10002866.XSHG,510050C2106A03700,50ETF购6月3647A,3.647,2021-06-23,2020-10-29,510050.XSHG,2021-06-23,CO
2464,10002867.XSHG,510050C2106A03800,50ETF购6月3746A,3.746,2021-06-23,2020-10-29,510050.XSHG,2021-06-23,CO
2465,10002868.XSHG,510050P2106A03000,50ETF沽6月2957A,2.957,2021-06-23,2020-10-29,510050.XSHG,2021-06-23,PO
2466,10002869.XSHG,510050P2106A03100,50ETF沽6月3056A,3.056,2021-06-23,2020-10-29,510050.XSHG,2021-06-23,PO
2467,10002870.XSHG,510050P2106A03200,50ETF沽6月3154A,3.154,2021-06-23,2020-10-29,510050.XSHG,2021-06-23,PO
2468,10002871.XSHG,510050P2106A03300,50ETF沽6月3253A,3.253,2021-06-23,2020-10-29,510050.XSHG,2021-06-23,PO
2469,10002872.XSHG,510050P2106A03400,50ETF沽6月3351A,3.351,2021-06-23,2020-10-29,510050.XSHG,2021-06-23,PO
2470,10002873.XSHG,510050P2106A03500,50ETF沽6月3450A,3.45,2021-06-23,2020-10-29,510050.XSHG,2021-06-23,PO
2471,10002874.XSHG,510050P2106A03600,50ETF沽6月3549A,3.549,2021-06-23,2020-10-29,510050.XSHG,2021-06-23,PO
2472,10002875.XSHG,510050P2106A03700,50ETF沽6月3647A,3.647,2021-06-23,2020-10-29,510050.XSHG,2021-06-23,PO
2473,10002876.XSHG,510050P2106A03800,50ETF沽6月3746A,3.746,2021-06-23,2020-10-29,510050.XSHG,2021-06-23,PO
2474,10002895.XSHG,510050C2106A02950,50ETF购6月2908A,2.908,2021-06-23,2020-11-02,510050.XSHG,2021-06-23,CO
2475,10002896.XSHG,510050P2106A02950,50ETF沽6月2908A,2.908,2021-06-23,2020-11-02,510050.XSHG,2021-06-23,PO
2476,10002907.XSHG,510050C2011M03900,50ETF购11月3900,3.9,2020-11-25,2020-11-10,510050.XSHG,2020-11-25,CO
2477,10002908.XSHG,510050P2011M03900,50ETF沽11月3900,3.9,2020-11-25,2020-11-10,510050.XSHG,2020-11-25,PO
2478,10002909.XSHG,510050C2103A03900,50ETF购3月3844A,3.844,2021-03-24,2020-11-10,510050.XSHG,2021-03-24,CO
2479,10002910.XSHG,510050P2103A03900,50ETF沽3月3844A,3.844,2021-03-24,2020-11-10,510050.XSHG,2021-03-24,PO
2480,10002911.XSHG,510050C2106A03900,50ETF购6月3844A,3.844,2021-06-23,2020-11-10,510050.XSHG,2021-06-23,CO
2481,10002912.XSHG,510050P2106A03900,50ETF沽6月3844A,3.844,2021-06-23,2020-11-10,510050.XSHG,2021-06-23,PO
2482,10002913.XSHG,510050C2101A03100,50ETF购1月3056A,3.056,2021-01-27,2020-11-26,510050.XSHG,2021-01-27,CO
2483,10002914.XSHG,510050C2101A03200,50ETF购1月3154A,3.154,2021-01-27,2020-11-26,510050.XSHG,2021-01-27,CO
2484,10002915.XSHG,510050C2101A03300,50ETF购1月3253A,3.253,2021-01-27,2020-11-26,510050.XSHG,2021-01-27,CO
2485,10002916.XSHG,510050C2101A03400,50ETF购1月3351A,3.351,2021-01-27,2020-11-26,510050.XSHG,2021-01-27,CO
2486,10002917.XSHG,510050C2101A03500,50ETF购1月3450A,3.45,2021-01-27,2020-11-26,510050.XSHG,2021-01-27,CO
2487,10002918.XSHG,510050C2101A03600,50ETF购1月3549A,3.549,2021-01-27,2020-11-26,510050.XSHG,2021-01-27,CO
2488,10002919.XSHG,510050C2101A03700,50ETF购1月3647A,3.647,2021-01-27,2020-11-26,510050.XSHG,2021-01-27,CO
2489,10002920.XSHG,510050C2101A03800,50ETF购1月3746A,3.746,2021-01-27,2020-11-26,510050.XSHG,2021-01-27,CO
2490,10002921.XSHG,510050C2101A03900,50ETF购1月3844A,3.844,2021-01-27,2020-11-26,510050.XSHG,2021-01-27,CO
2491,10002922.XSHG,510050P2101A03100,50ETF沽1月3056A,3.056,2021-01-27,2020-11-26,510050.XSHG,2021-01-27,PO
2492,10002923.XSHG,510050P2101A03200,50ETF沽1月3154A,3.154,2021-01-27,2020-11-26,510050.XSHG,2021-01-27,PO
2493,10002924.XSHG,510050P2101A03300,50ETF沽1月3253A,3.253,2021-01-27,2020-11-26,510050.XSHG,2021-01-27,PO
2494,10002925.XSHG,510050P2101A03400,50ETF沽1月3351A,3.351,2021-01-27,2020-11-26,510050.XSHG,2021-01-27,PO
2495,10002926.XSHG,510050P2101A03500,50ETF沽1月3450A,3.45,2021-01-27,2020-11-26,510050.XSHG,2021-01-27,PO
2496,10002927.XSHG,510050P2101A03600,50ETF沽1月3549A,3.549,2021-01-27,2020-11-26,510050.XSHG,2021-01-27,PO
2497,10002928.XSHG,510050P2101A03700,50ETF沽1月3647A,3.647,2021-01-27,2020-11-26,510050.XSHG,2021-01-27,PO
2498,10002929.XSHG,510050P2101A03800,50ETF沽1月3746A,3.746,2021-01-27,2020-11-26,510050.XSHG,2021-01-27,PO
2499,10002930.XSHG,510050P2101A03900,50ETF沽1月3844A,3.844,2021-01-27,2020-11-26,510050.XSHG,2021-01-27,PO
2500,10002949.XSHG,510050C2012M03100,50ETF购12月3100,3.1,2020-12-23,2020-11-30,510050.XSHG,2020-12-23,CO
2501,10002950.XSHG,510050C2012M03200,50ETF购12月3200,3.2,2020-12-23,2020-11-30,510050.XSHG,2020-12-23,CO
2502,10002951.XSHG,510050C2012M03300,50ETF购12月3300,3.3,2020-12-23,2020-11-30,510050.XSHG,2020-12-23,CO
2503,10002952.XSHG,510050C2012M03400,50ETF购12月3400,3.4,2020-12-23,2020-11-30,510050.XSHG,2020-12-23,CO
2504,10002953.XSHG,510050C2012M03500,50ETF购12月3500,3.5,2020-12-23,2020-11-30,510050.XSHG,2020-12-23,CO
2505,10002954.XSHG,510050C2012M03600,50ETF购12月3600,3.6,2020-12-23,2020-11-30,510050.XSHG,2020-12-23,CO
2506,10002955.XSHG,510050C2012M03700,50ETF购12月3700,3.7,2020-12-23,2020-11-30,510050.XSHG,2020-12-23,CO
2507,10002956.XSHG,510050C2012M03800,50ETF购12月3800,3.8,2020-12-23,2020-11-30,510050.XSHG,2020-12-23,CO
2508,10002957.XSHG,510050C2012M03900,50ETF购12月3900,3.9,2020-12-23,2020-11-30,510050.XSHG,2020-12-23,CO
2509,10002958.XSHG,510050P2012M03100,50ETF沽12月3100,3.1,2020-12-23,2020-11-30,510050.XSHG,2020-12-23,PO
2510,10002959.XSHG,510050P2012M03200,50ETF沽12月3200,3.2,2020-12-23,2020-11-30,510050.XSHG,2020-12-23,PO
2511,10002960.XSHG,510050P2012M03300,50ETF沽12月3300,3.3,2020-12-23,2020-11-30,510050.XSHG,2020-12-23,PO
2512,10002961.XSHG,510050P2012M03400,50ETF沽12月3400,3.4,2020-12-23,2020-11-30,510050.XSHG,2020-12-23,PO
2513,10002962.XSHG,510050P2012M03500,50ETF沽12月3500,3.5,2020-12-23,2020-11-30,510050.XSHG,2020-12-23,PO
2514,10002963.XSHG,510050P2012M03600,50ETF沽12月3600,3.6,2020-12-23,2020-11-30,510050.XSHG,2020-12-23,PO
2515,10002964.XSHG,510050P2012M03700,50ETF沽12月3700,3.7,2020-12-23,2020-11-30,510050.XSHG,2020-12-23,PO
2516,10002965.XSHG,510050P2012M03800,50ETF沽12月3800,3.8,2020-12-23,2020-11-30,510050.XSHG,2020-12-23,PO
2517,10002966.XSHG,510050P2012M03900,50ETF沽12月3900,3.9,2020-12-23,2020-11-30,510050.XSHG,2020-12-23,PO
2518,10002967.XSHG,510050C2101M03100,50ETF购1月3100,3.1,2021-01-27,2020-11-30,510050.XSHG,2021-01-27,CO
2519,10002968.XSHG,510050C2101M03200,50ETF购1月3200,3.2,2021-01-27,2020-11-30,510050.XSHG,2021-01-27,CO
2520,10002969.XSHG,510050C2101M03300,50ETF购1月3300,3.3,2021-01-27,2020-11-30,510050.XSHG,2021-01-27,CO
2521,10002970.XSHG,510050C2101M03400,50ETF购1月3400,3.4,2021-01-27,2020-11-30,510050.XSHG,2021-01-27,CO
2522,10002971.XSHG,510050C2101M03500,50ETF购1月3500,3.5,2021-01-27,2020-11-30,510050.XSHG,2021-01-27,CO
2523,10002972.XSHG,510050C2101M03600,50ETF购1月3600,3.6,2021-01-27,2020-11-30,510050.XSHG,2021-01-27,CO
2524,10002973.XSHG,510050C2101M03700,50ETF购1月3700,3.7,2021-01-27,2020-11-30,510050.XSHG,2021-01-27,CO
2525,10002974.XSHG,510050C2101M03800,50ETF购1月3800,3.8,2021-01-27,2020-11-30,510050.XSHG,2021-01-27,CO
2526,10002975.XSHG,510050C2101M03900,50ETF购1月3900,3.9,2021-01-27,2020-11-30,510050.XSHG,2021-01-27,CO
2527,10002976.XSHG,510050P2101M03100,50ETF沽1月3100,3.1,2021-01-27,2020-11-30,510050.XSHG,2021-01-27,PO
2528,10002977.XSHG,510050P2101M03200,50ETF沽1月3200,3.2,2021-01-27,2020-11-30,510050.XSHG,2021-01-27,PO
2529,10002978.XSHG,510050P2101M03300,50ETF沽1月3300,3.3,2021-01-27,2020-11-30,510050.XSHG,2021-01-27,PO
2530,10002979.XSHG,510050P2101M03400,50ETF沽1月3400,3.4,2021-01-27,2020-11-30,510050.XSHG,2021-01-27,PO
2531,10002980.XSHG,510050P2101M03500,50ETF沽1月3500,3.5,2021-01-27,2020-11-30,510050.XSHG,2021-01-27,PO
2532,10002981.XSHG,510050P2101M03600,50ETF沽1月3600,3.6,2021-01-27,2020-11-30,510050.XSHG,2021-01-27,PO
2533,10002982.XSHG,510050P2101M03700,50ETF沽1月3700,3.7,2021-01-27,2020-11-30,510050.XSHG,2021-01-27,PO
2534,10002983.XSHG,510050P2101M03800,50ETF沽1月3800,3.8,2021-01-27,2020-11-30,510050.XSHG,2021-01-27,PO
2535,10002984.XSHG,510050P2101M03900,50ETF沽1月3900,3.9,2021-01-27,2020-11-30,510050.XSHG,2021-01-27,PO
2536,10002985.XSHG,510050C2103M03100,50ETF购3月3100,3.1,2021-03-24,2020-11-30,510050.XSHG,2021-03-24,CO
2537,10002986.XSHG,510050C2103M03200,50ETF购3月3200,3.2,2021-03-24,2020-11-30,510050.XSHG,2021-03-24,CO
2538,10002987.XSHG,510050C2103M03300,50ETF购3月3300,3.3,2021-03-24,2020-11-30,510050.XSHG,2021-03-24,CO
2539,10002988.XSHG,510050C2103M03400,50ETF购3月3400,3.4,2021-03-24,2020-11-30,510050.XSHG,2021-03-24,CO
2540,10002989.XSHG,510050C2103M03500,50ETF购3月3500,3.5,2021-03-24,2020-11-30,510050.XSHG,2021-03-24,CO
2541,10002990.XSHG,510050C2103M03600,50ETF购3月3600,3.6,2021-03-24,2020-11-30,510050.XSHG,2021-03-24,CO
2542,10002991.XSHG,510050C2103M03700,50ETF购3月3700,3.7,2021-03-24,2020-11-30,510050.XSHG,2021-03-24,CO
2543,10002992.XSHG,510050C2103M03800,50ETF购3月3800,3.8,2021-03-24,2020-11-30,510050.XSHG,2021-03-24,CO
2544,10002993.XSHG,510050C2103M03900,50ETF购3月3900,3.9,2021-03-24,2020-11-30,510050.XSHG,2021-03-24,CO
2545,10002994.XSHG,510050P2103M03100,50ETF沽3月3100,3.1,2021-03-24,2020-11-30,510050.XSHG,2021-03-24,PO
2546,10002995.XSHG,510050P2103M03200,50ETF沽3月3200,3.2,2021-03-24,2020-11-30,510050.XSHG,2021-03-24,PO
2547,10002996.XSHG,510050P2103M03300,50ETF沽3月3300,3.3,2021-03-24,2020-11-30,510050.XSHG,2021-03-24,PO
2548,10002997.XSHG,510050P2103M03400,50ETF沽3月3400,3.4,2021-03-24,2020-11-30,510050.XSHG,2021-03-24,PO
2549,10002998.XSHG,510050P2103M03500,50ETF沽3月3500,3.5,2021-03-24,2020-11-30,510050.XSHG,2021-03-24,PO
2550,10002999.XSHG,510050P2103M03600,50ETF沽3月3600,3.6,2021-03-24,2020-11-30,510050.XSHG,2021-03-24,PO
2551,10003000.XSHG,510050P2103M03700,50ETF沽3月3700,3.7,2021-03-24,2020-11-30,510050.XSHG,2021-03-24,PO
2552,10003001.XSHG,510050P2103M03800,50ETF沽3月3800,3.8,2021-03-24,2020-11-30,510050.XSHG,2021-03-24,PO
2553,10003002.XSHG,510050P2103M03900,50ETF沽3月3900,3.9,2021-03-24,2020-11-30,510050.XSHG,2021-03-24,PO
2554,10003003.XSHG,510050C2106M03100,50ETF购6月3100,3.1,2021-06-23,2020-11-30,510050.XSHG,2021-06-23,CO
2555,10003004.XSHG,510050C2106M03200,50ETF购6月3200,3.2,2021-06-23,2020-11-30,510050.XSHG,2021-06-23,CO
2556,10003005.XSHG,510050C2106M03300,50ETF购6月3300,3.3,2021-06-23,2020-11-30,510050.XSHG,2021-06-23,CO
2557,10003006.XSHG,510050C2106M03400,50ETF购6月3400,3.4,2021-06-23,2020-11-30,510050.XSHG,2021-06-23,CO
2558,10003007.XSHG,510050C2106M03500,50ETF购6月3500,3.5,2021-06-23,2020-11-30,510050.XSHG,2021-06-23,CO
2559,10003008.XSHG,510050C2106M03600,50ETF购6月3600,3.6,2021-06-23,2020-11-30,510050.XSHG,2021-06-23,CO
2560,10003009.XSHG,510050C2106M03700,50ETF购6月3700,3.7,2021-06-23,2020-11-30,510050.XSHG,2021-06-23,CO
2561,10003010.XSHG,510050C2106M03800,50ETF购6月3800,3.8,2021-06-23,2020-11-30,510050.XSHG,2021-06-23,CO
2562,10003011.XSHG,510050C2106M03900,50ETF购6月3900,3.9,2021-06-23,2020-11-30,510050.XSHG,2021-06-23,CO
2563,10003012.XSHG,510050P2106M03100,50ETF沽6月3100,3.1,2021-06-23,2020-11-30,510050.XSHG,2021-06-23,PO
2564,10003013.XSHG,510050P2106M03200,50ETF沽6月3200,3.2,2021-06-23,2020-11-30,510050.XSHG,2021-06-23,PO
2565,10003014.XSHG,510050P2106M03300,50ETF沽6月3300,3.3,2021-06-23,2020-11-30,510050.XSHG,2021-06-23,PO
2566,10003015.XSHG,510050P2106M03400,50ETF沽6月3400,3.4,2021-06-23,2020-11-30,510050.XSHG,2021-06-23,PO
2567,10003016.XSHG,510050P2106M03500,50ETF沽6月3500,3.5,2021-06-23,2020-11-30,510050.XSHG,2021-06-23,PO
2568,10003017.XSHG,510050P2106M03600,50ETF沽6月3600,3.6,2021-06-23,2020-11-30,510050.XSHG,2021-06-23,PO
2569,10003018.XSHG,510050P2106M03700,50ETF沽6月3700,3.7,2021-06-23,2020-11-30,510050.XSHG,2021-06-23,PO
2570,10003019.XSHG,510050P2106M03800,50ETF沽6月3800,3.8,2021-06-23,2020-11-30,510050.XSHG,2021-06-23,PO
2571,10003020.XSHG,510050P2106M03900,50ETF沽6月3900,3.9,2021-06-23,2020-11-30,510050.XSHG,2021-06-23,PO
2572,10003021.XSHG,510050C2012M04000,50ETF购12月4000,4.0,2020-12-23,2020-12-02,510050.XSHG,2020-12-23,CO
2573,10003022.XSHG,510050P2012M04000,50ETF沽12月4000,4.0,2020-12-23,2020-12-02,510050.XSHG,2020-12-23,PO
2574,10003023.XSHG,510050C2101M04000,50ETF购1月4000,4.0,2021-01-27,2020-12-02,510050.XSHG,2021-01-27,CO
2575,10003024.XSHG,510050P2101M04000,50ETF沽1月4000,4.0,2021-01-27,2020-12-02,510050.XSHG,2021-01-27,PO
2576,10003025.XSHG,510050C2103M04000,50ETF购3月4000,4.0,2021-03-24,2020-12-02,510050.XSHG,2021-03-24,CO
2577,10003026.XSHG,510050P2103M04000,50ETF沽3月4000,4.0,2021-03-24,2020-12-02,510050.XSHG,2021-03-24,PO
2578,10003027.XSHG,510050C2106M04000,50ETF购6月4000,4.0,2021-06-23,2020-12-02,510050.XSHG,2021-06-23,CO
2579,10003028.XSHG,510050P2106M04000,50ETF沽6月4000,4.0,2021-06-23,2020-12-02,510050.XSHG,2021-06-23,PO
2580,10003037.XSHG,510050C2012M03000,50ETF购12月3000,3.0,2020-12-23,2020-12-14,510050.XSHG,2020-12-23,CO
2581,10003038.XSHG,510050P2012M03000,50ETF沽12月3000,3.0,2020-12-23,2020-12-14,510050.XSHG,2020-12-23,PO
2582,10003039.XSHG,510050C2101M03000,50ETF购1月3000,3.0,2021-01-27,2020-12-14,510050.XSHG,2021-01-27,CO
2583,10003040.XSHG,510050P2101M03000,50ETF沽1月3000,3.0,2021-01-27,2020-12-14,510050.XSHG,2021-01-27,PO
2584,10003041.XSHG,510050C2103M03000,50ETF购3月3000,3.0,2021-03-24,2020-12-14,510050.XSHG,2021-03-24,CO
2585,10003042.XSHG,510050P2103M03000,50ETF沽3月3000,3.0,2021-03-24,2020-12-14,510050.XSHG,2021-03-24,PO
2586,10003043.XSHG,510050C2106M03000,50ETF购6月3000,3.0,2021-06-23,2020-12-14,510050.XSHG,2021-06-23,CO
2587,10003044.XSHG,510050P2106M03000,50ETF沽6月3000,3.0,2021-06-23,2020-12-14,510050.XSHG,2021-06-23,PO
2588,10003045.XSHG,510050C2102M03100,50ETF购2月3100,3.1,2021-02-24,2020-12-24,510050.XSHG,2021-02-24,CO
2589,10003046.XSHG,510050C2102M03200,50ETF购2月3200,3.2,2021-02-24,2020-12-24,510050.XSHG,2021-02-24,CO
2590,10003047.XSHG,510050C2102M03300,50ETF购2月3300,3.3,2021-02-24,2020-12-24,510050.XSHG,2021-02-24,CO
2591,10003048.XSHG,510050C2102M03400,50ETF购2月3400,3.4,2021-02-24,2020-12-24,510050.XSHG,2021-02-24,CO
2592,10003049.XSHG,510050C2102M03500,50ETF购2月3500,3.5,2021-02-24,2020-12-24,510050.XSHG,2021-02-24,CO
2593,10003050.XSHG,510050C2102M03600,50ETF购2月3600,3.6,2021-02-24,2020-12-24,510050.XSHG,2021-02-24,CO
2594,10003051.XSHG,510050C2102M03700,50ETF购2月3700,3.7,2021-02-24,2020-12-24,510050.XSHG,2021-02-24,CO
2595,10003052.XSHG,510050C2102M03800,50ETF购2月3800,3.8,2021-02-24,2020-12-24,510050.XSHG,2021-02-24,CO
2596,10003053.XSHG,510050C2102M03900,50ETF购2月3900,3.9,2021-02-24,2020-12-24,510050.XSHG,2021-02-24,CO
2597,10003054.XSHG,510050P2102M03100,50ETF沽2月3100,3.1,2021-02-24,2020-12-24,510050.XSHG,2021-02-24,PO
2598,10003055.XSHG,510050P2102M03200,50ETF沽2月3200,3.2,2021-02-24,2020-12-24,510050.XSHG,2021-02-24,PO
2599,10003056.XSHG,510050P2102M03300,50ETF沽2月3300,3.3,2021-02-24,2020-12-24,510050.XSHG,2021-02-24,PO
2600,10003057.XSHG,510050P2102M03400,50ETF沽2月3400,3.4,2021-02-24,2020-12-24,510050.XSHG,2021-02-24,PO
2601,10003058.XSHG,510050P2102M03500,50ETF沽2月3500,3.5,2021-02-24,2020-12-24,510050.XSHG,2021-02-24,PO
2602,10003059.XSHG,510050P2102M03600,50ETF沽2月3600,3.6,2021-02-24,2020-12-24,510050.XSHG,2021-02-24,PO
2603,10003060.XSHG,510050P2102M03700,50ETF沽2月3700,3.7,2021-02-24,2020-12-24,510050.XSHG,2021-02-24,PO
2604,10003061.XSHG,510050P2102M03800,50ETF沽2月3800,3.8,2021-02-24,2020-12-24,510050.XSHG,2021-02-24,PO
2605,10003062.XSHG,510050P2102M03900,50ETF沽2月3900,3.9,2021-02-24,2020-12-24,510050.XSHG,2021-02-24,PO
2606,10003083.XSHG,510050C2102M04000,50ETF购2月4000,4.0,2021-02-24,2020-12-31,510050.XSHG,2021-02-24,CO
2607,10003084.XSHG,510050P2102M04000,50ETF沽2月4000,4.0,2021-02-24,2020-12-31,510050.XSHG,2021-02-24,PO
2608,10003085.XSHG,510050C2101M04100,50ETF购1月4100,4.1,2021-01-27,2021-01-06,510050.XSHG,2021-01-27,CO
2609,10003086.XSHG,510050P2101M04100,50ETF沽1月4100,4.1,2021-01-27,2021-01-06,510050.XSHG,2021-01-27,PO
2610,10003087.XSHG,510050C2102M04100,50ETF购2月4100,4.1,2021-02-24,2021-01-06,510050.XSHG,2021-02-24,CO
2611,10003088.XSHG,510050P2102M04100,50ETF沽2月4100,4.1,2021-02-24,2021-01-06,510050.XSHG,2021-02-24,PO
2612,10003089.XSHG,510050C2103M04100,50ETF购3月4100,4.1,2021-03-24,2021-01-06,510050.XSHG,2021-03-24,CO
2613,10003090.XSHG,510050P2103M04100,50ETF沽3月4100,4.1,2021-03-24,2021-01-06,510050.XSHG,2021-03-24,PO
2614,10003091.XSHG,510050C2106M04100,50ETF购6月4100,4.1,2021-06-23,2021-01-06,510050.XSHG,2021-06-23,CO
2615,10003092.XSHG,510050P2106M04100,50ETF沽6月4100,4.1,2021-06-23,2021-01-06,510050.XSHG,2021-06-23,PO
2616,10003101.XSHG,510050C2101M04200,50ETF购1月4200,4.2,2021-01-27,2021-01-08,510050.XSHG,2021-01-27,CO
2617,10003102.XSHG,510050P2101M04200,50ETF沽1月4200,4.2,2021-01-27,2021-01-08,510050.XSHG,2021-01-27,PO
2618,10003103.XSHG,510050C2102M04200,50ETF购2月4200,4.2,2021-02-24,2021-01-08,510050.XSHG,2021-02-24,CO
2619,10003104.XSHG,510050P2102M04200,50ETF沽2月4200,4.2,2021-02-24,2021-01-08,510050.XSHG,2021-02-24,PO
2620,10003105.XSHG,510050C2103M04200,50ETF购3月4200,4.2,2021-03-24,2021-01-08,510050.XSHG,2021-03-24,CO
2621,10003106.XSHG,510050P2103M04200,50ETF沽3月4200,4.2,2021-03-24,2021-01-08,510050.XSHG,2021-03-24,PO
2622,10003107.XSHG,510050C2106M04200,50ETF购6月4200,4.2,2021-06-23,2021-01-08,510050.XSHG,2021-06-23,CO
2623,10003108.XSHG,510050P2106M04200,50ETF沽6月4200,4.2,2021-06-23,2021-01-08,510050.XSHG,2021-06-23,PO
2624,10003109.XSHG,510050C2101M04300,50ETF购1月4300,4.3,2021-01-27,2021-01-13,510050.XSHG,2021-01-27,CO
2625,10003110.XSHG,510050P2101M04300,50ETF沽1月4300,4.3,2021-01-27,2021-01-13,510050.XSHG,2021-01-27,PO
2626,10003111.XSHG,510050C2102M04300,50ETF购2月4300,4.3,2021-02-24,2021-01-13,510050.XSHG,2021-02-24,CO
2627,10003112.XSHG,510050P2102M04300,50ETF沽2月4300,4.3,2021-02-24,2021-01-13,510050.XSHG,2021-02-24,PO
2628,10003113.XSHG,510050C2103M04300,50ETF购3月4300,4.3,2021-03-24,2021-01-13,510050.XSHG,2021-03-24,CO
2629,10003114.XSHG,510050P2103M04300,50ETF沽3月4300,4.3,2021-03-24,2021-01-13,510050.XSHG,2021-03-24,PO
2630,10003115.XSHG,510050C2106M04300,50ETF购6月4300,4.3,2021-06-23,2021-01-13,510050.XSHG,2021-06-23,CO
2631,10003116.XSHG,510050P2106M04300,50ETF沽6月4300,4.3,2021-06-23,2021-01-13,510050.XSHG,2021-06-23,PO
2632,10003205.XSHG,510050C2109M03400,50ETF购9月3400,3.4,2021-09-22,2021-01-28,510050.XSHG,2021-09-22,CO
2633,10003206.XSHG,510050C2109M03500,50ETF购9月3500,3.5,2021-09-22,2021-01-28,510050.XSHG,2021-09-22,CO
2634,10003207.XSHG,510050C2109M03600,50ETF购9月3600,3.6,2021-09-22,2021-01-28,510050.XSHG,2021-09-22,CO
2635,10003208.XSHG,510050C2109M03700,50ETF购9月3700,3.7,2021-09-22,2021-01-28,510050.XSHG,2021-09-22,CO
2636,10003209.XSHG,510050C2109M03800,50ETF购9月3800,3.8,2021-09-22,2021-01-28,510050.XSHG,2021-09-22,CO
2637,10003210.XSHG,510050C2109M03900,50ETF购9月3900,3.9,2021-09-22,2021-01-28,510050.XSHG,2021-09-22,CO
2638,10003211.XSHG,510050C2109M04000,50ETF购9月4000,4.0,2021-09-22,2021-01-28,510050.XSHG,2021-09-22,CO
2639,10003212.XSHG,510050C2109M04100,50ETF购9月4100,4.1,2021-09-22,2021-01-28,510050.XSHG,2021-09-22,CO
2640,10003213.XSHG,510050C2109M04200,50ETF购9月4200,4.2,2021-09-22,2021-01-28,510050.XSHG,2021-09-22,CO
2641,10003214.XSHG,510050P2109M03400,50ETF沽9月3400,3.4,2021-09-22,2021-01-28,510050.XSHG,2021-09-22,PO
2642,10003215.XSHG,510050P2109M03500,50ETF沽9月3500,3.5,2021-09-22,2021-01-28,510050.XSHG,2021-09-22,PO
2643,10003216.XSHG,510050P2109M03600,50ETF沽9月3600,3.6,2021-09-22,2021-01-28,510050.XSHG,2021-09-22,PO
2644,10003217.XSHG,510050P2109M03700,50ETF沽9月3700,3.7,2021-09-22,2021-01-28,510050.XSHG,2021-09-22,PO
2645,10003218.XSHG,510050P2109M03800,50ETF沽9月3800,3.8,2021-09-22,2021-01-28,510050.XSHG,2021-09-22,PO
2646,10003219.XSHG,510050P2109M03900,50ETF沽9月3900,3.9,2021-09-22,2021-01-28,510050.XSHG,2021-09-22,PO
2647,10003220.XSHG,510050P2109M04000,50ETF沽9月4000,4.0,2021-09-22,2021-01-28,510050.XSHG,2021-09-22,PO
2648,10003221.XSHG,510050P2109M04100,50ETF沽9月4100,4.1,2021-09-22,2021-01-28,510050.XSHG,2021-09-22,PO
2649,10003222.XSHG,510050P2109M04200,50ETF沽9月4200,4.2,2021-09-22,2021-01-28,510050.XSHG,2021-09-22,PO
2650,10003241.XSHG,510050C2109M03300,50ETF购9月3300,3.3,2021-09-22,2021-01-29,510050.XSHG,2021-09-22,CO
2651,10003242.XSHG,510050P2109M03300,50ETF沽9月3300,3.3,2021-09-22,2021-01-29,510050.XSHG,2021-09-22,PO
2652,10003251.XSHG,510050C2109M04300,50ETF购9月4300,4.3,2021-09-22,2021-02-09,510050.XSHG,2021-09-22,CO
2653,10003252.XSHG,510050P2109M04300,50ETF沽9月4300,4.3,2021-09-22,2021-02-09,510050.XSHG,2021-09-22,PO
2654,10003255.XSHG,510050C2102M04400,50ETF购2月4400,4.4,2021-02-24,2021-02-18,510050.XSHG,2021-02-24,CO
2655,10003256.XSHG,510050P2102M04400,50ETF沽2月4400,4.4,2021-02-24,2021-02-18,510050.XSHG,2021-02-24,PO
2656,10003257.XSHG,510050C2103M04400,50ETF购3月4400,4.4,2021-03-24,2021-02-18,510050.XSHG,2021-03-24,CO
2657,10003258.XSHG,510050P2103M04400,50ETF沽3月4400,4.4,2021-03-24,2021-02-18,510050.XSHG,2021-03-24,PO
2658,10003259.XSHG,510050C2106M04400,50ETF购6月4400,4.4,2021-06-23,2021-02-18,510050.XSHG,2021-06-23,CO
2659,10003260.XSHG,510050P2106M04400,50ETF沽6月4400,4.4,2021-06-23,2021-02-18,510050.XSHG,2021-06-23,PO
2660,10003261.XSHG,510050C2109M04400,50ETF购9月4400,4.4,2021-09-22,2021-02-18,510050.XSHG,2021-09-22,CO
2661,10003262.XSHG,510050P2109M04400,50ETF沽9月4400,4.4,2021-09-22,2021-02-18,510050.XSHG,2021-09-22,PO
2662,10003263.XSHG,510050C2104M03400,50ETF购4月3400,3.4,2021-04-28,2021-02-25,510050.XSHG,2021-04-28,CO
2663,10003264.XSHG,510050C2104M03500,50ETF购4月3500,3.5,2021-04-28,2021-02-25,510050.XSHG,2021-04-28,CO
2664,10003265.XSHG,510050C2104M03600,50ETF购4月3600,3.6,2021-04-28,2021-02-25,510050.XSHG,2021-04-28,CO
2665,10003266.XSHG,510050C2104M03700,50ETF购4月3700,3.7,2021-04-28,2021-02-25,510050.XSHG,2021-04-28,CO
2666,10003267.XSHG,510050C2104M03800,50ETF购4月3800,3.8,2021-04-28,2021-02-25,510050.XSHG,2021-04-28,CO
2667,10003268.XSHG,510050C2104M03900,50ETF购4月3900,3.9,2021-04-28,2021-02-25,510050.XSHG,2021-04-28,CO
2668,10003269.XSHG,510050C2104M04000,50ETF购4月4000,4.0,2021-04-28,2021-02-25,510050.XSHG,2021-04-28,CO
2669,10003270.XSHG,510050C2104M04100,50ETF购4月4100,4.1,2021-04-28,2021-02-25,510050.XSHG,2021-04-28,CO
2670,10003271.XSHG,510050C2104M04200,50ETF购4月4200,4.2,2021-04-28,2021-02-25,510050.XSHG,2021-04-28,CO
2671,10003272.XSHG,510050P2104M03400,50ETF沽4月3400,3.4,2021-04-28,2021-02-25,510050.XSHG,2021-04-28,PO
2672,10003273.XSHG,510050P2104M03500,50ETF沽4月3500,3.5,2021-04-28,2021-02-25,510050.XSHG,2021-04-28,PO
2673,10003274.XSHG,510050P2104M03600,50ETF沽4月3600,3.6,2021-04-28,2021-02-25,510050.XSHG,2021-04-28,PO
2674,10003275.XSHG,510050P2104M03700,50ETF沽4月3700,3.7,2021-04-28,2021-02-25,510050.XSHG,2021-04-28,PO
2675,10003276.XSHG,510050P2104M03800,50ETF沽4月3800,3.8,2021-04-28,2021-02-25,510050.XSHG,2021-04-28,PO
2676,10003277.XSHG,510050P2104M03900,50ETF沽4月3900,3.9,2021-04-28,2021-02-25,510050.XSHG,2021-04-28,PO
2677,10003278.XSHG,510050P2104M04000,50ETF沽4月4000,4.0,2021-04-28,2021-02-25,510050.XSHG,2021-04-28,PO
2678,10003279.XSHG,510050P2104M04100,50ETF沽4月4100,4.1,2021-04-28,2021-02-25,510050.XSHG,2021-04-28,PO
2679,10003280.XSHG,510050P2104M04200,50ETF沽4月4200,4.2,2021-04-28,2021-02-25,510050.XSHG,2021-04-28,PO
2680,10003299.XSHG,510050C2104M03300,50ETF购4月3300,3.3,2021-04-28,2021-03-01,510050.XSHG,2021-04-28,CO
2681,10003300.XSHG,510050P2104M03300,50ETF沽4月3300,3.3,2021-04-28,2021-03-01,510050.XSHG,2021-04-28,PO
2682,10003303.XSHG,510050C2104M03200,50ETF购4月3200,3.2,2021-04-28,2021-03-09,510050.XSHG,2021-04-28,CO
2683,10003304.XSHG,510050P2104M03200,50ETF沽4月3200,3.2,2021-04-28,2021-03-09,510050.XSHG,2021-04-28,PO
2684,10003305.XSHG,510050C2109M03200,50ETF购9月3200,3.2,2021-09-22,2021-03-09,510050.XSHG,2021-09-22,CO
2685,10003306.XSHG,510050P2109M03200,50ETF沽9月3200,3.2,2021-09-22,2021-03-09,510050.XSHG,2021-09-22,PO
2686,10003315.XSHG,510050C2104M03100,50ETF购4月3100,3.1,2021-04-28,2021-03-10,510050.XSHG,2021-04-28,CO
2687,10003316.XSHG,510050P2104M03100,50ETF沽4月3100,3.1,2021-04-28,2021-03-10,510050.XSHG,2021-04-28,PO
2688,10003317.XSHG,510050C2109M03100,50ETF购9月3100,3.1,2021-09-22,2021-03-10,510050.XSHG,2021-09-22,CO
2689,10003318.XSHG,510050P2109M03100,50ETF沽9月3100,3.1,2021-09-22,2021-03-10,510050.XSHG,2021-09-22,PO
2690,10003325.XSHG,510050C2105M03100,50ETF购5月3100,3.1,2021-05-26,2021-03-25,510050.XSHG,2021-05-26,CO
2691,10003326.XSHG,510050C2105M03200,50ETF购5月3200,3.2,2021-05-26,2021-03-25,510050.XSHG,2021-05-26,CO
2692,10003327.XSHG,510050C2105M03300,50ETF购5月3300,3.3,2021-05-26,2021-03-25,510050.XSHG,2021-05-26,CO
2693,10003328.XSHG,510050C2105M03400,50ETF购5月3400,3.4,2021-05-26,2021-03-25,510050.XSHG,2021-05-26,CO
2694,10003329.XSHG,510050C2105M03500,50ETF购5月3500,3.5,2021-05-26,2021-03-25,510050.XSHG,2021-05-26,CO
2695,10003330.XSHG,510050C2105M03600,50ETF购5月3600,3.6,2021-05-26,2021-03-25,510050.XSHG,2021-05-26,CO
2696,10003331.XSHG,510050C2105M03700,50ETF购5月3700,3.7,2021-05-26,2021-03-25,510050.XSHG,2021-05-26,CO
2697,10003332.XSHG,510050C2105M03800,50ETF购5月3800,3.8,2021-05-26,2021-03-25,510050.XSHG,2021-05-26,CO
2698,10003333.XSHG,510050C2105M03900,50ETF购5月3900,3.9,2021-05-26,2021-03-25,510050.XSHG,2021-05-26,CO
2699,10003334.XSHG,510050P2105M03100,50ETF沽5月3100,3.1,2021-05-26,2021-03-25,510050.XSHG,2021-05-26,PO
2700,10003335.XSHG,510050P2105M03200,50ETF沽5月3200,3.2,2021-05-26,2021-03-25,510050.XSHG,2021-05-26,PO
2701,10003336.XSHG,510050P2105M03300,50ETF沽5月3300,3.3,2021-05-26,2021-03-25,510050.XSHG,2021-05-26,PO
2702,10003337.XSHG,510050P2105M03400,50ETF沽5月3400,3.4,2021-05-26,2021-03-25,510050.XSHG,2021-05-26,PO
2703,10003338.XSHG,510050P2105M03500,50ETF沽5月3500,3.5,2021-05-26,2021-03-25,510050.XSHG,2021-05-26,PO
2704,10003339.XSHG,510050P2105M03600,50ETF沽5月3600,3.6,2021-05-26,2021-03-25,510050.XSHG,2021-05-26,PO
2705,10003340.XSHG,510050P2105M03700,50ETF沽5月3700,3.7,2021-05-26,2021-03-25,510050.XSHG,2021-05-26,PO
2706,10003341.XSHG,510050P2105M03800,50ETF沽5月3800,3.8,2021-05-26,2021-03-25,510050.XSHG,2021-05-26,PO
2707,10003342.XSHG,510050P2105M03900,50ETF沽5月3900,3.9,2021-05-26,2021-03-25,510050.XSHG,2021-05-26,PO
2708,10003363.XSHG,510050C2105M04000,50ETF购5月4000,4.0,2021-05-26,2021-03-31,510050.XSHG,2021-05-26,CO
2709,10003364.XSHG,510050P2105M04000,50ETF沽5月4000,4.0,2021-05-26,2021-03-31,510050.XSHG,2021-05-26,PO
2710,10003367.XSHG,510050C2104M03000,50ETF购4月3000,3.0,2021-04-28,2021-04-16,510050.XSHG,2021-04-28,CO
2711,10003368.XSHG,510050P2104M03000,50ETF沽4月3000,3.0,2021-04-28,2021-04-16,510050.XSHG,2021-04-28,PO
2712,10003369.XSHG,510050C2105M03000,50ETF购5月3000,3.0,2021-05-26,2021-04-16,510050.XSHG,2021-05-26,CO
2713,10003370.XSHG,510050P2105M03000,50ETF沽5月3000,3.0,2021-05-26,2021-04-16,510050.XSHG,2021-05-26,PO
2714,10003371.XSHG,510050C2109M03000,50ETF购9月3000,3.0,2021-09-22,2021-04-16,510050.XSHG,2021-09-22,CO
2715,10003372.XSHG,510050P2109M03000,50ETF沽9月3000,3.0,2021-09-22,2021-04-16,510050.XSHG,2021-09-22,PO
2716,10003373.XSHG,510050C2112A03100,50ETF购12月3061A,3.061,2021-12-22,2021-04-29,510050.XSHG,2021-12-22,CO
2717,10003374.XSHG,510050C2112A03200,50ETF购12月3159A,3.159,2021-12-22,2021-04-29,510050.XSHG,2021-12-22,CO
2718,10003375.XSHG,510050C2112A03300,50ETF购12月3258A,3.258,2021-12-22,2021-04-29,510050.XSHG,2021-12-22,CO
2719,10003376.XSHG,510050C2112A03400,50ETF购12月3357A,3.357,2021-12-22,2021-04-29,510050.XSHG,2021-12-22,CO
2720,10003377.XSHG,510050C2112A03500,50ETF购12月3455A,3.455,2021-12-22,2021-04-29,510050.XSHG,2021-12-22,CO
2721,10003378.XSHG,510050C2112A03600,50ETF购12月3554A,3.554,2021-12-22,2021-04-29,510050.XSHG,2021-12-22,CO
2722,10003379.XSHG,510050C2112A03700,50ETF购12月3653A,3.653,2021-12-22,2021-04-29,510050.XSHG,2021-12-22,CO
2723,10003380.XSHG,510050C2112A03800,50ETF购12月3752A,3.752,2021-12-22,2021-04-29,510050.XSHG,2021-12-22,CO
2724,10003381.XSHG,510050C2112A03900,50ETF购12月3850A,3.85,2021-12-22,2021-04-29,510050.XSHG,2021-12-22,CO
2725,10003382.XSHG,510050P2112A03100,50ETF沽12月3061A,3.061,2021-12-22,2021-04-29,510050.XSHG,2021-12-22,PO
2726,10003383.XSHG,510050P2112A03200,50ETF沽12月3159A,3.159,2021-12-22,2021-04-29,510050.XSHG,2021-12-22,PO
2727,10003384.XSHG,510050P2112A03300,50ETF沽12月3258A,3.258,2021-12-22,2021-04-29,510050.XSHG,2021-12-22,PO
2728,10003385.XSHG,510050P2112A03400,50ETF沽12月3357A,3.357,2021-12-22,2021-04-29,510050.XSHG,2021-12-22,PO
2729,10003386.XSHG,510050P2112A03500,50ETF沽12月3455A,3.455,2021-12-22,2021-04-29,510050.XSHG,2021-12-22,PO
2730,10003387.XSHG,510050P2112A03600,50ETF沽12月3554A,3.554,2021-12-22,2021-04-29,510050.XSHG,2021-12-22,PO
2731,10003388.XSHG,510050P2112A03700,50ETF沽12月3653A,3.653,2021-12-22,2021-04-29,510050.XSHG,2021-12-22,PO
2732,10003389.XSHG,510050P2112A03800,50ETF沽12月3752A,3.752,2021-12-22,2021-04-29,510050.XSHG,2021-12-22,PO
2733,10003390.XSHG,510050P2112A03900,50ETF沽12月3850A,3.85,2021-12-22,2021-04-29,510050.XSHG,2021-12-22,PO
2734,10003409.XSHG,510050C2112A03000,50ETF购12月2962A,2.962,2021-12-22,2021-05-07,510050.XSHG,2021-12-22,CO
2735,10003410.XSHG,510050P2112A03000,50ETF沽12月2962A,2.962,2021-12-22,2021-05-07,510050.XSHG,2021-12-22,PO
2736,10003413.XSHG,510050C2112A04000,50ETF购12月3949A,3.949,2021-12-22,2021-05-26,510050.XSHG,2021-12-22,CO
2737,10003414.XSHG,510050P2112A04000,50ETF沽12月3949A,3.949,2021-12-22,2021-05-26,510050.XSHG,2021-12-22,PO
2738,10003415.XSHG,510050C2107M03200,50ETF购7月3200,3.2,2021-07-28,2021-05-27,510050.XSHG,2021-07-28,CO
2739,10003416.XSHG,510050C2107M03300,50ETF购7月3300,3.3,2021-07-28,2021-05-27,510050.XSHG,2021-07-28,CO
2740,10003417.XSHG,510050C2107M03400,50ETF购7月3400,3.4,2021-07-28,2021-05-27,510050.XSHG,2021-07-28,CO
2741,10003418.XSHG,510050C2107M03500,50ETF购7月3500,3.5,2021-07-28,2021-05-27,510050.XSHG,2021-07-28,CO
2742,10003419.XSHG,510050C2107M03600,50ETF购7月3600,3.6,2021-07-28,2021-05-27,510050.XSHG,2021-07-28,CO
2743,10003420.XSHG,510050C2107M03700,50ETF购7月3700,3.7,2021-07-28,2021-05-27,510050.XSHG,2021-07-28,CO
2744,10003421.XSHG,510050C2107M03800,50ETF购7月3800,3.8,2021-07-28,2021-05-27,510050.XSHG,2021-07-28,CO
2745,10003422.XSHG,510050C2107M03900,50ETF购7月3900,3.9,2021-07-28,2021-05-27,510050.XSHG,2021-07-28,CO
2746,10003423.XSHG,510050C2107M04000,50ETF购7月4000,4.0,2021-07-28,2021-05-27,510050.XSHG,2021-07-28,CO
2747,10003424.XSHG,510050P2107M03200,50ETF沽7月3200,3.2,2021-07-28,2021-05-27,510050.XSHG,2021-07-28,PO
2748,10003425.XSHG,510050P2107M03300,50ETF沽7月3300,3.3,2021-07-28,2021-05-27,510050.XSHG,2021-07-28,PO
2749,10003426.XSHG,510050P2107M03400,50ETF沽7月3400,3.4,2021-07-28,2021-05-27,510050.XSHG,2021-07-28,PO
2750,10003427.XSHG,510050P2107M03500,50ETF沽7月3500,3.5,2021-07-28,2021-05-27,510050.XSHG,2021-07-28,PO
2751,10003428.XSHG,510050P2107M03600,50ETF沽7月3600,3.6,2021-07-28,2021-05-27,510050.XSHG,2021-07-28,PO
2752,10003429.XSHG,510050P2107M03700,50ETF沽7月3700,3.7,2021-07-28,2021-05-27,510050.XSHG,2021-07-28,PO
2753,10003430.XSHG,510050P2107M03800,50ETF沽7月3800,3.8,2021-07-28,2021-05-27,510050.XSHG,2021-07-28,PO
2754,10003431.XSHG,510050P2107M03900,50ETF沽7月3900,3.9,2021-07-28,2021-05-27,510050.XSHG,2021-07-28,PO
2755,10003432.XSHG,510050P2107M04000,50ETF沽7月4000,4.0,2021-07-28,2021-05-27,510050.XSHG,2021-07-28,PO
2756,10003451.XSHG,510050C2107M04100,50ETF购7月4100,4.1,2021-07-28,2021-05-28,510050.XSHG,2021-07-28,CO
2757,10003452.XSHG,510050P2107M04100,50ETF沽7月4100,4.1,2021-07-28,2021-05-28,510050.XSHG,2021-07-28,PO
2758,10003453.XSHG,510050C2112A04100,50ETF购12月4048A,4.048,2021-12-22,2021-05-28,510050.XSHG,2021-12-22,CO
2759,10003454.XSHG,510050P2112A04100,50ETF沽12月4048A,4.048,2021-12-22,2021-05-28,510050.XSHG,2021-12-22,PO
2760,10003455.XSHG,510050C2107M03100,50ETF购7月3100,3.1,2021-07-28,2021-06-16,510050.XSHG,2021-07-28,CO
2761,10003456.XSHG,510050P2107M03100,50ETF沽7月3100,3.1,2021-07-28,2021-06-16,510050.XSHG,2021-07-28,PO
2762,10003459.XSHG,510050C2107M03000,50ETF购7月3000,3.0,2021-07-28,2021-06-22,510050.XSHG,2021-07-28,CO
2763,10003460.XSHG,510050P2107M03000,50ETF沽7月3000,3.0,2021-07-28,2021-06-22,510050.XSHG,2021-07-28,PO
2764,10003461.XSHG,510050C2108M03100,50ETF购8月3100,3.1,2021-08-25,2021-06-24,510050.XSHG,2021-08-25,CO
2765,10003462.XSHG,510050C2108M03200,50ETF购8月3200,3.2,2021-08-25,2021-06-24,510050.XSHG,2021-08-25,CO
2766,10003463.XSHG,510050C2108M03300,50ETF购8月3300,3.3,2021-08-25,2021-06-24,510050.XSHG,2021-08-25,CO
2767,10003464.XSHG,510050C2108M03400,50ETF购8月3400,3.4,2021-08-25,2021-06-24,510050.XSHG,2021-08-25,CO
2768,10003465.XSHG,510050C2108M03500,50ETF购8月3500,3.5,2021-08-25,2021-06-24,510050.XSHG,2021-08-25,CO
2769,10003466.XSHG,510050C2108M03600,50ETF购8月3600,3.6,2021-08-25,2021-06-24,510050.XSHG,2021-08-25,CO
2770,10003467.XSHG,510050C2108M03700,50ETF购8月3700,3.7,2021-08-25,2021-06-24,510050.XSHG,2021-08-25,CO
2771,10003468.XSHG,510050C2108M03800,50ETF购8月3800,3.8,2021-08-25,2021-06-24,510050.XSHG,2021-08-25,CO
2772,10003469.XSHG,510050C2108M03900,50ETF购8月3900,3.9,2021-08-25,2021-06-24,510050.XSHG,2021-08-25,CO
2773,10003470.XSHG,510050P2108M03100,50ETF沽8月3100,3.1,2021-08-25,2021-06-24,510050.XSHG,2021-08-25,PO
2774,10003471.XSHG,510050P2108M03200,50ETF沽8月3200,3.2,2021-08-25,2021-06-24,510050.XSHG,2021-08-25,PO
2775,10003472.XSHG,510050P2108M03300,50ETF沽8月3300,3.3,2021-08-25,2021-06-24,510050.XSHG,2021-08-25,PO
2776,10003473.XSHG,510050P2108M03400,50ETF沽8月3400,3.4,2021-08-25,2021-06-24,510050.XSHG,2021-08-25,PO
2777,10003474.XSHG,510050P2108M03500,50ETF沽8月3500,3.5,2021-08-25,2021-06-24,510050.XSHG,2021-08-25,PO
2778,10003475.XSHG,510050P2108M03600,50ETF沽8月3600,3.6,2021-08-25,2021-06-24,510050.XSHG,2021-08-25,PO
2779,10003476.XSHG,510050P2108M03700,50ETF沽8月3700,3.7,2021-08-25,2021-06-24,510050.XSHG,2021-08-25,PO
2780,10003477.XSHG,510050P2108M03800,50ETF沽8月3800,3.8,2021-08-25,2021-06-24,510050.XSHG,2021-08-25,PO
2781,10003478.XSHG,510050P2108M03900,50ETF沽8月3900,3.9,2021-08-25,2021-06-24,510050.XSHG,2021-08-25,PO
2782,10003497.XSHG,510050C2108M03000,50ETF购8月3000,3.0,2021-08-25,2021-07-05,510050.XSHG,2021-08-25,CO
2783,10003498.XSHG,510050P2108M03000,50ETF沽8月3000,3.0,2021-08-25,2021-07-05,510050.XSHG,2021-08-25,PO
2784,10003501.XSHG,510050C2107M02950,50ETF购7月2950,2.95,2021-07-28,2021-07-27,510050.XSHG,2021-07-28,CO
2785,10003502.XSHG,510050P2107M02950,50ETF沽7月2950,2.95,2021-07-28,2021-07-27,510050.XSHG,2021-07-28,PO
2786,10003503.XSHG,510050C2108M02950,50ETF购8月2950,2.95,2021-08-25,2021-07-27,510050.XSHG,2021-08-25,CO
2787,10003504.XSHG,510050P2108M02950,50ETF沽8月2950,2.95,2021-08-25,2021-07-27,510050.XSHG,2021-08-25,PO
2788,10003505.XSHG,510050C2109M02950,50ETF购9月2950,2.95,2021-09-22,2021-07-27,510050.XSHG,2021-09-22,CO
2789,10003506.XSHG,510050P2109M02950,50ETF沽9月2950,2.95,2021-09-22,2021-07-27,510050.XSHG,2021-09-22,PO
2790,10003507.XSHG,510050C2112A02950,50ETF购12月2912A,2.912,2021-12-22,2021-07-27,510050.XSHG,2021-12-22,CO
2791,10003508.XSHG,510050P2112A02950,50ETF沽12月2912A,2.912,2021-12-22,2021-07-27,510050.XSHG,2021-12-22,PO
2792,10003509.XSHG,510050C2107M02900,50ETF购7月2900,2.9,2021-07-28,2021-07-28,510050.XSHG,2021-07-28,CO
2793,10003510.XSHG,510050P2107M02900,50ETF沽7月2900,2.9,2021-07-28,2021-07-28,510050.XSHG,2021-07-28,PO
2794,10003511.XSHG,510050C2108M02900,50ETF购8月2900,2.9,2021-08-25,2021-07-28,510050.XSHG,2021-08-25,CO
2795,10003512.XSHG,510050P2108M02900,50ETF沽8月2900,2.9,2021-08-25,2021-07-28,510050.XSHG,2021-08-25,PO
2796,10003513.XSHG,510050C2109M02900,50ETF购9月2900,2.9,2021-09-22,2021-07-28,510050.XSHG,2021-09-22,CO
2797,10003514.XSHG,510050P2109M02900,50ETF沽9月2900,2.9,2021-09-22,2021-07-28,510050.XSHG,2021-09-22,PO
2798,10003515.XSHG,510050C2112A02900,50ETF购12月2863A,2.863,2021-12-22,2021-07-28,510050.XSHG,2021-12-22,CO
2799,10003516.XSHG,510050P2112A02900,50ETF沽12月2863A,2.863,2021-12-22,2021-07-28,510050.XSHG,2021-12-22,PO
2800,10003531.XSHG,510050C2203A02900,50ETF购3月2863A,2.863,2022-03-23,2021-07-29,510050.XSHG,2022-03-23,CO
2801,10003532.XSHG,510050C2203A02950,50ETF购3月2912A,2.912,2022-03-23,2021-07-29,510050.XSHG,2022-03-23,CO
2802,10003533.XSHG,510050C2203A03000,50ETF购3月2962A,2.962,2022-03-23,2021-07-29,510050.XSHG,2022-03-23,CO
2803,10003534.XSHG,510050C2203A03100,50ETF购3月3061A,3.061,2022-03-23,2021-07-29,510050.XSHG,2022-03-23,CO
2804,10003535.XSHG,510050C2203A03200,50ETF购3月3159A,3.159,2022-03-23,2021-07-29,510050.XSHG,2022-03-23,CO
2805,10003536.XSHG,510050C2203A03300,50ETF购3月3258A,3.258,2022-03-23,2021-07-29,510050.XSHG,2022-03-23,CO
2806,10003537.XSHG,510050C2203A03400,50ETF购3月3357A,3.357,2022-03-23,2021-07-29,510050.XSHG,2022-03-23,CO
2807,10003538.XSHG,510050C2203A03500,50ETF购3月3455A,3.455,2022-03-23,2021-07-29,510050.XSHG,2022-03-23,CO
2808,10003539.XSHG,510050C2203A03600,50ETF购3月3554A,3.554,2022-03-23,2021-07-29,510050.XSHG,2022-03-23,CO
2809,10003540.XSHG,510050P2203A02900,50ETF沽3月2863A,2.863,2022-03-23,2021-07-29,510050.XSHG,2022-03-23,PO
2810,10003541.XSHG,510050P2203A02950,50ETF沽3月2912A,2.912,2022-03-23,2021-07-29,510050.XSHG,2022-03-23,PO
2811,10003542.XSHG,510050P2203A03000,50ETF沽3月2962A,2.962,2022-03-23,2021-07-29,510050.XSHG,2022-03-23,PO
2812,10003543.XSHG,510050P2203A03100,50ETF沽3月3061A,3.061,2022-03-23,2021-07-29,510050.XSHG,2022-03-23,PO
2813,10003544.XSHG,510050P2203A03200,50ETF沽3月3159A,3.159,2022-03-23,2021-07-29,510050.XSHG,2022-03-23,PO
2814,10003545.XSHG,510050P2203A03300,50ETF沽3月3258A,3.258,2022-03-23,2021-07-29,510050.XSHG,2022-03-23,PO
2815,10003546.XSHG,510050P2203A03400,50ETF沽3月3357A,3.357,2022-03-23,2021-07-29,510050.XSHG,2022-03-23,PO
2816,10003547.XSHG,510050P2203A03500,50ETF沽3月3455A,3.455,2022-03-23,2021-07-29,510050.XSHG,2022-03-23,PO
2817,10003548.XSHG,510050P2203A03600,50ETF沽3月3554A,3.554,2022-03-23,2021-07-29,510050.XSHG,2022-03-23,PO
2818,10003571.XSHG,510050C2203A03700,50ETF购3月3653A,3.653,2022-03-23,2021-08-04,510050.XSHG,2022-03-23,CO
2819,10003572.XSHG,510050P2203A03700,50ETF沽3月3653A,3.653,2022-03-23,2021-08-04,510050.XSHG,2022-03-23,PO
2820,10003573.XSHG,510050C2108M02850,50ETF购8月2850,2.85,2021-08-25,2021-08-23,510050.XSHG,2021-08-25,CO
2821,10003574.XSHG,510050P2108M02850,50ETF沽8月2850,2.85,2021-08-25,2021-08-23,510050.XSHG,2021-08-25,PO
2822,10003575.XSHG,510050C2109M02850,50ETF购9月2850,2.85,2021-09-22,2021-08-23,510050.XSHG,2021-09-22,CO
2823,10003576.XSHG,510050P2109M02850,50ETF沽9月2850,2.85,2021-09-22,2021-08-23,510050.XSHG,2021-09-22,PO
2824,10003577.XSHG,510050C2112A02850,50ETF购12月2814A,2.814,2021-12-22,2021-08-23,510050.XSHG,2021-12-22,CO
2825,10003578.XSHG,510050P2112A02850,50ETF沽12月2814A,2.814,2021-12-22,2021-08-23,510050.XSHG,2021-12-22,PO
2826,10003579.XSHG,510050C2203A02850,50ETF购3月2814A,2.814,2022-03-23,2021-08-23,510050.XSHG,2022-03-23,CO
2827,10003580.XSHG,510050P2203A02850,50ETF沽3月2814A,2.814,2022-03-23,2021-08-23,510050.XSHG,2022-03-23,PO
2828,10003581.XSHG,510050C2110M02900,50ETF购10月2900,2.9,2021-10-27,2021-08-26,510050.XSHG,2021-10-27,CO
2829,10003582.XSHG,510050C2110M02950,50ETF购10月2950,2.95,2021-10-27,2021-08-26,510050.XSHG,2021-10-27,CO
2830,10003583.XSHG,510050C2110M03000,50ETF购10月3000,3.0,2021-10-27,2021-08-26,510050.XSHG,2021-10-27,CO
2831,10003584.XSHG,510050C2110M03100,50ETF购10月3100,3.1,2021-10-27,2021-08-26,510050.XSHG,2021-10-27,CO
2832,10003585.XSHG,510050C2110M03200,50ETF购10月3200,3.2,2021-10-27,2021-08-26,510050.XSHG,2021-10-27,CO
2833,10003586.XSHG,510050C2110M03300,50ETF购10月3300,3.3,2021-10-27,2021-08-26,510050.XSHG,2021-10-27,CO
2834,10003587.XSHG,510050C2110M03400,50ETF购10月3400,3.4,2021-10-27,2021-08-26,510050.XSHG,2021-10-27,CO
2835,10003588.XSHG,510050C2110M03500,50ETF购10月3500,3.5,2021-10-27,2021-08-26,510050.XSHG,2021-10-27,CO
2836,10003589.XSHG,510050C2110M03600,50ETF购10月3600,3.6,2021-10-27,2021-08-26,510050.XSHG,2021-10-27,CO
2837,10003590.XSHG,510050P2110M02900,50ETF沽10月2900,2.9,2021-10-27,2021-08-26,510050.XSHG,2021-10-27,PO
2838,10003591.XSHG,510050P2110M02950,50ETF沽10月2950,2.95,2021-10-27,2021-08-26,510050.XSHG,2021-10-27,PO
2839,10003592.XSHG,510050P2110M03000,50ETF沽10月3000,3.0,2021-10-27,2021-08-26,510050.XSHG,2021-10-27,PO
2840,10003593.XSHG,510050P2110M03100,50ETF沽10月3100,3.1,2021-10-27,2021-08-26,510050.XSHG,2021-10-27,PO
2841,10003594.XSHG,510050P2110M03200,50ETF沽10月3200,3.2,2021-10-27,2021-08-26,510050.XSHG,2021-10-27,PO
2842,10003595.XSHG,510050P2110M03300,50ETF沽10月3300,3.3,2021-10-27,2021-08-26,510050.XSHG,2021-10-27,PO
2843,10003596.XSHG,510050P2110M03400,50ETF沽10月3400,3.4,2021-10-27,2021-08-26,510050.XSHG,2021-10-27,PO
2844,10003597.XSHG,510050P2110M03500,50ETF沽10月3500,3.5,2021-10-27,2021-08-26,510050.XSHG,2021-10-27,PO
2845,10003598.XSHG,510050P2110M03600,50ETF沽10月3600,3.6,2021-10-27,2021-08-26,510050.XSHG,2021-10-27,PO
2846,10003617.XSHG,510050C2110M02850,50ETF购10月2850,2.85,2021-10-27,2021-08-27,510050.XSHG,2021-10-27,CO
2847,10003618.XSHG,510050P2110M02850,50ETF沽10月2850,2.85,2021-10-27,2021-08-27,510050.XSHG,2021-10-27,PO
2848,10003621.XSHG,510050C2110M03700,50ETF购10月3700,3.7,2021-10-27,2021-09-08,510050.XSHG,2021-10-27,CO
2849,10003622.XSHG,510050P2110M03700,50ETF沽10月3700,3.7,2021-10-27,2021-09-08,510050.XSHG,2021-10-27,PO
2850,10003623.XSHG,510050C2111M02900,50ETF购11月2900,2.9,2021-11-24,2021-09-23,510050.XSHG,2021-11-24,CO
2851,10003624.XSHG,510050C2111M02950,50ETF购11月2950,2.95,2021-11-24,2021-09-23,510050.XSHG,2021-11-24,CO
2852,10003625.XSHG,510050C2111M03000,50ETF购11月3000,3.0,2021-11-24,2021-09-23,510050.XSHG,2021-11-24,CO
2853,10003626.XSHG,510050C2111M03100,50ETF购11月3100,3.1,2021-11-24,2021-09-23,510050.XSHG,2021-11-24,CO
2854,10003627.XSHG,510050C2111M03200,50ETF购11月3200,3.2,2021-11-24,2021-09-23,510050.XSHG,2021-11-24,CO
2855,10003628.XSHG,510050C2111M03300,50ETF购11月3300,3.3,2021-11-24,2021-09-23,510050.XSHG,2021-11-24,CO
2856,10003629.XSHG,510050C2111M03400,50ETF购11月3400,3.4,2021-11-24,2021-09-23,510050.XSHG,2021-11-24,CO
2857,10003630.XSHG,510050C2111M03500,50ETF购11月3500,3.5,2021-11-24,2021-09-23,510050.XSHG,2021-11-24,CO
2858,10003631.XSHG,510050C2111M03600,50ETF购11月3600,3.6,2021-11-24,2021-09-23,510050.XSHG,2021-11-24,CO
2859,10003632.XSHG,510050P2111M02900,50ETF沽11月2900,2.9,2021-11-24,2021-09-23,510050.XSHG,2021-11-24,PO
2860,10003633.XSHG,510050P2111M02950,50ETF沽11月2950,2.95,2021-11-24,2021-09-23,510050.XSHG,2021-11-24,PO
2861,10003634.XSHG,510050P2111M03000,50ETF沽11月3000,3.0,2021-11-24,2021-09-23,510050.XSHG,2021-11-24,PO
2862,10003635.XSHG,510050P2111M03100,50ETF沽11月3100,3.1,2021-11-24,2021-09-23,510050.XSHG,2021-11-24,PO
2863,10003636.XSHG,510050P2111M03200,50ETF沽11月3200,3.2,2021-11-24,2021-09-23,510050.XSHG,2021-11-24,PO
2864,10003637.XSHG,510050P2111M03300,50ETF沽11月3300,3.3,2021-11-24,2021-09-23,510050.XSHG,2021-11-24,PO
2865,10003638.XSHG,510050P2111M03400,50ETF沽11月3400,3.4,2021-11-24,2021-09-23,510050.XSHG,2021-11-24,PO
2866,10003639.XSHG,510050P2111M03500,50ETF沽11月3500,3.5,2021-11-24,2021-09-23,510050.XSHG,2021-11-24,PO
2867,10003640.XSHG,510050P2111M03600,50ETF沽11月3600,3.6,2021-11-24,2021-09-23,510050.XSHG,2021-11-24,PO
2868,10003661.XSHG,510050C2111M03700,50ETF购11月3700,3.7,2021-11-24,2021-10-11,510050.XSHG,2021-11-24,CO
2869,10003662.XSHG,510050P2111M03700,50ETF沽11月3700,3.7,2021-11-24,2021-10-11,510050.XSHG,2021-11-24,PO
2870,10003663.XSHG,510050C2110M03800,50ETF购10月3800,3.8,2021-10-27,2021-10-25,510050.XSHG,2021-10-27,CO
2871,10003664.XSHG,510050P2110M03800,50ETF沽10月3800,3.8,2021-10-27,2021-10-25,510050.XSHG,2021-10-27,PO
2872,10003665.XSHG,510050C2111M03800,50ETF购11月3800,3.8,2021-11-24,2021-10-25,510050.XSHG,2021-11-24,CO
2873,10003666.XSHG,510050P2111M03800,50ETF沽11月3800,3.8,2021-11-24,2021-10-25,510050.XSHG,2021-11-24,PO
2874,10003667.XSHG,510050C2203A03800,50ETF购3月3752A,3.752,2022-03-23,2021-10-25,510050.XSHG,2022-03-23,CO
2875,10003668.XSHG,510050P2203A03800,50ETF沽3月3752A,3.752,2022-03-23,2021-10-25,510050.XSHG,2022-03-23,PO
2876,10003669.XSHG,510050C2206A02950,50ETF购6月2912A,2.912,2022-06-22,2021-10-28,510050.XSHG,2022-06-22,CO
2877,10003670.XSHG,510050C2206A03000,50ETF购6月2962A,2.962,2022-06-22,2021-10-28,510050.XSHG,2022-06-22,CO
2878,10003671.XSHG,510050C2206A03100,50ETF购6月3061A,3.061,2022-06-22,2021-10-28,510050.XSHG,2022-06-22,CO
2879,10003672.XSHG,510050C2206A03200,50ETF购6月3159A,3.159,2022-06-22,2021-10-28,510050.XSHG,2022-06-22,CO
2880,10003673.XSHG,510050C2206A03300,50ETF购6月3258A,3.258,2022-06-22,2021-10-28,510050.XSHG,2022-06-22,CO
2881,10003674.XSHG,510050C2206A03400,50ETF购6月3357A,3.357,2022-06-22,2021-10-28,510050.XSHG,2022-06-22,CO
2882,10003675.XSHG,510050C2206A03500,50ETF购6月3455A,3.455,2022-06-22,2021-10-28,510050.XSHG,2022-06-22,CO
2883,10003676.XSHG,510050C2206A03600,50ETF购6月3554A,3.554,2022-06-22,2021-10-28,510050.XSHG,2022-06-22,CO
2884,10003677.XSHG,510050C2206A03700,50ETF购6月3653A,3.653,2022-06-22,2021-10-28,510050.XSHG,2022-06-22,CO
2885,10003678.XSHG,510050P2206A02950,50ETF沽6月2912A,2.912,2022-06-22,2021-10-28,510050.XSHG,2022-06-22,PO
2886,10003679.XSHG,510050P2206A03000,50ETF沽6月2962A,2.962,2022-06-22,2021-10-28,510050.XSHG,2022-06-22,PO
2887,10003680.XSHG,510050P2206A03100,50ETF沽6月3061A,3.061,2022-06-22,2021-10-28,510050.XSHG,2022-06-22,PO
2888,10003681.XSHG,510050P2206A03200,50ETF沽6月3159A,3.159,2022-06-22,2021-10-28,510050.XSHG,2022-06-22,PO
2889,10003682.XSHG,510050P2206A03300,50ETF沽6月3258A,3.258,2022-06-22,2021-10-28,510050.XSHG,2022-06-22,PO
2890,10003683.XSHG,510050P2206A03400,50ETF沽6月3357A,3.357,2022-06-22,2021-10-28,510050.XSHG,2022-06-22,PO
2891,10003684.XSHG,510050P2206A03500,50ETF沽6月3455A,3.455,2022-06-22,2021-10-28,510050.XSHG,2022-06-22,PO
2892,10003685.XSHG,510050P2206A03600,50ETF沽6月3554A,3.554,2022-06-22,2021-10-28,510050.XSHG,2022-06-22,PO
2893,10003686.XSHG,510050P2206A03700,50ETF沽6月3653A,3.653,2022-06-22,2021-10-28,510050.XSHG,2022-06-22,PO
2894,10003707.XSHG,510050C2206A02900,50ETF购6月2863A,2.863,2022-06-22,2021-11-04,510050.XSHG,2022-06-22,CO
2895,10003708.XSHG,510050P2206A02900,50ETF沽6月2863A,2.863,2022-06-22,2021-11-04,510050.XSHG,2022-06-22,PO
2896,10003709.XSHG,510050C2201A02950,50ETF购1月2912A,2.912,2022-01-26,2021-11-25,510050.XSHG,2022-01-26,CO
2897,10003710.XSHG,510050C2201A03000,50ETF购1月2962A,2.962,2022-01-26,2021-11-25,510050.XSHG,2022-01-26,CO
2898,10003711.XSHG,510050C2201A03100,50ETF购1月3061A,3.061,2022-01-26,2021-11-25,510050.XSHG,2022-01-26,CO
2899,10003712.XSHG,510050C2201A03200,50ETF购1月3159A,3.159,2022-01-26,2021-11-25,510050.XSHG,2022-01-26,CO
2900,10003713.XSHG,510050C2201A03300,50ETF购1月3258A,3.258,2022-01-26,2021-11-25,510050.XSHG,2022-01-26,CO
2901,10003714.XSHG,510050C2201A03400,50ETF购1月3357A,3.357,2022-01-26,2021-11-25,510050.XSHG,2022-01-26,CO
2902,10003715.XSHG,510050C2201A03500,50ETF购1月3455A,3.455,2022-01-26,2021-11-25,510050.XSHG,2022-01-26,CO
2903,10003716.XSHG,510050C2201A03600,50ETF购1月3554A,3.554,2022-01-26,2021-11-25,510050.XSHG,2022-01-26,CO
2904,10003717.XSHG,510050C2201A03700,50ETF购1月3653A,3.653,2022-01-26,2021-11-25,510050.XSHG,2022-01-26,CO
2905,10003718.XSHG,510050P2201A02950,50ETF沽1月2912A,2.912,2022-01-26,2021-11-25,510050.XSHG,2022-01-26,PO
2906,10003719.XSHG,510050P2201A03000,50ETF沽1月2962A,2.962,2022-01-26,2021-11-25,510050.XSHG,2022-01-26,PO
2907,10003720.XSHG,510050P2201A03100,50ETF沽1月3061A,3.061,2022-01-26,2021-11-25,510050.XSHG,2022-01-26,PO
2908,10003721.XSHG,510050P2201A03200,50ETF沽1月3159A,3.159,2022-01-26,2021-11-25,510050.XSHG,2022-01-26,PO
2909,10003722.XSHG,510050P2201A03300,50ETF沽1月3258A,3.258,2022-01-26,2021-11-25,510050.XSHG,2022-01-26,PO
2910,10003723.XSHG,510050P2201A03400,50ETF沽1月3357A,3.357,2022-01-26,2021-11-25,510050.XSHG,2022-01-26,PO
2911,10003724.XSHG,510050P2201A03500,50ETF沽1月3455A,3.455,2022-01-26,2021-11-25,510050.XSHG,2022-01-26,PO
2912,10003725.XSHG,510050P2201A03600,50ETF沽1月3554A,3.554,2022-01-26,2021-11-25,510050.XSHG,2022-01-26,PO
2913,10003726.XSHG,510050P2201A03700,50ETF沽1月3653A,3.653,2022-01-26,2021-11-25,510050.XSHG,2022-01-26,PO
2914,10003747.XSHG,510050C2112M02900,50ETF购12月2900,2.9,2021-12-22,2021-11-29,510050.XSHG,2021-12-22,CO
2915,10003748.XSHG,510050C2112M02950,50ETF购12月2950,2.95,2021-12-22,2021-11-29,510050.XSHG,2021-12-22,CO
2916,10003749.XSHG,510050C2112M03000,50ETF购12月3000,3.0,2021-12-22,2021-11-29,510050.XSHG,2021-12-22,CO
2917,10003750.XSHG,510050C2112M03100,50ETF购12月3100,3.1,2021-12-22,2021-11-29,510050.XSHG,2021-12-22,CO
2918,10003751.XSHG,510050C2112M03200,50ETF购12月3200,3.2,2021-12-22,2021-11-29,510050.XSHG,2021-12-22,CO
2919,10003752.XSHG,510050C2112M03300,50ETF购12月3300,3.3,2021-12-22,2021-11-29,510050.XSHG,2021-12-22,CO
2920,10003753.XSHG,510050C2112M03400,50ETF购12月3400,3.4,2021-12-22,2021-11-29,510050.XSHG,2021-12-22,CO
2921,10003754.XSHG,510050C2112M03500,50ETF购12月3500,3.5,2021-12-22,2021-11-29,510050.XSHG,2021-12-22,CO
2922,10003755.XSHG,510050C2112M03600,50ETF购12月3600,3.6,2021-12-22,2021-11-29,510050.XSHG,2021-12-22,CO
2923,10003765.XSHG,510050C2201M02900,50ETF购1月2900,2.9,2022-01-26,2021-11-29,510050.XSHG,2022-01-26,CO
2924,10003766.XSHG,510050C2201M02950,50ETF购1月2950,2.95,2022-01-26,2021-11-29,510050.XSHG,2022-01-26,CO
2925,10003767.XSHG,510050C2201M03000,50ETF购1月3000,3.0,2022-01-26,2021-11-29,510050.XSHG,2022-01-26,CO
2926,10003768.XSHG,510050C2201M03100,50ETF购1月3100,3.1,2022-01-26,2021-11-29,510050.XSHG,2022-01-26,CO
2927,10003769.XSHG,510050C2201M03200,50ETF购1月3200,3.2,2022-01-26,2021-11-29,510050.XSHG,2022-01-26,CO
2928,10003770.XSHG,510050C2201M03300,50ETF购1月3300,3.3,2022-01-26,2021-11-29,510050.XSHG,2022-01-26,CO
2929,10003771.XSHG,510050C2201M03400,50ETF购1月3400,3.4,2022-01-26,2021-11-29,510050.XSHG,2022-01-26,CO
2930,10003772.XSHG,510050C2201M03500,50ETF购1月3500,3.5,2022-01-26,2021-11-29,510050.XSHG,2022-01-26,CO
2931,10003773.XSHG,510050C2201M03600,50ETF购1月3600,3.6,2022-01-26,2021-11-29,510050.XSHG,2022-01-26,CO
2932,10003783.XSHG,510050C2203M02900,50ETF购3月2900,2.9,2022-03-23,2021-11-29,510050.XSHG,2022-03-23,CO
2933,10003784.XSHG,510050C2203M02950,50ETF购3月2950,2.95,2022-03-23,2021-11-29,510050.XSHG,2022-03-23,CO
2934,10003785.XSHG,510050C2203M03000,50ETF购3月3000,3.0,2022-03-23,2021-11-29,510050.XSHG,2022-03-23,CO
2935,10003786.XSHG,510050C2203M03100,50ETF购3月3100,3.1,2022-03-23,2021-11-29,510050.XSHG,2022-03-23,CO
2936,10003787.XSHG,510050C2203M03200,50ETF购3月3200,3.2,2022-03-23,2021-11-29,510050.XSHG,2022-03-23,CO
2937,10003788.XSHG,510050C2203M03300,50ETF购3月3300,3.3,2022-03-23,2021-11-29,510050.XSHG,2022-03-23,CO
2938,10003789.XSHG,510050C2203M03400,50ETF购3月3400,3.4,2022-03-23,2021-11-29,510050.XSHG,2022-03-23,CO
2939,10003790.XSHG,510050C2203M03500,50ETF购3月3500,3.5,2022-03-23,2021-11-29,510050.XSHG,2022-03-23,CO
2940,10003791.XSHG,510050C2203M03600,50ETF购3月3600,3.6,2022-03-23,2021-11-29,510050.XSHG,2022-03-23,CO
2941,10003801.XSHG,510050C2206M02900,50ETF购6月2900,2.9,2022-06-22,2021-11-29,510050.XSHG,2022-06-22,CO
2942,10003802.XSHG,510050C2206M02950,50ETF购6月2950,2.95,2022-06-22,2021-11-29,510050.XSHG,2022-06-22,CO
2943,10003803.XSHG,510050C2206M03000,50ETF购6月3000,3.0,2022-06-22,2021-11-29,510050.XSHG,2022-06-22,CO
2944,10003804.XSHG,510050C2206M03100,50ETF购6月3100,3.1,2022-06-22,2021-11-29,510050.XSHG,2022-06-22,CO
2945,10003805.XSHG,510050C2206M03200,50ETF购6月3200,3.2,2022-06-22,2021-11-29,510050.XSHG,2022-06-22,CO
2946,10003806.XSHG,510050C2206M03300,50ETF购6月3300,3.3,2022-06-22,2021-11-29,510050.XSHG,2022-06-22,CO
2947,10003807.XSHG,510050C2206M03400,50ETF购6月3400,3.4,2022-06-22,2021-11-29,510050.XSHG,2022-06-22,CO
2948,10003808.XSHG,510050C2206M03500,50ETF购6月3500,3.5,2022-06-22,2021-11-29,510050.XSHG,2022-06-22,CO
2949,10003809.XSHG,510050C2206M03600,50ETF购6月3600,3.6,2022-06-22,2021-11-29,510050.XSHG,2022-06-22,CO
2950,10003756.XSHG,510050P2112M02900,50ETF沽12月2900,2.9,2021-12-22,2021-11-29,510050.XSHG,2021-12-22,PO
2951,10003757.XSHG,510050P2112M02950,50ETF沽12月2950,2.95,2021-12-22,2021-11-29,510050.XSHG,2021-12-22,PO
2952,10003758.XSHG,510050P2112M03000,50ETF沽12月3000,3.0,2021-12-22,2021-11-29,510050.XSHG,2021-12-22,PO
2953,10003759.XSHG,510050P2112M03100,50ETF沽12月3100,3.1,2021-12-22,2021-11-29,510050.XSHG,2021-12-22,PO
2954,10003760.XSHG,510050P2112M03200,50ETF沽12月3200,3.2,2021-12-22,2021-11-29,510050.XSHG,2021-12-22,PO
2955,10003761.XSHG,510050P2112M03300,50ETF沽12月3300,3.3,2021-12-22,2021-11-29,510050.XSHG,2021-12-22,PO
2956,10003762.XSHG,510050P2112M03400,50ETF沽12月3400,3.4,2021-12-22,2021-11-29,510050.XSHG,2021-12-22,PO
2957,10003763.XSHG,510050P2112M03500,50ETF沽12月3500,3.5,2021-12-22,2021-11-29,510050.XSHG,2021-12-22,PO
2958,10003764.XSHG,510050P2112M03600,50ETF沽12月3600,3.6,2021-12-22,2021-11-29,510050.XSHG,2021-12-22,PO
2959,10003774.XSHG,510050P2201M02900,50ETF沽1月2900,2.9,2022-01-26,2021-11-29,510050.XSHG,2022-01-26,PO
2960,10003775.XSHG,510050P2201M02950,50ETF沽1月2950,2.95,2022-01-26,2021-11-29,510050.XSHG,2022-01-26,PO
2961,10003776.XSHG,510050P2201M03000,50ETF沽1月3000,3.0,2022-01-26,2021-11-29,510050.XSHG,2022-01-26,PO
2962,10003777.XSHG,510050P2201M03100,50ETF沽1月3100,3.1,2022-01-26,2021-11-29,510050.XSHG,2022-01-26,PO
2963,10003778.XSHG,510050P2201M03200,50ETF沽1月3200,3.2,2022-01-26,2021-11-29,510050.XSHG,2022-01-26,PO
2964,10003779.XSHG,510050P2201M03300,50ETF沽1月3300,3.3,2022-01-26,2021-11-29,510050.XSHG,2022-01-26,PO
2965,10003780.XSHG,510050P2201M03400,50ETF沽1月3400,3.4,2022-01-26,2021-11-29,510050.XSHG,2022-01-26,PO
2966,10003781.XSHG,510050P2201M03500,50ETF沽1月3500,3.5,2022-01-26,2021-11-29,510050.XSHG,2022-01-26,PO
2967,10003782.XSHG,510050P2201M03600,50ETF沽1月3600,3.6,2022-01-26,2021-11-29,510050.XSHG,2022-01-26,PO
2968,10003792.XSHG,510050P2203M02900,50ETF沽3月2900,2.9,2022-03-23,2021-11-29,510050.XSHG,2022-03-23,PO
2969,10003793.XSHG,510050P2203M02950,50ETF沽3月2950,2.95,2022-03-23,2021-11-29,510050.XSHG,2022-03-23,PO
2970,10003794.XSHG,510050P2203M03000,50ETF沽3月3000,3.0,2022-03-23,2021-11-29,510050.XSHG,2022-03-23,PO
2971,10003795.XSHG,510050P2203M03100,50ETF沽3月3100,3.1,2022-03-23,2021-11-29,510050.XSHG,2022-03-23,PO
2972,10003796.XSHG,510050P2203M03200,50ETF沽3月3200,3.2,2022-03-23,2021-11-29,510050.XSHG,2022-03-23,PO
2973,10003797.XSHG,510050P2203M03300,50ETF沽3月3300,3.3,2022-03-23,2021-11-29,510050.XSHG,2022-03-23,PO
2974,10003798.XSHG,510050P2203M03400,50ETF沽3月3400,3.4,2022-03-23,2021-11-29,510050.XSHG,2022-03-23,PO
2975,10003799.XSHG,510050P2203M03500,50ETF沽3月3500,3.5,2022-03-23,2021-11-29,510050.XSHG,2022-03-23,PO
2976,10003800.XSHG,510050P2203M03600,50ETF沽3月3600,3.6,2022-03-23,2021-11-29,510050.XSHG,2022-03-23,PO
2977,10003810.XSHG,510050P2206M02900,50ETF沽6月2900,2.9,2022-06-22,2021-11-29,510050.XSHG,2022-06-22,PO
2978,10003811.XSHG,510050P2206M02950,50ETF沽6月2950,2.95,2022-06-22,2021-11-29,510050.XSHG,2022-06-22,PO
2979,10003812.XSHG,510050P2206M03000,50ETF沽6月3000,3.0,2022-06-22,2021-11-29,510050.XSHG,2022-06-22,PO
2980,10003813.XSHG,510050P2206M03100,50ETF沽6月3100,3.1,2022-06-22,2021-11-29,510050.XSHG,2022-06-22,PO
2981,10003814.XSHG,510050P2206M03200,50ETF沽6月3200,3.2,2022-06-22,2021-11-29,510050.XSHG,2022-06-22,PO
2982,10003815.XSHG,510050P2206M03300,50ETF沽6月3300,3.3,2022-06-22,2021-11-29,510050.XSHG,2022-06-22,PO
2983,10003816.XSHG,510050P2206M03400,50ETF沽6月3400,3.4,2022-06-22,2021-11-29,510050.XSHG,2022-06-22,PO
2984,10003817.XSHG,510050P2206M03500,50ETF沽6月3500,3.5,2022-06-22,2021-11-29,510050.XSHG,2022-06-22,PO
2985,10003818.XSHG,510050P2206M03600,50ETF沽6月3600,3.6,2022-06-22,2021-11-29,510050.XSHG,2022-06-22,PO
2986,10003819.XSHG,510050C2112M03700,50ETF购12月3700,3.7,2021-12-22,2021-12-08,510050.XSHG,2021-12-22,CO
2987,10003820.XSHG,510050P2112M03700,50ETF沽12月3700,3.7,2021-12-22,2021-12-08,510050.XSHG,2021-12-22,PO
2988,10003821.XSHG,510050C2201M03700,50ETF购1月3700,3.7,2022-01-26,2021-12-08,510050.XSHG,2022-01-26,CO
2989,10003822.XSHG,510050P2201M03700,50ETF沽1月3700,3.7,2022-01-26,2021-12-08,510050.XSHG,2022-01-26,PO
2990,10003823.XSHG,510050C2203M03700,50ETF购3月3700,3.7,2022-03-23,2021-12-08,510050.XSHG,2022-03-23,CO
2991,10003824.XSHG,510050P2203M03700,50ETF沽3月3700,3.7,2022-03-23,2021-12-08,510050.XSHG,2022-03-23,PO
2992,10003825.XSHG,510050C2206M03700,50ETF购6月3700,3.7,2022-06-22,2021-12-08,510050.XSHG,2022-06-22,CO
2993,10003826.XSHG,510050P2206M03700,50ETF沽6月3700,3.7,2022-06-22,2021-12-08,510050.XSHG,2022-06-22,PO
2994,10003827.XSHG,510050C2112M03800,50ETF购12月3800,3.8,2021-12-22,2021-12-10,510050.XSHG,2021-12-22,CO
2995,10003828.XSHG,510050P2112M03800,50ETF沽12月3800,3.8,2021-12-22,2021-12-10,510050.XSHG,2021-12-22,PO
2996,10003829.XSHG,510050C2201M03800,50ETF购1月3800,3.8,2022-01-26,2021-12-10,510050.XSHG,2022-01-26,CO
2997,10003830.XSHG,510050P2201M03800,50ETF沽1月3800,3.8,2022-01-26,2021-12-10,510050.XSHG,2022-01-26,PO
2998,10003831.XSHG,510050C2203M03800,50ETF购3月3800,3.8,2022-03-23,2021-12-10,510050.XSHG,2022-03-23,CO
2999,10003832.XSHG,510050P2203M03800,50ETF沽3月3800,3.8,2022-03-23,2021-12-10,510050.XSHG,2022-03-23,PO
3000,10003833.XSHG,510050C2206M03800,50ETF购6月3800,3.8,2022-06-22,2021-12-10,510050.XSHG,2022-06-22,CO
3001,10003834.XSHG,510050P2206M03800,50ETF沽6月3800,3.8,2022-06-22,2021-12-10,510050.XSHG,2022-06-22,PO
3002,10003841.XSHG,510050C2202M02900,50ETF购2月2900,2.9,2022-02-23,2021-12-23,510050.XSHG,2022-02-23,CO
3003,10003842.XSHG,510050C2202M02950,50ETF购2月2950,2.95,2022-02-23,2021-12-23,510050.XSHG,2022-02-23,CO
3004,10003843.XSHG,510050C2202M03000,50ETF购2月3000,3.0,2022-02-23,2021-12-23,510050.XSHG,2022-02-23,CO
3005,10003844.XSHG,510050C2202M03100,50ETF购2月3100,3.1,2022-02-23,2021-12-23,510050.XSHG,2022-02-23,CO
3006,10003845.XSHG,510050C2202M03200,50ETF购2月3200,3.2,2022-02-23,2021-12-23,510050.XSHG,2022-02-23,CO
3007,10003846.XSHG,510050C2202M03300,50ETF购2月3300,3.3,2022-02-23,2021-12-23,510050.XSHG,2022-02-23,CO
3008,10003847.XSHG,510050C2202M03400,50ETF购2月3400,3.4,2022-02-23,2021-12-23,510050.XSHG,2022-02-23,CO
3009,10003848.XSHG,510050C2202M03500,50ETF购2月3500,3.5,2022-02-23,2021-12-23,510050.XSHG,2022-02-23,CO
3010,10003849.XSHG,510050C2202M03600,50ETF购2月3600,3.6,2022-02-23,2021-12-23,510050.XSHG,2022-02-23,CO
3011,10003850.XSHG,510050P2202M02900,50ETF沽2月2900,2.9,2022-02-23,2021-12-23,510050.XSHG,2022-02-23,PO
3012,10003851.XSHG,510050P2202M02950,50ETF沽2月2950,2.95,2022-02-23,2021-12-23,510050.XSHG,2022-02-23,PO
3013,10003852.XSHG,510050P2202M03000,50ETF沽2月3000,3.0,2022-02-23,2021-12-23,510050.XSHG,2022-02-23,PO
3014,10003853.XSHG,510050P2202M03100,50ETF沽2月3100,3.1,2022-02-23,2021-12-23,510050.XSHG,2022-02-23,PO
3015,10003854.XSHG,510050P2202M03200,50ETF沽2月3200,3.2,2022-02-23,2021-12-23,510050.XSHG,2022-02-23,PO
3016,10003855.XSHG,510050P2202M03300,50ETF沽2月3300,3.3,2022-02-23,2021-12-23,510050.XSHG,2022-02-23,PO
3017,10003856.XSHG,510050P2202M03400,50ETF沽2月3400,3.4,2022-02-23,2021-12-23,510050.XSHG,2022-02-23,PO
3018,10003857.XSHG,510050P2202M03500,50ETF沽2月3500,3.5,2022-02-23,2021-12-23,510050.XSHG,2022-02-23,PO
3019,10003858.XSHG,510050P2202M03600,50ETF沽2月3600,3.6,2022-02-23,2021-12-23,510050.XSHG,2022-02-23,PO
3020,10003877.XSHG,510050C2202M03700,50ETF购2月3700,3.7,2022-02-23,2021-12-24,510050.XSHG,2022-02-23,CO
3021,10003878.XSHG,510050P2202M03700,50ETF沽2月3700,3.7,2022-02-23,2021-12-24,510050.XSHG,2022-02-23,PO
3022,10003887.XSHG,510050C2201M02850,50ETF购1月2850,2.85,2022-01-26,2022-01-17,510050.XSHG,2022-01-26,CO
3023,10003888.XSHG,510050P2201M02850,50ETF沽1月2850,2.85,2022-01-26,2022-01-17,510050.XSHG,2022-01-26,PO
3024,10003889.XSHG,510050C2202M02850,50ETF购2月2850,2.85,2022-02-23,2022-01-17,510050.XSHG,2022-02-23,CO
3025,10003890.XSHG,510050P2202M02850,50ETF沽2月2850,2.85,2022-02-23,2022-01-17,510050.XSHG,2022-02-23,PO
3026,10003891.XSHG,510050C2203M02850,50ETF购3月2850,2.85,2022-03-23,2022-01-17,510050.XSHG,2022-03-23,CO
3027,10003892.XSHG,510050P2203M02850,50ETF沽3月2850,2.85,2022-03-23,2022-01-17,510050.XSHG,2022-03-23,PO
3028,10003893.XSHG,510050C2206M02850,50ETF购6月2850,2.85,2022-06-22,2022-01-17,510050.XSHG,2022-06-22,CO
3029,10003894.XSHG,510050P2206M02850,50ETF沽6月2850,2.85,2022-06-22,2022-01-17,510050.XSHG,2022-06-22,PO
3030,10003975.XSHG,510050C2209M02850,50ETF购9月2850,2.85,2022-09-28,2022-01-27,510050.XSHG,2022-09-28,CO
3031,10003976.XSHG,510050C2209M02900,50ETF购9月2900,2.9,2022-09-28,2022-01-27,510050.XSHG,2022-09-28,CO
3032,10003977.XSHG,510050C2209M02950,50ETF购9月2950,2.95,2022-09-28,2022-01-27,510050.XSHG,2022-09-28,CO
3033,10003978.XSHG,510050C2209M03000,50ETF购9月3000,3.0,2022-09-28,2022-01-27,510050.XSHG,2022-09-28,CO
3034,10003979.XSHG,510050C2209M03100,50ETF购9月3100,3.1,2022-09-28,2022-01-27,510050.XSHG,2022-09-28,CO
3035,10003980.XSHG,510050C2209M03200,50ETF购9月3200,3.2,2022-09-28,2022-01-27,510050.XSHG,2022-09-28,CO
3036,10003981.XSHG,510050C2209M03300,50ETF购9月3300,3.3,2022-09-28,2022-01-27,510050.XSHG,2022-09-28,CO
3037,10003982.XSHG,510050C2209M03400,50ETF购9月3400,3.4,2022-09-28,2022-01-27,510050.XSHG,2022-09-28,CO
3038,10003983.XSHG,510050C2209M03500,50ETF购9月3500,3.5,2022-09-28,2022-01-27,510050.XSHG,2022-09-28,CO
3039,10003984.XSHG,510050P2209M02850,50ETF沽9月2850,2.85,2022-09-28,2022-01-27,510050.XSHG,2022-09-28,PO
3040,10003985.XSHG,510050P2209M02900,50ETF沽9月2900,2.9,2022-09-28,2022-01-27,510050.XSHG,2022-09-28,PO
3041,10003986.XSHG,510050P2209M02950,50ETF沽9月2950,2.95,2022-09-28,2022-01-27,510050.XSHG,2022-09-28,PO
3042,10003987.XSHG,510050P2209M03000,50ETF沽9月3000,3.0,2022-09-28,2022-01-27,510050.XSHG,2022-09-28,PO
3043,10003988.XSHG,510050P2209M03100,50ETF沽9月3100,3.1,2022-09-28,2022-01-27,510050.XSHG,2022-09-28,PO
3044,10003989.XSHG,510050P2209M03200,50ETF沽9月3200,3.2,2022-09-28,2022-01-27,510050.XSHG,2022-09-28,PO
3045,10003990.XSHG,510050P2209M03300,50ETF沽9月3300,3.3,2022-09-28,2022-01-27,510050.XSHG,2022-09-28,PO
3046,10003991.XSHG,510050P2209M03400,50ETF沽9月3400,3.4,2022-09-28,2022-01-27,510050.XSHG,2022-09-28,PO
3047,10003992.XSHG,510050P2209M03500,50ETF沽9月3500,3.5,2022-09-28,2022-01-27,510050.XSHG,2022-09-28,PO
3048,10004019.XSHG,510050C2202M02800,50ETF购2月2800,2.8,2022-02-23,2022-02-07,510050.XSHG,2022-02-23,CO
3049,10004020.XSHG,510050P2202M02800,50ETF沽2月2800,2.8,2022-02-23,2022-02-07,510050.XSHG,2022-02-23,PO
3050,10004021.XSHG,510050C2203M02800,50ETF购3月2800,2.8,2022-03-23,2022-02-07,510050.XSHG,2022-03-23,CO
3051,10004022.XSHG,510050P2203M02800,50ETF沽3月2800,2.8,2022-03-23,2022-02-07,510050.XSHG,2022-03-23,PO
3052,10004023.XSHG,510050C2206M02800,50ETF购6月2800,2.8,2022-06-22,2022-02-07,510050.XSHG,2022-06-22,CO
3053,10004024.XSHG,510050P2206M02800,50ETF沽6月2800,2.8,2022-06-22,2022-02-07,510050.XSHG,2022-06-22,PO
3054,10004025.XSHG,510050C2209M02800,50ETF购9月2800,2.8,2022-09-28,2022-02-07,510050.XSHG,2022-09-28,CO
3055,10004026.XSHG,510050P2209M02800,50ETF沽9月2800,2.8,2022-09-28,2022-02-07,510050.XSHG,2022-09-28,PO
3056,10004035.XSHG,510050C2204M02850,50ETF购4月2850,2.85,2022-04-27,2022-02-24,510050.XSHG,2022-04-27,CO
3057,10004036.XSHG,510050C2204M02900,50ETF购4月2900,2.9,2022-04-27,2022-02-24,510050.XSHG,2022-04-27,CO
3058,10004037.XSHG,510050C2204M02950,50ETF购4月2950,2.95,2022-04-27,2022-02-24,510050.XSHG,2022-04-27,CO
3059,10004038.XSHG,510050C2204M03000,50ETF购4月3000,3.0,2022-04-27,2022-02-24,510050.XSHG,2022-04-27,CO
3060,10004039.XSHG,510050C2204M03100,50ETF购4月3100,3.1,2022-04-27,2022-02-24,510050.XSHG,2022-04-27,CO
3061,10004040.XSHG,510050C2204M03200,50ETF购4月3200,3.2,2022-04-27,2022-02-24,510050.XSHG,2022-04-27,CO
3062,10004041.XSHG,510050C2204M03300,50ETF购4月3300,3.3,2022-04-27,2022-02-24,510050.XSHG,2022-04-27,CO
3063,10004042.XSHG,510050C2204M03400,50ETF购4月3400,3.4,2022-04-27,2022-02-24,510050.XSHG,2022-04-27,CO
3064,10004043.XSHG,510050C2204M03500,50ETF购4月3500,3.5,2022-04-27,2022-02-24,510050.XSHG,2022-04-27,CO
3065,10004044.XSHG,510050P2204M02850,50ETF沽4月2850,2.85,2022-04-27,2022-02-24,510050.XSHG,2022-04-27,PO
3066,10004045.XSHG,510050P2204M02900,50ETF沽4月2900,2.9,2022-04-27,2022-02-24,510050.XSHG,2022-04-27,PO
3067,10004046.XSHG,510050P2204M02950,50ETF沽4月2950,2.95,2022-04-27,2022-02-24,510050.XSHG,2022-04-27,PO
3068,10004047.XSHG,510050P2204M03000,50ETF沽4月3000,3.0,2022-04-27,2022-02-24,510050.XSHG,2022-04-27,PO
3069,10004048.XSHG,510050P2204M03100,50ETF沽4月3100,3.1,2022-04-27,2022-02-24,510050.XSHG,2022-04-27,PO
3070,10004049.XSHG,510050P2204M03200,50ETF沽4月3200,3.2,2022-04-27,2022-02-24,510050.XSHG,2022-04-27,PO
3071,10004050.XSHG,510050P2204M03300,50ETF沽4月3300,3.3,2022-04-27,2022-02-24,510050.XSHG,2022-04-27,PO
3072,10004051.XSHG,510050P2204M03400,50ETF沽4月3400,3.4,2022-04-27,2022-02-24,510050.XSHG,2022-04-27,PO
3073,10004052.XSHG,510050P2204M03500,50ETF沽4月3500,3.5,2022-04-27,2022-02-24,510050.XSHG,2022-04-27,PO
3074,10004071.XSHG,510050C2204M02800,50ETF购4月2800,2.8,2022-04-27,2022-02-25,510050.XSHG,2022-04-27,CO
3075,10004072.XSHG,510050P2204M02800,50ETF沽4月2800,2.8,2022-04-27,2022-02-25,510050.XSHG,2022-04-27,PO
3076,10004075.XSHG,510050C2203M02750,50ETF购3月2750,2.75,2022-03-23,2022-03-08,510050.XSHG,2022-03-23,CO
3077,10004076.XSHG,510050P2203M02750,50ETF沽3月2750,2.75,2022-03-23,2022-03-08,510050.XSHG,2022-03-23,PO
3078,10004077.XSHG,510050C2204M02750,50ETF购4月2750,2.75,2022-04-27,2022-03-08,510050.XSHG,2022-04-27,CO
3079,10004078.XSHG,510050P2204M02750,50ETF沽4月2750,2.75,2022-04-27,2022-03-08,510050.XSHG,2022-04-27,PO
3080,10004079.XSHG,510050C2206M02750,50ETF购6月2750,2.75,2022-06-22,2022-03-08,510050.XSHG,2022-06-22,CO
3081,10004080.XSHG,510050P2206M02750,50ETF沽6月2750,2.75,2022-06-22,2022-03-08,510050.XSHG,2022-06-22,PO
3082,10004081.XSHG,510050C2209M02750,50ETF购9月2750,2.75,2022-09-28,2022-03-08,510050.XSHG,2022-09-28,CO
3083,10004082.XSHG,510050P2209M02750,50ETF沽9月2750,2.75,2022-09-28,2022-03-08,510050.XSHG,2022-09-28,PO
3084,10004099.XSHG,510050C2203M02700,50ETF购3月2700,2.7,2022-03-23,2022-03-09,510050.XSHG,2022-03-23,CO
3085,10004100.XSHG,510050P2203M02700,50ETF沽3月2700,2.7,2022-03-23,2022-03-09,510050.XSHG,2022-03-23,PO
3086,10004101.XSHG,510050C2204M02700,50ETF购4月2700,2.7,2022-04-27,2022-03-09,510050.XSHG,2022-04-27,CO
3087,10004102.XSHG,510050P2204M02700,50ETF沽4月2700,2.7,2022-04-27,2022-03-09,510050.XSHG,2022-04-27,PO
3088,10004103.XSHG,510050C2206M02700,50ETF购6月2700,2.7,2022-06-22,2022-03-09,510050.XSHG,2022-06-22,CO
3089,10004104.XSHG,510050P2206M02700,50ETF沽6月2700,2.7,2022-06-22,2022-03-09,510050.XSHG,2022-06-22,PO
3090,10004105.XSHG,510050C2209M02700,50ETF购9月2700,2.7,2022-09-28,2022-03-09,510050.XSHG,2022-09-28,CO
3091,10004106.XSHG,510050P2209M02700,50ETF沽9月2700,2.7,2022-09-28,2022-03-09,510050.XSHG,2022-09-28,PO
3092,10004115.XSHG,510050C2203M02650,50ETF购3月2650,2.65,2022-03-23,2022-03-15,510050.XSHG,2022-03-23,CO
3093,10004116.XSHG,510050P2203M02650,50ETF沽3月2650,2.65,2022-03-23,2022-03-15,510050.XSHG,2022-03-23,PO
3094,10004117.XSHG,510050C2204M02650,50ETF购4月2650,2.65,2022-04-27,2022-03-15,510050.XSHG,2022-04-27,CO
3095,10004118.XSHG,510050P2204M02650,50ETF沽4月2650,2.65,2022-04-27,2022-03-15,510050.XSHG,2022-04-27,PO
3096,10004119.XSHG,510050C2206M02650,50ETF购6月2650,2.65,2022-06-22,2022-03-15,510050.XSHG,2022-06-22,CO
3097,10004120.XSHG,510050P2206M02650,50ETF沽6月2650,2.65,2022-06-22,2022-03-15,510050.XSHG,2022-06-22,PO
3098,10004121.XSHG,510050C2209M02650,50ETF购9月2650,2.65,2022-09-28,2022-03-15,510050.XSHG,2022-09-28,CO
3099,10004122.XSHG,510050P2209M02650,50ETF沽9月2650,2.65,2022-09-28,2022-03-15,510050.XSHG,2022-09-28,PO
3100,10004123.XSHG,510050C2203M02500,50ETF购3月2500,2.5,2022-03-23,2022-03-16,510050.XSHG,2022-03-23,CO
3101,10004124.XSHG,510050C2203M02550,50ETF购3月2550,2.55,2022-03-23,2022-03-16,510050.XSHG,2022-03-23,CO
3102,10004125.XSHG,510050C2203M02600,50ETF购3月2600,2.6,2022-03-23,2022-03-16,510050.XSHG,2022-03-23,CO
3103,10004126.XSHG,510050P2203M02500,50ETF沽3月2500,2.5,2022-03-23,2022-03-16,510050.XSHG,2022-03-23,PO
3104,10004127.XSHG,510050P2203M02550,50ETF沽3月2550,2.55,2022-03-23,2022-03-16,510050.XSHG,2022-03-23,PO
3105,10004128.XSHG,510050P2203M02600,50ETF沽3月2600,2.6,2022-03-23,2022-03-16,510050.XSHG,2022-03-23,PO
3106,10004129.XSHG,510050C2204M02500,50ETF购4月2500,2.5,2022-04-27,2022-03-16,510050.XSHG,2022-04-27,CO
3107,10004130.XSHG,510050C2204M02550,50ETF购4月2550,2.55,2022-04-27,2022-03-16,510050.XSHG,2022-04-27,CO
3108,10004131.XSHG,510050C2204M02600,50ETF购4月2600,2.6,2022-04-27,2022-03-16,510050.XSHG,2022-04-27,CO
3109,10004132.XSHG,510050P2204M02500,50ETF沽4月2500,2.5,2022-04-27,2022-03-16,510050.XSHG,2022-04-27,PO
3110,10004133.XSHG,510050P2204M02550,50ETF沽4月2550,2.55,2022-04-27,2022-03-16,510050.XSHG,2022-04-27,PO
3111,10004134.XSHG,510050P2204M02600,50ETF沽4月2600,2.6,2022-04-27,2022-03-16,510050.XSHG,2022-04-27,PO
3112,10004135.XSHG,510050C2206M02500,50ETF购6月2500,2.5,2022-06-22,2022-03-16,510050.XSHG,2022-06-22,CO
3113,10004136.XSHG,510050C2206M02550,50ETF购6月2550,2.55,2022-06-22,2022-03-16,510050.XSHG,2022-06-22,CO
3114,10004137.XSHG,510050C2206M02600,50ETF购6月2600,2.6,2022-06-22,2022-03-16,510050.XSHG,2022-06-22,CO
3115,10004138.XSHG,510050P2206M02500,50ETF沽6月2500,2.5,2022-06-22,2022-03-16,510050.XSHG,2022-06-22,PO
3116,10004139.XSHG,510050P2206M02550,50ETF沽6月2550,2.55,2022-06-22,2022-03-16,510050.XSHG,2022-06-22,PO
3117,10004140.XSHG,510050P2206M02600,50ETF沽6月2600,2.6,2022-06-22,2022-03-16,510050.XSHG,2022-06-22,PO
3118,10004141.XSHG,510050C2209M02500,50ETF购9月2500,2.5,2022-09-28,2022-03-16,510050.XSHG,2022-09-28,CO
3119,10004142.XSHG,510050C2209M02550,50ETF购9月2550,2.55,2022-09-28,2022-03-16,510050.XSHG,2022-09-28,CO
3120,10004143.XSHG,510050C2209M02600,50ETF购9月2600,2.6,2022-09-28,2022-03-16,510050.XSHG,2022-09-28,CO
3121,10004144.XSHG,510050P2209M02500,50ETF沽9月2500,2.5,2022-09-28,2022-03-16,510050.XSHG,2022-09-28,PO
3122,10004145.XSHG,510050P2209M02550,50ETF沽9月2550,2.55,2022-09-28,2022-03-16,510050.XSHG,2022-09-28,PO
3123,10004146.XSHG,510050P2209M02600,50ETF沽9月2600,2.6,2022-09-28,2022-03-16,510050.XSHG,2022-09-28,PO
3124,10004163.XSHG,510050C2205M02700,50ETF购5月2700,2.7,2022-05-25,2022-03-24,510050.XSHG,2022-05-25,CO
3125,10004164.XSHG,510050C2205M02750,50ETF购5月2750,2.75,2022-05-25,2022-03-24,510050.XSHG,2022-05-25,CO
3126,10004165.XSHG,510050C2205M02800,50ETF购5月2800,2.8,2022-05-25,2022-03-24,510050.XSHG,2022-05-25,CO
3127,10004166.XSHG,510050C2205M02850,50ETF购5月2850,2.85,2022-05-25,2022-03-24,510050.XSHG,2022-05-25,CO
3128,10004167.XSHG,510050C2205M02900,50ETF购5月2900,2.9,2022-05-25,2022-03-24,510050.XSHG,2022-05-25,CO
3129,10004168.XSHG,510050C2205M02950,50ETF购5月2950,2.95,2022-05-25,2022-03-24,510050.XSHG,2022-05-25,CO
3130,10004169.XSHG,510050C2205M03000,50ETF购5月3000,3.0,2022-05-25,2022-03-24,510050.XSHG,2022-05-25,CO
3131,10004170.XSHG,510050C2205M03100,50ETF购5月3100,3.1,2022-05-25,2022-03-24,510050.XSHG,2022-05-25,CO
3132,10004171.XSHG,510050C2205M03200,50ETF购5月3200,3.2,2022-05-25,2022-03-24,510050.XSHG,2022-05-25,CO
3133,10004172.XSHG,510050P2205M02700,50ETF沽5月2700,2.7,2022-05-25,2022-03-24,510050.XSHG,2022-05-25,PO
3134,10004173.XSHG,510050P2205M02750,50ETF沽5月2750,2.75,2022-05-25,2022-03-24,510050.XSHG,2022-05-25,PO
3135,10004174.XSHG,510050P2205M02800,50ETF沽5月2800,2.8,2022-05-25,2022-03-24,510050.XSHG,2022-05-25,PO
3136,10004175.XSHG,510050P2205M02850,50ETF沽5月2850,2.85,2022-05-25,2022-03-24,510050.XSHG,2022-05-25,PO
3137,10004176.XSHG,510050P2205M02900,50ETF沽5月2900,2.9,2022-05-25,2022-03-24,510050.XSHG,2022-05-25,PO
3138,10004177.XSHG,510050P2205M02950,50ETF沽5月2950,2.95,2022-05-25,2022-03-24,510050.XSHG,2022-05-25,PO
3139,10004178.XSHG,510050P2205M03000,50ETF沽5月3000,3.0,2022-05-25,2022-03-24,510050.XSHG,2022-05-25,PO
3140,10004179.XSHG,510050P2205M03100,50ETF沽5月3100,3.1,2022-05-25,2022-03-24,510050.XSHG,2022-05-25,PO
3141,10004180.XSHG,510050P2205M03200,50ETF沽5月3200,3.2,2022-05-25,2022-03-24,510050.XSHG,2022-05-25,PO
3142,10004201.XSHG,510050C2205M02650,50ETF购5月2650,2.65,2022-05-25,2022-03-28,510050.XSHG,2022-05-25,CO
3143,10004202.XSHG,510050P2205M02650,50ETF沽5月2650,2.65,2022-05-25,2022-03-28,510050.XSHG,2022-05-25,PO
3144,10004205.XSHG,510050C2205M02600,50ETF购5月2600,2.6,2022-05-25,2022-03-30,510050.XSHG,2022-05-25,CO
3145,10004206.XSHG,510050P2205M02600,50ETF沽5月2600,2.6,2022-05-25,2022-03-30,510050.XSHG,2022-05-25,PO
3146,10004209.XSHG,510050C2204M02450,50ETF购4月2450,2.45,2022-04-27,2022-04-26,510050.XSHG,2022-04-27,CO
3147,10004210.XSHG,510050P2204M02450,50ETF沽4月2450,2.45,2022-04-27,2022-04-26,510050.XSHG,2022-04-27,PO
3148,10004211.XSHG,510050C2205M02450,50ETF购5月2450,2.45,2022-05-25,2022-04-26,510050.XSHG,2022-05-25,CO
3149,10004212.XSHG,510050C2205M02500,50ETF购5月2500,2.5,2022-05-25,2022-04-26,510050.XSHG,2022-05-25,CO
3150,10004213.XSHG,510050C2205M02550,50ETF购5月2550,2.55,2022-05-25,2022-04-26,510050.XSHG,2022-05-25,CO
3151,10004214.XSHG,510050P2205M02450,50ETF沽5月2450,2.45,2022-05-25,2022-04-26,510050.XSHG,2022-05-25,PO
3152,10004215.XSHG,510050P2205M02500,50ETF沽5月2500,2.5,2022-05-25,2022-04-26,510050.XSHG,2022-05-25,PO
3153,10004216.XSHG,510050P2205M02550,50ETF沽5月2550,2.55,2022-05-25,2022-04-26,510050.XSHG,2022-05-25,PO
3154,10004217.XSHG,510050C2206M02450,50ETF购6月2450,2.45,2022-06-22,2022-04-26,510050.XSHG,2022-06-22,CO
3155,10004218.XSHG,510050P2206M02450,50ETF沽6月2450,2.45,2022-06-22,2022-04-26,510050.XSHG,2022-06-22,PO
3156,10004219.XSHG,510050C2209M02450,50ETF购9月2450,2.45,2022-09-28,2022-04-26,510050.XSHG,2022-09-28,CO
3157,10004220.XSHG,510050P2209M02450,50ETF沽9月2450,2.45,2022-09-28,2022-04-26,510050.XSHG,2022-09-28,PO
3158,10004281.XSHG,510050C2207M02550,50ETF购7月2550,2.55,2022-07-27,2022-05-26,510050.XSHG,2022-07-27,CO
3159,10004282.XSHG,510050C2207M02600,50ETF购7月2600,2.6,2022-07-27,2022-05-26,510050.XSHG,2022-07-27,CO
3160,10004283.XSHG,510050C2207M02650,50ETF购7月2650,2.65,2022-07-27,2022-05-26,510050.XSHG,2022-07-27,CO
3161,10004284.XSHG,510050C2207M02700,50ETF购7月2700,2.7,2022-07-27,2022-05-26,510050.XSHG,2022-07-27,CO
3162,10004285.XSHG,510050C2207M02750,50ETF购7月2750,2.75,2022-07-27,2022-05-26,510050.XSHG,2022-07-27,CO
3163,10004286.XSHG,510050C2207M02800,50ETF购7月2800,2.8,2022-07-27,2022-05-26,510050.XSHG,2022-07-27,CO
3164,10004287.XSHG,510050C2207M02850,50ETF购7月2850,2.85,2022-07-27,2022-05-26,510050.XSHG,2022-07-27,CO
3165,10004288.XSHG,510050C2207M02900,50ETF购7月2900,2.9,2022-07-27,2022-05-26,510050.XSHG,2022-07-27,CO
3166,10004289.XSHG,510050C2207M02950,50ETF购7月2950,2.95,2022-07-27,2022-05-26,510050.XSHG,2022-07-27,CO
3167,10004290.XSHG,510050P2207M02550,50ETF沽7月2550,2.55,2022-07-27,2022-05-26,510050.XSHG,2022-07-27,PO
3168,10004291.XSHG,510050P2207M02600,50ETF沽7月2600,2.6,2022-07-27,2022-05-26,510050.XSHG,2022-07-27,PO
3169,10004292.XSHG,510050P2207M02650,50ETF沽7月2650,2.65,2022-07-27,2022-05-26,510050.XSHG,2022-07-27,PO
3170,10004293.XSHG,510050P2207M02700,50ETF沽7月2700,2.7,2022-07-27,2022-05-26,510050.XSHG,2022-07-27,PO
3171,10004294.XSHG,510050P2207M02750,50ETF沽7月2750,2.75,2022-07-27,2022-05-26,510050.XSHG,2022-07-27,PO
3172,10004295.XSHG,510050P2207M02800,50ETF沽7月2800,2.8,2022-07-27,2022-05-26,510050.XSHG,2022-07-27,PO
3173,10004296.XSHG,510050P2207M02850,50ETF沽7月2850,2.85,2022-07-27,2022-05-26,510050.XSHG,2022-07-27,PO
3174,10004297.XSHG,510050P2207M02900,50ETF沽7月2900,2.9,2022-07-27,2022-05-26,510050.XSHG,2022-07-27,PO
3175,10004298.XSHG,510050P2207M02950,50ETF沽7月2950,2.95,2022-07-27,2022-05-26,510050.XSHG,2022-07-27,PO
3176,10004317.XSHG,510050C2207M03000,50ETF购7月3000,3.0,2022-07-27,2022-06-01,510050.XSHG,2022-07-27,CO
3177,10004318.XSHG,510050P2207M03000,50ETF沽7月3000,3.0,2022-07-27,2022-06-01,510050.XSHG,2022-07-27,PO
3178,10004325.XSHG,510050C2207M03100,50ETF购7月3100,3.1,2022-07-27,2022-06-08,510050.XSHG,2022-07-27,CO
3179,10004326.XSHG,510050P2207M03100,50ETF沽7月3100,3.1,2022-07-27,2022-06-08,510050.XSHG,2022-07-27,PO
3180,10004329.XSHG,510050C2207M03200,50ETF购7月3200,3.2,2022-07-27,2022-06-13,510050.XSHG,2022-07-27,CO
3181,10004330.XSHG,510050P2207M03200,50ETF沽7月3200,3.2,2022-07-27,2022-06-13,510050.XSHG,2022-07-27,PO
3182,10004337.XSHG,510050C2207M03300,50ETF购7月3300,3.3,2022-07-27,2022-06-20,510050.XSHG,2022-07-27,CO
3183,10004338.XSHG,510050P2207M03300,50ETF沽7月3300,3.3,2022-07-27,2022-06-20,510050.XSHG,2022-07-27,PO
3184,10004341.XSHG,510050C2208M02700,50ETF购8月2700,2.7,2022-08-24,2022-06-23,510050.XSHG,2022-08-24,CO
3185,10004342.XSHG,510050C2208M02750,50ETF购8月2750,2.75,2022-08-24,2022-06-23,510050.XSHG,2022-08-24,CO
3186,10004343.XSHG,510050C2208M02800,50ETF购8月2800,2.8,2022-08-24,2022-06-23,510050.XSHG,2022-08-24,CO
3187,10004344.XSHG,510050C2208M02850,50ETF购8月2850,2.85,2022-08-24,2022-06-23,510050.XSHG,2022-08-24,CO
3188,10004345.XSHG,510050C2208M02900,50ETF购8月2900,2.9,2022-08-24,2022-06-23,510050.XSHG,2022-08-24,CO
3189,10004346.XSHG,510050C2208M02950,50ETF购8月2950,2.95,2022-08-24,2022-06-23,510050.XSHG,2022-08-24,CO
3190,10004347.XSHG,510050C2208M03000,50ETF购8月3000,3.0,2022-08-24,2022-06-23,510050.XSHG,2022-08-24,CO
3191,10004348.XSHG,510050C2208M03100,50ETF购8月3100,3.1,2022-08-24,2022-06-23,510050.XSHG,2022-08-24,CO
3192,10004349.XSHG,510050C2208M03200,50ETF购8月3200,3.2,2022-08-24,2022-06-23,510050.XSHG,2022-08-24,CO
3193,10004350.XSHG,510050P2208M02700,50ETF沽8月2700,2.7,2022-08-24,2022-06-23,510050.XSHG,2022-08-24,PO
3194,10004351.XSHG,510050P2208M02750,50ETF沽8月2750,2.75,2022-08-24,2022-06-23,510050.XSHG,2022-08-24,PO
3195,10004352.XSHG,510050P2208M02800,50ETF沽8月2800,2.8,2022-08-24,2022-06-23,510050.XSHG,2022-08-24,PO
3196,10004353.XSHG,510050P2208M02850,50ETF沽8月2850,2.85,2022-08-24,2022-06-23,510050.XSHG,2022-08-24,PO
3197,10004354.XSHG,510050P2208M02900,50ETF沽8月2900,2.9,2022-08-24,2022-06-23,510050.XSHG,2022-08-24,PO
3198,10004355.XSHG,510050P2208M02950,50ETF沽8月2950,2.95,2022-08-24,2022-06-23,510050.XSHG,2022-08-24,PO
3199,10004356.XSHG,510050P2208M03000,50ETF沽8月3000,3.0,2022-08-24,2022-06-23,510050.XSHG,2022-08-24,PO
3200,10004357.XSHG,510050P2208M03100,50ETF沽8月3100,3.1,2022-08-24,2022-06-23,510050.XSHG,2022-08-24,PO
3201,10004358.XSHG,510050P2208M03200,50ETF沽8月3200,3.2,2022-08-24,2022-06-23,510050.XSHG,2022-08-24,PO
3202,10004377.XSHG,510050C2208M03300,50ETF购8月3300,3.3,2022-08-24,2022-06-24,510050.XSHG,2022-08-24,CO
3203,10004378.XSHG,510050P2208M03300,50ETF沽8月3300,3.3,2022-08-24,2022-06-24,510050.XSHG,2022-08-24,PO
3204,10004385.XSHG,510050C2207M03400,50ETF购7月3400,3.4,2022-07-27,2022-06-27,510050.XSHG,2022-07-27,CO
3205,10004386.XSHG,510050P2207M03400,50ETF沽7月3400,3.4,2022-07-27,2022-06-27,510050.XSHG,2022-07-27,PO
3206,10004387.XSHG,510050C2208M03400,50ETF购8月3400,3.4,2022-08-24,2022-06-27,510050.XSHG,2022-08-24,CO
3207,10004388.XSHG,510050P2208M03400,50ETF沽8月3400,3.4,2022-08-24,2022-06-27,510050.XSHG,2022-08-24,PO
3208,10004397.XSHG,510050C2207M03500,50ETF购7月3500,3.5,2022-07-27,2022-07-01,510050.XSHG,2022-07-27,CO
3209,10004398.XSHG,510050P2207M03500,50ETF沽7月3500,3.5,2022-07-27,2022-07-01,510050.XSHG,2022-07-27,PO
3210,10004399.XSHG,510050C2208M03500,50ETF购8月3500,3.5,2022-08-24,2022-07-01,510050.XSHG,2022-08-24,CO
3211,10004400.XSHG,510050P2208M03500,50ETF沽8月3500,3.5,2022-08-24,2022-07-01,510050.XSHG,2022-08-24,PO
3212,10004403.XSHG,510050C2208M02650,50ETF购8月2650,2.65,2022-08-24,2022-07-18,510050.XSHG,2022-08-24,CO
3213,10004404.XSHG,510050P2208M02650,50ETF沽8月2650,2.65,2022-08-24,2022-07-18,510050.XSHG,2022-08-24,PO
3214,10004445.XSHG,510050C2208M02600,50ETF购8月2600,2.6,2022-08-24,2022-08-02,510050.XSHG,2022-08-24,CO
3215,10004446.XSHG,510050P2208M02600,50ETF沽8月2600,2.6,2022-08-24,2022-08-02,510050.XSHG,2022-08-24,PO
3216,10004449.XSHG,510050C2208M02550,50ETF购8月2550,2.55,2022-08-24,2022-08-03,510050.XSHG,2022-08-24,CO
3217,10004450.XSHG,510050P2208M02550,50ETF沽8月2550,2.55,2022-08-24,2022-08-03,510050.XSHG,2022-08-24,PO
3218,10004457.XSHG,510050C2210M02550,50ETF购10月2550,2.55,2022-10-26,2022-08-25,510050.XSHG,2022-10-26,CO
3219,10004458.XSHG,510050C2210M02600,50ETF购10月2600,2.6,2022-10-26,2022-08-25,510050.XSHG,2022-10-26,CO
3220,10004459.XSHG,510050C2210M02650,50ETF购10月2650,2.65,2022-10-26,2022-08-25,510050.XSHG,2022-10-26,CO
3221,10004460.XSHG,510050C2210M02700,50ETF购10月2700,2.7,2022-10-26,2022-08-25,510050.XSHG,2022-10-26,CO
3222,10004461.XSHG,510050C2210M02750,50ETF购10月2750,2.75,2022-10-26,2022-08-25,510050.XSHG,2022-10-26,CO
3223,10004462.XSHG,510050C2210M02800,50ETF购10月2800,2.8,2022-10-26,2022-08-25,510050.XSHG,2022-10-26,CO
3224,10004463.XSHG,510050C2210M02850,50ETF购10月2850,2.85,2022-10-26,2022-08-25,510050.XSHG,2022-10-26,CO
3225,10004464.XSHG,510050C2210M02900,50ETF购10月2900,2.9,2022-10-26,2022-08-25,510050.XSHG,2022-10-26,CO
3226,10004465.XSHG,510050C2210M02950,50ETF购10月2950,2.95,2022-10-26,2022-08-25,510050.XSHG,2022-10-26,CO
3227,10004466.XSHG,510050P2210M02550,50ETF沽10月2550,2.55,2022-10-26,2022-08-25,510050.XSHG,2022-10-26,PO
3228,10004467.XSHG,510050P2210M02600,50ETF沽10月2600,2.6,2022-10-26,2022-08-25,510050.XSHG,2022-10-26,PO
3229,10004468.XSHG,510050P2210M02650,50ETF沽10月2650,2.65,2022-10-26,2022-08-25,510050.XSHG,2022-10-26,PO
3230,10004469.XSHG,510050P2210M02700,50ETF沽10月2700,2.7,2022-10-26,2022-08-25,510050.XSHG,2022-10-26,PO
3231,10004470.XSHG,510050P2210M02750,50ETF沽10月2750,2.75,2022-10-26,2022-08-25,510050.XSHG,2022-10-26,PO
3232,10004471.XSHG,510050P2210M02800,50ETF沽10月2800,2.8,2022-10-26,2022-08-25,510050.XSHG,2022-10-26,PO
3233,10004472.XSHG,510050P2210M02850,50ETF沽10月2850,2.85,2022-10-26,2022-08-25,510050.XSHG,2022-10-26,PO
3234,10004473.XSHG,510050P2210M02900,50ETF沽10月2900,2.9,2022-10-26,2022-08-25,510050.XSHG,2022-10-26,PO
3235,10004474.XSHG,510050P2210M02950,50ETF沽10月2950,2.95,2022-10-26,2022-08-25,510050.XSHG,2022-10-26,PO
3236,10004493.XSHG,510050C2210M03000,50ETF购10月3000,3.0,2022-10-26,2022-08-26,510050.XSHG,2022-10-26,CO
3237,10004494.XSHG,510050P2210M03000,50ETF沽10月3000,3.0,2022-10-26,2022-08-26,510050.XSHG,2022-10-26,PO
3238,10004569.XSHG,510050C2210M02500,50ETF购10月2500,2.5,2022-10-26,2022-09-19,510050.XSHG,2022-10-26,CO
3239,10004570.XSHG,510050P2210M02500,50ETF沽10月2500,2.5,2022-10-26,2022-09-19,510050.XSHG,2022-10-26,PO
3240,10004577.XSHG,510050C2210M02450,50ETF购10月2450,2.45,2022-10-26,2022-09-23,510050.XSHG,2022-10-26,CO
3241,10004578.XSHG,510050P2210M02450,50ETF沽10月2450,2.45,2022-10-26,2022-09-23,510050.XSHG,2022-10-26,PO
3242,10004631.XSHG,510050C2210M02400,50ETF购10月2400,2.4,2022-10-26,2022-10-11,510050.XSHG,2022-10-26,CO
3243,10004632.XSHG,510050P2210M02400,50ETF沽10月2400,2.4,2022-10-26,2022-10-11,510050.XSHG,2022-10-26,PO
3244,10004647.XSHG,510050C2210M02350,50ETF购10月2350,2.35,2022-10-26,2022-10-14,510050.XSHG,2022-10-26,CO
3245,10004648.XSHG,510050P2210M02350,50ETF沽10月2350,2.35,2022-10-26,2022-10-14,510050.XSHG,2022-10-26,PO
3246,10004655.XSHG,510050C2210M02250,50ETF购10月2250,2.25,2022-10-26,2022-10-25,510050.XSHG,2022-10-26,CO
3247,10004656.XSHG,510050C2210M02300,50ETF购10月2300,2.3,2022-10-26,2022-10-25,510050.XSHG,2022-10-26,CO
3248,10004657.XSHG,510050P2210M02250,50ETF沽10月2250,2.25,2022-10-26,2022-10-25,510050.XSHG,2022-10-26,PO
3249,10004658.XSHG,510050P2210M02300,50ETF沽10月2300,2.3,2022-10-26,2022-10-25,510050.XSHG,2022-10-26,PO
