,code,open,close,date,exchange_code
0,10000003.XSHG,0.1272,0.1225,2015-02-09,XSHG
1,10000010.XSHG,0.1828,0.1542,2015-02-09,XSHG
2,10000001.XSHG,0.182,0.1826,2015-02-09,XSHG
3,10000007.XSHG,0.1007,0.0777,2015-02-09,XSHG
4,10000006.XSHG,0.0796,0.0617,2015-02-09,XSHG
5,10000005.XSHG,0.0868,0.0735,2015-02-09,XSHG
6,10000026.XSHG,0.1602,0.1379,2015-02-09,XSHG
7,10000009.XSHG,0.1527,0.1268,2015-02-09,XSHG
8,10000008.XSHG,0.1251,0.0969,2015-02-09,XSHG
9,10000012.XSHG,0.1898,0.1785,2015-02-09,XSHG
10,10000013.XSHG,0.1657,0.1466,2015-02-09,XSHG
11,10000014.XSHG,0.1429,0.1261,2015-02-09,XSHG
12,10000002.XSHG,0.1529,0.146,2015-02-09,XSHG
13,10000015.XSHG,0.1226,0.1008,2015-02-09,XSHG
14,10000016.XSHG,0.1085,0.088,2015-02-09,XSHG
15,10000004.XSHG,0.1054,0.0942,2015-02-09,XSHG
16,10000017.XSHG,0.1308,0.1111,2015-02-09,XSHG
17,10000036.XSHG,0.2054,0.1795,2015-02-09,XSHG
18,10000037.XSHG,0.229,0.2116,2015-02-09,XSHG
19,10000034.XSHG,0.2828,0.2326,2015-02-09,XSHG
20,10000035.XSHG,0.2621,0.2116,2015-02-09,XSHG
21,10000032.XSHG,0.3283,0.2787,2015-02-09,XSHG
22,10000033.XSHG,0.3046,0.2583,2015-02-09,XSHG
23,10000030.XSHG,0.2639,0.2329,2015-02-09,XSHG
24,10000031.XSHG,0.3531,0.313,2015-02-09,XSHG
25,10000018.XSHG,0.1559,0.1327,2015-02-09,XSHG
26,10000019.XSHG,0.1828,0.1614,2015-02-09,XSHG
27,10000038.XSHG,0.2549,0.2361,2015-02-09,XSHG
28,10000039.XSHG,0.2818,0.2549,2015-02-09,XSHG
29,10000011.XSHG,0.2176,0.21,2015-02-09,XSHG
30,10000029.XSHG,0.2353,0.2055,2015-02-09,XSHG
31,10000028.XSHG,0.2086,0.1882,2015-02-09,XSHG
32,10000021.XSHG,0.281,0.2662,2015-02-09,XSHG
33,10000020.XSHG,0.2124,0.1903,2015-02-09,XSHG
34,10000023.XSHG,0.2319,0.2105,2015-02-09,XSHG
35,10000022.XSHG,0.255,0.2366,2015-02-09,XSHG
36,10000025.XSHG,0.1877,0.1652,2015-02-09,XSHG
37,10000024.XSHG,0.2086,0.187,2015-02-09,XSHG
38,10000027.XSHG,0.1835,0.1631,2015-02-09,XSHG
39,10000040.XSHG,0.3097,0.2935,2015-02-09,XSHG
40,10000003.XSHG,0.1237,0.1367,2015-02-10,XSHG
41,10000010.XSHG,0.1509,0.126,2015-02-10,XSHG
42,10000001.XSHG,0.1856,0.2072,2015-02-10,XSHG
43,10000007.XSHG,0.0758,0.0578,2015-02-10,XSHG
44,10000006.XSHG,0.0601,0.0451,2015-02-10,XSHG
45,10000005.XSHG,0.0756,0.0855,2015-02-10,XSHG
46,10000004.XSHG,0.0966,0.1055,2015-02-10,XSHG
47,10000009.XSHG,0.1227,0.0975,2015-02-10,XSHG
48,10000008.XSHG,0.0945,0.0757,2015-02-10,XSHG
49,10000012.XSHG,0.1825,0.1897,2015-02-10,XSHG
50,10000013.XSHG,0.151,0.1604,2015-02-10,XSHG
51,10000014.XSHG,0.13,0.1346,2015-02-10,XSHG
52,10000002.XSHG,0.1496,0.1659,2015-02-10,XSHG
53,10000015.XSHG,0.1039,0.1095,2015-02-10,XSHG
54,10000016.XSHG,0.0855,0.0645,2015-02-10,XSHG
55,10000040.XSHG,0.2757,0.2503,2015-02-10,XSHG
56,10000017.XSHG,0.1077,0.0829,2015-02-10,XSHG
57,10000036.XSHG,0.1744,0.1542,2015-02-10,XSHG
58,10000037.XSHG,0.2112,0.1759,2015-02-10,XSHG
59,10000034.XSHG,0.2348,0.254,2015-02-10,XSHG
60,10000035.XSHG,0.2161,0.2283,2015-02-10,XSHG
61,10000032.XSHG,0.2832,0.304,2015-02-10,XSHG
62,10000033.XSHG,0.2579,0.277,2015-02-10,XSHG
63,10000030.XSHG,0.2245,0.1996,2015-02-10,XSHG
64,10000031.XSHG,0.3153,0.3325,2015-02-10,XSHG
65,10000018.XSHG,0.1287,0.102,2015-02-10,XSHG
66,10000019.XSHG,0.1569,0.127,2015-02-10,XSHG
67,10000038.XSHG,0.2356,0.198,2015-02-10,XSHG
68,10000039.XSHG,0.2551,0.2212,2015-02-10,XSHG
69,10000021.XSHG,0.2622,0.2751,2015-02-10,XSHG
70,10000020.XSHG,0.1858,0.1528,2015-02-10,XSHG
71,10000023.XSHG,0.2065,0.2165,2015-02-10,XSHG
72,10000011.XSHG,0.2139,0.224,2015-02-10,XSHG
73,10000022.XSHG,0.2326,0.2446,2015-02-10,XSHG
74,10000043.XSHG,0.0838,0.0898,2015-02-10,XSHG
75,10000042.XSHG,0.187,0.154,2015-02-10,XSHG
76,10000029.XSHG,0.1859,0.1728,2015-02-10,XSHG
77,10000028.XSHG,0.1838,0.1518,2015-02-10,XSHG
78,10000041.XSHG,0.0577,0.0622,2015-02-10,XSHG
79,10000048.XSHG,0.3083,0.279,2015-02-10,XSHG
80,10000047.XSHG,0.197,0.2063,2015-02-10,XSHG
81,10000046.XSHG,0.251,0.2283,2015-02-10,XSHG
82,10000045.XSHG,0.147,0.1441,2015-02-10,XSHG
83,10000044.XSHG,0.2168,0.1836,2015-02-10,XSHG
84,10000025.XSHG,0.163,0.1688,2015-02-10,XSHG
85,10000024.XSHG,0.183,0.1905,2015-02-10,XSHG
86,10000027.XSHG,0.1591,0.1282,2015-02-10,XSHG
87,10000026.XSHG,0.1356,0.1076,2015-02-10,XSHG
88,10000003.XSHG,0.1374,0.1363,2015-02-11,XSHG
89,10000010.XSHG,0.1212,0.0992,2015-02-11,XSHG
90,10000001.XSHG,0.2083,0.2107,2015-02-11,XSHG
91,10000007.XSHG,0.0561,0.0425,2015-02-11,XSHG
92,10000006.XSHG,0.0435,0.0321,2015-02-11,XSHG
93,10000005.XSHG,0.0856,0.078,2015-02-11,XSHG
94,10000004.XSHG,0.1089,0.105,2015-02-11,XSHG
95,10000009.XSHG,0.0953,0.0752,2015-02-11,XSHG
96,10000008.XSHG,0.0731,0.0564,2015-02-11,XSHG
97,10000012.XSHG,0.1923,0.1887,2015-02-11,XSHG
98,10000013.XSHG,0.1627,0.1577,2015-02-11,XSHG
99,10000014.XSHG,0.1364,0.1293,2015-02-11,XSHG
100,10000002.XSHG,0.1696,0.1702,2015-02-11,XSHG
101,10000015.XSHG,0.1128,0.1058,2015-02-11,XSHG
102,10000016.XSHG,0.0621,0.046,2015-02-11,XSHG
103,10000040.XSHG,0.2476,0.2159,2015-02-11,XSHG
104,10000017.XSHG,0.0789,0.0598,2015-02-11,XSHG
105,10000036.XSHG,0.1527,0.1245,2015-02-11,XSHG
106,10000037.XSHG,0.1744,0.1443,2015-02-11,XSHG
107,10000034.XSHG,0.2541,0.2355,2015-02-11,XSHG
108,10000035.XSHG,0.2284,0.2117,2015-02-11,XSHG
109,10000032.XSHG,0.3041,0.2894,2015-02-11,XSHG
110,10000033.XSHG,0.2771,0.2614,2015-02-11,XSHG
111,10000030.XSHG,0.1979,0.1706,2015-02-11,XSHG
112,10000031.XSHG,0.3326,0.321,2015-02-11,XSHG
113,10000018.XSHG,0.0995,0.0776,2015-02-11,XSHG
114,10000019.XSHG,0.1227,0.0996,2015-02-11,XSHG
115,10000038.XSHG,0.1954,0.1649,2015-02-11,XSHG
116,10000039.XSHG,0.2211,0.1882,2015-02-11,XSHG
117,10000021.XSHG,0.2752,0.2643,2015-02-11,XSHG
118,10000020.XSHG,0.1497,0.1245,2015-02-11,XSHG
119,10000023.XSHG,0.2166,0.2052,2015-02-11,XSHG
120,10000011.XSHG,0.2278,0.2274,2015-02-11,XSHG
121,10000022.XSHG,0.2447,0.2323,2015-02-11,XSHG
122,10000043.XSHG,0.094,0.0847,2015-02-11,XSHG
123,10000042.XSHG,0.1522,0.1297,2015-02-11,XSHG
124,10000029.XSHG,0.1717,0.145,2015-02-11,XSHG
125,10000028.XSHG,0.1482,0.1226,2015-02-11,XSHG
126,10000041.XSHG,0.0666,0.0591,2015-02-11,XSHG
127,10000048.XSHG,0.2764,0.239,2015-02-11,XSHG
128,10000047.XSHG,0.2079,0.1925,2015-02-11,XSHG
129,10000046.XSHG,0.2272,0.1989,2015-02-11,XSHG
130,10000045.XSHG,0.147,0.1358,2015-02-11,XSHG
131,10000044.XSHG,0.1797,0.1528,2015-02-11,XSHG
132,10000025.XSHG,0.1689,0.1591,2015-02-11,XSHG
133,10000024.XSHG,0.1907,0.1798,2015-02-11,XSHG
134,10000027.XSHG,0.1252,0.1019,2015-02-11,XSHG
135,10000026.XSHG,0.1055,0.084,2015-02-11,XSHG
136,10000003.XSHG,0.1361,0.1323,2015-02-12,XSHG
137,10000010.XSHG,0.0982,0.0888,2015-02-12,XSHG
138,10000001.XSHG,0.2141,0.2109,2015-02-12,XSHG
139,10000007.XSHG,0.0406,0.032,2015-02-12,XSHG
140,10000006.XSHG,0.0305,0.0224,2015-02-12,XSHG
141,10000005.XSHG,0.0798,0.0736,2015-02-12,XSHG
142,10000004.XSHG,0.1068,0.1009,2015-02-12,XSHG
143,10000009.XSHG,0.0743,0.0657,2015-02-12,XSHG
144,10000008.XSHG,0.0546,0.0471,2015-02-12,XSHG
145,10000012.XSHG,0.1927,0.1927,2015-02-12,XSHG
146,10000013.XSHG,0.1603,0.1569,2015-02-12,XSHG
147,10000014.XSHG,0.1312,0.1278,2015-02-12,XSHG
148,10000002.XSHG,0.1683,0.169,2015-02-12,XSHG
149,10000015.XSHG,0.1073,0.1048,2015-02-12,XSHG
150,10000016.XSHG,0.0444,0.0372,2015-02-12,XSHG
151,10000040.XSHG,0.206,0.2049,2015-02-12,XSHG
152,10000054.XSHG,0.2304,0.2169,2015-02-12,XSHG
153,10000055.XSHG,0.171,0.1688,2015-02-12,XSHG
154,10000056.XSHG,0.2574,0.262,2015-02-12,XSHG
155,10000050.XSHG,0.1617,0.1502,2015-02-12,XSHG
156,10000051.XSHG,0.068,0.0629,2015-02-12,XSHG
157,10000052.XSHG,0.1922,0.1721,2015-02-12,XSHG
158,10000053.XSHG,0.1115,0.1158,2015-02-12,XSHG
159,10000036.XSHG,0.1225,0.116,2015-02-12,XSHG
160,10000037.XSHG,0.142,0.1311,2015-02-12,XSHG
161,10000034.XSHG,0.2284,0.2352,2015-02-12,XSHG
162,10000035.XSHG,0.2125,0.2134,2015-02-12,XSHG
163,10000032.XSHG,0.2824,0.2867,2015-02-12,XSHG
164,10000033.XSHG,0.2543,0.2579,2015-02-12,XSHG
165,10000030.XSHG,0.1652,0.1586,2015-02-12,XSHG
166,10000031.XSHG,0.3192,0.3177,2015-02-12,XSHG
167,10000018.XSHG,0.0752,0.0687,2015-02-12,XSHG
168,10000019.XSHG,0.0965,0.0897,2015-02-12,XSHG
169,10000038.XSHG,0.162,0.156,2015-02-12,XSHG
170,10000039.XSHG,0.1838,0.1796,2015-02-12,XSHG
171,10000047.XSHG,0.1849,0.1899,2015-02-12,XSHG
172,10000046.XSHG,0.1936,0.1861,2015-02-12,XSHG
173,10000045.XSHG,0.1305,0.1342,2015-02-12,XSHG
174,10000011.XSHG,0.218,0.2266,2015-02-12,XSHG
175,10000022.XSHG,0.2312,0.2359,2015-02-12,XSHG
176,10000017.XSHG,0.0584,0.0506,2015-02-12,XSHG
177,10000043.XSHG,0.0854,0.0826,2015-02-12,XSHG
178,10000042.XSHG,0.13,0.1165,2015-02-12,XSHG
179,10000029.XSHG,0.1416,0.134,2015-02-12,XSHG
180,10000028.XSHG,0.12,0.111,2015-02-12,XSHG
181,10000041.XSHG,0.06,0.0536,2015-02-12,XSHG
182,10000049.XSHG,0.0434,0.0373,2015-02-12,XSHG
183,10000048.XSHG,0.2293,0.2304,2015-02-12,XSHG
184,10000021.XSHG,0.2635,0.2672,2015-02-12,XSHG
185,10000020.XSHG,0.1208,0.1139,2015-02-12,XSHG
186,10000023.XSHG,0.205,0.2059,2015-02-12,XSHG
187,10000044.XSHG,0.1593,0.1421,2015-02-12,XSHG
188,10000025.XSHG,0.1521,0.1558,2015-02-12,XSHG
189,10000024.XSHG,0.1778,0.1796,2015-02-12,XSHG
190,10000027.XSHG,0.0988,0.0912,2015-02-12,XSHG
191,10000026.XSHG,0.0815,0.0735,2015-02-12,XSHG
192,10000003.XSHG,0.1351,0.1281,2015-02-13,XSHG
193,10000010.XSHG,0.0853,0.073,2015-02-13,XSHG
194,10000001.XSHG,0.213,0.209,2015-02-13,XSHG
195,10000007.XSHG,0.0319,0.0236,2015-02-13,XSHG
196,10000006.XSHG,0.0219,0.0159,2015-02-13,XSHG
197,10000005.XSHG,0.0762,0.0659,2015-02-13,XSHG
198,10000004.XSHG,0.1038,0.0925,2015-02-13,XSHG
199,10000009.XSHG,0.0652,0.0517,2015-02-13,XSHG
200,10000008.XSHG,0.0466,0.035,2015-02-13,XSHG
201,10000012.XSHG,0.1899,0.1873,2015-02-13,XSHG
202,10000013.XSHG,0.1595,0.1533,2015-02-13,XSHG
203,10000014.XSHG,0.1282,0.1267,2015-02-13,XSHG
204,10000002.XSHG,0.1695,0.1677,2015-02-13,XSHG
205,10000015.XSHG,0.1041,0.0977,2015-02-13,XSHG
206,10000016.XSHG,0.0361,0.0265,2015-02-13,XSHG
207,10000040.XSHG,0.1947,0.1692,2015-02-13,XSHG
208,10000054.XSHG,0.2194,0.188,2015-02-13,XSHG
209,10000055.XSHG,0.1693,0.1567,2015-02-13,XSHG
210,10000056.XSHG,0.2477,0.2292,2015-02-13,XSHG
211,10000050.XSHG,0.1518,0.1345,2015-02-13,XSHG
212,10000051.XSHG,0.0636,0.0576,2015-02-13,XSHG
213,10000052.XSHG,0.1721,0.1554,2015-02-13,XSHG
214,10000053.XSHG,0.1157,0.1007,2015-02-13,XSHG
215,10000036.XSHG,0.1118,0.0873,2015-02-13,XSHG
216,10000037.XSHG,0.1288,0.1032,2015-02-13,XSHG
217,10000034.XSHG,0.2358,0.2199,2015-02-13,XSHG
218,10000035.XSHG,0.2126,0.2011,2015-02-13,XSHG
219,10000032.XSHG,0.2955,0.2868,2015-02-13,XSHG
220,10000033.XSHG,0.2665,0.2561,2015-02-13,XSHG
221,10000030.XSHG,0.1585,0.132,2015-02-13,XSHG
222,10000031.XSHG,0.3209,0.3137,2015-02-13,XSHG
223,10000018.XSHG,0.0682,0.0521,2015-02-13,XSHG
224,10000019.XSHG,0.0894,0.0726,2015-02-13,XSHG
225,10000038.XSHG,0.1482,0.1205,2015-02-13,XSHG
226,10000039.XSHG,0.1709,0.1459,2015-02-13,XSHG
227,10000047.XSHG,0.1886,0.1735,2015-02-13,XSHG
228,10000046.XSHG,0.1887,0.1571,2015-02-13,XSHG
229,10000045.XSHG,0.1363,0.1189,2015-02-13,XSHG
230,10000011.XSHG,0.2271,0.225,2015-02-13,XSHG
231,10000022.XSHG,0.2394,0.2231,2015-02-13,XSHG
232,10000017.XSHG,0.05,0.0372,2015-02-13,XSHG
233,10000043.XSHG,0.0822,0.075,2015-02-13,XSHG
234,10000042.XSHG,0.1167,0.1044,2015-02-13,XSHG
235,10000029.XSHG,0.1358,0.1074,2015-02-13,XSHG
236,10000028.XSHG,0.1062,0.0891,2015-02-13,XSHG
237,10000041.XSHG,0.0545,0.0429,2015-02-13,XSHG
238,10000049.XSHG,0.0381,0.0294,2015-02-13,XSHG
239,10000048.XSHG,0.2182,0.1964,2015-02-13,XSHG
240,10000021.XSHG,0.2688,0.2592,2015-02-13,XSHG
241,10000020.XSHG,0.1138,0.0992,2015-02-13,XSHG
242,10000023.XSHG,0.2099,0.1989,2015-02-13,XSHG
243,10000044.XSHG,0.1423,0.1275,2015-02-13,XSHG
244,10000025.XSHG,0.1583,0.1422,2015-02-13,XSHG
245,10000024.XSHG,0.1824,0.1652,2015-02-13,XSHG
246,10000027.XSHG,0.0911,0.0719,2015-02-13,XSHG
247,10000026.XSHG,0.0734,0.0539,2015-02-13,XSHG
248,10000003.XSHG,0.1286,0.131,2015-02-16,XSHG
249,10000010.XSHG,0.0718,0.0687,2015-02-16,XSHG
250,10000001.XSHG,0.2111,0.2172,2015-02-16,XSHG
251,10000007.XSHG,0.023,0.0203,2015-02-16,XSHG
252,10000006.XSHG,0.0161,0.0138,2015-02-16,XSHG
253,10000005.XSHG,0.0639,0.0663,2015-02-16,XSHG
254,10000004.XSHG,0.0909,0.0939,2015-02-16,XSHG
255,10000009.XSHG,0.0499,0.0458,2015-02-16,XSHG
256,10000008.XSHG,0.034,0.0305,2015-02-16,XSHG
257,10000012.XSHG,0.1875,0.1927,2015-02-16,XSHG
258,10000013.XSHG,0.1523,0.1564,2015-02-16,XSHG
259,10000014.XSHG,0.1213,0.1272,2015-02-16,XSHG
260,10000002.XSHG,0.1696,0.1723,2015-02-16,XSHG
261,10000015.XSHG,0.0925,0.0994,2015-02-16,XSHG
262,10000016.XSHG,0.0262,0.0217,2015-02-16,XSHG
263,10000040.XSHG,0.1689,0.165,2015-02-16,XSHG
264,10000054.XSHG,0.1855,0.1837,2015-02-16,XSHG
265,10000055.XSHG,0.15,0.1514,2015-02-16,XSHG
266,10000056.XSHG,0.2248,0.2196,2015-02-16,XSHG
267,10000050.XSHG,0.1339,0.1284,2015-02-16,XSHG
268,10000051.XSHG,0.0546,0.0565,2015-02-16,XSHG
269,10000052.XSHG,0.1595,0.1456,2015-02-16,XSHG
270,10000053.XSHG,0.0983,0.0979,2015-02-16,XSHG
271,10000036.XSHG,0.0872,0.0823,2015-02-16,XSHG
272,10000037.XSHG,0.0998,0.0998,2015-02-16,XSHG
273,10000034.XSHG,0.2131,0.2179,2015-02-16,XSHG
274,10000035.XSHG,0.1926,0.1915,2015-02-16,XSHG
275,10000032.XSHG,,,2015-02-16,XSHG
276,10000033.XSHG,,,2015-02-16,XSHG
277,10000030.XSHG,0.1311,0.1237,2015-02-16,XSHG
278,10000031.XSHG,0.312,0.312,2015-02-16,XSHG
279,10000018.XSHG,0.0523,0.0477,2015-02-16,XSHG
280,10000019.XSHG,0.0731,0.0694,2015-02-16,XSHG
281,10000038.XSHG,0.125,0.1152,2015-02-16,XSHG
282,10000039.XSHG,0.1458,0.1392,2015-02-16,XSHG
283,10000047.XSHG,0.168,0.1678,2015-02-16,XSHG
284,10000046.XSHG,0.159,0.1529,2015-02-16,XSHG
285,10000045.XSHG,0.1139,0.1166,2015-02-16,XSHG
286,10000011.XSHG,0.2287,0.2322,2015-02-16,XSHG
287,10000022.XSHG,0.2209,0.2257,2015-02-16,XSHG
288,10000017.XSHG,0.0373,0.0322,2015-02-16,XSHG
289,10000043.XSHG,0.0719,0.075,2015-02-16,XSHG
290,10000042.XSHG,0.1013,0.0973,2015-02-16,XSHG
291,10000029.XSHG,0.1074,0.1007,2015-02-16,XSHG
292,10000028.XSHG,0.0858,0.0804,2015-02-16,XSHG
293,10000041.XSHG,0.0429,0.0453,2015-02-16,XSHG
294,10000049.XSHG,0.029,0.0304,2015-02-16,XSHG
295,10000048.XSHG,0.1951,0.1892,2015-02-16,XSHG
296,10000021.XSHG,0.2601,0.2618,2015-02-16,XSHG
297,10000020.XSHG,0.0949,0.0938,2015-02-16,XSHG
298,10000023.XSHG,0.1903,0.1952,2015-02-16,XSHG
299,10000044.XSHG,0.1223,0.1209,2015-02-16,XSHG
300,10000025.XSHG,0.1327,0.139,2015-02-16,XSHG
301,10000024.XSHG,0.1621,0.1654,2015-02-16,XSHG
302,10000027.XSHG,0.0674,0.0634,2015-02-16,XSHG
303,10000026.XSHG,0.0545,0.0485,2015-02-16,XSHG
304,10000003.XSHG,0.1335,0.1419,2015-02-17,XSHG
305,10000010.XSHG,0.0662,0.0639,2015-02-17,XSHG
306,10000001.XSHG,0.2226,0.2296,2015-02-17,XSHG
307,10000007.XSHG,0.0206,0.0195,2015-02-17,XSHG
308,10000006.XSHG,0.0139,0.0127,2015-02-17,XSHG
309,10000005.XSHG,0.0663,0.0769,2015-02-17,XSHG
310,10000004.XSHG,0.0944,0.1078,2015-02-17,XSHG
311,10000009.XSHG,0.0454,0.043,2015-02-17,XSHG
312,10000008.XSHG,0.0306,0.0291,2015-02-17,XSHG
313,10000012.XSHG,0.1957,0.1994,2015-02-17,XSHG
314,10000013.XSHG,0.1554,0.1638,2015-02-17,XSHG
315,10000014.XSHG,0.1222,0.1306,2015-02-17,XSHG
316,10000002.XSHG,0.1779,0.183,2015-02-17,XSHG
317,10000015.XSHG,0.0935,0.1025,2015-02-17,XSHG
318,10000016.XSHG,0.0224,0.0224,2015-02-17,XSHG
319,10000040.XSHG,0.1544,0.1513,2015-02-17,XSHG
320,10000054.XSHG,0.1719,0.1758,2015-02-17,XSHG
321,10000055.XSHG,0.1495,0.157,2015-02-17,XSHG
322,10000056.XSHG,0.2044,0.209,2015-02-17,XSHG
323,10000050.XSHG,0.13,0.1203,2015-02-17,XSHG
324,10000051.XSHG,0.0556,0.0599,2015-02-17,XSHG
325,10000052.XSHG,0.1474,0.1421,2015-02-17,XSHG
326,10000053.XSHG,0.0973,0.0995,2015-02-17,XSHG
327,10000036.XSHG,0.0767,0.0782,2015-02-17,XSHG
328,10000037.XSHG,0.0897,0.0936,2015-02-17,XSHG
329,10000034.XSHG,0.2247,0.2251,2015-02-17,XSHG
330,10000035.XSHG,0.2002,0.2016,2015-02-17,XSHG
331,10000032.XSHG,0.2858,0.2906,2015-02-17,XSHG
332,10000033.XSHG,0.2544,0.2573,2015-02-17,XSHG
333,10000030.XSHG,0.1165,0.1206,2015-02-17,XSHG
334,10000031.XSHG,0.3266,0.3266,2015-02-17,XSHG
335,10000018.XSHG,0.0481,0.0442,2015-02-17,XSHG
336,10000019.XSHG,0.068,0.0632,2015-02-17,XSHG
337,10000038.XSHG,0.1097,0.1094,2015-02-17,XSHG
338,10000039.XSHG,0.1321,0.1301,2015-02-17,XSHG
339,10000047.XSHG,0.1759,0.1769,2015-02-17,XSHG
340,10000046.XSHG,0.1423,0.1441,2015-02-17,XSHG
341,10000045.XSHG,0.1223,0.1234,2015-02-17,XSHG
342,10000011.XSHG,0.2351,0.2476,2015-02-17,XSHG
343,10000022.XSHG,0.2369,0.2308,2015-02-17,XSHG
344,10000017.XSHG,0.033,0.0304,2015-02-17,XSHG
345,10000043.XSHG,0.0722,0.0787,2015-02-17,XSHG
346,10000042.XSHG,0.0944,0.0882,2015-02-17,XSHG
347,10000029.XSHG,0.095,0.0958,2015-02-17,XSHG
348,10000028.XSHG,0.0757,0.0734,2015-02-17,XSHG
349,10000041.XSHG,0.0444,0.0525,2015-02-17,XSHG
350,10000049.XSHG,0.0296,0.0343,2015-02-17,XSHG
351,10000048.XSHG,0.1755,0.1768,2015-02-17,XSHG
352,10000021.XSHG,0.2731,0.2778,2015-02-17,XSHG
353,10000020.XSHG,0.0911,0.0859,2015-02-17,XSHG
354,10000023.XSHG,0.2033,0.2029,2015-02-17,XSHG
355,10000044.XSHG,0.1174,0.1114,2015-02-17,XSHG
356,10000025.XSHG,0.1496,0.1485,2015-02-17,XSHG
357,10000024.XSHG,0.1727,0.1728,2015-02-17,XSHG
358,10000027.XSHG,0.0596,0.0601,2015-02-17,XSHG
359,10000026.XSHG,0.0483,0.045,2015-02-17,XSHG
360,10000003.XSHG,0.1387,0.1075,2015-02-25,XSHG
361,10000010.XSHG,0.0617,0.0801,2015-02-25,XSHG
362,10000001.XSHG,0.2235,0.1885,2015-02-25,XSHG
363,10000007.XSHG,0.0188,0.0236,2015-02-25,XSHG
364,10000006.XSHG,0.0122,0.0146,2015-02-25,XSHG
365,10000005.XSHG,0.0746,0.0518,2015-02-25,XSHG
366,10000004.XSHG,0.1046,0.076,2015-02-25,XSHG
367,10000009.XSHG,0.0414,0.0538,2015-02-25,XSHG
368,10000008.XSHG,0.028,0.0358,2015-02-25,XSHG
369,10000012.XSHG,0.1994,0.1715,2015-02-25,XSHG
370,10000013.XSHG,0.16,0.1349,2015-02-25,XSHG
371,10000014.XSHG,0.1282,0.1032,2015-02-25,XSHG
372,10000002.XSHG,0.1788,0.1454,2015-02-25,XSHG
373,10000015.XSHG,0.0987,0.0785,2015-02-25,XSHG
374,10000016.XSHG,0.0214,0.0285,2015-02-25,XSHG
375,10000040.XSHG,0.1531,0.1691,2015-02-25,XSHG
376,10000054.XSHG,0.1729,0.1896,2015-02-25,XSHG
377,10000055.XSHG,0.1521,0.1432,2015-02-25,XSHG
378,10000056.XSHG,0.2227,0.2227,2015-02-25,XSHG
379,10000050.XSHG,0.117,0.1483,2015-02-25,XSHG
380,10000051.XSHG,0.058,0.0432,2015-02-25,XSHG
381,10000052.XSHG,0.139,0.1638,2015-02-25,XSHG
382,10000053.XSHG,0.1019,0.09,2015-02-25,XSHG
383,10000036.XSHG,0.0757,0.0864,2015-02-25,XSHG
384,10000037.XSHG,0.0932,0.1048,2015-02-25,XSHG
385,10000034.XSHG,0.2232,0.2001,2015-02-25,XSHG
386,10000035.XSHG,0.1986,0.178,2015-02-25,XSHG
387,10000032.XSHG,0.2816,0.2663,2015-02-25,XSHG
388,10000033.XSHG,0.2507,0.2371,2015-02-25,XSHG
389,10000030.XSHG,0.118,0.1325,2015-02-25,XSHG
390,10000031.XSHG,0.3147,0.299,2015-02-25,XSHG
391,10000018.XSHG,0.0437,0.0578,2015-02-25,XSHG
392,10000019.XSHG,0.0611,0.0775,2015-02-25,XSHG
393,10000038.XSHG,0.1103,0.1208,2015-02-25,XSHG
394,10000039.XSHG,0.1303,0.1432,2015-02-25,XSHG
395,10000047.XSHG,0.1724,0.161,2015-02-25,XSHG
396,10000046.XSHG,0.1443,0.1621,2015-02-25,XSHG
397,10000045.XSHG,0.1257,0.1084,2015-02-25,XSHG
398,10000011.XSHG,0.2401,0.2088,2015-02-25,XSHG
399,10000022.XSHG,0.2374,0.2169,2015-02-25,XSHG
400,10000017.XSHG,0.0304,0.0412,2015-02-25,XSHG
401,10000043.XSHG,0.0771,0.0595,2015-02-25,XSHG
402,10000042.XSHG,0.0854,0.1119,2015-02-25,XSHG
403,10000029.XSHG,0.0952,0.1085,2015-02-25,XSHG
404,10000028.XSHG,0.0756,0.087,2015-02-25,XSHG
405,10000041.XSHG,0.0504,0.0333,2015-02-25,XSHG
406,10000049.XSHG,0.0333,0.0208,2015-02-25,XSHG
407,10000048.XSHG,0.1931,0.1931,2015-02-25,XSHG
408,10000021.XSHG,0.2762,0.2503,2015-02-25,XSHG
409,10000020.XSHG,0.083,0.1033,2015-02-25,XSHG
410,10000023.XSHG,0.2035,0.182,2015-02-25,XSHG
411,10000044.XSHG,0.1087,0.1332,2015-02-25,XSHG
412,10000025.XSHG,0.1492,0.1298,2015-02-25,XSHG
413,10000024.XSHG,0.1743,0.15,2015-02-25,XSHG
414,10000027.XSHG,0.0594,0.069,2015-02-25,XSHG
415,10000026.XSHG,0.0456,0.0536,2015-02-25,XSHG
416,10000003.XSHG,0.1035,0.1628,2015-02-26,XSHG
417,10000010.XSHG,0.0836,0.0473,2015-02-26,XSHG
418,10000001.XSHG,0.19,0.253,2015-02-26,XSHG
419,10000007.XSHG,0.0226,0.0108,2015-02-26,XSHG
420,10000006.XSHG,0.0146,0.0055,2015-02-26,XSHG
421,10000005.XSHG,0.0503,0.0915,2015-02-26,XSHG
422,10000004.XSHG,0.0737,0.126,2015-02-26,XSHG
423,10000009.XSHG,0.0545,0.031,2015-02-26,XSHG
424,10000008.XSHG,0.0359,0.0181,2015-02-26,XSHG
425,10000012.XSHG,0.1606,0.2215,2015-02-26,XSHG
426,10000013.XSHG,0.1311,0.1835,2015-02-26,XSHG
427,10000014.XSHG,0.0987,0.1511,2015-02-26,XSHG
428,10000002.XSHG,0.1415,0.2112,2015-02-26,XSHG
429,10000015.XSHG,0.0789,0.1204,2015-02-26,XSHG
430,10000016.XSHG,0.029,0.019,2015-02-26,XSHG
431,10000040.XSHG,0.175,0.1506,2015-02-26,XSHG
432,10000054.XSHG,0.198,0.1617,2015-02-26,XSHG
433,10000055.XSHG,0.149,0.1692,2015-02-26,XSHG
434,10000056.XSHG,0.23,0.1997,2015-02-26,XSHG
435,10000050.XSHG,0.1537,0.0967,2015-02-26,XSHG
436,10000051.XSHG,0.0422,0.0735,2015-02-26,XSHG
437,10000052.XSHG,0.1701,0.1258,2015-02-26,XSHG
438,10000053.XSHG,0.0826,0.1178,2015-02-26,XSHG
439,10000036.XSHG,0.0927,0.0791,2015-02-26,XSHG
440,10000037.XSHG,0.104,0.0915,2015-02-26,XSHG
441,10000034.XSHG,0.2013,0.2433,2015-02-26,XSHG
442,10000035.XSHG,0.1773,0.218,2015-02-26,XSHG
443,10000032.XSHG,0.2774,0.3061,2015-02-26,XSHG
444,10000033.XSHG,0.2456,0.2769,2015-02-26,XSHG
445,10000030.XSHG,0.1473,0.1082,2015-02-26,XSHG
446,10000031.XSHG,0.2914,0.3401,2015-02-26,XSHG
447,10000018.XSHG,0.0592,0.0396,2015-02-26,XSHG
448,10000019.XSHG,0.0792,0.0549,2015-02-26,XSHG
449,10000038.XSHG,0.1268,0.1142,2015-02-26,XSHG
450,10000039.XSHG,0.152,0.1337,2015-02-26,XSHG
451,10000047.XSHG,0.1669,0.1902,2015-02-26,XSHG
452,10000046.XSHG,0.1714,0.1344,2015-02-26,XSHG
453,10000045.XSHG,0.099,0.1333,2015-02-26,XSHG
454,10000011.XSHG,0.2087,0.2733,2015-02-26,XSHG
455,10000022.XSHG,0.2017,0.2509,2015-02-26,XSHG
456,10000017.XSHG,0.0403,0.028,2015-02-26,XSHG
457,10000043.XSHG,0.059,0.0989,2015-02-26,XSHG
458,10000042.XSHG,0.1156,0.0667,2015-02-26,XSHG
459,10000029.XSHG,0.1169,0.0979,2015-02-26,XSHG
460,10000028.XSHG,0.0936,0.0733,2015-02-26,XSHG
461,10000041.XSHG,0.032,0.0655,2015-02-26,XSHG
462,10000049.XSHG,0.0205,0.0436,2015-02-26,XSHG
463,10000048.XSHG,0.198,0.1739,2015-02-26,XSHG
464,10000021.XSHG,0.2405,0.299,2015-02-26,XSHG
465,10000020.XSHG,0.1052,0.0741,2015-02-26,XSHG
466,10000023.XSHG,0.1711,0.2256,2015-02-26,XSHG
467,10000044.XSHG,0.1388,0.0972,2015-02-26,XSHG
468,10000025.XSHG,0.1203,0.1625,2015-02-26,XSHG
469,10000024.XSHG,0.1438,0.1867,2015-02-26,XSHG
470,10000027.XSHG,0.0741,0.0609,2015-02-26,XSHG
471,10000026.XSHG,0.0576,0.0429,2015-02-26,XSHG
472,10000003.XSHG,0.1668,0.1656,2015-02-27,XSHG
473,10000010.XSHG,0.0456,0.0488,2015-02-27,XSHG
474,10000001.XSHG,0.2534,0.2488,2015-02-27,XSHG
475,10000007.XSHG,0.0106,0.0108,2015-02-27,XSHG
476,10000006.XSHG,0.0053,0.006,2015-02-27,XSHG
477,10000005.XSHG,0.0943,0.0906,2015-02-27,XSHG
478,10000004.XSHG,0.1281,0.1232,2015-02-27,XSHG
479,10000009.XSHG,0.0296,0.0316,2015-02-27,XSHG
480,10000008.XSHG,0.0176,0.0194,2015-02-27,XSHG
481,10000012.XSHG,0.2377,0.227,2015-02-27,XSHG
482,10000013.XSHG,0.1987,0.187,2015-02-27,XSHG
483,10000014.XSHG,0.1619,0.1518,2015-02-27,XSHG
484,10000002.XSHG,0.2144,0.208,2015-02-27,XSHG
485,10000015.XSHG,0.1248,0.1202,2015-02-27,XSHG
486,10000060.XSHG,0.1487,0.1584,2015-02-27,XSHG
487,10000016.XSHG,0.0182,0.0199,2015-02-27,XSHG
488,10000028.XSHG,0.0697,0.068,2015-02-27,XSHG
489,10000063.XSHG,0.1564,0.1476,2015-02-27,XSHG
490,10000040.XSHG,0.1401,0.1401,2015-02-27,XSHG
491,10000058.XSHG,0.1258,0.1336,2015-02-27,XSHG
492,10000059.XSHG,0.0577,0.0542,2015-02-27,XSHG
493,10000054.XSHG,0.1575,0.151,2015-02-27,XSHG
494,10000055.XSHG,0.1697,0.1684,2015-02-27,XSHG
495,10000056.XSHG,0.1941,0.1941,2015-02-27,XSHG
496,10000057.XSHG,0.0292,0.0272,2015-02-27,XSHG
497,10000050.XSHG,0.0952,0.1011,2015-02-27,XSHG
498,10000051.XSHG,0.0764,0.0733,2015-02-27,XSHG
499,10000052.XSHG,0.1225,0.1283,2015-02-27,XSHG
500,10000053.XSHG,0.1272,0.1179,2015-02-27,XSHG
501,10000036.XSHG,0.0711,0.072,2015-02-27,XSHG
502,10000037.XSHG,,,2015-02-27,XSHG
503,10000034.XSHG,0.2496,0.2449,2015-02-27,XSHG
504,10000035.XSHG,0.2258,0.2212,2015-02-27,XSHG
505,10000032.XSHG,0.3046,0.3074,2015-02-27,XSHG
506,10000033.XSHG,0.2855,0.2755,2015-02-27,XSHG
507,10000030.XSHG,0.1037,0.1093,2015-02-27,XSHG
508,10000031.XSHG,0.3552,0.3574,2015-02-27,XSHG
509,10000018.XSHG,0.0379,0.0416,2015-02-27,XSHG
510,10000019.XSHG,0.0536,0.0576,2015-02-27,XSHG
511,10000062.XSHG,0.1868,0.1888,2015-02-27,XSHG
512,10000038.XSHG,0.1,0.1054,2015-02-27,XSHG
513,10000039.XSHG,0.1295,0.1293,2015-02-27,XSHG
514,10000047.XSHG,0.2,0.187,2015-02-27,XSHG
515,10000046.XSHG,0.1255,0.1255,2015-02-27,XSHG
516,10000045.XSHG,0.1391,0.1431,2015-02-27,XSHG
517,10000011.XSHG,0.275,0.2722,2015-02-27,XSHG
518,10000022.XSHG,0.2771,0.2669,2015-02-27,XSHG
519,10000017.XSHG,0.0264,0.0294,2015-02-27,XSHG
520,10000043.XSHG,0.0989,0.0961,2015-02-27,XSHG
521,10000042.XSHG,0.0672,0.0713,2015-02-27,XSHG
522,10000029.XSHG,0.0869,0.0901,2015-02-27,XSHG
523,10000064.XSHG,0.2191,0.2238,2015-02-27,XSHG
524,10000061.XSHG,0.0979,0.0987,2015-02-27,XSHG
525,10000041.XSHG,0.0663,0.0618,2015-02-27,XSHG
526,10000049.XSHG,0.0449,0.0418,2015-02-27,XSHG
527,10000048.XSHG,0.1577,0.164,2015-02-27,XSHG
528,10000021.XSHG,0.3088,0.3041,2015-02-27,XSHG
529,10000020.XSHG,0.0702,0.077,2015-02-27,XSHG
530,10000023.XSHG,0.2348,0.2257,2015-02-27,XSHG
531,10000044.XSHG,0.0951,0.1011,2015-02-27,XSHG
532,10000025.XSHG,0.167,0.1653,2015-02-27,XSHG
533,10000024.XSHG,0.2023,0.1934,2015-02-27,XSHG
534,10000027.XSHG,0.0557,0.0578,2015-02-27,XSHG
535,10000026.XSHG,0.0425,0.0459,2015-02-27,XSHG
536,10000003.XSHG,0.1661,0.1624,2015-03-02,XSHG
537,10000010.XSHG,0.0471,0.0485,2015-03-02,XSHG
538,10000001.XSHG,0.2587,0.2504,2015-03-02,XSHG
539,10000007.XSHG,0.0105,0.01,2015-03-02,XSHG
540,10000006.XSHG,0.0057,0.0056,2015-03-02,XSHG
541,10000005.XSHG,0.0938,0.0922,2015-03-02,XSHG
542,10000004.XSHG,0.1269,0.1244,2015-03-02,XSHG
543,10000009.XSHG,0.0307,0.0301,2015-03-02,XSHG
544,10000008.XSHG,0.0189,0.0175,2015-03-02,XSHG
545,10000012.XSHG,0.2342,0.2331,2015-03-02,XSHG
546,10000013.XSHG,0.1927,0.1869,2015-03-02,XSHG
547,10000014.XSHG,0.1575,0.1496,2015-03-02,XSHG
548,10000002.XSHG,0.2142,0.201,2015-03-02,XSHG
549,10000015.XSHG,0.1272,0.1242,2015-03-02,XSHG
550,10000060.XSHG,0.154,0.1592,2015-03-02,XSHG
551,10000016.XSHG,0.0195,0.0198,2015-03-02,XSHG
552,10000028.XSHG,0.0711,0.0759,2015-03-02,XSHG
553,10000063.XSHG,0.1526,0.151,2015-03-02,XSHG
554,10000040.XSHG,,,2015-03-02,XSHG
555,10000058.XSHG,0.1305,0.1304,2015-03-02,XSHG
556,10000059.XSHG,0.0574,0.0586,2015-03-02,XSHG
557,10000054.XSHG,0.1668,0.1655,2015-03-02,XSHG
558,10000055.XSHG,0.1729,0.1698,2015-03-02,XSHG
559,10000056.XSHG,0.2045,0.2045,2015-03-02,XSHG
560,10000057.XSHG,0.0283,0.029,2015-03-02,XSHG
561,10000050.XSHG,0.0977,0.1011,2015-03-02,XSHG
562,10000051.XSHG,0.0761,0.0765,2015-03-02,XSHG
563,10000052.XSHG,0.1229,0.1301,2015-03-02,XSHG
564,10000053.XSHG,0.1243,0.121,2015-03-02,XSHG
565,10000036.XSHG,0.075,0.079,2015-03-02,XSHG
566,10000037.XSHG,0.0919,0.0919,2015-03-02,XSHG
567,10000034.XSHG,0.2497,0.2435,2015-03-02,XSHG
568,10000035.XSHG,0.2233,0.2163,2015-03-02,XSHG
569,10000032.XSHG,0.3139,0.3065,2015-03-02,XSHG
570,10000033.XSHG,0.2906,0.274,2015-03-02,XSHG
571,10000030.XSHG,0.109,0.1143,2015-03-02,XSHG
572,10000031.XSHG,0.3644,0.3408,2015-03-02,XSHG
573,10000018.XSHG,0.0398,0.0415,2015-03-02,XSHG
574,10000019.XSHG,0.0549,0.0567,2015-03-02,XSHG
575,10000062.XSHG,0.1906,0.1906,2015-03-02,XSHG
576,10000038.XSHG,0.0994,0.1064,2015-03-02,XSHG
577,10000039.XSHG,0.1218,0.129,2015-03-02,XSHG
578,10000047.XSHG,0.1961,0.1921,2015-03-02,XSHG
579,10000046.XSHG,0.1338,0.1378,2015-03-02,XSHG
580,10000045.XSHG,0.1477,0.144,2015-03-02,XSHG
581,10000011.XSHG,0.275,0.2739,2015-03-02,XSHG
582,10000022.XSHG,0.267,0.2592,2015-03-02,XSHG
583,10000017.XSHG,0.028,0.0294,2015-03-02,XSHG
584,10000043.XSHG,0.0989,0.0956,2015-03-02,XSHG
585,10000042.XSHG,0.0692,0.0705,2015-03-02,XSHG
586,10000029.XSHG,0.0887,0.0934,2015-03-02,XSHG
587,10000064.XSHG,0.2301,0.2301,2015-03-02,XSHG
588,10000061.XSHG,0.1014,0.1025,2015-03-02,XSHG
589,10000041.XSHG,0.064,0.0641,2015-03-02,XSHG
590,10000049.XSHG,0.0434,0.0433,2015-03-02,XSHG
591,10000048.XSHG,0.1647,0.1726,2015-03-02,XSHG
592,10000021.XSHG,0.3048,0.3065,2015-03-02,XSHG
593,10000020.XSHG,0.0741,0.0784,2015-03-02,XSHG
594,10000023.XSHG,0.232,0.2265,2015-03-02,XSHG
595,10000044.XSHG,0.0966,0.102,2015-03-02,XSHG
596,10000025.XSHG,0.1711,0.1655,2015-03-02,XSHG
597,10000024.XSHG,0.2005,0.2011,2015-03-02,XSHG
598,10000027.XSHG,0.0571,0.0601,2015-03-02,XSHG
599,10000026.XSHG,0.0434,0.0479,2015-03-02,XSHG
600,10000003.XSHG,0.1518,0.1028,2015-03-03,XSHG
601,10000010.XSHG,0.0492,0.0815,2015-03-03,XSHG
602,10000001.XSHG,0.243,0.179,2015-03-03,XSHG
603,10000007.XSHG,0.0104,0.0209,2015-03-03,XSHG
604,10000006.XSHG,0.0057,0.0123,2015-03-03,XSHG
605,10000005.XSHG,0.0892,0.0481,2015-03-03,XSHG
606,10000004.XSHG,0.1197,0.0729,2015-03-03,XSHG
607,10000009.XSHG,0.0312,0.0565,2015-03-03,XSHG
608,10000008.XSHG,0.0185,0.0339,2015-03-03,XSHG
609,10000012.XSHG,0.217,0.1775,2015-03-03,XSHG
610,10000013.XSHG,0.1812,0.14,2015-03-03,XSHG
611,10000014.XSHG,0.1425,0.11,2015-03-03,XSHG
612,10000002.XSHG,0.1952,0.1374,2015-03-03,XSHG
613,10000015.XSHG,0.1204,0.0853,2015-03-03,XSHG
614,10000060.XSHG,0.1667,0.2126,2015-03-03,XSHG
615,10000016.XSHG,0.0203,0.0304,2015-03-03,XSHG
616,10000028.XSHG,0.0772,0.0948,2015-03-03,XSHG
617,10000063.XSHG,0.1444,0.1345,2015-03-03,XSHG
618,10000040.XSHG,0.159,0.1814,2015-03-03,XSHG
619,10000058.XSHG,0.1351,0.192,2015-03-03,XSHG
620,10000059.XSHG,0.0552,0.0352,2015-03-03,XSHG
621,10000054.XSHG,0.1752,0.1886,2015-03-03,XSHG
622,10000055.XSHG,0.1638,0.15,2015-03-03,XSHG
623,10000056.XSHG,0.2167,0.2402,2015-03-03,XSHG
624,10000057.XSHG,0.0275,0.0108,2015-03-03,XSHG
625,10000050.XSHG,0.1032,0.153,2015-03-03,XSHG
626,10000051.XSHG,0.0745,0.047,2015-03-03,XSHG
627,10000052.XSHG,0.1349,0.1638,2015-03-03,XSHG
628,10000053.XSHG,0.1149,0.0885,2015-03-03,XSHG
629,10000036.XSHG,0.083,0.0895,2015-03-03,XSHG
630,10000037.XSHG,0.0995,0.1086,2015-03-03,XSHG
631,10000034.XSHG,0.2241,0.2051,2015-03-03,XSHG
632,10000035.XSHG,0.1972,0.181,2015-03-03,XSHG
633,10000032.XSHG,0.284,0.2653,2015-03-03,XSHG
634,10000033.XSHG,0.2626,0.2366,2015-03-03,XSHG
635,10000030.XSHG,0.1198,0.1404,2015-03-03,XSHG
636,10000031.XSHG,0.3256,0.3012,2015-03-03,XSHG
637,10000018.XSHG,0.0431,0.06,2015-03-03,XSHG
638,10000019.XSHG,0.06,0.0829,2015-03-03,XSHG
639,10000062.XSHG,0.2071,0.2291,2015-03-03,XSHG
640,10000038.XSHG,0.1142,0.1281,2015-03-03,XSHG
641,10000039.XSHG,0.138,0.1472,2015-03-03,XSHG
642,10000047.XSHG,0.1799,0.165,2015-03-03,XSHG
643,10000046.XSHG,0.1466,0.1591,2015-03-03,XSHG
644,10000045.XSHG,0.1366,0.1077,2015-03-03,XSHG
645,10000011.XSHG,0.2604,0.211,2015-03-03,XSHG
646,10000022.XSHG,0.2424,0.2245,2015-03-03,XSHG
647,10000017.XSHG,0.0301,0.044,2015-03-03,XSHG
648,10000043.XSHG,0.0932,0.0639,2015-03-03,XSHG
649,10000042.XSHG,0.0726,0.1136,2015-03-03,XSHG
650,10000029.XSHG,0.0997,0.1151,2015-03-03,XSHG
651,10000064.XSHG,0.2485,0.2485,2015-03-03,XSHG
652,10000061.XSHG,0.0953,0.074,2015-03-03,XSHG
653,10000041.XSHG,0.062,0.0301,2015-03-03,XSHG
654,10000049.XSHG,0.0415,0.0181,2015-03-03,XSHG
655,10000048.XSHG,0.1876,0.1999,2015-03-03,XSHG
656,10000021.XSHG,0.2911,0.255,2015-03-03,XSHG
657,10000020.XSHG,0.0819,0.1075,2015-03-03,XSHG
658,10000023.XSHG,0.2092,0.1818,2015-03-03,XSHG
659,10000044.XSHG,0.1056,0.1365,2015-03-03,XSHG
660,10000025.XSHG,0.1526,0.1323,2015-03-03,XSHG
661,10000024.XSHG,0.1885,0.1671,2015-03-03,XSHG
662,10000027.XSHG,0.0643,0.0754,2015-03-03,XSHG
663,10000026.XSHG,0.0504,0.0588,2015-03-03,XSHG
664,10000003.XSHG,0.1059,0.1,2015-03-04,XSHG
665,10000010.XSHG,0.0791,0.0781,2015-03-04,XSHG
666,10000001.XSHG,0.1844,0.174,2015-03-04,XSHG
667,10000007.XSHG,0.0205,0.0174,2015-03-04,XSHG
668,10000006.XSHG,0.0123,0.0098,2015-03-04,XSHG
669,10000005.XSHG,0.0495,0.0449,2015-03-04,XSHG
670,10000004.XSHG,0.0745,0.0686,2015-03-04,XSHG
671,10000009.XSHG,0.0533,0.0501,2015-03-04,XSHG
672,10000008.XSHG,0.0332,0.0312,2015-03-04,XSHG
673,10000012.XSHG,0.1773,0.1634,2015-03-04,XSHG
674,10000013.XSHG,0.138,0.1293,2015-03-04,XSHG
675,10000014.XSHG,0.1068,0.1024,2015-03-04,XSHG
676,10000002.XSHG,0.1421,0.136,2015-03-04,XSHG
677,10000015.XSHG,0.0854,0.079,2015-03-04,XSHG
678,10000060.XSHG,0.2084,0.2034,2015-03-04,XSHG
679,10000016.XSHG,0.0296,0.0287,2015-03-04,XSHG
680,10000028.XSHG,0.0941,0.091,2015-03-04,XSHG
681,10000063.XSHG,,,2015-03-04,XSHG
682,10000040.XSHG,0.1797,0.1797,2015-03-04,XSHG
683,10000058.XSHG,0.1862,0.195,2015-03-04,XSHG
684,10000059.XSHG,0.034,0.0297,2015-03-04,XSHG
685,10000054.XSHG,0.1993,0.2066,2015-03-04,XSHG
686,10000055.XSHG,0.1463,0.1341,2015-03-04,XSHG
687,10000056.XSHG,0.2372,0.2343,2015-03-04,XSHG
688,10000057.XSHG,0.011,0.009,2015-03-04,XSHG
689,10000050.XSHG,0.1455,0.1451,2015-03-04,XSHG
690,10000051.XSHG,0.0481,0.0408,2015-03-04,XSHG
691,10000052.XSHG,0.17,0.173,2015-03-04,XSHG
692,10000053.XSHG,0.0847,0.0855,2015-03-04,XSHG
693,10000036.XSHG,0.0939,0.0975,2015-03-04,XSHG
694,10000037.XSHG,0.1119,0.1119,2015-03-04,XSHG
695,10000034.XSHG,0.21,0.2057,2015-03-04,XSHG
696,10000035.XSHG,0.1839,0.18,2015-03-04,XSHG
697,10000032.XSHG,0.266,0.2609,2015-03-04,XSHG
698,10000033.XSHG,0.2424,0.2255,2015-03-04,XSHG
699,10000030.XSHG,0.1403,0.1456,2015-03-04,XSHG
700,10000031.XSHG,0.3026,0.2888,2015-03-04,XSHG
701,10000018.XSHG,0.0593,0.0622,2015-03-04,XSHG
702,10000019.XSHG,0.0795,0.0826,2015-03-04,XSHG
703,10000062.XSHG,0.2339,0.2339,2015-03-04,XSHG
704,10000038.XSHG,0.128,0.1328,2015-03-04,XSHG
705,10000039.XSHG,0.1544,0.1544,2015-03-04,XSHG
706,10000047.XSHG,0.1555,0.158,2015-03-04,XSHG
707,10000046.XSHG,0.1685,0.1725,2015-03-04,XSHG
708,10000045.XSHG,0.1096,0.106,2015-03-04,XSHG
709,10000011.XSHG,0.2051,0.2046,2015-03-04,XSHG
710,10000022.XSHG,0.2184,0.21,2015-03-04,XSHG
711,10000017.XSHG,0.0429,0.0425,2015-03-04,XSHG
712,10000043.XSHG,0.0643,0.057,2015-03-04,XSHG
713,10000042.XSHG,0.1102,0.1096,2015-03-04,XSHG
714,10000029.XSHG,0.1159,0.1122,2015-03-04,XSHG
715,10000064.XSHG,0.2652,0.2765,2015-03-04,XSHG
716,10000061.XSHG,0.0665,0.0665,2015-03-04,XSHG
717,10000041.XSHG,0.0311,0.0274,2015-03-04,XSHG
718,10000049.XSHG,0.0183,0.016,2015-03-04,XSHG
719,10000048.XSHG,0.2065,0.2077,2015-03-04,XSHG
720,10000021.XSHG,0.2441,0.242,2015-03-04,XSHG
721,10000020.XSHG,0.1051,0.1073,2015-03-04,XSHG
722,10000023.XSHG,0.172,0.1847,2015-03-04,XSHG
723,10000044.XSHG,0.1298,0.1377,2015-03-04,XSHG
724,10000025.XSHG,0.1315,0.1284,2015-03-04,XSHG
725,10000024.XSHG,0.1578,0.153,2015-03-04,XSHG
726,10000027.XSHG,0.0759,0.0732,2015-03-04,XSHG
727,10000026.XSHG,0.0607,0.0605,2015-03-04,XSHG
728,10000003.XSHG,0.0944,0.0743,2015-03-05,XSHG
729,10000010.XSHG,0.0804,0.0948,2015-03-05,XSHG
730,10000001.XSHG,0.17,0.1502,2015-03-05,XSHG
731,10000007.XSHG,0.0184,0.0225,2015-03-05,XSHG
732,10000006.XSHG,0.0103,0.0122,2015-03-05,XSHG
733,10000005.XSHG,0.0425,0.0291,2015-03-05,XSHG
734,10000004.XSHG,0.0651,0.0476,2015-03-05,XSHG
735,10000009.XSHG,0.0522,0.0623,2015-03-05,XSHG
736,10000008.XSHG,0.0326,0.039,2015-03-05,XSHG
737,10000012.XSHG,0.1559,0.1359,2015-03-05,XSHG
738,10000013.XSHG,0.1257,0.1051,2015-03-05,XSHG
739,10000014.XSHG,0.0969,0.0794,2015-03-05,XSHG
740,10000002.XSHG,0.1305,0.11,2015-03-05,XSHG
741,10000015.XSHG,0.0741,0.0587,2015-03-05,XSHG
742,10000060.XSHG,0.2115,0.2323,2015-03-05,XSHG
743,10000016.XSHG,0.03,0.0332,2015-03-05,XSHG
744,10000028.XSHG,0.0927,0.1015,2015-03-05,XSHG
745,10000063.XSHG,0.109,0.1042,2015-03-05,XSHG
746,10000040.XSHG,0.17,0.192,2015-03-05,XSHG
747,10000058.XSHG,0.199,0.2165,2015-03-05,XSHG
748,10000059.XSHG,0.0282,0.0203,2015-03-05,XSHG
749,10000054.XSHG,0.1007,0.2161,2015-03-05,XSHG
750,10000055.XSHG,0.0837,0.1267,2015-03-05,XSHG
751,10000056.XSHG,0.2406,0.2406,2015-03-05,XSHG
752,10000057.XSHG,0.0085,0.0045,2015-03-05,XSHG
753,10000050.XSHG,0.1509,0.1739,2015-03-05,XSHG
754,10000051.XSHG,0.0391,0.0292,2015-03-05,XSHG
755,10000052.XSHG,0.1769,0.1912,2015-03-05,XSHG
756,10000053.XSHG,0.0622,0.0698,2015-03-05,XSHG
757,10000036.XSHG,0.1024,0.1025,2015-03-05,XSHG
758,10000037.XSHG,0.1214,0.1212,2015-03-05,XSHG
759,10000034.XSHG,0.1784,0.18,2015-03-05,XSHG
760,10000035.XSHG,0.1646,0.1706,2015-03-05,XSHG
761,10000032.XSHG,0.2541,0.2301,2015-03-05,XSHG
762,10000033.XSHG,0.2442,0.2063,2015-03-05,XSHG
763,10000030.XSHG,0.1416,0.1509,2015-03-05,XSHG
764,10000031.XSHG,0.2876,0.2601,2015-03-05,XSHG
765,10000018.XSHG,0.0621,0.0692,2015-03-05,XSHG
766,10000019.XSHG,0.0841,0.0921,2015-03-05,XSHG
767,10000062.XSHG,0.2156,0.25,2015-03-05,XSHG
768,10000038.XSHG,0.1319,0.135,2015-03-05,XSHG
769,10000039.XSHG,0.17,0.1625,2015-03-05,XSHG
770,10000047.XSHG,0.1386,0.1401,2015-03-05,XSHG
771,10000046.XSHG,0.1654,0.1893,2015-03-05,XSHG
772,10000045.XSHG,0.094,0.0875,2015-03-05,XSHG
773,10000011.XSHG,0.1961,0.1742,2015-03-05,XSHG
774,10000022.XSHG,0.1903,0.1801,2015-03-05,XSHG
775,10000017.XSHG,0.0439,0.0482,2015-03-05,XSHG
776,10000043.XSHG,0.0545,0.0422,2015-03-05,XSHG
777,10000042.XSHG,0.1129,0.1307,2015-03-05,XSHG
778,10000029.XSHG,0.1158,0.1248,2015-03-05,XSHG
779,10000064.XSHG,0.2768,0.2776,2015-03-05,XSHG
780,10000061.XSHG,0.0472,0.0579,2015-03-05,XSHG
781,10000041.XSHG,0.0259,0.0159,2015-03-05,XSHG
782,10000049.XSHG,0.0152,0.0084,2015-03-05,XSHG
783,10000048.XSHG,0.1067,0.2243,2015-03-05,XSHG
784,10000021.XSHG,0.2293,0.2142,2015-03-05,XSHG
785,10000020.XSHG,0.1109,0.1203,2015-03-05,XSHG
786,10000023.XSHG,0.1974,0.16,2015-03-05,XSHG
787,10000044.XSHG,0.1419,0.154,2015-03-05,XSHG
788,10000025.XSHG,0.1142,0.1038,2015-03-05,XSHG
789,10000024.XSHG,0.1458,0.1229,2015-03-05,XSHG
790,10000027.XSHG,0.0741,0.09,2015-03-05,XSHG
791,10000026.XSHG,0.0582,0.0696,2015-03-05,XSHG
792,10000003.XSHG,0.0777,0.078,2015-03-06,XSHG
793,10000010.XSHG,0.0915,0.0865,2015-03-06,XSHG
794,10000001.XSHG,0.1568,0.1533,2015-03-06,XSHG
795,10000007.XSHG,0.0221,0.0198,2015-03-06,XSHG
796,10000006.XSHG,0.0123,0.0106,2015-03-06,XSHG
797,10000005.XSHG,0.0288,0.0282,2015-03-06,XSHG
798,10000004.XSHG,0.0498,0.049,2015-03-06,XSHG
799,10000009.XSHG,0.0608,0.0574,2015-03-06,XSHG
800,10000008.XSHG,0.0379,0.0354,2015-03-06,XSHG
801,10000012.XSHG,0.1422,0.142,2015-03-06,XSHG
802,10000013.XSHG,0.11,0.1094,2015-03-06,XSHG
803,10000014.XSHG,0.083,0.08,2015-03-06,XSHG
804,10000002.XSHG,0.111,0.1148,2015-03-06,XSHG
805,10000015.XSHG,0.0613,0.0597,2015-03-06,XSHG
806,10000060.XSHG,0.2282,0.2231,2015-03-06,XSHG
807,10000016.XSHG,0.0331,0.0303,2015-03-06,XSHG
808,10000028.XSHG,0.0959,0.0959,2015-03-06,XSHG
809,10000063.XSHG,0.1084,0.1082,2015-03-06,XSHG
810,10000040.XSHG,0.184,0.1935,2015-03-06,XSHG
811,10000058.XSHG,0.21,0.2119,2015-03-06,XSHG
812,10000059.XSHG,0.0205,0.0199,2015-03-06,XSHG
813,10000054.XSHG,,,2015-03-06,XSHG
814,10000055.XSHG,0.1297,0.1282,2015-03-06,XSHG
815,10000056.XSHG,,,2015-03-06,XSHG
816,10000057.XSHG,0.0044,0.0043,2015-03-06,XSHG
817,10000050.XSHG,0.1641,0.165,2015-03-06,XSHG
818,10000051.XSHG,0.0303,0.0294,2015-03-06,XSHG
819,10000052.XSHG,0.1797,0.183,2015-03-06,XSHG
820,10000053.XSHG,0.0776,0.0731,2015-03-06,XSHG
821,10000036.XSHG,0.097,0.0999,2015-03-06,XSHG
822,10000037.XSHG,0.112,0.1198,2015-03-06,XSHG
823,10000034.XSHG,0.1965,0.1965,2015-03-06,XSHG
824,10000035.XSHG,,,2015-03-06,XSHG
825,10000032.XSHG,,,2015-03-06,XSHG
826,10000033.XSHG,,,2015-03-06,XSHG
827,10000030.XSHG,,,2015-03-06,XSHG
828,10000031.XSHG,0.273,0.282,2015-03-06,XSHG
829,10000018.XSHG,0.0647,0.062,2015-03-06,XSHG
830,10000019.XSHG,0.0868,0.085,2015-03-06,XSHG
831,10000062.XSHG,,,2015-03-06,XSHG
832,10000038.XSHG,0.134,0.134,2015-03-06,XSHG
833,10000039.XSHG,0.1642,0.1594,2015-03-06,XSHG
834,10000047.XSHG,0.15,0.1424,2015-03-06,XSHG
835,10000046.XSHG,0.1709,0.1709,2015-03-06,XSHG
836,10000045.XSHG,0.0951,0.0952,2015-03-06,XSHG
837,10000011.XSHG,0.174,0.174,2015-03-06,XSHG
838,10000022.XSHG,0.1954,0.1984,2015-03-06,XSHG
839,10000017.XSHG,0.046,0.0444,2015-03-06,XSHG
840,10000043.XSHG,0.0433,0.0426,2015-03-06,XSHG
841,10000042.XSHG,0.1248,0.1237,2015-03-06,XSHG
842,10000029.XSHG,0.1179,0.1249,2015-03-06,XSHG
843,10000064.XSHG,0.2744,0.2874,2015-03-06,XSHG
844,10000061.XSHG,0.0624,0.058,2015-03-06,XSHG
845,10000041.XSHG,0.0156,0.016,2015-03-06,XSHG
846,10000049.XSHG,0.0084,0.0085,2015-03-06,XSHG
847,10000048.XSHG,0.2098,0.2119,2015-03-06,XSHG
848,10000021.XSHG,0.2286,0.2293,2015-03-06,XSHG
849,10000020.XSHG,0.1148,0.1124,2015-03-06,XSHG
850,10000023.XSHG,0.1626,0.1626,2015-03-06,XSHG
851,10000044.XSHG,0.1447,0.1442,2015-03-06,XSHG
852,10000025.XSHG,0.116,0.1044,2015-03-06,XSHG
853,10000024.XSHG,0.1273,0.136,2015-03-06,XSHG
854,10000027.XSHG,0.0771,0.0831,2015-03-06,XSHG
855,10000026.XSHG,0.0608,0.0608,2015-03-06,XSHG
856,10000003.XSHG,0.074,0.117,2015-03-09,XSHG
857,10000010.XSHG,0.0901,0.054,2015-03-09,XSHG
858,10000001.XSHG,0.1466,0.1974,2015-03-09,XSHG
859,10000007.XSHG,0.0204,0.0093,2015-03-09,XSHG
860,10000006.XSHG,0.0108,0.0046,2015-03-09,XSHG
861,10000005.XSHG,0.0268,0.0498,2015-03-09,XSHG
862,10000004.XSHG,0.0465,0.0762,2015-03-09,XSHG
863,10000009.XSHG,0.0592,0.032,2015-03-09,XSHG
864,10000008.XSHG,0.0367,0.018,2015-03-09,XSHG
865,10000012.XSHG,0.1339,0.1756,2015-03-09,XSHG
866,10000013.XSHG,0.1026,0.1415,2015-03-09,XSHG
867,10000014.XSHG,0.0765,0.1128,2015-03-09,XSHG
868,10000002.XSHG,0.1096,0.1543,2015-03-09,XSHG
869,10000015.XSHG,0.0569,0.0816,2015-03-09,XSHG
870,10000060.XSHG,0.2301,0.1804,2015-03-09,XSHG
871,10000016.XSHG,0.0312,0.0215,2015-03-09,XSHG
872,10000028.XSHG,0.1029,0.0914,2015-03-09,XSHG
873,10000063.XSHG,0.0989,0.1254,2015-03-09,XSHG
874,10000040.XSHG,0.1973,0.1681,2015-03-09,XSHG
875,10000058.XSHG,0.2187,0.1623,2015-03-09,XSHG
876,10000059.XSHG,0.0193,0.03,2015-03-09,XSHG
877,10000054.XSHG,0.2207,0.1979,2015-03-09,XSHG
878,10000055.XSHG,0.1116,0.1407,2015-03-09,XSHG
879,10000056.XSHG,0.2607,0.2249,2015-03-09,XSHG
880,10000057.XSHG,0.004,0.0073,2015-03-09,XSHG
881,10000050.XSHG,0.1723,0.1198,2015-03-09,XSHG
882,10000051.XSHG,0.028,0.0433,2015-03-09,XSHG
883,10000052.XSHG,0.1893,0.1438,2015-03-09,XSHG
884,10000053.XSHG,0.0664,0.0877,2015-03-09,XSHG
885,10000036.XSHG,0.1015,0.0869,2015-03-09,XSHG
886,10000037.XSHG,0.1212,0.1111,2015-03-09,XSHG
887,10000034.XSHG,0.169,0.2103,2015-03-09,XSHG
888,10000035.XSHG,0.152,0.1858,2015-03-09,XSHG
889,10000032.XSHG,0.2201,0.2662,2015-03-09,XSHG
890,10000033.XSHG,0.1987,0.2406,2015-03-09,XSHG
891,10000030.XSHG,0.1552,0.1381,2015-03-09,XSHG
892,10000031.XSHG,0.2501,0.2994,2015-03-09,XSHG
893,10000018.XSHG,0.0654,0.045,2015-03-09,XSHG
894,10000019.XSHG,0.0888,0.0617,2015-03-09,XSHG
895,10000062.XSHG,0.2591,0.218,2015-03-09,XSHG
896,10000038.XSHG,0.1441,0.1234,2015-03-09,XSHG
897,10000039.XSHG,0.1683,0.1504,2015-03-09,XSHG
898,10000047.XSHG,0.1254,0.1616,2015-03-09,XSHG
899,10000046.XSHG,0.1866,0.1659,2015-03-09,XSHG
900,10000045.XSHG,0.0821,0.1035,2015-03-09,XSHG
901,10000011.XSHG,0.1689,0.2124,2015-03-09,XSHG
902,10000022.XSHG,0.175,0.2065,2015-03-09,XSHG
903,10000017.XSHG,0.0456,0.0309,2015-03-09,XSHG
904,10000043.XSHG,0.0406,0.0603,2015-03-09,XSHG
905,10000042.XSHG,0.129,0.083,2015-03-09,XSHG
906,10000029.XSHG,0.1267,0.1142,2015-03-09,XSHG
907,10000064.XSHG,0.2944,0.2578,2015-03-09,XSHG
908,10000061.XSHG,0.0531,0.0677,2015-03-09,XSHG
909,10000041.XSHG,0.0152,0.0271,2015-03-09,XSHG
910,10000049.XSHG,0.0081,0.0148,2015-03-09,XSHG
911,10000048.XSHG,0.2275,0.1933,2015-03-09,XSHG
912,10000021.XSHG,0.2072,0.2562,2015-03-09,XSHG
913,10000020.XSHG,0.1177,0.0849,2015-03-09,XSHG
914,10000023.XSHG,0.1465,0.1875,2015-03-09,XSHG
915,10000044.XSHG,0.1513,0.1176,2015-03-09,XSHG
916,10000025.XSHG,0.1005,0.1303,2015-03-09,XSHG
917,10000024.XSHG,0.1214,0.16,2015-03-09,XSHG
918,10000027.XSHG,0.0824,0.0676,2015-03-09,XSHG
919,10000026.XSHG,0.0644,0.0576,2015-03-09,XSHG
920,10000003.XSHG,0.1105,0.0859,2015-03-10,XSHG
921,10000010.XSHG,0.0545,0.0686,2015-03-10,XSHG
922,10000001.XSHG,0.1966,0.1688,2015-03-10,XSHG
923,10000007.XSHG,0.0089,0.0114,2015-03-10,XSHG
924,10000006.XSHG,0.0044,0.0053,2015-03-10,XSHG
925,10000005.XSHG,0.0478,0.0297,2015-03-10,XSHG
926,10000004.XSHG,0.0749,0.0518,2015-03-10,XSHG
927,10000009.XSHG,0.0324,0.0403,2015-03-10,XSHG
928,10000008.XSHG,0.0178,0.0223,2015-03-10,XSHG
929,10000012.XSHG,0.1741,0.1491,2015-03-10,XSHG
930,10000013.XSHG,0.1378,0.115,2015-03-10,XSHG
931,10000014.XSHG,0.1066,0.0882,2015-03-10,XSHG
932,10000002.XSHG,0.1518,0.1235,2015-03-10,XSHG
933,10000015.XSHG,0.0805,0.064,2015-03-10,XSHG
934,10000060.XSHG,0.1856,0.2028,2015-03-10,XSHG
935,10000016.XSHG,0.0218,0.0237,2015-03-10,XSHG
936,10000028.XSHG,0.0946,0.0861,2015-03-10,XSHG
937,10000063.XSHG,0.1232,0.1098,2015-03-10,XSHG
938,10000040.XSHG,0.1754,0.1754,2015-03-10,XSHG
939,10000058.XSHG,0.1644,0.1937,2015-03-10,XSHG
940,10000059.XSHG,0.0304,0.0203,2015-03-10,XSHG
941,10000054.XSHG,0.19,0.19,2015-03-10,XSHG
942,10000055.XSHG,0.1392,0.1268,2015-03-10,XSHG
943,10000056.XSHG,,,2015-03-10,XSHG
944,10000057.XSHG,0.007,0.0032,2015-03-10,XSHG
945,10000050.XSHG,0.1215,0.1464,2015-03-10,XSHG
946,10000051.XSHG,0.0419,0.0303,2015-03-10,XSHG
947,10000052.XSHG,0.1489,0.1604,2015-03-10,XSHG
948,10000053.XSHG,0.0849,0.0768,2015-03-10,XSHG
949,10000036.XSHG,0.0911,0.0921,2015-03-10,XSHG
950,10000037.XSHG,,,2015-03-10,XSHG
951,10000034.XSHG,0.2008,0.19,2015-03-10,XSHG
952,10000035.XSHG,0.1779,0.1777,2015-03-10,XSHG
953,10000032.XSHG,0.2519,0.2457,2015-03-10,XSHG
954,10000033.XSHG,0.2262,0.2162,2015-03-10,XSHG
955,10000030.XSHG,0.1421,0.1312,2015-03-10,XSHG
956,10000031.XSHG,0.2797,0.2779,2015-03-10,XSHG
957,10000018.XSHG,0.046,0.0516,2015-03-10,XSHG
958,10000019.XSHG,0.0647,0.0717,2015-03-10,XSHG
959,10000062.XSHG,0.2421,0.2234,2015-03-10,XSHG
960,10000038.XSHG,,,2015-03-10,XSHG
961,10000039.XSHG,,,2015-03-10,XSHG
962,10000047.XSHG,0.1573,0.1446,2015-03-10,XSHG
963,10000046.XSHG,0.1706,0.1592,2015-03-10,XSHG
964,10000045.XSHG,0.1027,0.0921,2015-03-10,XSHG
965,10000011.XSHG,0.214,0.19,2015-03-10,XSHG
966,10000022.XSHG,0.1988,0.1988,2015-03-10,XSHG
967,10000017.XSHG,0.0316,0.0357,2015-03-10,XSHG
968,10000043.XSHG,0.0583,0.0445,2015-03-10,XSHG
969,10000042.XSHG,0.0842,0.1043,2015-03-10,XSHG
970,10000029.XSHG,0.1166,0.1079,2015-03-10,XSHG
971,10000064.XSHG,,,2015-03-10,XSHG
972,10000061.XSHG,0.0725,0.0579,2015-03-10,XSHG
973,10000041.XSHG,0.0269,0.0158,2015-03-10,XSHG
974,10000049.XSHG,0.0143,0.0072,2015-03-10,XSHG
975,10000048.XSHG,0.2187,0.2068,2015-03-10,XSHG
976,10000021.XSHG,0.2274,0.233,2015-03-10,XSHG
977,10000020.XSHG,0.0881,0.0984,2015-03-10,XSHG
978,10000023.XSHG,0.1669,0.1669,2015-03-10,XSHG
979,10000044.XSHG,0.1162,0.1278,2015-03-10,XSHG
980,10000025.XSHG,0.1239,0.1137,2015-03-10,XSHG
981,10000024.XSHG,0.1371,0.1375,2015-03-10,XSHG
982,10000027.XSHG,0.0705,0.0723,2015-03-10,XSHG
983,10000026.XSHG,0.0595,0.0564,2015-03-10,XSHG
984,10000003.XSHG,0.0897,0.0881,2015-03-11,XSHG
985,10000010.XSHG,0.0664,0.0579,2015-03-11,XSHG
986,10000001.XSHG,0.1746,0.1774,2015-03-11,XSHG
987,10000007.XSHG,0.0112,0.0086,2015-03-11,XSHG
988,10000006.XSHG,0.005,0.0038,2015-03-11,XSHG
989,10000005.XSHG,0.031,0.0307,2015-03-11,XSHG
990,10000004.XSHG,0.0539,0.0552,2015-03-11,XSHG
991,10000009.XSHG,0.0398,0.0341,2015-03-11,XSHG
992,10000008.XSHG,0.0218,0.0171,2015-03-11,XSHG
993,10000012.XSHG,0.1557,0.1582,2015-03-11,XSHG
994,10000013.XSHG,0.1192,0.1172,2015-03-11,XSHG
995,10000014.XSHG,0.0906,0.089,2015-03-11,XSHG
996,10000002.XSHG,0.1277,0.1297,2015-03-11,XSHG
997,10000015.XSHG,0.0645,0.0646,2015-03-11,XSHG
998,10000060.XSHG,0.195,0.1978,2015-03-11,XSHG
999,10000016.XSHG,0.0233,0.0202,2015-03-11,XSHG
1000,10000028.XSHG,0.0822,0.0822,2015-03-11,XSHG
1001,10000063.XSHG,0.1184,0.113,2015-03-11,XSHG
1002,10000040.XSHG,0.1773,0.1766,2015-03-11,XSHG
1003,10000058.XSHG,0.1838,0.18,2015-03-11,XSHG
1004,10000059.XSHG,0.0202,0.0209,2015-03-11,XSHG
1005,10000054.XSHG,0.1978,0.1923,2015-03-11,XSHG
1006,10000055.XSHG,0.1368,0.1368,2015-03-11,XSHG
1007,10000056.XSHG,0.2349,0.2349,2015-03-11,XSHG
1008,10000057.XSHG,0.0032,0.0025,2015-03-11,XSHG
1009,10000050.XSHG,0.1391,0.1348,2015-03-11,XSHG
1010,10000051.XSHG,0.031,0.0316,2015-03-11,XSHG
1011,10000052.XSHG,0.1571,0.1595,2015-03-11,XSHG
1012,10000053.XSHG,0.0792,0.0768,2015-03-11,XSHG
1013,10000036.XSHG,0.092,0.0923,2015-03-11,XSHG
1014,10000037.XSHG,0.109,0.1,2015-03-11,XSHG
1015,10000034.XSHG,0.2056,0.205,2015-03-11,XSHG
1016,10000035.XSHG,0.1786,0.185,2015-03-11,XSHG
1017,10000032.XSHG,0.2626,0.246,2015-03-11,XSHG
1018,10000033.XSHG,0.2312,0.2312,2015-03-11,XSHG
1019,10000030.XSHG,0.1345,0.1304,2015-03-11,XSHG
1020,10000031.XSHG,0.3001,0.292,2015-03-11,XSHG
1021,10000018.XSHG,0.0507,0.0462,2015-03-11,XSHG
1022,10000019.XSHG,0.0714,0.0657,2015-03-11,XSHG
1023,10000062.XSHG,0.2113,0.225,2015-03-11,XSHG
1024,10000038.XSHG,0.128,0.1211,2015-03-11,XSHG
1025,10000039.XSHG,,,2015-03-11,XSHG
1026,10000047.XSHG,0.1568,0.151,2015-03-11,XSHG
1027,10000046.XSHG,0.1744,0.1569,2015-03-11,XSHG
1028,10000045.XSHG,0.0976,0.101,2015-03-11,XSHG
1029,10000011.XSHG,0.1985,0.1961,2015-03-11,XSHG
1030,10000022.XSHG,0.205,0.1945,2015-03-11,XSHG
1031,10000017.XSHG,0.0348,0.0314,2015-03-11,XSHG
1032,10000043.XSHG,0.0451,0.0448,2015-03-11,XSHG
1033,10000042.XSHG,0.0998,0.0963,2015-03-11,XSHG
1034,10000029.XSHG,0.1101,0.1068,2015-03-11,XSHG
1035,10000064.XSHG,,,2015-03-11,XSHG
1036,10000061.XSHG,0.0599,0.0626,2015-03-11,XSHG
1037,10000041.XSHG,0.0155,0.0147,2015-03-11,XSHG
1038,10000049.XSHG,0.0074,0.0063,2015-03-11,XSHG
1039,10000048.XSHG,0.2077,0.2077,2015-03-11,XSHG
1040,10000021.XSHG,0.2405,0.2336,2015-03-11,XSHG
1041,10000020.XSHG,0.0943,0.0924,2015-03-11,XSHG
1042,10000023.XSHG,0.1725,0.1806,2015-03-11,XSHG
1043,10000044.XSHG,0.1232,0.121,2015-03-11,XSHG
1044,10000025.XSHG,0.1185,0.1125,2015-03-11,XSHG
1045,10000024.XSHG,0.1462,0.1417,2015-03-11,XSHG
1046,10000027.XSHG,0.0705,0.0649,2015-03-11,XSHG
1047,10000026.XSHG,0.0548,0.0487,2015-03-11,XSHG
1048,10000003.XSHG,0.095,0.149,2015-03-12,XSHG
1049,10000010.XSHG,0.0539,0.023,2015-03-12,XSHG
1050,10000001.XSHG,0.187,0.2525,2015-03-12,XSHG
1051,10000007.XSHG,0.0066,0.0021,2015-03-12,XSHG
1052,10000006.XSHG,0.0026,0.0012,2015-03-12,XSHG
1053,10000005.XSHG,0.0325,0.0699,2015-03-12,XSHG
1054,10000004.XSHG,0.0596,0.1051,2015-03-12,XSHG
1055,10000009.XSHG,0.0315,0.0113,2015-03-12,XSHG
1056,10000008.XSHG,0.016,0.0051,2015-03-12,XSHG
1057,10000012.XSHG,0.1623,0.214,2015-03-12,XSHG
1058,10000013.XSHG,0.1255,0.1735,2015-03-12,XSHG
1059,10000014.XSHG,0.0952,0.1386,2015-03-12,XSHG
1060,10000002.XSHG,0.1378,0.2029,2015-03-12,XSHG
1061,10000015.XSHG,0.0688,0.106,2015-03-12,XSHG
1062,10000060.XSHG,0.1865,0.1364,2015-03-12,XSHG
1063,10000016.XSHG,0.0188,0.011,2015-03-12,XSHG
1064,10000028.XSHG,0.0782,0.0622,2015-03-12,XSHG
1065,10000063.XSHG,0.1216,0.142,2015-03-12,XSHG
1066,10000040.XSHG,0.1571,0.1405,2015-03-12,XSHG
1067,10000058.XSHG,0.1714,0.1086,2015-03-12,XSHG
1068,10000059.XSHG,0.0222,0.0365,2015-03-12,XSHG
1069,10000054.XSHG,0.1719,0.1602,2015-03-12,XSHG
1070,10000055.XSHG,0.14,0.1637,2015-03-12,XSHG
1071,10000056.XSHG,0.2166,0.1949,2015-03-12,XSHG
1072,10000057.XSHG,0.0034,0.0088,2015-03-12,XSHG
1073,10000050.XSHG,0.1256,0.0723,2015-03-12,XSHG
1074,10000051.XSHG,0.0336,0.054,2015-03-12,XSHG
1075,10000052.XSHG,0.1486,0.105,2015-03-12,XSHG
1076,10000053.XSHG,0.0832,0.104,2015-03-12,XSHG
1077,10000036.XSHG,0.0885,0.0745,2015-03-12,XSHG
1078,10000037.XSHG,0.0995,0.089,2015-03-12,XSHG
1079,10000034.XSHG,0.2091,0.225,2015-03-12,XSHG
1080,10000035.XSHG,0.1854,0.21,2015-03-12,XSHG
1081,10000032.XSHG,0.2561,0.2877,2015-03-12,XSHG
1082,10000033.XSHG,0.2377,0.2675,2015-03-12,XSHG
1083,10000030.XSHG,0.1185,0.1008,2015-03-12,XSHG
1084,10000031.XSHG,0.2899,0.3299,2015-03-12,XSHG
1085,10000018.XSHG,0.0425,0.0262,2015-03-12,XSHG
1086,10000019.XSHG,0.0616,0.0381,2015-03-12,XSHG
1087,10000062.XSHG,0.2025,0.1763,2015-03-12,XSHG
1088,10000038.XSHG,0.1167,0.1021,2015-03-12,XSHG
1089,10000039.XSHG,0.1417,0.1273,2015-03-12,XSHG
1090,10000047.XSHG,0.1635,0.1829,2015-03-12,XSHG
1091,10000046.XSHG,0.1442,0.1199,2015-03-12,XSHG
1092,10000045.XSHG,0.102,0.1229,2015-03-12,XSHG
1093,10000011.XSHG,0.2058,0.2501,2015-03-12,XSHG
1094,10000022.XSHG,0.2099,0.2498,2015-03-12,XSHG
1095,10000017.XSHG,0.0287,0.0181,2015-03-12,XSHG
1096,10000043.XSHG,0.049,0.0777,2015-03-12,XSHG
1097,10000042.XSHG,0.0867,0.044,2015-03-12,XSHG
1098,10000029.XSHG,0.099,0.0798,2015-03-12,XSHG
1099,10000064.XSHG,0.2534,0.2259,2015-03-12,XSHG
1100,10000061.XSHG,0.0663,0.0835,2015-03-12,XSHG
1101,10000041.XSHG,0.0154,0.0384,2015-03-12,XSHG
1102,10000049.XSHG,0.008,0.0199,2015-03-12,XSHG
1103,10000048.XSHG,0.1908,0.1612,2015-03-12,XSHG
1104,10000021.XSHG,0.2399,0.2901,2015-03-12,XSHG
1105,10000020.XSHG,0.0855,0.0583,2015-03-12,XSHG
1106,10000023.XSHG,0.1799,0.2174,2015-03-12,XSHG
1107,10000044.XSHG,0.1147,0.0796,2015-03-12,XSHG
1108,10000025.XSHG,0.1248,0.1478,2015-03-12,XSHG
1109,10000024.XSHG,0.15,0.1867,2015-03-12,XSHG
1110,10000027.XSHG,0.0615,0.0494,2015-03-12,XSHG
1111,10000026.XSHG,0.0474,0.0387,2015-03-12,XSHG
1112,10000003.XSHG,0.1553,0.1563,2015-03-13,XSHG
1113,10000010.XSHG,0.0216,0.0188,2015-03-13,XSHG
1114,10000001.XSHG,0.2559,0.257,2015-03-13,XSHG
1115,10000007.XSHG,0.0018,0.0016,2015-03-13,XSHG
1116,10000006.XSHG,0.0009,0.0007,2015-03-13,XSHG
1117,10000005.XSHG,0.0724,0.0738,2015-03-13,XSHG
1118,10000004.XSHG,0.1097,0.1112,2015-03-13,XSHG
1119,10000009.XSHG,0.0107,0.0087,2015-03-13,XSHG
1120,10000008.XSHG,0.0042,0.0032,2015-03-13,XSHG
1121,10000012.XSHG,0.2229,0.2212,2015-03-13,XSHG
1122,10000013.XSHG,0.1805,0.1795,2015-03-13,XSHG
1123,10000014.XSHG,0.1388,0.137,2015-03-13,XSHG
1124,10000002.XSHG,0.2056,0.2008,2015-03-13,XSHG
1125,10000015.XSHG,0.1063,0.1086,2015-03-13,XSHG
1126,10000060.XSHG,0.1326,0.1376,2015-03-13,XSHG
1127,10000016.XSHG,0.0107,0.0097,2015-03-13,XSHG
1128,10000028.XSHG,0.0605,0.0608,2015-03-13,XSHG
1129,10000063.XSHG,0.1387,0.1345,2015-03-13,XSHG
1130,10000040.XSHG,0.1337,0.138,2015-03-13,XSHG
1131,10000058.XSHG,0.1071,0.1023,2015-03-13,XSHG
1132,10000059.XSHG,0.0379,0.04,2015-03-13,XSHG
1133,10000054.XSHG,0.1405,0.1467,2015-03-13,XSHG
1134,10000055.XSHG,0.1563,0.1577,2015-03-13,XSHG
1135,10000056.XSHG,0.2,0.19,2015-03-13,XSHG
1136,10000057.XSHG,0.0094,0.0087,2015-03-13,XSHG
1137,10000050.XSHG,0.0699,0.0663,2015-03-13,XSHG
1138,10000051.XSHG,0.0545,0.0583,2015-03-13,XSHG
1139,10000052.XSHG,0.1015,0.0994,2015-03-13,XSHG
1140,10000053.XSHG,0.1123,0.1066,2015-03-13,XSHG
1141,10000036.XSHG,0.069,0.069,2015-03-13,XSHG
1142,10000037.XSHG,0.0804,0.0836,2015-03-13,XSHG
1143,10000034.XSHG,0.23,0.2359,2015-03-13,XSHG
1144,10000035.XSHG,0.207,0.2069,2015-03-13,XSHG
1145,10000032.XSHG,0.2936,0.3019,2015-03-13,XSHG
1146,10000033.XSHG,0.2608,0.2675,2015-03-13,XSHG
1147,10000030.XSHG,0.0937,0.0975,2015-03-13,XSHG
1148,10000031.XSHG,0.3279,0.3416,2015-03-13,XSHG
1149,10000018.XSHG,0.0258,0.0252,2015-03-13,XSHG
1150,10000019.XSHG,0.0379,0.0382,2015-03-13,XSHG
1151,10000062.XSHG,0.1784,0.1784,2015-03-13,XSHG
1152,10000038.XSHG,0.0956,0.0997,2015-03-13,XSHG
1153,10000039.XSHG,0.1194,0.1194,2015-03-13,XSHG
1154,10000047.XSHG,0.1863,0.1889,2015-03-13,XSHG
1155,10000046.XSHG,0.1143,0.1193,2015-03-13,XSHG
1156,10000045.XSHG,0.1335,0.13,2015-03-13,XSHG
1157,10000011.XSHG,0.2637,0.26,2015-03-13,XSHG
1158,10000022.XSHG,0.2631,0.2631,2015-03-13,XSHG
1159,10000017.XSHG,0.0174,0.0163,2015-03-13,XSHG
1160,10000043.XSHG,0.0782,0.0783,2015-03-13,XSHG
1161,10000042.XSHG,0.0423,0.0387,2015-03-13,XSHG
1162,10000029.XSHG,0.0745,0.0756,2015-03-13,XSHG
1163,10000064.XSHG,0.2317,0.2169,2015-03-13,XSHG
1164,10000061.XSHG,0.0846,0.088,2015-03-13,XSHG
1165,10000041.XSHG,0.0402,0.0411,2015-03-13,XSHG
1166,10000049.XSHG,0.0211,0.0205,2015-03-13,XSHG
1167,10000048.XSHG,0.1557,0.1624,2015-03-13,XSHG
1168,10000021.XSHG,0.3127,0.2869,2015-03-13,XSHG
1169,10000020.XSHG,0.0558,0.0549,2015-03-13,XSHG
1170,10000023.XSHG,0.2106,0.2082,2015-03-13,XSHG
1171,10000044.XSHG,0.077,0.0746,2015-03-13,XSHG
1172,10000025.XSHG,0.1596,0.1585,2015-03-13,XSHG
1173,10000024.XSHG,0.1909,0.1872,2015-03-13,XSHG
1174,10000027.XSHG,0.0455,0.0469,2015-03-13,XSHG
1175,10000026.XSHG,0.0346,0.0356,2015-03-13,XSHG
1176,10000003.XSHG,0.1654,0.2055,2015-03-16,XSHG
1177,10000010.XSHG,0.0179,0.0056,2015-03-16,XSHG
1178,10000001.XSHG,0.2685,0.3075,2015-03-16,XSHG
1179,10000007.XSHG,0.0012,0.0003,2015-03-16,XSHG
1180,10000006.XSHG,0.0005,0.0003,2015-03-16,XSHG
1181,10000005.XSHG,0.0771,0.1103,2015-03-16,XSHG
1182,10000004.XSHG,0.116,0.1519,2015-03-16,XSHG
1183,10000009.XSHG,0.0081,0.0019,2015-03-16,XSHG
1184,10000008.XSHG,0.003,0.0005,2015-03-16,XSHG
1185,10000012.XSHG,0.2302,0.2713,2015-03-16,XSHG
1186,10000013.XSHG,0.1897,0.2169,2015-03-16,XSHG
1187,10000014.XSHG,0.1463,0.1808,2015-03-16,XSHG
1188,10000002.XSHG,0.2187,0.2598,2015-03-16,XSHG
1189,10000015.XSHG,0.1123,0.1431,2015-03-16,XSHG
1190,10000060.XSHG,0.1283,0.1061,2015-03-16,XSHG
1191,10000016.XSHG,0.0091,0.0071,2015-03-16,XSHG
1192,10000028.XSHG,0.0557,0.0523,2015-03-16,XSHG
1193,10000063.XSHG,0.1459,0.1672,2015-03-16,XSHG
1194,10000040.XSHG,0.1322,0.1286,2015-03-16,XSHG
1195,10000058.XSHG,0.0972,0.0617,2015-03-16,XSHG
1196,10000059.XSHG,0.0416,0.059,2015-03-16,XSHG
1197,10000054.XSHG,0.1386,0.1275,2015-03-16,XSHG
1198,10000055.XSHG,0.1708,0.1876,2015-03-16,XSHG
1199,10000056.XSHG,0.1761,0.1773,2015-03-16,XSHG
1200,10000057.XSHG,0.009,0.0166,2015-03-16,XSHG
1201,10000050.XSHG,0.0636,0.0309,2015-03-16,XSHG
1202,10000051.XSHG,0.0602,0.0828,2015-03-16,XSHG
1203,10000052.XSHG,0.0951,0.0773,2015-03-16,XSHG
1204,10000053.XSHG,0.1132,0.1313,2015-03-16,XSHG
1205,10000036.XSHG,0.0635,0.0592,2015-03-16,XSHG
1206,10000037.XSHG,0.081,0.0756,2015-03-16,XSHG
1207,10000034.XSHG,0.2345,0.256,2015-03-16,XSHG
1208,10000035.XSHG,0.222,0.2222,2015-03-16,XSHG
1209,10000032.XSHG,0.3198,0.3401,2015-03-16,XSHG
1210,10000033.XSHG,0.281,0.2818,2015-03-16,XSHG
1211,10000030.XSHG,0.0909,0.0771,2015-03-16,XSHG
1212,10000031.XSHG,0.3624,0.3639,2015-03-16,XSHG
1213,10000018.XSHG,0.024,0.0162,2015-03-16,XSHG
1214,10000019.XSHG,0.035,0.0256,2015-03-16,XSHG
1215,10000062.XSHG,0.1787,0.1555,2015-03-16,XSHG
1216,10000038.XSHG,0.095,0.0888,2015-03-16,XSHG
1217,10000039.XSHG,0.1175,0.1101,2015-03-16,XSHG
1218,10000047.XSHG,0.1963,0.1963,2015-03-16,XSHG
1219,10000046.XSHG,0.1135,0.1003,2015-03-16,XSHG
1220,10000045.XSHG,0.1367,0.1586,2015-03-16,XSHG
1221,10000011.XSHG,0.2768,0.3205,2015-03-16,XSHG
1222,10000022.XSHG,0.2717,0.2966,2015-03-16,XSHG
1223,10000017.XSHG,0.0155,0.011,2015-03-16,XSHG
1224,10000043.XSHG,0.0834,0.1104,2015-03-16,XSHG
1225,10000042.XSHG,0.0362,0.0144,2015-03-16,XSHG
1226,10000029.XSHG,0.0725,0.0628,2015-03-16,XSHG
1227,10000064.XSHG,0.2048,0.1924,2015-03-16,XSHG
1228,10000061.XSHG,0.093,0.1082,2015-03-16,XSHG
1229,10000041.XSHG,0.043,0.0702,2015-03-16,XSHG
1230,10000049.XSHG,0.0221,0.0375,2015-03-16,XSHG
1231,10000048.XSHG,0.16,0.1457,2015-03-16,XSHG
1232,10000021.XSHG,0.2905,0.3388,2015-03-16,XSHG
1233,10000020.XSHG,0.0515,0.0388,2015-03-16,XSHG
1234,10000023.XSHG,0.2356,0.2586,2015-03-16,XSHG
1235,10000044.XSHG,0.0714,0.0549,2015-03-16,XSHG
1236,10000025.XSHG,0.1666,0.1892,2015-03-16,XSHG
1237,10000024.XSHG,0.194,0.2182,2015-03-16,XSHG
1238,10000027.XSHG,0.0435,0.038,2015-03-16,XSHG
1239,10000026.XSHG,0.0334,0.0288,2015-03-16,XSHG
1240,10000003.XSHG,0.2225,0.2331,2015-03-17,XSHG
1241,10000010.XSHG,0.0037,0.0018,2015-03-17,XSHG
1242,10000001.XSHG,0.3264,0.3385,2015-03-17,XSHG
1243,10000007.XSHG,0.0002,0.0002,2015-03-17,XSHG
1244,10000006.XSHG,0.0002,0.0002,2015-03-17,XSHG
1245,10000005.XSHG,0.122,0.1349,2015-03-17,XSHG
1246,10000004.XSHG,0.1715,0.1842,2015-03-17,XSHG
1247,10000009.XSHG,0.0015,0.0004,2015-03-17,XSHG
1248,10000008.XSHG,0.0004,0.0002,2015-03-17,XSHG
1249,10000012.XSHG,0.2829,0.2887,2015-03-17,XSHG
1250,10000013.XSHG,0.2305,0.2516,2015-03-17,XSHG
1251,10000068.XSHG,0.1278,0.1167,2015-03-17,XSHG
1252,10000014.XSHG,0.1894,0.2059,2015-03-17,XSHG
1253,10000002.XSHG,0.2741,0.2826,2015-03-17,XSHG
1254,10000015.XSHG,0.1511,0.1621,2015-03-17,XSHG
1255,10000029.XSHG,0.0566,0.0544,2015-03-17,XSHG
1256,10000060.XSHG,0.0971,0.0841,2015-03-17,XSHG
1257,10000016.XSHG,0.005,0.004,2015-03-17,XSHG
1258,10000028.XSHG,0.0444,0.0432,2015-03-17,XSHG
1259,10000063.XSHG,0.18,0.1715,2015-03-17,XSHG
1260,10000040.XSHG,0.1183,0.1184,2015-03-17,XSHG
1261,10000069.XSHG,0.0973,0.1058,2015-03-17,XSHG
1262,10000072.XSHG,0.2206,0.2187,2015-03-17,XSHG
1263,10000070.XSHG,0.1679,0.1585,2015-03-17,XSHG
1264,10000071.XSHG,0.1573,0.147,2015-03-17,XSHG
1265,10000058.XSHG,0.054,0.0413,2015-03-17,XSHG
1266,10000059.XSHG,0.0643,0.0725,2015-03-17,XSHG
1267,10000054.XSHG,0.1138,0.1095,2015-03-17,XSHG
1268,10000055.XSHG,0.2023,0.2012,2015-03-17,XSHG
1269,10000056.XSHG,0.1592,0.1545,2015-03-17,XSHG
1270,10000057.XSHG,0.0197,0.0273,2015-03-17,XSHG
1271,10000050.XSHG,0.0272,0.0175,2015-03-17,XSHG
1272,10000051.XSHG,0.0889,0.096,2015-03-17,XSHG
1273,10000052.XSHG,0.0698,0.0634,2015-03-17,XSHG
1274,10000053.XSHG,0.1423,0.1545,2015-03-17,XSHG
1275,10000036.XSHG,0.0553,0.0523,2015-03-17,XSHG
1276,10000037.XSHG,0.0652,0.0668,2015-03-17,XSHG
1277,10000034.XSHG,,,2015-03-17,XSHG
1278,10000035.XSHG,0.2533,0.25,2015-03-17,XSHG
1279,10000032.XSHG,0.3494,0.3494,2015-03-17,XSHG
1280,10000033.XSHG,0.306,0.306,2015-03-17,XSHG
1281,10000030.XSHG,0.0695,0.0649,2015-03-17,XSHG
1282,10000031.XSHG,0.393,0.3868,2015-03-17,XSHG
1283,10000018.XSHG,0.0153,0.0121,2015-03-17,XSHG
1284,10000019.XSHG,0.023,0.0195,2015-03-17,XSHG
1285,10000062.XSHG,0.1388,0.1372,2015-03-17,XSHG
1286,10000038.XSHG,0.0778,0.0795,2015-03-17,XSHG
1287,10000039.XSHG,0.0933,0.0935,2015-03-17,XSHG
1288,10000047.XSHG,0.2277,0.2276,2015-03-17,XSHG
1289,10000046.XSHG,0.0902,0.0883,2015-03-17,XSHG
1290,10000045.XSHG,0.1692,0.176,2015-03-17,XSHG
1291,10000011.XSHG,0.3285,0.3388,2015-03-17,XSHG
1292,10000022.XSHG,0.3135,0.3137,2015-03-17,XSHG
1293,10000017.XSHG,0.0104,0.0076,2015-03-17,XSHG
1294,10000043.XSHG,0.1175,0.1257,2015-03-17,XSHG
1295,10000042.XSHG,0.0119,0.0071,2015-03-17,XSHG
1296,10000065.XSHG,0.0089,0.011,2015-03-17,XSHG
1297,10000064.XSHG,0.1774,0.189,2015-03-17,XSHG
1298,10000067.XSHG,0.0445,0.0491,2015-03-17,XSHG
1299,10000066.XSHG,0.0936,0.0735,2015-03-17,XSHG
1300,10000061.XSHG,0.1185,0.1222,2015-03-17,XSHG
1301,10000041.XSHG,0.0788,0.0948,2015-03-17,XSHG
1302,10000049.XSHG,0.0426,0.0548,2015-03-17,XSHG
1303,10000048.XSHG,0.1311,0.1311,2015-03-17,XSHG
1304,10000021.XSHG,0.356,0.3533,2015-03-17,XSHG
1305,10000020.XSHG,0.0342,0.03,2015-03-17,XSHG
1306,10000023.XSHG,0.2734,0.2789,2015-03-17,XSHG
1307,10000044.XSHG,0.0491,0.0423,2015-03-17,XSHG
1308,10000025.XSHG,0.2042,0.2104,2015-03-17,XSHG
1309,10000024.XSHG,0.2364,0.2364,2015-03-17,XSHG
1310,10000027.XSHG,0.035,0.0309,2015-03-17,XSHG
1311,10000026.XSHG,0.0266,0.0237,2015-03-17,XSHG
1312,10000003.XSHG,0.2513,0.3096,2015-03-18,XSHG
1313,10000010.XSHG,0.0017,0.0002,2015-03-18,XSHG
1314,10000001.XSHG,0.3467,0.4044,2015-03-18,XSHG
1315,10000007.XSHG,0.0002,0.0003,2015-03-18,XSHG
1316,10000006.XSHG,0.0001,0.0002,2015-03-18,XSHG
1317,10000005.XSHG,0.149,0.212,2015-03-18,XSHG
1318,10000004.XSHG,0.2029,0.2594,2015-03-18,XSHG
1319,10000009.XSHG,0.0003,0.0002,2015-03-18,XSHG
1320,10000008.XSHG,0.0003,0.0001,2015-03-18,XSHG
1321,10000012.XSHG,0.3037,0.358,2015-03-18,XSHG
1322,10000013.XSHG,0.2629,0.3075,2015-03-18,XSHG
1323,10000022.XSHG,0.3427,0.3657,2015-03-18,XSHG
1324,10000028.XSHG,0.0378,0.0333,2015-03-18,XSHG
1325,10000077.XSHG,0.0882,0.107,2015-03-18,XSHG
1326,10000068.XSHG,0.1094,0.0803,2015-03-18,XSHG
1327,10000046.XSHG,0.0783,0.0704,2015-03-18,XSHG
1328,10000014.XSHG,0.2078,0.2603,2015-03-18,XSHG
1329,10000080.XSHG,0.2223,0.2025,2015-03-18,XSHG
1330,10000002.XSHG,0.3054,0.3588,2015-03-18,XSHG
1331,10000015.XSHG,0.1692,0.2199,2015-03-18,XSHG
1332,10000029.XSHG,0.0514,0.0462,2015-03-18,XSHG
1333,10000060.XSHG,0.0804,0.0572,2015-03-18,XSHG
1334,10000016.XSHG,0.0038,0.0024,2015-03-18,XSHG
1335,10000078.XSHG,0.1738,0.1667,2015-03-18,XSHG
1336,10000063.XSHG,0.1876,0.2142,2015-03-18,XSHG
1337,10000040.XSHG,0.1026,0.0923,2015-03-18,XSHG
1338,10000069.XSHG,0.1129,0.1257,2015-03-18,XSHG
1339,10000072.XSHG,0.1929,0.1798,2015-03-18,XSHG
1340,10000073.XSHG,0.0037,0.0152,2015-03-18,XSHG
1341,10000070.XSHG,0.147,0.1451,2015-03-18,XSHG
1342,10000071.XSHG,0.1633,0.1799,2015-03-18,XSHG
1343,10000058.XSHG,0.0375,0.0119,2015-03-18,XSHG
1344,10000059.XSHG,0.075,0.1055,2015-03-18,XSHG
1345,10000074.XSHG,0.1055,0.0564,2015-03-18,XSHG
1346,10000075.XSHG,0.035,0.0569,2015-03-18,XSHG
1347,10000054.XSHG,0.0979,0.094,2015-03-18,XSHG
1348,10000076.XSHG,0.1404,0.107,2015-03-18,XSHG
1349,10000056.XSHG,0.144,0.1372,2015-03-18,XSHG
1350,10000057.XSHG,0.0294,0.0694,2015-03-18,XSHG
1351,10000050.XSHG,0.0163,0.004,2015-03-18,XSHG
1352,10000051.XSHG,0.1012,0.1386,2015-03-18,XSHG
1353,10000052.XSHG,0.0595,0.0402,2015-03-18,XSHG
1354,10000053.XSHG,0.161,0.1876,2015-03-18,XSHG
1355,10000036.XSHG,0.0482,0.044,2015-03-18,XSHG
1356,10000037.XSHG,0.0584,0.0499,2015-03-18,XSHG
1357,10000034.XSHG,0.305,0.303,2015-03-18,XSHG
1358,10000035.XSHG,0.2743,0.2862,2015-03-18,XSHG
1359,10000032.XSHG,0.382,0.382,2015-03-18,XSHG
1360,10000033.XSHG,0.3405,0.3437,2015-03-18,XSHG
1361,10000030.XSHG,0.0618,0.0556,2015-03-18,XSHG
1362,10000031.XSHG,0.4142,0.4348,2015-03-18,XSHG
1363,10000018.XSHG,0.0112,0.0069,2015-03-18,XSHG
1364,10000019.XSHG,0.018,0.0114,2015-03-18,XSHG
1365,10000062.XSHG,0.1203,0.1111,2015-03-18,XSHG
1366,10000038.XSHG,0.0774,0.0612,2015-03-18,XSHG
1367,10000039.XSHG,0.0861,0.081,2015-03-18,XSHG
1368,10000047.XSHG,0.2363,0.2526,2015-03-18,XSHG
1369,10000055.XSHG,0.2125,0.2293,2015-03-18,XSHG
1370,10000045.XSHG,0.1904,0.2055,2015-03-18,XSHG
1371,10000011.XSHG,0.3488,0.4002,2015-03-18,XSHG
1372,10000079.XSHG,0.1416,0.152,2015-03-18,XSHG
1373,10000017.XSHG,0.0065,0.0037,2015-03-18,XSHG
1374,10000043.XSHG,0.1333,0.1801,2015-03-18,XSHG
1375,10000042.XSHG,0.0057,0.0008,2015-03-18,XSHG
1376,10000065.XSHG,0.0116,0.0363,2015-03-18,XSHG
1377,10000064.XSHG,0.1693,0.1543,2015-03-18,XSHG
1378,10000067.XSHG,0.052,0.0789,2015-03-18,XSHG
1379,10000066.XSHG,0.0698,0.0301,2015-03-18,XSHG
1380,10000061.XSHG,0.1276,0.1522,2015-03-18,XSHG
1381,10000041.XSHG,0.099,0.1612,2015-03-18,XSHG
1382,10000049.XSHG,0.0582,0.115,2015-03-18,XSHG
1383,10000048.XSHG,0.1199,0.109,2015-03-18,XSHG
1384,10000021.XSHG,0.3892,0.4099,2015-03-18,XSHG
1385,10000020.XSHG,0.0276,0.018,2015-03-18,XSHG
1386,10000023.XSHG,0.3039,0.312,2015-03-18,XSHG
1387,10000044.XSHG,0.0407,0.0255,2015-03-18,XSHG
1388,10000025.XSHG,0.2221,0.2433,2015-03-18,XSHG
1389,10000024.XSHG,0.263,0.284,2015-03-18,XSHG
1390,10000027.XSHG,0.0284,0.0246,2015-03-18,XSHG
1391,10000026.XSHG,0.0223,0.0189,2015-03-18,XSHG
1392,10000058.XSHG,0.0128,0.018,2015-03-19,XSHG
1393,10000059.XSHG,0.1001,0.0973,2015-03-19,XSHG
1394,10000054.XSHG,0.0915,0.0915,2015-03-19,XSHG
1395,10000055.XSHG,0.2324,0.2168,2015-03-19,XSHG
1396,10000056.XSHG,0.1325,0.1379,2015-03-19,XSHG
1397,10000057.XSHG,0.0633,0.0526,2015-03-19,XSHG
1398,10000050.XSHG,0.004,0.0063,2015-03-19,XSHG
1399,10000051.XSHG,0.135,0.132,2015-03-19,XSHG
1400,10000052.XSHG,0.0408,0.0469,2015-03-19,XSHG
1401,10000053.XSHG,0.18,0.1799,2015-03-19,XSHG
1402,10000049.XSHG,0.1087,0.0901,2015-03-19,XSHG
1403,10000048.XSHG,0.1091,0.1091,2015-03-19,XSHG
1404,10000047.XSHG,0.2589,0.2589,2015-03-19,XSHG
1405,10000046.XSHG,,,2015-03-19,XSHG
1406,10000045.XSHG,0.2039,0.2038,2015-03-19,XSHG
1407,10000044.XSHG,0.0269,0.0315,2015-03-19,XSHG
1408,10000043.XSHG,0.1712,0.165,2015-03-19,XSHG
1409,10000042.XSHG,0.0008,0.0013,2015-03-19,XSHG
1410,10000041.XSHG,0.1555,0.1355,2015-03-19,XSHG
1411,10000040.XSHG,0.0958,0.0973,2015-03-19,XSHG
1412,10000072.XSHG,0.1811,0.1899,2015-03-19,XSHG
1413,10000073.XSHG,0.0136,0.0106,2015-03-19,XSHG
1414,10000070.XSHG,0.1339,0.1333,2015-03-19,XSHG
1415,10000071.XSHG,0.1841,0.1748,2015-03-19,XSHG
1416,10000076.XSHG,0.1096,0.1146,2015-03-19,XSHG
1417,10000077.XSHG,0.1039,0.1074,2015-03-19,XSHG
1418,10000074.XSHG,0.0594,0.076,2015-03-19,XSHG
1419,10000075.XSHG,0.0543,0.0528,2015-03-19,XSHG
1420,10000078.XSHG,0.1688,0.1624,2015-03-19,XSHG
1421,10000079.XSHG,0.161,0.1582,2015-03-19,XSHG
1422,10000010.XSHG,0.0003,0.0005,2015-03-19,XSHG
1423,10000011.XSHG,0.4023,0.389,2015-03-19,XSHG
1424,10000012.XSHG,0.3544,0.3459,2015-03-19,XSHG
1425,10000013.XSHG,0.2974,0.2972,2015-03-19,XSHG
1426,10000014.XSHG,0.2645,0.2508,2015-03-19,XSHG
1427,10000015.XSHG,0.2115,0.2062,2015-03-19,XSHG
1428,10000016.XSHG,0.0022,0.003,2015-03-19,XSHG
1429,10000017.XSHG,0.0037,0.005,2015-03-19,XSHG
1430,10000018.XSHG,0.0068,0.0085,2015-03-19,XSHG
1431,10000019.XSHG,0.0117,0.0139,2015-03-19,XSHG
1432,10000065.XSHG,0.035,0.0262,2015-03-19,XSHG
1433,10000064.XSHG,0.1549,0.1549,2015-03-19,XSHG
1434,10000067.XSHG,0.0769,0.074,2015-03-19,XSHG
1435,10000066.XSHG,0.031,0.0407,2015-03-19,XSHG
1436,10000061.XSHG,0.15,0.1498,2015-03-19,XSHG
1437,10000060.XSHG,0.0587,0.065,2015-03-19,XSHG
1438,10000063.XSHG,0.2074,0.2018,2015-03-19,XSHG
1439,10000062.XSHG,0.1215,0.1088,2015-03-19,XSHG
1440,10000069.XSHG,0.1165,0.1276,2015-03-19,XSHG
1441,10000068.XSHG,0.0816,0.0859,2015-03-19,XSHG
1442,10000003.XSHG,0.2925,0.2865,2015-03-19,XSHG
1443,10000002.XSHG,0.3551,0.33,2015-03-19,XSHG
1444,10000001.XSHG,0.3983,0.3902,2015-03-19,XSHG
1445,10000007.XSHG,0.0001,0.0001,2015-03-19,XSHG
1446,10000006.XSHG,0.0001,0.0001,2015-03-19,XSHG
1447,10000005.XSHG,0.2045,0.1921,2015-03-19,XSHG
1448,10000004.XSHG,0.2533,0.2362,2015-03-19,XSHG
1449,10000009.XSHG,0.0002,0.0001,2015-03-19,XSHG
1450,10000008.XSHG,0.0002,0.0002,2015-03-19,XSHG
1451,10000088.XSHG,0.2414,0.25,2015-03-19,XSHG
1452,10000083.XSHG,0.0383,0.0377,2015-03-19,XSHG
1453,10000082.XSHG,0.0986,0.116,2015-03-19,XSHG
1454,10000081.XSHG,0.0036,0.0037,2015-03-19,XSHG
1455,10000080.XSHG,,,2015-03-19,XSHG
1456,10000087.XSHG,0.1409,0.1311,2015-03-19,XSHG
1457,10000086.XSHG,,,2015-03-19,XSHG
1458,10000085.XSHG,0.0881,0.0881,2015-03-19,XSHG
1459,10000084.XSHG,0.1413,0.1481,2015-03-19,XSHG
1460,10000036.XSHG,,,2015-03-19,XSHG
1461,10000037.XSHG,0.0503,0.0511,2015-03-19,XSHG
1462,10000034.XSHG,0.3291,0.3291,2015-03-19,XSHG
1463,10000035.XSHG,0.292,0.2728,2015-03-19,XSHG
1464,10000032.XSHG,,,2015-03-19,XSHG
1465,10000033.XSHG,0.36,0.35,2015-03-19,XSHG
1466,10000030.XSHG,0.0534,0.0549,2015-03-19,XSHG
1467,10000031.XSHG,0.422,0.4367,2015-03-19,XSHG
1468,10000038.XSHG,0.0613,0.0661,2015-03-19,XSHG
1469,10000039.XSHG,,,2015-03-19,XSHG
1470,10000029.XSHG,0.0425,0.0424,2015-03-19,XSHG
1471,10000028.XSHG,0.0328,0.0319,2015-03-19,XSHG
1472,10000021.XSHG,0.393,0.4131,2015-03-19,XSHG
1473,10000020.XSHG,0.0182,0.0208,2015-03-19,XSHG
1474,10000023.XSHG,0.3178,0.3241,2015-03-19,XSHG
1475,10000022.XSHG,0.3451,0.3638,2015-03-19,XSHG
1476,10000025.XSHG,0.2299,0.2471,2015-03-19,XSHG
1477,10000024.XSHG,0.279,0.2726,2015-03-19,XSHG
1478,10000027.XSHG,0.0257,0.025,2015-03-19,XSHG
1479,10000026.XSHG,0.0193,0.0187,2015-03-19,XSHG
1480,10000058.XSHG,0.0169,0.0052,2015-03-20,XSHG
1481,10000059.XSHG,0.1012,0.128,2015-03-20,XSHG
1482,10000054.XSHG,0.0847,0.0767,2015-03-20,XSHG
1483,10000055.XSHG,0.2332,0.265,2015-03-20,XSHG
1484,10000056.XSHG,0.1269,0.1173,2015-03-20,XSHG
1485,10000057.XSHG,0.0549,0.0874,2015-03-20,XSHG
1486,10000050.XSHG,0.0054,0.0011,2015-03-20,XSHG
1487,10000051.XSHG,0.1357,0.17,2015-03-20,XSHG
1488,10000052.XSHG,0.0443,0.033,2015-03-20,XSHG
1489,10000053.XSHG,0.1796,0.213,2015-03-20,XSHG
1490,10000049.XSHG,0.094,0.1328,2015-03-20,XSHG
1491,10000048.XSHG,0.1093,0.0976,2015-03-20,XSHG
1492,10000047.XSHG,0.2643,0.2867,2015-03-20,XSHG
1493,10000046.XSHG,0.0674,0.0605,2015-03-20,XSHG
1494,10000045.XSHG,0.2181,0.2426,2015-03-20,XSHG
1495,10000044.XSHG,0.0312,0.0216,2015-03-20,XSHG
1496,10000043.XSHG,0.171,0.2107,2015-03-20,XSHG
1497,10000042.XSHG,0.001,0.0002,2015-03-20,XSHG
1498,10000041.XSHG,0.1434,0.1888,2015-03-20,XSHG
1499,10000040.XSHG,0.0914,0.0855,2015-03-20,XSHG
1500,10000072.XSHG,0.1728,0.1636,2015-03-20,XSHG
1501,10000073.XSHG,0.0106,0.0237,2015-03-20,XSHG
1502,10000070.XSHG,0.1351,0.122,2015-03-20,XSHG
1503,10000071.XSHG,0.1835,0.2076,2015-03-20,XSHG
1504,10000076.XSHG,0.1116,0.0916,2015-03-20,XSHG
1505,10000077.XSHG,0.1122,0.1292,2015-03-20,XSHG
1506,10000074.XSHG,0.0727,0.038,2015-03-20,XSHG
1507,10000075.XSHG,0.0543,0.0754,2015-03-20,XSHG
1508,10000078.XSHG,0.1612,0.1493,2015-03-20,XSHG
1509,10000079.XSHG,0.1545,0.1799,2015-03-20,XSHG
1510,10000010.XSHG,0.0003,0.0003,2015-03-20,XSHG
1511,10000011.XSHG,0.403,0.434,2015-03-20,XSHG
1512,10000012.XSHG,0.3513,0.3882,2015-03-20,XSHG
1513,10000013.XSHG,0.3055,0.3404,2015-03-20,XSHG
1514,10000014.XSHG,0.2563,0.2908,2015-03-20,XSHG
1515,10000015.XSHG,0.2128,0.252,2015-03-20,XSHG
1516,10000016.XSHG,0.0027,0.0018,2015-03-20,XSHG
1517,10000017.XSHG,0.0047,0.0029,2015-03-20,XSHG
1518,10000018.XSHG,0.0084,0.0055,2015-03-20,XSHG
1519,10000019.XSHG,0.0134,0.0096,2015-03-20,XSHG
1520,10000065.XSHG,0.0271,0.0496,2015-03-20,XSHG
1521,10000064.XSHG,0.153,0.1399,2015-03-20,XSHG
1522,10000067.XSHG,0.077,0.1014,2015-03-20,XSHG
1523,10000066.XSHG,0.0382,0.0163,2015-03-20,XSHG
1524,10000061.XSHG,0.1591,0.1844,2015-03-20,XSHG
1525,10000060.XSHG,0.0624,0.0463,2015-03-20,XSHG
1526,10000063.XSHG,0.2056,0.2304,2015-03-20,XSHG
1527,10000062.XSHG,0.1174,0.0996,2015-03-20,XSHG
1528,10000069.XSHG,0.1328,0.1486,2015-03-20,XSHG
1529,10000068.XSHG,0.0844,0.065,2015-03-20,XSHG
1530,10000003.XSHG,0.2967,0.332,2015-03-20,XSHG
1531,10000002.XSHG,0.35,0.3769,2015-03-20,XSHG
1532,10000001.XSHG,0.4053,0.429,2015-03-20,XSHG
1533,10000007.XSHG,0.0001,0.0002,2015-03-20,XSHG
1534,10000006.XSHG,0.0001,0.0001,2015-03-20,XSHG
1535,10000005.XSHG,0.1912,0.2334,2015-03-20,XSHG
1536,10000004.XSHG,0.2453,0.2772,2015-03-20,XSHG
1537,10000009.XSHG,0.0002,0.0002,2015-03-20,XSHG
1538,10000008.XSHG,0.0001,0.0001,2015-03-20,XSHG
1539,10000088.XSHG,0.2532,0.2157,2015-03-20,XSHG
1540,10000083.XSHG,0.0385,0.0551,2015-03-20,XSHG
1541,10000082.XSHG,0.1114,0.0745,2015-03-20,XSHG
1542,10000081.XSHG,0.0034,0.0085,2015-03-20,XSHG
1543,10000080.XSHG,0.2098,0.1999,2015-03-20,XSHG
1544,10000087.XSHG,0.141,0.156,2015-03-20,XSHG
1545,10000086.XSHG,0.2011,0.175,2015-03-20,XSHG
1546,10000085.XSHG,0.0927,0.1042,2015-03-20,XSHG
1547,10000084.XSHG,0.1432,0.1177,2015-03-20,XSHG
1548,10000036.XSHG,0.04,0.0354,2015-03-20,XSHG
1549,10000037.XSHG,0.0506,0.0449,2015-03-20,XSHG
1550,10000034.XSHG,0.33,0.3677,2015-03-20,XSHG
1551,10000035.XSHG,0.2924,0.3311,2015-03-20,XSHG
1552,10000032.XSHG,0.4168,0.448,2015-03-20,XSHG
1553,10000033.XSHG,0.36,0.4003,2015-03-20,XSHG
1554,10000030.XSHG,0.0551,0.0453,2015-03-20,XSHG
1555,10000031.XSHG,0.44,0.475,2015-03-20,XSHG
1556,10000038.XSHG,0.0624,0.0556,2015-03-20,XSHG
1557,10000039.XSHG,0.0764,0.0678,2015-03-20,XSHG
1558,10000029.XSHG,0.0434,0.0376,2015-03-20,XSHG
1559,10000028.XSHG,0.0311,0.0278,2015-03-20,XSHG
1560,10000021.XSHG,0.4008,0.4573,2015-03-20,XSHG
1561,10000020.XSHG,0.0203,0.0142,2015-03-20,XSHG
1562,10000023.XSHG,0.3237,0.3682,2015-03-20,XSHG
1563,10000022.XSHG,0.3652,0.4222,2015-03-20,XSHG
1564,10000025.XSHG,0.2451,0.2731,2015-03-20,XSHG
1565,10000024.XSHG,0.293,0.3146,2015-03-20,XSHG
1566,10000027.XSHG,0.0238,0.0217,2015-03-20,XSHG
1567,10000026.XSHG,0.0179,0.0154,2015-03-20,XSHG
1568,10000058.XSHG,0.0029,0.0012,2015-03-23,XSHG
1569,10000059.XSHG,0.1451,0.1593,2015-03-23,XSHG
1570,10000054.XSHG,0.0666,0.0672,2015-03-23,XSHG
1571,10000055.XSHG,0.2821,0.2948,2015-03-23,XSHG
1572,10000056.XSHG,0.0885,0.1069,2015-03-23,XSHG
1573,10000057.XSHG,0.1094,0.124,2015-03-23,XSHG
1574,10000050.XSHG,0.0005,0.0004,2015-03-23,XSHG
1575,10000051.XSHG,0.182,0.1998,2015-03-23,XSHG
1576,10000052.XSHG,0.0268,0.0268,2015-03-23,XSHG
1577,10000053.XSHG,0.2162,0.2356,2015-03-23,XSHG
1578,10000049.XSHG,0.156,0.1771,2015-03-23,XSHG
1579,10000048.XSHG,0.0682,0.081,2015-03-23,XSHG
1580,10000047.XSHG,0.3112,0.3033,2015-03-23,XSHG
1581,10000046.XSHG,0.0525,0.0506,2015-03-23,XSHG
1582,10000045.XSHG,0.2551,0.26,2015-03-23,XSHG
1583,10000044.XSHG,0.0187,0.0174,2015-03-23,XSHG
1584,10000043.XSHG,0.2222,0.2375,2015-03-23,XSHG
1585,10000042.XSHG,0.0001,0.0001,2015-03-23,XSHG
1586,10000041.XSHG,0.215,0.225,2015-03-23,XSHG
1587,10000040.XSHG,0.0573,0.0722,2015-03-23,XSHG
1588,10000072.XSHG,0.1303,0.143,2015-03-23,XSHG
1589,10000073.XSHG,0.0309,0.0365,2015-03-23,XSHG
1590,10000070.XSHG,0.1028,0.1039,2015-03-23,XSHG
1591,10000071.XSHG,0.2203,0.234,2015-03-23,XSHG
1592,10000076.XSHG,0.0771,0.0768,2015-03-23,XSHG
1593,10000077.XSHG,0.1394,0.148,2015-03-23,XSHG
1594,10000074.XSHG,0.0248,0.013,2015-03-23,XSHG
1595,10000075.XSHG,0.0872,0.0995,2015-03-23,XSHG
1596,10000078.XSHG,0.1252,0.1225,2015-03-23,XSHG
1597,10000079.XSHG,0.1873,0.2069,2015-03-23,XSHG
1598,10000010.XSHG,0.0001,0.0001,2015-03-23,XSHG
1599,10000011.XSHG,0.4548,0.4766,2015-03-23,XSHG
1600,10000012.XSHG,0.4075,0.4195,2015-03-23,XSHG
1601,10000013.XSHG,0.3599,0.3722,2015-03-23,XSHG
1602,10000014.XSHG,0.3097,0.3232,2015-03-23,XSHG
1603,10000015.XSHG,0.2649,0.2801,2015-03-23,XSHG
1604,10000016.XSHG,0.0013,0.0013,2015-03-23,XSHG
1605,10000017.XSHG,0.0027,0.0022,2015-03-23,XSHG
1606,10000018.XSHG,0.004,0.0041,2015-03-23,XSHG
1607,10000019.XSHG,0.0069,0.0071,2015-03-23,XSHG
1608,10000090.XSHG,0.0982,0.0799,2015-03-23,XSHG
1609,10000091.XSHG,0.0445,0.0553,2015-03-23,XSHG
1610,10000092.XSHG,0.1341,0.1297,2015-03-23,XSHG
1611,10000093.XSHG,0.1001,0.108,2015-03-23,XSHG
1612,10000094.XSHG,0.1782,0.1818,2015-03-23,XSHG
1613,10000095.XSHG,0.1459,0.155,2015-03-23,XSHG
1614,10000096.XSHG,0.2032,0.2316,2015-03-23,XSHG
1615,10000065.XSHG,0.0668,0.0753,2015-03-23,XSHG
1616,10000064.XSHG,0.1088,0.1216,2015-03-23,XSHG
1617,10000067.XSHG,0.1129,0.1266,2015-03-23,XSHG
1618,10000066.XSHG,0.0094,0.0035,2015-03-23,XSHG
1619,10000061.XSHG,0.1931,0.2074,2015-03-23,XSHG
1620,10000060.XSHG,0.0394,0.0382,2015-03-23,XSHG
1621,10000063.XSHG,0.249,0.2465,2015-03-23,XSHG
1622,10000062.XSHG,0.0839,0.0876,2015-03-23,XSHG
1623,10000069.XSHG,0.1611,0.169,2015-03-23,XSHG
1624,10000068.XSHG,0.0561,0.0553,2015-03-23,XSHG
1625,10000003.XSHG,0.3532,0.3796,2015-03-23,XSHG
1626,10000002.XSHG,0.4072,0.4139,2015-03-23,XSHG
1627,10000001.XSHG,0.445,0.4742,2015-03-23,XSHG
1628,10000007.XSHG,0.0001,0.0001,2015-03-23,XSHG
1629,10000006.XSHG,0.0001,0.0001,2015-03-23,XSHG
1630,10000005.XSHG,0.2464,0.2636,2015-03-23,XSHG
1631,10000004.XSHG,0.3056,0.3191,2015-03-23,XSHG
1632,10000009.XSHG,0.0002,0.0002,2015-03-23,XSHG
1633,10000008.XSHG,0.0003,0.0001,2015-03-23,XSHG
1634,10000089.XSHG,0.0039,0.0026,2015-03-23,XSHG
1635,10000088.XSHG,0.1799,0.1918,2015-03-23,XSHG
1636,10000083.XSHG,0.0625,0.0741,2015-03-23,XSHG
1637,10000082.XSHG,0.055,0.038,2015-03-23,XSHG
1638,10000081.XSHG,0.0121,0.0111,2015-03-23,XSHG
1639,10000080.XSHG,0.1553,0.1725,2015-03-23,XSHG
1640,10000087.XSHG,0.1686,0.1793,2015-03-23,XSHG
1641,10000086.XSHG,0.1503,0.1563,2015-03-23,XSHG
1642,10000085.XSHG,0.1204,0.131,2015-03-23,XSHG
1643,10000084.XSHG,0.1027,0.1023,2015-03-23,XSHG
1644,10000036.XSHG,0.0219,0.0279,2015-03-23,XSHG
1645,10000037.XSHG,0.0284,0.036,2015-03-23,XSHG
1646,10000034.XSHG,0.3862,0.3796,2015-03-23,XSHG
1647,10000035.XSHG,0.3427,0.3374,2015-03-23,XSHG
1648,10000032.XSHG,0.4693,0.4504,2015-03-23,XSHG
1649,10000033.XSHG,0.4249,0.4114,2015-03-23,XSHG
1650,10000030.XSHG,0.0402,0.0388,2015-03-23,XSHG
1651,10000031.XSHG,0.4952,0.4953,2015-03-23,XSHG
1652,10000038.XSHG,0.0365,0.0479,2015-03-23,XSHG
1653,10000039.XSHG,0.0459,0.0589,2015-03-23,XSHG
1654,10000029.XSHG,0.0316,0.0321,2015-03-23,XSHG
1655,10000028.XSHG,0.0238,0.023,2015-03-23,XSHG
1656,10000021.XSHG,0.4616,0.4773,2015-03-23,XSHG
1657,10000020.XSHG,0.0116,0.0111,2015-03-23,XSHG
1658,10000023.XSHG,0.3818,0.399,2015-03-23,XSHG
1659,10000022.XSHG,0.4411,0.4239,2015-03-23,XSHG
1660,10000025.XSHG,0.3046,0.2977,2015-03-23,XSHG
1661,10000024.XSHG,0.3386,0.3408,2015-03-23,XSHG
1662,10000027.XSHG,0.0131,0.0176,2015-03-23,XSHG
1663,10000026.XSHG,0.0124,0.0124,2015-03-23,XSHG
1664,10000058.XSHG,0.0007,0.0005,2015-03-24,XSHG
1665,10000059.XSHG,0.1631,0.1349,2015-03-24,XSHG
1666,10000054.XSHG,0.071,0.0794,2015-03-24,XSHG
1667,10000055.XSHG,0.2592,0.2655,2015-03-24,XSHG
1668,10000056.XSHG,0.1125,0.1068,2015-03-24,XSHG
1669,10000057.XSHG,0.1283,0.0909,2015-03-24,XSHG
1670,10000050.XSHG,0.0005,0.0003,2015-03-24,XSHG
1671,10000051.XSHG,0.2007,0.1785,2015-03-24,XSHG
1672,10000052.XSHG,0.025,0.0342,2015-03-24,XSHG
1673,10000053.XSHG,0.2151,0.2173,2015-03-24,XSHG
1674,10000049.XSHG,0.1682,0.1465,2015-03-24,XSHG
1675,10000048.XSHG,0.0844,0.094,2015-03-24,XSHG
1676,10000047.XSHG,0.3164,0.3164,2015-03-24,XSHG
1677,10000046.XSHG,0.0545,0.0597,2015-03-24,XSHG
1678,10000045.XSHG,0.2525,0.25,2015-03-24,XSHG
1679,10000044.XSHG,0.0164,0.022,2015-03-24,XSHG
1680,10000043.XSHG,0.2256,0.2185,2015-03-24,XSHG
1681,10000042.XSHG,0.0002,0.0003,2015-03-24,XSHG
1682,10000041.XSHG,0.2266,0.1855,2015-03-24,XSHG
1683,10000040.XSHG,0.0711,0.0752,2015-03-24,XSHG
1684,10000072.XSHG,0.1568,0.1568,2015-03-24,XSHG
1685,10000073.XSHG,0.0377,0.0118,2015-03-24,XSHG
1686,10000070.XSHG,0.1108,0.1152,2015-03-24,XSHG
1687,10000071.XSHG,0.2045,0.2045,2015-03-24,XSHG
1688,10000076.XSHG,0.0733,0.0895,2015-03-24,XSHG
1689,10000077.XSHG,0.1351,0.1303,2015-03-24,XSHG
1690,10000074.XSHG,0.0126,0.0213,2015-03-24,XSHG
1691,10000075.XSHG,0.0983,0.0851,2015-03-24,XSHG
1692,10000078.XSHG,0.1327,0.1463,2015-03-24,XSHG
1693,10000079.XSHG,0.2025,0.1799,2015-03-24,XSHG
1694,10000010.XSHG,0.0002,0.0001,2015-03-24,XSHG
1695,10000011.XSHG,0.4761,0.4459,2015-03-24,XSHG
1696,10000012.XSHG,0.4193,0.382,2015-03-24,XSHG
1697,10000013.XSHG,0.3681,0.3405,2015-03-24,XSHG
1698,10000014.XSHG,0.3298,0.3092,2015-03-24,XSHG
1699,10000015.XSHG,0.2695,0.2475,2015-03-24,XSHG
1700,10000016.XSHG,0.0013,0.0017,2015-03-24,XSHG
1701,10000017.XSHG,0.0022,0.0025,2015-03-24,XSHG
1702,10000018.XSHG,0.0038,0.0049,2015-03-24,XSHG
1703,10000019.XSHG,0.0061,0.0094,2015-03-24,XSHG
1704,10000098.XSHG,0.1239,0.16,2015-03-24,XSHG
1705,10000099.XSHG,0.0405,0.0316,2015-03-24,XSHG
1706,10000090.XSHG,0.0765,0.1081,2015-03-24,XSHG
1707,10000091.XSHG,0.0534,0.0455,2015-03-24,XSHG
1708,10000092.XSHG,0.1282,0.1518,2015-03-24,XSHG
1709,10000093.XSHG,0.1086,0.0981,2015-03-24,XSHG
1710,10000094.XSHG,0.1969,0.2055,2015-03-24,XSHG
1711,10000095.XSHG,0.1522,0.141,2015-03-24,XSHG
1712,10000096.XSHG,0.2388,0.2388,2015-03-24,XSHG
1713,10000097.XSHG,0.0002,0.0001,2015-03-24,XSHG
1714,10000065.XSHG,0.0803,0.0437,2015-03-24,XSHG
1715,10000064.XSHG,0.1322,0.1322,2015-03-24,XSHG
1716,10000067.XSHG,0.1298,0.1059,2015-03-24,XSHG
1717,10000066.XSHG,0.003,0.003,2015-03-24,XSHG
1718,10000061.XSHG,0.1906,0.1828,2015-03-24,XSHG
1719,10000060.XSHG,0.0367,0.0469,2015-03-24,XSHG
1720,10000063.XSHG,0.2494,0.2456,2015-03-24,XSHG
1721,10000062.XSHG,0.0902,0.0973,2015-03-24,XSHG
1722,10000069.XSHG,0.1718,0.1599,2015-03-24,XSHG
1723,10000068.XSHG,0.0529,0.069,2015-03-24,XSHG
1724,10000003.XSHG,0.3796,0.3407,2015-03-24,XSHG
1725,10000002.XSHG,0.4202,0.3835,2015-03-24,XSHG
1726,10000001.XSHG,0.4861,0.4415,2015-03-24,XSHG
1727,10000007.XSHG,0.0001,0.0001,2015-03-24,XSHG
1728,10000006.XSHG,0.0001,0.0001,2015-03-24,XSHG
1729,10000005.XSHG,0.2628,0.2368,2015-03-24,XSHG
1730,10000004.XSHG,0.3102,0.2845,2015-03-24,XSHG
1731,10000009.XSHG,0.0001,0.0001,2015-03-24,XSHG
1732,10000008.XSHG,0.0003,0.0002,2015-03-24,XSHG
1733,10000089.XSHG,0.0024,0.0003,2015-03-24,XSHG
1734,10000088.XSHG,0.2103,0.214,2015-03-24,XSHG
1735,10000083.XSHG,0.0719,0.064,2015-03-24,XSHG
1736,10000082.XSHG,0.0363,0.062,2015-03-24,XSHG
1737,10000081.XSHG,0.012,0.0017,2015-03-24,XSHG
1738,10000080.XSHG,0.1856,0.1857,2015-03-24,XSHG
1739,10000087.XSHG,0.1628,0.1533,2015-03-24,XSHG
1740,10000086.XSHG,0.1647,0.1686,2015-03-24,XSHG
1741,10000085.XSHG,0.1171,0.1092,2015-03-24,XSHG
1742,10000084.XSHG,0.0986,0.1156,2015-03-24,XSHG
1743,10000036.XSHG,0.0301,0.0303,2015-03-24,XSHG
1744,10000037.XSHG,0.0372,0.0391,2015-03-24,XSHG
1745,10000034.XSHG,0.388,0.3574,2015-03-24,XSHG
1746,10000035.XSHG,0.352,0.352,2015-03-24,XSHG
1747,10000032.XSHG,0.4647,0.4343,2015-03-24,XSHG
1748,10000033.XSHG,0.4248,0.3932,2015-03-24,XSHG
1749,10000030.XSHG,0.0414,0.0463,2015-03-24,XSHG
1750,10000031.XSHG,0.5035,0.4682,2015-03-24,XSHG
1751,10000038.XSHG,0.0506,0.0489,2015-03-24,XSHG
1752,10000039.XSHG,0.0582,0.061,2015-03-24,XSHG
1753,10000102.XSHG,0.2299,0.2395,2015-03-24,XSHG
1754,10000103.XSHG,0.1332,0.124,2015-03-24,XSHG
1755,10000100.XSHG,0.1706,0.186,2015-03-24,XSHG
1756,10000101.XSHG,0.0874,0.0765,2015-03-24,XSHG
1757,10000104.XSHG,0.2602,0.2758,2015-03-24,XSHG
1758,10000029.XSHG,0.0319,0.0373,2015-03-24,XSHG
1759,10000028.XSHG,0.0248,0.0271,2015-03-24,XSHG
1760,10000021.XSHG,0.4753,0.4499,2015-03-24,XSHG
1761,10000020.XSHG,0.0106,0.0145,2015-03-24,XSHG
1762,10000023.XSHG,0.38,0.3603,2015-03-24,XSHG
1763,10000022.XSHG,0.4135,0.41,2015-03-24,XSHG
1764,10000025.XSHG,0.302,0.283,2015-03-24,XSHG
1765,10000024.XSHG,0.3256,0.3378,2015-03-24,XSHG
1766,10000027.XSHG,0.016,0.0214,2015-03-24,XSHG
1767,10000026.XSHG,0.0114,0.0153,2015-03-24,XSHG
1768,10000058.XSHG,0.0006,0.0001,2015-03-25,XSHG
1769,10000059.XSHG,0.1355,0.1102,2015-03-25,XSHG
1770,10000054.XSHG,0.08,0.0894,2015-03-25,XSHG
1771,10000055.XSHG,0.25,0.2447,2015-03-25,XSHG
1772,10000056.XSHG,0.1166,0.1166,2015-03-25,XSHG
1773,10000057.XSHG,0.085,0.053,2015-03-25,XSHG
1774,10000050.XSHG,0.0001,0.0001,2015-03-25,XSHG
1775,10000051.XSHG,0.1714,0.1399,2015-03-25,XSHG
1776,10000052.XSHG,0.0343,0.0376,2015-03-25,XSHG
1777,10000053.XSHG,0.2134,0.1882,2015-03-25,XSHG
1778,10000049.XSHG,0.1395,0.1039,2015-03-25,XSHG
1779,10000048.XSHG,0.094,0.1017,2015-03-25,XSHG
1780,10000047.XSHG,0.2815,0.2685,2015-03-25,XSHG
1781,10000046.XSHG,0.0615,0.0669,2015-03-25,XSHG
1782,10000045.XSHG,0.246,0.22,2015-03-25,XSHG
1783,10000044.XSHG,0.0227,0.0255,2015-03-25,XSHG
1784,10000043.XSHG,0.2098,0.1818,2015-03-25,XSHG
1785,10000042.XSHG,0.0004,0.0001,2015-03-25,XSHG
1786,10000041.XSHG,0.188,0.1511,2015-03-25,XSHG
1787,10000040.XSHG,0.0791,0.0822,2015-03-25,XSHG
1788,10000072.XSHG,0.1631,0.1631,2015-03-25,XSHG
1789,10000073.XSHG,0.0107,0.0001,2015-03-25,XSHG
1790,10000070.XSHG,0.1245,0.129,2015-03-25,XSHG
1791,10000071.XSHG,0.2039,0.1872,2015-03-25,XSHG
1792,10000076.XSHG,0.0926,0.1063,2015-03-25,XSHG
1793,10000077.XSHG,0.1312,0.1182,2015-03-25,XSHG
1794,10000074.XSHG,0.0229,0.0455,2015-03-25,XSHG
1795,10000075.XSHG,0.0809,0.0636,2015-03-25,XSHG
1796,10000078.XSHG,0.15,0.1554,2015-03-25,XSHG
1797,10000079.XSHG,0.1695,0.1602,2015-03-25,XSHG
1798,10000010.XSHG,0.0002,0.0001,2015-03-25,XSHG
1799,10000011.XSHG,0.448,0.4045,2015-03-25,XSHG
1800,10000012.XSHG,0.3905,0.3605,2015-03-25,XSHG
1801,10000013.XSHG,0.3385,0.3148,2015-03-25,XSHG
1802,10000014.XSHG,0.2968,0.2633,2015-03-25,XSHG
1803,10000015.XSHG,0.2511,0.2222,2015-03-25,XSHG
1804,10000016.XSHG,0.0017,0.0019,2015-03-25,XSHG
1805,10000017.XSHG,0.0027,0.0031,2015-03-25,XSHG
1806,10000018.XSHG,0.0051,0.0067,2015-03-25,XSHG
1807,10000019.XSHG,0.0095,0.0104,2015-03-25,XSHG
1808,10000098.XSHG,0.171,0.1995,2015-03-25,XSHG
1809,10000099.XSHG,0.0302,0.0203,2015-03-25,XSHG
1810,10000090.XSHG,0.114,0.1492,2015-03-25,XSHG
1811,10000091.XSHG,0.0435,0.0291,2015-03-25,XSHG
1812,10000092.XSHG,0.1563,0.1741,2015-03-25,XSHG
1813,10000093.XSHG,0.0927,0.0804,2015-03-25,XSHG
1814,10000094.XSHG,0.2107,0.2043,2015-03-25,XSHG
1815,10000095.XSHG,0.1423,0.1299,2015-03-25,XSHG
1816,10000096.XSHG,0.2588,0.2588,2015-03-25,XSHG
1817,10000097.XSHG,0.0001,0.0001,2015-03-25,XSHG
1818,10000065.XSHG,0.0403,0.0038,2015-03-25,XSHG
1819,10000064.XSHG,0.1385,0.1385,2015-03-25,XSHG
1820,10000067.XSHG,0.105,0.0824,2015-03-25,XSHG
1821,10000066.XSHG,0.0031,0.0005,2015-03-25,XSHG
1822,10000061.XSHG,0.1832,0.1718,2015-03-25,XSHG
1823,10000060.XSHG,0.0489,0.0574,2015-03-25,XSHG
1824,10000063.XSHG,0.2352,0.22,2015-03-25,XSHG
1825,10000062.XSHG,0.098,0.1056,2015-03-25,XSHG
1826,10000069.XSHG,0.1562,0.1464,2015-03-25,XSHG
1827,10000068.XSHG,0.0687,0.0797,2015-03-25,XSHG
1828,10000003.XSHG,0.338,0.302,2015-03-25,XSHG
1829,10000002.XSHG,0.388,0.356,2015-03-25,XSHG
1830,10000001.XSHG,0.438,0.4007,2015-03-25,XSHG
1831,10000007.XSHG,0.0002,0.0001,2015-03-25,XSHG
1832,10000006.XSHG,0.0001,0.0001,2015-03-25,XSHG
1833,10000005.XSHG,0.238,0.2033,2015-03-25,XSHG
1834,10000004.XSHG,0.288,0.2563,2015-03-25,XSHG
1835,10000009.XSHG,0.0002,0.0001,2015-03-25,XSHG
1836,10000008.XSHG,0.0002,0.0001,2015-03-25,XSHG
1837,10000089.XSHG,0.0004,0.0001,2015-03-25,XSHG
1838,10000088.XSHG,0.2244,0.2268,2015-03-25,XSHG
1839,10000083.XSHG,0.0605,0.0429,2015-03-25,XSHG
1840,10000082.XSHG,0.064,0.0949,2015-03-25,XSHG
1841,10000081.XSHG,0.0007,0.0001,2015-03-25,XSHG
1842,10000080.XSHG,0.1889,0.1889,2015-03-25,XSHG
1843,10000087.XSHG,0.1615,0.1497,2015-03-25,XSHG
1844,10000086.XSHG,0.1828,0.1828,2015-03-25,XSHG
1845,10000085.XSHG,0.1029,0.1005,2015-03-25,XSHG
1846,10000084.XSHG,0.1202,0.1407,2015-03-25,XSHG
1847,10000036.XSHG,0.0326,0.0322,2015-03-25,XSHG
1848,10000037.XSHG,0.0422,0.0436,2015-03-25,XSHG
1849,10000034.XSHG,0.3501,0.3382,2015-03-25,XSHG
1850,10000035.XSHG,0.3145,0.3066,2015-03-25,XSHG
1851,10000032.XSHG,0.419,0.4,2015-03-25,XSHG
1852,10000033.XSHG,0.3851,0.3863,2015-03-25,XSHG
1853,10000030.XSHG,0.0486,0.0477,2015-03-25,XSHG
1854,10000031.XSHG,0.4877,0.4555,2015-03-25,XSHG
1855,10000038.XSHG,0.0528,0.0536,2015-03-25,XSHG
1856,10000039.XSHG,0.066,0.0675,2015-03-25,XSHG
1857,10000102.XSHG,0.234,0.2504,2015-03-25,XSHG
1858,10000103.XSHG,0.1269,0.1125,2015-03-25,XSHG
1859,10000100.XSHG,0.1925,0.2163,2015-03-25,XSHG
1860,10000101.XSHG,0.0736,0.0678,2015-03-25,XSHG
1861,10000104.XSHG,,,2015-03-25,XSHG
1862,10000029.XSHG,0.0364,0.0403,2015-03-25,XSHG
1863,10000028.XSHG,0.0265,0.0292,2015-03-25,XSHG
1864,10000021.XSHG,0.436,0.4487,2015-03-25,XSHG
1865,10000020.XSHG,0.0147,0.0165,2015-03-25,XSHG
1866,10000023.XSHG,0.3529,0.3308,2015-03-25,XSHG
1867,10000022.XSHG,0.4005,0.3707,2015-03-25,XSHG
1868,10000025.XSHG,0.2843,0.2732,2015-03-25,XSHG
1869,10000024.XSHG,0.3117,0.2879,2015-03-25,XSHG
1870,10000027.XSHG,0.019,0.0225,2015-03-25,XSHG
1871,10000026.XSHG,0.0141,0.0157,2015-03-25,XSHG
1872,10000059.XSHG,0.105,0.1326,2015-03-26,XSHG
1873,10000054.XSHG,0.0774,0.0726,2015-03-26,XSHG
1874,10000055.XSHG,0.2584,0.2648,2015-03-26,XSHG
1875,10000056.XSHG,0.1071,0.1056,2015-03-26,XSHG
1876,10000051.XSHG,0.1393,0.1623,2015-03-26,XSHG
1877,10000052.XSHG,0.0389,0.0272,2015-03-26,XSHG
1878,10000053.XSHG,0.2084,0.2249,2015-03-26,XSHG
1879,10000048.XSHG,0.0894,0.0855,2015-03-26,XSHG
1880,10000047.XSHG,0.301,0.3181,2015-03-26,XSHG
1881,10000046.XSHG,0.0595,0.0575,2015-03-26,XSHG
1882,10000045.XSHG,0.2427,0.2556,2015-03-26,XSHG
1883,10000044.XSHG,0.0259,0.0186,2015-03-26,XSHG
1884,10000043.XSHG,0.1736,0.2046,2015-03-26,XSHG
1885,10000040.XSHG,0.0708,0.0708,2015-03-26,XSHG
1886,10000072.XSHG,0.1624,0.1518,2015-03-26,XSHG
1887,10000070.XSHG,0.117,0.1132,2015-03-26,XSHG
1888,10000071.XSHG,0.1994,0.2149,2015-03-26,XSHG
1889,10000076.XSHG,0.1088,0.0883,2015-03-26,XSHG
1890,10000077.XSHG,0.114,0.1368,2015-03-26,XSHG
1891,10000075.XSHG,0.061,0.0752,2015-03-26,XSHG
1892,10000078.XSHG,0.1413,0.1365,2015-03-26,XSHG
1893,10000079.XSHG,0.1728,0.18,2015-03-26,XSHG
1894,10000011.XSHG,0.3914,0.438,2015-03-26,XSHG
1895,10000012.XSHG,0.354,0.3887,2015-03-26,XSHG
1896,10000013.XSHG,0.3028,0.3363,2015-03-26,XSHG
1897,10000014.XSHG,0.2537,0.2912,2015-03-26,XSHG
1898,10000015.XSHG,0.2125,0.2536,2015-03-26,XSHG
1899,10000016.XSHG,0.002,0.001,2015-03-26,XSHG
1900,10000017.XSHG,0.0033,0.0022,2015-03-26,XSHG
1901,10000018.XSHG,0.006,0.004,2015-03-26,XSHG
1902,10000019.XSHG,0.0112,0.0073,2015-03-26,XSHG
1903,10000099.XSHG,0.0197,0.027,2015-03-26,XSHG
1904,10000091.XSHG,0.0282,0.0385,2015-03-26,XSHG
1905,10000092.XSHG,0.1814,0.151,2015-03-26,XSHG
1906,10000093.XSHG,0.0738,0.0931,2015-03-26,XSHG
1907,10000094.XSHG,0.1913,0.1906,2015-03-26,XSHG
1908,10000095.XSHG,0.1371,0.145,2015-03-26,XSHG
1909,10000096.XSHG,0.2306,0.2302,2015-03-26,XSHG
1910,10000064.XSHG,0.1278,0.1243,2015-03-26,XSHG
1911,10000067.XSHG,0.0791,0.1002,2015-03-26,XSHG
1912,10000061.XSHG,0.1686,0.19,2015-03-26,XSHG
1913,10000060.XSHG,0.0569,0.0456,2015-03-26,XSHG
1914,10000063.XSHG,0.2326,0.2355,2015-03-26,XSHG
1915,10000062.XSHG,0.0954,0.0901,2015-03-26,XSHG
1916,10000069.XSHG,0.1502,0.16,2015-03-26,XSHG
1917,10000068.XSHG,0.0801,0.0636,2015-03-26,XSHG
1918,10000088.XSHG,0.2198,0.1935,2015-03-26,XSHG
1919,10000083.XSHG,0.0413,0.0533,2015-03-26,XSHG
1920,10000080.XSHG,0.1735,0.1807,2015-03-26,XSHG
1921,10000087.XSHG,0.1475,0.1683,2015-03-26,XSHG
1922,10000086.XSHG,0.1682,0.1676,2015-03-26,XSHG
1923,10000085.XSHG,0.1047,0.1174,2015-03-26,XSHG
1924,10000084.XSHG,0.1431,0.121,2015-03-26,XSHG
1925,10000036.XSHG,0.0347,0.0287,2015-03-26,XSHG
1926,10000037.XSHG,0.0369,0.0369,2015-03-26,XSHG
1927,10000034.XSHG,0.3735,0.3737,2015-03-26,XSHG
1928,10000035.XSHG,0.3421,0.352,2015-03-26,XSHG
1929,10000032.XSHG,0.432,0.432,2015-03-26,XSHG
1930,10000033.XSHG,0.4052,0.4173,2015-03-26,XSHG
1931,10000030.XSHG,0.0445,0.0432,2015-03-26,XSHG
1932,10000031.XSHG,0.4549,0.4912,2015-03-26,XSHG
1933,10000038.XSHG,0.0462,0.047,2015-03-26,XSHG
1934,10000039.XSHG,0.0612,0.0559,2015-03-26,XSHG
1935,10000108.XSHG,0.0963,0.1116,2015-03-26,XSHG
1936,10000109.XSHG,0.0759,0.0893,2015-03-26,XSHG
1937,10000102.XSHG,0.256,0.2292,2015-03-26,XSHG
1938,10000103.XSHG,0.1113,0.1201,2015-03-26,XSHG
1939,10000100.XSHG,0.2221,0.1904,2015-03-26,XSHG
1940,10000101.XSHG,0.064,0.0795,2015-03-26,XSHG
1941,10000106.XSHG,0.1413,0.1615,2015-03-26,XSHG
1942,10000107.XSHG,0.1167,0.1372,2015-03-26,XSHG
1943,10000104.XSHG,0.2835,0.2686,2015-03-26,XSHG
1944,10000105.XSHG,0.1668,0.195,2015-03-26,XSHG
1945,10000114.XSHG,0.175,0.1513,2015-03-26,XSHG
1946,10000111.XSHG,0.0897,0.0784,2015-03-26,XSHG
1947,10000110.XSHG,0.0688,0.0599,2015-03-26,XSHG
1948,10000113.XSHG,0.1429,0.1267,2015-03-26,XSHG
1949,10000112.XSHG,0.1144,0.0997,2015-03-26,XSHG
1950,10000029.XSHG,0.0389,0.0324,2015-03-26,XSHG
1951,10000028.XSHG,0.0313,0.0233,2015-03-26,XSHG
1952,10000021.XSHG,0.4762,0.4702,2015-03-26,XSHG
1953,10000020.XSHG,0.0173,0.0118,2015-03-26,XSHG
1954,10000023.XSHG,0.3628,0.3555,2015-03-26,XSHG
1955,10000022.XSHG,0.4008,0.4055,2015-03-26,XSHG
1956,10000025.XSHG,0.2852,0.2876,2015-03-26,XSHG
1957,10000024.XSHG,0.3166,0.33,2015-03-26,XSHG
1958,10000027.XSHG,0.0234,0.0184,2015-03-26,XSHG
1959,10000026.XSHG,0.0163,0.0131,2015-03-26,XSHG
1960,10000059.XSHG,0.1385,0.1435,2015-03-27,XSHG
1961,10000054.XSHG,0.0666,0.0664,2015-03-27,XSHG
1962,10000055.XSHG,0.27,0.2797,2015-03-27,XSHG
1963,10000056.XSHG,,,2015-03-27,XSHG
1964,10000051.XSHG,0.1724,0.1798,2015-03-27,XSHG
1965,10000052.XSHG,0.0274,0.027,2015-03-27,XSHG
1966,10000053.XSHG,0.2254,0.2254,2015-03-27,XSHG
1967,10000048.XSHG,0.0902,0.0902,2015-03-27,XSHG
1968,10000047.XSHG,0.2974,0.3117,2015-03-27,XSHG
1969,10000046.XSHG,0.0558,0.0538,2015-03-27,XSHG
1970,10000045.XSHG,0.2734,0.2734,2015-03-27,XSHG
1971,10000044.XSHG,0.018,0.0175,2015-03-27,XSHG
1972,10000043.XSHG,0.2076,0.2131,2015-03-27,XSHG
1973,10000040.XSHG,,,2015-03-27,XSHG
1974,10000072.XSHG,0.1499,0.1516,2015-03-27,XSHG
1975,10000070.XSHG,0.1218,0.1095,2015-03-27,XSHG
1976,10000071.XSHG,0.2054,0.2186,2015-03-27,XSHG
1977,10000076.XSHG,0.0845,0.0822,2015-03-27,XSHG
1978,10000077.XSHG,0.1242,0.1455,2015-03-27,XSHG
1979,10000075.XSHG,0.0784,0.0823,2015-03-27,XSHG
1980,10000078.XSHG,0.1389,0.1389,2015-03-27,XSHG
1981,10000079.XSHG,0.1847,0.1841,2015-03-27,XSHG
1982,10000011.XSHG,0.4428,0.4487,2015-03-27,XSHG
1983,10000012.XSHG,0.3946,0.406,2015-03-27,XSHG
1984,10000013.XSHG,0.3447,0.359,2015-03-27,XSHG
1985,10000014.XSHG,0.3098,0.3097,2015-03-27,XSHG
1986,10000015.XSHG,0.2517,0.2553,2015-03-27,XSHG
1987,10000016.XSHG,0.0009,0.0009,2015-03-27,XSHG
1988,10000017.XSHG,0.0022,0.0018,2015-03-27,XSHG
1989,10000018.XSHG,0.0038,0.0031,2015-03-27,XSHG
1990,10000019.XSHG,0.0062,0.0063,2015-03-27,XSHG
1991,10000099.XSHG,0.0279,0.0302,2015-03-27,XSHG
1992,10000091.XSHG,0.04,0.0421,2015-03-27,XSHG
1993,10000092.XSHG,0.1462,0.1399,2015-03-27,XSHG
1994,10000093.XSHG,0.0943,0.1013,2015-03-27,XSHG
1995,10000094.XSHG,,,2015-03-27,XSHG
1996,10000095.XSHG,0.1411,0.1494,2015-03-27,XSHG
1997,10000096.XSHG,,,2015-03-27,XSHG
1998,10000064.XSHG,0.1254,0.1254,2015-03-27,XSHG
1999,10000067.XSHG,0.1053,0.1077,2015-03-27,XSHG
2000,10000061.XSHG,,,2015-03-27,XSHG
2001,10000060.XSHG,0.0428,0.0406,2015-03-27,XSHG
2002,10000063.XSHG,0.2357,0.2357,2015-03-27,XSHG
2003,10000062.XSHG,0.0849,0.0849,2015-03-27,XSHG
2004,10000069.XSHG,0.1559,0.1698,2015-03-27,XSHG
2005,10000068.XSHG,0.061,0.0583,2015-03-27,XSHG
2006,10000088.XSHG,0.1957,0.1977,2015-03-27,XSHG
2007,10000083.XSHG,0.0566,0.061,2015-03-27,XSHG
2008,10000080.XSHG,,,2015-03-27,XSHG
2009,10000087.XSHG,0.1623,0.1628,2015-03-27,XSHG
2010,10000086.XSHG,0.158,0.1659,2015-03-27,XSHG
2011,10000085.XSHG,0.1143,0.1204,2015-03-27,XSHG
2012,10000084.XSHG,0.1145,0.1073,2015-03-27,XSHG
2013,10000036.XSHG,,,2015-03-27,XSHG
2014,10000037.XSHG,,,2015-03-27,XSHG
2015,10000034.XSHG,0.3698,0.3947,2015-03-27,XSHG
2016,10000035.XSHG,0.3342,0.3474,2015-03-27,XSHG
2017,10000032.XSHG,0.4471,0.458,2015-03-27,XSHG
2018,10000033.XSHG,0.4081,0.4217,2015-03-27,XSHG
2019,10000030.XSHG,0.0396,0.0386,2015-03-27,XSHG
2020,10000031.XSHG,0.4699,0.5038,2015-03-27,XSHG
2021,10000038.XSHG,0.0452,0.0452,2015-03-27,XSHG
2022,10000039.XSHG,0.061,0.0568,2015-03-27,XSHG
2023,10000108.XSHG,0.1165,0.1178,2015-03-27,XSHG
2024,10000109.XSHG,0.0948,0.1001,2015-03-27,XSHG
2025,10000102.XSHG,0.2221,0.2238,2015-03-27,XSHG
2026,10000103.XSHG,,,2015-03-27,XSHG
2027,10000100.XSHG,0.1815,0.1825,2015-03-27,XSHG
2028,10000101.XSHG,0.0859,0.083,2015-03-27,XSHG
2029,10000106.XSHG,0.1719,0.1832,2015-03-27,XSHG
2030,10000107.XSHG,0.1433,0.1506,2015-03-27,XSHG
2031,10000104.XSHG,0.2538,0.269,2015-03-27,XSHG
2032,10000105.XSHG,0.2046,0.216,2015-03-27,XSHG
2033,10000115.XSHG,0.0753,0.079,2015-03-27,XSHG
2034,10000114.XSHG,0.1448,0.15,2015-03-27,XSHG
2035,10000116.XSHG,0.1771,0.1771,2015-03-27,XSHG
2036,10000111.XSHG,0.0739,0.0733,2015-03-27,XSHG
2037,10000110.XSHG,0.0565,0.057,2015-03-27,XSHG
2038,10000113.XSHG,0.1191,0.1196,2015-03-27,XSHG
2039,10000112.XSHG,0.0943,0.0966,2015-03-27,XSHG
2040,10000029.XSHG,0.0349,0.0296,2015-03-27,XSHG
2041,10000028.XSHG,0.0254,0.0232,2015-03-27,XSHG
2042,10000021.XSHG,0.4502,0.467,2015-03-27,XSHG
2043,10000020.XSHG,0.0113,0.0105,2015-03-27,XSHG
2044,10000023.XSHG,0.37,0.3794,2015-03-27,XSHG
2045,10000022.XSHG,0.415,0.4249,2015-03-27,XSHG
2046,10000025.XSHG,0.2888,0.2999,2015-03-27,XSHG
2047,10000024.XSHG,0.348,0.3435,2015-03-27,XSHG
2048,10000027.XSHG,0.0192,0.0161,2015-03-27,XSHG
2049,10000026.XSHG,0.0137,0.0121,2015-03-27,XSHG
2050,10000059.XSHG,0.1476,0.2083,2015-03-30,XSHG
2051,10000054.XSHG,0.0622,0.05,2015-03-30,XSHG
2052,10000055.XSHG,0.2831,0.3301,2015-03-30,XSHG
2053,10000056.XSHG,0.0919,0.0914,2015-03-30,XSHG
2054,10000051.XSHG,0.1853,0.2475,2015-03-30,XSHG
2055,10000052.XSHG,0.0241,0.0121,2015-03-30,XSHG
2056,10000053.XSHG,0.2434,0.2842,2015-03-30,XSHG
2057,10000048.XSHG,0.0803,0.0723,2015-03-30,XSHG
2058,10000047.XSHG,0.3155,0.3744,2015-03-30,XSHG
2059,10000046.XSHG,0.048,0.0408,2015-03-30,XSHG
2060,10000045.XSHG,0.2886,0.3244,2015-03-30,XSHG
2061,10000044.XSHG,0.0156,0.0071,2015-03-30,XSHG
2062,10000043.XSHG,0.2245,0.2991,2015-03-30,XSHG
2063,10000040.XSHG,0.0665,0.0555,2015-03-30,XSHG
2064,10000072.XSHG,0.1439,0.1208,2015-03-30,XSHG
2065,10000070.XSHG,0.1005,0.0807,2015-03-30,XSHG
2066,10000071.XSHG,0.2296,0.282,2015-03-30,XSHG
2067,10000076.XSHG,0.0769,0.0444,2015-03-30,XSHG
2068,10000077.XSHG,0.15,0.1945,2015-03-30,XSHG
2069,10000075.XSHG,0.0877,0.1368,2015-03-30,XSHG
2070,10000078.XSHG,0.1222,0.0968,2015-03-30,XSHG
2071,10000079.XSHG,0.2043,0.2308,2015-03-30,XSHG
2072,10000011.XSHG,0.4855,0.5454,2015-03-30,XSHG
2073,10000012.XSHG,0.4225,0.4959,2015-03-30,XSHG
2074,10000013.XSHG,0.4282,0.4359,2015-03-30,XSHG
2075,10000014.XSHG,0.3206,0.3993,2015-03-30,XSHG
2076,10000015.XSHG,0.2679,0.3458,2015-03-30,XSHG
2077,10000016.XSHG,0.0005,0.0002,2015-03-30,XSHG
2078,10000017.XSHG,0.0014,0.0006,2015-03-30,XSHG
2079,10000018.XSHG,0.002,0.0014,2015-03-30,XSHG
2080,10000019.XSHG,0.0044,0.0023,2015-03-30,XSHG
2081,10000099.XSHG,0.0323,0.0567,2015-03-30,XSHG
2082,10000091.XSHG,0.0465,0.0788,2015-03-30,XSHG
2083,10000092.XSHG,0.1355,0.0877,2015-03-30,XSHG
2084,10000093.XSHG,0.1048,0.1455,2015-03-30,XSHG
2085,10000094.XSHG,0.1778,0.155,2015-03-30,XSHG
2086,10000095.XSHG,0.1566,0.1983,2015-03-30,XSHG
2087,10000096.XSHG,0.1911,0.1953,2015-03-30,XSHG
2088,10000064.XSHG,0.1088,0.1059,2015-03-30,XSHG
2089,10000067.XSHG,0.1145,0.1675,2015-03-30,XSHG
2090,10000061.XSHG,0.2083,0.2547,2015-03-30,XSHG
2091,10000060.XSHG,0.0373,0.0203,2015-03-30,XSHG
2092,10000063.XSHG,0.2592,0.2999,2015-03-30,XSHG
2093,10000062.XSHG,0.0799,0.0602,2015-03-30,XSHG
2094,10000069.XSHG,0.1778,0.2265,2015-03-30,XSHG
2095,10000068.XSHG,0.0548,0.0297,2015-03-30,XSHG
2096,10000088.XSHG,0.1852,0.1685,2015-03-30,XSHG
2097,10000083.XSHG,0.0629,0.104,2015-03-30,XSHG
2098,10000080.XSHG,0.1631,0.1365,2015-03-30,XSHG
2099,10000087.XSHG,0.1789,0.226,2015-03-30,XSHG
2100,10000086.XSHG,0.1515,0.1218,2015-03-30,XSHG
2101,10000085.XSHG,0.1249,0.1559,2015-03-30,XSHG
2102,10000084.XSHG,0.0997,0.0656,2015-03-30,XSHG
2103,10000036.XSHG,0.0279,0.0235,2015-03-30,XSHG
2104,10000037.XSHG,0.0355,0.0288,2015-03-30,XSHG
2105,10000034.XSHG,0.4149,0.4457,2015-03-30,XSHG
2106,10000035.XSHG,0.3638,0.42,2015-03-30,XSHG
2107,10000032.XSHG,0.4674,0.5424,2015-03-30,XSHG
2108,10000033.XSHG,0.442,0.5069,2015-03-30,XSHG
2109,10000030.XSHG,0.0366,0.0268,2015-03-30,XSHG
2110,10000031.XSHG,0.5096,0.5953,2015-03-30,XSHG
2111,10000038.XSHG,0.0412,0.0356,2015-03-30,XSHG
2112,10000039.XSHG,0.0494,0.0474,2015-03-30,XSHG
2113,10000108.XSHG,0.1231,0.1713,2015-03-30,XSHG
2114,10000109.XSHG,0.1038,0.1455,2015-03-30,XSHG
2115,10000102.XSHG,0.2167,0.1754,2015-03-30,XSHG
2116,10000103.XSHG,0.1366,0.1709,2015-03-30,XSHG
2117,10000100.XSHG,0.1732,0.118,2015-03-30,XSHG
2118,10000101.XSHG,0.0876,0.1218,2015-03-30,XSHG
2119,10000106.XSHG,0.1864,0.2339,2015-03-30,XSHG
2120,10000107.XSHG,0.1551,0.2114,2015-03-30,XSHG
2121,10000104.XSHG,0.2491,0.2239,2015-03-30,XSHG
2122,10000105.XSHG,0.2213,0.2746,2015-03-30,XSHG
2123,10000115.XSHG,0.0826,0.1239,2015-03-30,XSHG
2124,10000114.XSHG,0.1402,0.1068,2015-03-30,XSHG
2125,10000116.XSHG,0.1694,0.1295,2015-03-30,XSHG
2126,10000111.XSHG,0.0703,0.0517,2015-03-30,XSHG
2127,10000110.XSHG,0.0546,0.0384,2015-03-30,XSHG
2128,10000113.XSHG,0.1142,0.0836,2015-03-30,XSHG
2129,10000112.XSHG,0.0918,0.0655,2015-03-30,XSHG
2130,10000029.XSHG,0.0281,0.02,2015-03-30,XSHG
2131,10000028.XSHG,0.0211,0.0155,2015-03-30,XSHG
2132,10000021.XSHG,0.4817,0.55,2015-03-30,XSHG
2133,10000020.XSHG,0.0086,0.0038,2015-03-30,XSHG
2134,10000023.XSHG,0.402,0.448,2015-03-30,XSHG
2135,10000022.XSHG,0.4613,0.5054,2015-03-30,XSHG
2136,10000025.XSHG,0.32,0.3672,2015-03-30,XSHG
2137,10000024.XSHG,0.3589,0.4026,2015-03-30,XSHG
2138,10000027.XSHG,0.0156,0.0106,2015-03-30,XSHG
2139,10000026.XSHG,0.0116,0.0068,2015-03-30,XSHG
2140,10000059.XSHG,0.2368,0.19,2015-03-31,XSHG
2141,10000054.XSHG,0.0402,0.0513,2015-03-31,XSHG
2142,10000055.XSHG,0.3913,0.3391,2015-03-31,XSHG
2143,10000056.XSHG,0.0736,0.083,2015-03-31,XSHG
2144,10000051.XSHG,0.2796,0.223,2015-03-31,XSHG
2145,10000052.XSHG,0.008,0.0158,2015-03-31,XSHG
2146,10000053.XSHG,0.3419,0.2632,2015-03-31,XSHG
2147,10000048.XSHG,0.0633,0.0722,2015-03-31,XSHG
2148,10000047.XSHG,0.4222,0.3735,2015-03-31,XSHG
2149,10000046.XSHG,0.0306,0.0395,2015-03-31,XSHG
2150,10000045.XSHG,0.3536,0.3182,2015-03-31,XSHG
2151,10000044.XSHG,0.0042,0.0099,2015-03-31,XSHG
2152,10000043.XSHG,0.3234,0.2617,2015-03-31,XSHG
2153,10000040.XSHG,0.0516,0.061,2015-03-31,XSHG
2154,10000072.XSHG,0.1094,0.1199,2015-03-31,XSHG
2155,10000070.XSHG,0.0674,0.0808,2015-03-31,XSHG
2156,10000071.XSHG,0.3194,0.2687,2015-03-31,XSHG
2157,10000076.XSHG,0.0345,0.056,2015-03-31,XSHG
2158,10000077.XSHG,0.2119,0.1813,2015-03-31,XSHG
2159,10000075.XSHG,0.1572,0.1198,2015-03-31,XSHG
2160,10000078.XSHG,0.0881,0.1026,2015-03-31,XSHG
2161,10000079.XSHG,0.2728,0.2446,2015-03-31,XSHG
2162,10000011.XSHG,0.5724,0.5192,2015-03-31,XSHG
2163,10000012.XSHG,0.5239,0.4528,2015-03-31,XSHG
2164,10000013.XSHG,0.4681,0.415,2015-03-31,XSHG
2165,10000014.XSHG,0.4249,0.365,2015-03-31,XSHG
2166,10000015.XSHG,0.3703,0.3108,2015-03-31,XSHG
2167,10000016.XSHG,0.0002,0.0005,2015-03-31,XSHG
2168,10000017.XSHG,0.0005,0.001,2015-03-31,XSHG
2169,10000018.XSHG,0.0007,0.0015,2015-03-31,XSHG
2170,10000019.XSHG,0.0011,0.0032,2015-03-31,XSHG
2171,10000099.XSHG,0.0728,0.0477,2015-03-31,XSHG
2172,10000091.XSHG,0.095,0.0663,2015-03-31,XSHG
2173,10000092.XSHG,0.073,0.1064,2015-03-31,XSHG
2174,10000093.XSHG,0.1578,0.1336,2015-03-31,XSHG
2175,10000094.XSHG,0.132,0.1497,2015-03-31,XSHG
2176,10000095.XSHG,0.2217,0.2018,2015-03-31,XSHG
2177,10000096.XSHG,0.174,0.2,2015-03-31,XSHG
2178,10000064.XSHG,0.092,0.0996,2015-03-31,XSHG
2179,10000067.XSHG,0.1942,0.1496,2015-03-31,XSHG
2180,10000061.XSHG,0.2849,0.2442,2015-03-31,XSHG
2181,10000060.XSHG,0.0145,0.0239,2015-03-31,XSHG
2182,10000063.XSHG,0.3413,0.3021,2015-03-31,XSHG
2183,10000062.XSHG,0.0518,0.0675,2015-03-31,XSHG
2184,10000069.XSHG,0.2395,0.2112,2015-03-31,XSHG
2185,10000068.XSHG,0.0229,0.0367,2015-03-31,XSHG
2186,10000124.XSHG,0.1842,0.2138,2015-03-31,XSHG
2187,10000125.XSHG,0.1813,0.161,2015-03-31,XSHG
2188,10000126.XSHG,0.226,0.2575,2015-03-31,XSHG
2189,10000088.XSHG,0.1504,0.1802,2015-03-31,XSHG
2190,10000120.XSHG,0.0968,0.0757,2015-03-31,XSHG
2191,10000121.XSHG,0.1375,0.1705,2015-03-31,XSHG
2192,10000122.XSHG,0.1676,0.2044,2015-03-31,XSHG
2193,10000123.XSHG,0.1163,0.0916,2015-03-31,XSHG
2194,10000083.XSHG,0.1236,0.0865,2015-03-31,XSHG
2195,10000080.XSHG,0.1289,0.1473,2015-03-31,XSHG
2196,10000087.XSHG,0.2477,0.2154,2015-03-31,XSHG
2197,10000086.XSHG,0.109,0.1306,2015-03-31,XSHG
2198,10000085.XSHG,0.1825,0.1545,2015-03-31,XSHG
2199,10000084.XSHG,0.0512,0.0755,2015-03-31,XSHG
2200,10000036.XSHG,0.0223,0.025,2015-03-31,XSHG
2201,10000037.XSHG,0.0276,0.0316,2015-03-31,XSHG
2202,10000034.XSHG,0.4943,0.4478,2015-03-31,XSHG
2203,10000035.XSHG,0.4737,0.4093,2015-03-31,XSHG
2204,10000032.XSHG,0.5922,0.55,2015-03-31,XSHG
2205,10000033.XSHG,0.5433,0.5127,2015-03-31,XSHG
2206,10000030.XSHG,0.0228,0.0318,2015-03-31,XSHG
2207,10000031.XSHG,0.628,0.5664,2015-03-31,XSHG
2208,10000038.XSHG,0.034,0.0399,2015-03-31,XSHG
2209,10000039.XSHG,0.0421,0.0477,2015-03-31,XSHG
2210,10000108.XSHG,0.1959,0.1609,2015-03-31,XSHG
2211,10000109.XSHG,0.1661,0.1342,2015-03-31,XSHG
2212,10000102.XSHG,0.1578,0.1849,2015-03-31,XSHG
2213,10000103.XSHG,0.1994,0.1752,2015-03-31,XSHG
2214,10000100.XSHG,0.0999,0.1369,2015-03-31,XSHG
2215,10000101.XSHG,0.1356,0.11,2015-03-31,XSHG
2216,10000106.XSHG,0.2654,0.2246,2015-03-31,XSHG
2217,10000107.XSHG,0.2291,0.1912,2015-03-31,XSHG
2218,10000104.XSHG,0.1993,0.2265,2015-03-31,XSHG
2219,10000105.XSHG,0.3041,0.2602,2015-03-31,XSHG
2220,10000119.XSHG,0.1168,0.0911,2015-03-31,XSHG
2221,10000118.XSHG,0.13,0.1756,2015-03-31,XSHG
2222,10000115.XSHG,0.1398,0.112,2015-03-31,XSHG
2223,10000114.XSHG,0.0898,0.1148,2015-03-31,XSHG
2224,10000117.XSHG,0.0524,0.0346,2015-03-31,XSHG
2225,10000116.XSHG,0.1115,0.1408,2015-03-31,XSHG
2226,10000111.XSHG,0.0412,0.056,2015-03-31,XSHG
2227,10000110.XSHG,0.0301,0.0423,2015-03-31,XSHG
2228,10000113.XSHG,0.0711,0.0926,2015-03-31,XSHG
2229,10000112.XSHG,0.0555,0.0722,2015-03-31,XSHG
2230,10000029.XSHG,0.0169,0.0218,2015-03-31,XSHG
2231,10000028.XSHG,0.0121,0.0161,2015-03-31,XSHG
2232,10000021.XSHG,0.5811,0.5359,2015-03-31,XSHG
2233,10000020.XSHG,0.0025,0.0061,2015-03-31,XSHG
2234,10000023.XSHG,0.5275,0.4478,2015-03-31,XSHG
2235,10000022.XSHG,0.543,0.4673,2015-03-31,XSHG
2236,10000025.XSHG,0.4002,0.3628,2015-03-31,XSHG
2237,10000024.XSHG,0.4726,0.398,2015-03-31,XSHG
2238,10000027.XSHG,0.0092,0.0107,2015-03-31,XSHG
2239,10000026.XSHG,0.0063,0.0073,2015-03-31,XSHG
2240,10000059.XSHG,0.1912,0.2168,2015-04-01,XSHG
2241,10000054.XSHG,0.0538,0.0493,2015-04-01,XSHG
2242,10000055.XSHG,0.3468,0.3974,2015-04-01,XSHG
2243,10000056.XSHG,0.0934,0.0848,2015-04-01,XSHG
2244,10000051.XSHG,0.245,0.254,2015-04-01,XSHG
2245,10000052.XSHG,0.0153,0.012,2015-04-01,XSHG
2246,10000053.XSHG,0.292,0.3098,2015-04-01,XSHG
2247,10000048.XSHG,0.0791,0.0692,2015-04-01,XSHG
2248,10000047.XSHG,0.3993,0.4334,2015-04-01,XSHG
2249,10000046.XSHG,0.037,0.0359,2015-04-01,XSHG
2250,10000045.XSHG,0.3328,0.3483,2015-04-01,XSHG
2251,10000044.XSHG,0.0089,0.0073,2015-04-01,XSHG
2252,10000043.XSHG,0.2644,0.3152,2015-04-01,XSHG
2253,10000040.XSHG,0.0651,0.0571,2015-04-01,XSHG
2254,10000072.XSHG,0.132,0.1222,2015-04-01,XSHG
2255,10000070.XSHG,0.0758,0.0737,2015-04-01,XSHG
2256,10000071.XSHG,0.2912,0.3349,2015-04-01,XSHG
2257,10000076.XSHG,0.0532,0.0442,2015-04-01,XSHG
2258,10000077.XSHG,0.1937,0.2188,2015-04-01,XSHG
2259,10000075.XSHG,0.117,0.1418,2015-04-01,XSHG
2260,10000078.XSHG,0.098,0.0946,2015-04-01,XSHG
2261,10000079.XSHG,0.248,0.3033,2015-04-01,XSHG
2262,10000011.XSHG,0.532,0.5598,2015-04-01,XSHG
2263,10000012.XSHG,0.4807,0.5072,2015-04-01,XSHG
2264,10000013.XSHG,0.4274,0.457,2015-04-01,XSHG
2265,10000014.XSHG,0.3777,0.4133,2015-04-01,XSHG
2266,10000015.XSHG,0.3253,0.3515,2015-04-01,XSHG
2267,10000016.XSHG,0.0003,0.0004,2015-04-01,XSHG
2268,10000017.XSHG,0.0005,0.0007,2015-04-01,XSHG
2269,10000018.XSHG,0.0015,0.0009,2015-04-01,XSHG
2270,10000019.XSHG,0.003,0.002,2015-04-01,XSHG
2271,10000099.XSHG,0.0453,0.0681,2015-04-01,XSHG
2272,10000091.XSHG,0.0638,0.0905,2015-04-01,XSHG
2273,10000092.XSHG,0.1013,0.0828,2015-04-01,XSHG
2274,10000093.XSHG,0.1375,0.162,2015-04-01,XSHG
2275,10000094.XSHG,0.1501,0.1472,2015-04-01,XSHG
2276,10000095.XSHG,0.2065,0.2429,2015-04-01,XSHG
2277,10000096.XSHG,0.1899,0.1899,2015-04-01,XSHG
2278,10000064.XSHG,0.115,0.1027,2015-04-01,XSHG
2279,10000067.XSHG,0.1514,0.1801,2015-04-01,XSHG
2280,10000061.XSHG,0.255,0.2779,2015-04-01,XSHG
2281,10000060.XSHG,0.0239,0.0188,2015-04-01,XSHG
2282,10000063.XSHG,0.3234,0.3341,2015-04-01,XSHG
2283,10000062.XSHG,0.069,0.0596,2015-04-01,XSHG
2284,10000069.XSHG,0.2272,0.2316,2015-04-01,XSHG
2285,10000068.XSHG,0.0359,0.0296,2015-04-01,XSHG
2286,10000124.XSHG,0.2006,0.2062,2015-04-01,XSHG
2287,10000125.XSHG,0.1567,0.1987,2015-04-01,XSHG
2288,10000126.XSHG,0.255,0.255,2015-04-01,XSHG
2289,10000088.XSHG,0.1646,0.1772,2015-04-01,XSHG
2290,10000120.XSHG,0.0719,0.0897,2015-04-01,XSHG
2291,10000121.XSHG,0.1528,0.1493,2015-04-01,XSHG
2292,10000122.XSHG,0.185,0.1833,2015-04-01,XSHG
2293,10000123.XSHG,0.0888,0.1183,2015-04-01,XSHG
2294,10000083.XSHG,0.0875,0.1137,2015-04-01,XSHG
2295,10000080.XSHG,0.15,0.1482,2015-04-01,XSHG
2296,10000087.XSHG,0.2202,0.2652,2015-04-01,XSHG
2297,10000086.XSHG,0.1235,0.1235,2015-04-01,XSHG
2298,10000085.XSHG,0.158,0.1899,2015-04-01,XSHG
2299,10000084.XSHG,0.0755,0.06,2015-04-01,XSHG
2300,10000036.XSHG,0.0278,0.0234,2015-04-01,XSHG
2301,10000037.XSHG,0.0338,0.0294,2015-04-01,XSHG
2302,10000034.XSHG,0.4362,0.4885,2015-04-01,XSHG
2303,10000035.XSHG,0.3959,0.4506,2015-04-01,XSHG
2304,10000032.XSHG,0.52,0.5524,2015-04-01,XSHG
2305,10000033.XSHG,0.5003,0.5316,2015-04-01,XSHG
2306,10000030.XSHG,0.0299,0.0264,2015-04-01,XSHG
2307,10000031.XSHG,0.56,0.6097,2015-04-01,XSHG
2308,10000038.XSHG,0.0423,0.0373,2015-04-01,XSHG
2309,10000039.XSHG,0.0541,0.0481,2015-04-01,XSHG
2310,10000108.XSHG,0.167,0.1832,2015-04-01,XSHG
2311,10000109.XSHG,0.1373,0.1602,2015-04-01,XSHG
2312,10000102.XSHG,0.169,0.1646,2015-04-01,XSHG
2313,10000103.XSHG,0.1854,0.2196,2015-04-01,XSHG
2314,10000100.XSHG,0.136,0.1155,2015-04-01,XSHG
2315,10000101.XSHG,0.1115,0.1352,2015-04-01,XSHG
2316,10000106.XSHG,0.2326,0.2491,2015-04-01,XSHG
2317,10000107.XSHG,0.1981,0.2226,2015-04-01,XSHG
2318,10000104.XSHG,0.2297,0.2297,2015-04-01,XSHG
2319,10000105.XSHG,0.266,0.3063,2015-04-01,XSHG
2320,10000119.XSHG,0.088,0.111,2015-04-01,XSHG
2321,10000118.XSHG,0.1677,0.1485,2015-04-01,XSHG
2322,10000115.XSHG,0.109,0.1294,2015-04-01,XSHG
2323,10000114.XSHG,0.1128,0.099,2015-04-01,XSHG
2324,10000117.XSHG,0.034,0.0492,2015-04-01,XSHG
2325,10000116.XSHG,0.137,0.1241,2015-04-01,XSHG
2326,10000111.XSHG,0.0556,0.049,2015-04-01,XSHG
2327,10000110.XSHG,0.0421,0.0349,2015-04-01,XSHG
2328,10000113.XSHG,0.0912,0.0813,2015-04-01,XSHG
2329,10000112.XSHG,0.0718,0.0618,2015-04-01,XSHG
2330,10000029.XSHG,0.0231,0.0183,2015-04-01,XSHG
2331,10000028.XSHG,0.0168,0.0136,2015-04-01,XSHG
2332,10000021.XSHG,0.5566,0.5566,2015-04-01,XSHG
2333,10000020.XSHG,0.0048,0.0042,2015-04-01,XSHG
2334,10000023.XSHG,0.4538,0.4711,2015-04-01,XSHG
2335,10000022.XSHG,0.5048,0.5281,2015-04-01,XSHG
2336,10000025.XSHG,0.3682,0.4028,2015-04-01,XSHG
2337,10000024.XSHG,0.416,0.4511,2015-04-01,XSHG
2338,10000027.XSHG,0.0119,0.0095,2015-04-01,XSHG
2339,10000026.XSHG,0.0083,0.0059,2015-04-01,XSHG
2340,10000059.XSHG,0.2282,0.214,2015-04-02,XSHG
2341,10000054.XSHG,0.0434,0.0569,2015-04-02,XSHG
2342,10000055.XSHG,,,2015-04-02,XSHG
2343,10000056.XSHG,0.0859,0.097,2015-04-02,XSHG
2344,10000051.XSHG,0.2749,0.2576,2015-04-02,XSHG
2345,10000052.XSHG,0.0119,0.0145,2015-04-02,XSHG
2346,10000053.XSHG,0.3526,0.3091,2015-04-02,XSHG
2347,10000048.XSHG,0.0668,0.0821,2015-04-02,XSHG
2348,10000047.XSHG,0.4249,0.4249,2015-04-02,XSHG
2349,10000046.XSHG,0.0325,0.0405,2015-04-02,XSHG
2350,10000045.XSHG,0.4668,0.3693,2015-04-02,XSHG
2351,10000044.XSHG,0.0053,0.0077,2015-04-02,XSHG
2352,10000043.XSHG,0.327,0.2938,2015-04-02,XSHG
2353,10000040.XSHG,0.0588,0.0666,2015-04-02,XSHG
2354,10000072.XSHG,0.1219,0.1263,2015-04-02,XSHG
2355,10000070.XSHG,0.0708,0.0899,2015-04-02,XSHG
2356,10000071.XSHG,0.3281,0.3266,2015-04-02,XSHG
2357,10000076.XSHG,0.0425,0.0521,2015-04-02,XSHG
2358,10000077.XSHG,0.2288,0.2038,2015-04-02,XSHG
2359,10000075.XSHG,0.1515,0.146,2015-04-02,XSHG
2360,10000078.XSHG,0.0885,0.1091,2015-04-02,XSHG
2361,10000079.XSHG,0.2985,0.274,2015-04-02,XSHG
2362,10000011.XSHG,0.5799,0.5393,2015-04-02,XSHG
2363,10000012.XSHG,0.5309,0.4928,2015-04-02,XSHG
2364,10000013.XSHG,0.4783,0.4332,2015-04-02,XSHG
2365,10000014.XSHG,0.4323,0.3909,2015-04-02,XSHG
2366,10000015.XSHG,0.3773,0.3448,2015-04-02,XSHG
2367,10000016.XSHG,0.0004,0.0005,2015-04-02,XSHG
2368,10000017.XSHG,0.0007,0.0008,2015-04-02,XSHG
2369,10000018.XSHG,0.0009,0.0012,2015-04-02,XSHG
2370,10000019.XSHG,0.0011,0.0031,2015-04-02,XSHG
2371,10000099.XSHG,0.08,0.068,2015-04-02,XSHG
2372,10000091.XSHG,0.1025,0.088,2015-04-02,XSHG
2373,10000092.XSHG,0.0793,0.0929,2015-04-02,XSHG
2374,10000093.XSHG,0.1695,0.1598,2015-04-02,XSHG
2375,10000094.XSHG,0.1316,0.1555,2015-04-02,XSHG
2376,10000095.XSHG,0.2403,0.2304,2015-04-02,XSHG
2377,10000096.XSHG,0.1803,0.2001,2015-04-02,XSHG
2378,10000064.XSHG,0.1158,0.1187,2015-04-02,XSHG
2379,10000067.XSHG,0.1882,0.1747,2015-04-02,XSHG
2380,10000061.XSHG,0.297,0.28,2015-04-02,XSHG
2381,10000060.XSHG,0.0184,0.023,2015-04-02,XSHG
2382,10000063.XSHG,0.3567,0.34,2015-04-02,XSHG
2383,10000062.XSHG,0.0556,0.0731,2015-04-02,XSHG
2384,10000069.XSHG,0.2428,0.2428,2015-04-02,XSHG
2385,10000068.XSHG,0.0285,0.0353,2015-04-02,XSHG
2386,10000124.XSHG,0.1845,0.1992,2015-04-02,XSHG
2387,10000125.XSHG,0.2159,0.2212,2015-04-02,XSHG
2388,10000126.XSHG,0.2317,0.2708,2015-04-02,XSHG
2389,10000088.XSHG,0.1571,0.1819,2015-04-02,XSHG
2390,10000120.XSHG,0.0966,0.0968,2015-04-02,XSHG
2391,10000121.XSHG,0.144,0.1695,2015-04-02,XSHG
2392,10000122.XSHG,0.171,0.1961,2015-04-02,XSHG
2393,10000123.XSHG,0.1329,0.1329,2015-04-02,XSHG
2394,10000083.XSHG,0.1196,0.1122,2015-04-02,XSHG
2395,10000080.XSHG,0.1405,0.1522,2015-04-02,XSHG
2396,10000087.XSHG,0.268,0.2612,2015-04-02,XSHG
2397,10000086.XSHG,0.1088,0.1359,2015-04-02,XSHG
2398,10000085.XSHG,0.1973,0.1908,2015-04-02,XSHG
2399,10000084.XSHG,0.0252,0.0699,2015-04-02,XSHG
2400,10000036.XSHG,0.0234,0.0256,2015-04-02,XSHG
2401,10000037.XSHG,0.0298,0.0355,2015-04-02,XSHG
2402,10000034.XSHG,0.4856,0.498,2015-04-02,XSHG
2403,10000035.XSHG,0.4389,0.4535,2015-04-02,XSHG
2404,10000032.XSHG,0.618,0.5519,2015-04-02,XSHG
2405,10000033.XSHG,0.5717,0.5311,2015-04-02,XSHG
2406,10000030.XSHG,0.0243,0.0332,2015-04-02,XSHG
2407,10000031.XSHG,0.665,0.6192,2015-04-02,XSHG
2408,10000038.XSHG,0.0388,0.0451,2015-04-02,XSHG
2409,10000039.XSHG,0.0476,0.0553,2015-04-02,XSHG
2410,10000108.XSHG,0.1965,0.1874,2015-04-02,XSHG
2411,10000109.XSHG,0.1656,0.1603,2015-04-02,XSHG
2412,10000102.XSHG,0.1568,0.1883,2015-04-02,XSHG
2413,10000103.XSHG,0.2154,0.233,2015-04-02,XSHG
2414,10000100.XSHG,0.1104,0.1223,2015-04-02,XSHG
2415,10000101.XSHG,0.138,0.1382,2015-04-02,XSHG
2416,10000106.XSHG,0.2669,0.25,2015-04-02,XSHG
2417,10000107.XSHG,0.2328,0.219,2015-04-02,XSHG
2418,10000104.XSHG,0.2052,0.2193,2015-04-02,XSHG
2419,10000105.XSHG,0.3112,0.2928,2015-04-02,XSHG
2420,10000119.XSHG,0.117,0.1131,2015-04-02,XSHG
2421,10000118.XSHG,0.1384,0.1555,2015-04-02,XSHG
2422,10000115.XSHG,0.1391,0.1342,2015-04-02,XSHG
2423,10000114.XSHG,0.0943,0.109,2015-04-02,XSHG
2424,10000117.XSHG,0.0512,0.0522,2015-04-02,XSHG
2425,10000116.XSHG,0.1201,0.1391,2015-04-02,XSHG
2426,10000111.XSHG,0.0453,0.0563,2015-04-02,XSHG
2427,10000110.XSHG,0.0337,0.0423,2015-04-02,XSHG
2428,10000113.XSHG,0.0752,0.0918,2015-04-02,XSHG
2429,10000112.XSHG,0.0593,0.0719,2015-04-02,XSHG
2430,10000029.XSHG,0.0178,0.0229,2015-04-02,XSHG
2431,10000028.XSHG,0.0129,0.0172,2015-04-02,XSHG
2432,10000021.XSHG,0.58,0.5638,2015-04-02,XSHG
2433,10000020.XSHG,0.0017,0.0057,2015-04-02,XSHG
2434,10000023.XSHG,0.4728,0.4727,2015-04-02,XSHG
2435,10000022.XSHG,0.5347,0.5165,2015-04-02,XSHG
2436,10000025.XSHG,0.3823,0.378,2015-04-02,XSHG
2437,10000024.XSHG,,,2015-04-02,XSHG
2438,10000027.XSHG,0.0094,0.0127,2015-04-02,XSHG
2439,10000026.XSHG,0.0063,0.0087,2015-04-02,XSHG
2440,10000059.XSHG,0.2075,0.2351,2015-04-03,XSHG
2441,10000054.XSHG,0.0572,0.0572,2015-04-03,XSHG
2442,10000055.XSHG,0.3527,0.3933,2015-04-03,XSHG
2443,10000056.XSHG,0.0929,0.0929,2015-04-03,XSHG
2444,10000051.XSHG,0.244,0.2782,2015-04-03,XSHG
2445,10000052.XSHG,0.0147,0.0108,2015-04-03,XSHG
2446,10000053.XSHG,0.339,0.339,2015-04-03,XSHG
2447,10000048.XSHG,0.08,0.0771,2015-04-03,XSHG
2448,10000047.XSHG,0.4054,0.4367,2015-04-03,XSHG
2449,10000046.XSHG,0.04,0.0411,2015-04-03,XSHG
2450,10000045.XSHG,0.369,0.3754,2015-04-03,XSHG
2451,10000044.XSHG,0.0079,0.0061,2015-04-03,XSHG
2452,10000043.XSHG,0.3013,0.3254,2015-04-03,XSHG
2453,10000040.XSHG,,,2015-04-03,XSHG
2454,10000072.XSHG,0.1299,0.1323,2015-04-03,XSHG
2455,10000070.XSHG,,,2015-04-03,XSHG
2456,10000071.XSHG,0.3046,0.347,2015-04-03,XSHG
2457,10000076.XSHG,0.0526,0.0381,2015-04-03,XSHG
2458,10000077.XSHG,0.2082,0.2257,2015-04-03,XSHG
2459,10000075.XSHG,0.1394,0.16,2015-04-03,XSHG
2460,10000078.XSHG,0.0995,0.104,2015-04-03,XSHG
2461,10000079.XSHG,0.2747,0.3159,2015-04-03,XSHG
2462,10000011.XSHG,0.529,0.5797,2015-04-03,XSHG
2463,10000012.XSHG,0.4898,0.5153,2015-04-03,XSHG
2464,10000013.XSHG,0.4395,0.465,2015-04-03,XSHG
2465,10000014.XSHG,0.389,0.4201,2015-04-03,XSHG
2466,10000015.XSHG,0.3391,0.3695,2015-04-03,XSHG
2467,10000016.XSHG,0.0004,0.0004,2015-04-03,XSHG
2468,10000017.XSHG,0.0005,0.0005,2015-04-03,XSHG
2469,10000018.XSHG,0.0006,0.0003,2015-04-03,XSHG
2470,10000019.XSHG,0.0013,0.0016,2015-04-03,XSHG
2471,10000099.XSHG,0.0652,0.078,2015-04-03,XSHG
2472,10000091.XSHG,0.0859,0.0997,2015-04-03,XSHG
2473,10000092.XSHG,0.0989,0.0787,2015-04-03,XSHG
2474,10000093.XSHG,0.1521,0.1888,2015-04-03,XSHG
2475,10000094.XSHG,0.1411,0.1472,2015-04-03,XSHG
2476,10000095.XSHG,0.2253,0.2754,2015-04-03,XSHG
2477,10000096.XSHG,,,2015-04-03,XSHG
2478,10000064.XSHG,0.1117,0.1127,2015-04-03,XSHG
2479,10000067.XSHG,0.1699,0.195,2015-04-03,XSHG
2480,10000061.XSHG,0.2918,0.3117,2015-04-03,XSHG
2481,10000060.XSHG,0.0229,0.0165,2015-04-03,XSHG
2482,10000063.XSHG,0.3381,0.3616,2015-04-03,XSHG
2483,10000062.XSHG,0.0724,0.067,2015-04-03,XSHG
2484,10000069.XSHG,0.2481,0.2699,2015-04-03,XSHG
2485,10000068.XSHG,0.0361,0.0261,2015-04-03,XSHG
2486,10000124.XSHG,0.199,0.2032,2015-04-03,XSHG
2487,10000125.XSHG,0.2005,0.2352,2015-04-03,XSHG
2488,10000126.XSHG,0.2627,0.2471,2015-04-03,XSHG
2489,10000088.XSHG,0.1772,0.1757,2015-04-03,XSHG
2490,10000120.XSHG,0.0926,0.1139,2015-04-03,XSHG
2491,10000121.XSHG,0.1632,0.1504,2015-04-03,XSHG
2492,10000122.XSHG,0.1986,0.1815,2015-04-03,XSHG
2493,10000123.XSHG,0.1165,0.15,2015-04-03,XSHG
2494,10000083.XSHG,0.1091,0.1254,2015-04-03,XSHG
2495,10000080.XSHG,0.1524,0.1566,2015-04-03,XSHG
2496,10000087.XSHG,0.2479,0.3002,2015-04-03,XSHG
2497,10000086.XSHG,0.12,0.1191,2015-04-03,XSHG
2498,10000085.XSHG,0.1789,0.206,2015-04-03,XSHG
2499,10000084.XSHG,0.0729,0.0556,2015-04-03,XSHG
2500,10000036.XSHG,0.0279,0.0276,2015-04-03,XSHG
2501,10000037.XSHG,0.0369,0.0347,2015-04-03,XSHG
2502,10000034.XSHG,0.4836,0.5091,2015-04-03,XSHG
2503,10000035.XSHG,0.4442,0.4442,2015-04-03,XSHG
2504,10000032.XSHG,0.6025,0.6095,2015-04-03,XSHG
2505,10000033.XSHG,0.5227,0.5466,2015-04-03,XSHG
2506,10000030.XSHG,0.032,0.0305,2015-04-03,XSHG
2507,10000031.XSHG,0.642,0.6277,2015-04-03,XSHG
2508,10000038.XSHG,0.0464,0.045,2015-04-03,XSHG
2509,10000039.XSHG,0.0565,0.0565,2015-04-03,XSHG
2510,10000108.XSHG,0.1822,0.2108,2015-04-03,XSHG
2511,10000109.XSHG,0.1558,0.179,2015-04-03,XSHG
2512,10000102.XSHG,0.1664,0.1789,2015-04-03,XSHG
2513,10000103.XSHG,0.2123,0.2519,2015-04-03,XSHG
2514,10000100.XSHG,0.128,0.1008,2015-04-03,XSHG
2515,10000101.XSHG,0.1322,0.1706,2015-04-03,XSHG
2516,10000106.XSHG,0.2462,0.2742,2015-04-03,XSHG
2517,10000107.XSHG,0.2125,0.2373,2015-04-03,XSHG
2518,10000104.XSHG,0.2268,0.2304,2015-04-03,XSHG
2519,10000105.XSHG,0.3214,0.3276,2015-04-03,XSHG
2520,10000119.XSHG,0.1107,0.1333,2015-04-03,XSHG
2521,10000118.XSHG,0.1607,0.1352,2015-04-03,XSHG
2522,10000115.XSHG,0.1311,0.1508,2015-04-03,XSHG
2523,10000114.XSHG,0.1103,0.099,2015-04-03,XSHG
2524,10000117.XSHG,0.0502,0.0601,2015-04-03,XSHG
2525,10000116.XSHG,0.1286,0.1288,2015-04-03,XSHG
2526,10000111.XSHG,0.0542,0.051,2015-04-03,XSHG
2527,10000110.XSHG,0.0417,0.0373,2015-04-03,XSHG
2528,10000113.XSHG,0.0883,0.0784,2015-04-03,XSHG
2529,10000112.XSHG,0.069,0.0647,2015-04-03,XSHG
2530,10000029.XSHG,0.0243,0.0223,2015-04-03,XSHG
2531,10000028.XSHG,0.0186,0.0176,2015-04-03,XSHG
2532,10000021.XSHG,0.58,0.58,2015-04-03,XSHG
2533,10000020.XSHG,0.0048,0.0036,2015-04-03,XSHG
2534,10000023.XSHG,0.4999,0.4907,2015-04-03,XSHG
2535,10000022.XSHG,0.545,0.5342,2015-04-03,XSHG
2536,10000025.XSHG,0.4048,0.4062,2015-04-03,XSHG
2537,10000024.XSHG,0.4542,0.4542,2015-04-03,XSHG
2538,10000027.XSHG,0.0131,0.0126,2015-04-03,XSHG
2539,10000026.XSHG,0.0091,0.0091,2015-04-03,XSHG
2540,10000059.XSHG,0.2484,0.2933,2015-04-07,XSHG
2541,10000054.XSHG,0.0491,0.0422,2015-04-07,XSHG
2542,10000055.XSHG,0.4251,0.45,2015-04-07,XSHG
2543,10000056.XSHG,0.0847,0.0819,2015-04-07,XSHG
2544,10000051.XSHG,0.2908,0.3369,2015-04-07,XSHG
2545,10000052.XSHG,0.0107,0.0055,2015-04-07,XSHG
2546,10000053.XSHG,0.3782,0.3782,2015-04-07,XSHG
2547,10000048.XSHG,0.0712,0.0712,2015-04-07,XSHG
2548,10000047.XSHG,0.4617,0.4617,2015-04-07,XSHG
2549,10000046.XSHG,0.0376,0.0361,2015-04-07,XSHG
2550,10000045.XSHG,0.3975,0.42,2015-04-07,XSHG
2551,10000044.XSHG,0.0041,0.0032,2015-04-07,XSHG
2552,10000043.XSHG,0.3395,0.3848,2015-04-07,XSHG
2553,10000040.XSHG,0.0594,0.057,2015-04-07,XSHG
2554,10000072.XSHG,0.1171,0.1178,2015-04-07,XSHG
2555,10000070.XSHG,0.0764,0.0669,2015-04-07,XSHG
2556,10000071.XSHG,0.354,0.354,2015-04-07,XSHG
2557,10000076.XSHG,0.0367,0.0197,2015-04-07,XSHG
2558,10000077.XSHG,0.2439,0.2918,2015-04-07,XSHG
2559,10000075.XSHG,0.1666,0.2054,2015-04-07,XSHG
2560,10000078.XSHG,0.0931,0.0855,2015-04-07,XSHG
2561,10000079.XSHG,0.3212,0.3664,2015-04-07,XSHG
2562,10000011.XSHG,0.5998,0.6505,2015-04-07,XSHG
2563,10000012.XSHG,0.5518,0.592,2015-04-07,XSHG
2564,10000013.XSHG,0.4893,0.5336,2015-04-07,XSHG
2565,10000014.XSHG,0.4488,0.4857,2015-04-07,XSHG
2566,10000015.XSHG,0.3933,0.4348,2015-04-07,XSHG
2567,10000016.XSHG,0.0003,0.0004,2015-04-07,XSHG
2568,10000017.XSHG,0.0001,0.0002,2015-04-07,XSHG
2569,10000018.XSHG,0.0004,0.0004,2015-04-07,XSHG
2570,10000019.XSHG,0.0017,0.0006,2015-04-07,XSHG
2571,10000099.XSHG,0.0813,0.1,2015-04-07,XSHG
2572,10000091.XSHG,0.1041,0.1295,2015-04-07,XSHG
2573,10000092.XSHG,0.0753,0.0454,2015-04-07,XSHG
2574,10000093.XSHG,0.1888,0.2232,2015-04-07,XSHG
2575,10000094.XSHG,0.1343,0.1343,2015-04-07,XSHG
2576,10000095.XSHG,0.2612,0.303,2015-04-07,XSHG
2577,10000096.XSHG,,,2015-04-07,XSHG
2578,10000064.XSHG,0.1,0.0988,2015-04-07,XSHG
2579,10000067.XSHG,0.2037,0.244,2015-04-07,XSHG
2580,10000061.XSHG,0.3208,0.3297,2015-04-07,XSHG
2581,10000060.XSHG,0.0162,0.0093,2015-04-07,XSHG
2582,10000063.XSHG,0.3897,0.4213,2015-04-07,XSHG
2583,10000062.XSHG,0.062,0.0538,2015-04-07,XSHG
2584,10000069.XSHG,0.2806,0.3172,2015-04-07,XSHG
2585,10000068.XSHG,0.0253,0.0126,2015-04-07,XSHG
2586,10000124.XSHG,,,2015-04-07,XSHG
2587,10000125.XSHG,0.2156,0.266,2015-04-07,XSHG
2588,10000126.XSHG,0.22,0.2226,2015-04-07,XSHG
2589,10000088.XSHG,0.1599,0.1596,2015-04-07,XSHG
2590,10000120.XSHG,0.1189,0.14,2015-04-07,XSHG
2591,10000121.XSHG,0.1424,0.122,2015-04-07,XSHG
2592,10000122.XSHG,0.1702,0.1461,2015-04-07,XSHG
2593,10000123.XSHG,0.1429,0.1687,2015-04-07,XSHG
2594,10000083.XSHG,0.1308,0.1627,2015-04-07,XSHG
2595,10000080.XSHG,0.1368,0.1335,2015-04-07,XSHG
2596,10000087.XSHG,0.2911,0.3332,2015-04-07,XSHG
2597,10000086.XSHG,0.112,0.1089,2015-04-07,XSHG
2598,10000085.XSHG,0.2153,0.2505,2015-04-07,XSHG
2599,10000084.XSHG,0.0533,0.0306,2015-04-07,XSHG
2600,10000036.XSHG,0.0272,0.0267,2015-04-07,XSHG
2601,10000037.XSHG,0.0342,0.0337,2015-04-07,XSHG
2602,10000034.XSHG,,,2015-04-07,XSHG
2603,10000035.XSHG,0.5027,0.5389,2015-04-07,XSHG
2604,10000032.XSHG,,,2015-04-07,XSHG
2605,10000033.XSHG,,,2015-04-07,XSHG
2606,10000030.XSHG,0.0279,0.0265,2015-04-07,XSHG
2607,10000031.XSHG,0.685,0.6823,2015-04-07,XSHG
2608,10000038.XSHG,0.0407,0.041,2015-04-07,XSHG
2609,10000039.XSHG,0.0492,0.052,2015-04-07,XSHG
2610,10000108.XSHG,0.2145,0.2492,2015-04-07,XSHG
2611,10000109.XSHG,0.1905,0.2149,2015-04-07,XSHG
2612,10000102.XSHG,0.1632,0.1506,2015-04-07,XSHG
2613,10000103.XSHG,0.2367,0.28,2015-04-07,XSHG
2614,10000100.XSHG,0.0998,0.0673,2015-04-07,XSHG
2615,10000101.XSHG,0.1642,0.19,2015-04-07,XSHG
2616,10000106.XSHG,0.2882,0.3356,2015-04-07,XSHG
2617,10000107.XSHG,0.2489,0.2905,2015-04-07,XSHG
2618,10000104.XSHG,0.2075,0.2,2015-04-07,XSHG
2619,10000105.XSHG,0.34,0.378,2015-04-07,XSHG
2620,10000119.XSHG,0.1363,0.1638,2015-04-07,XSHG
2621,10000118.XSHG,0.1291,0.0937,2015-04-07,XSHG
2622,10000115.XSHG,0.1594,0.196,2015-04-07,XSHG
2623,10000114.XSHG,0.0964,0.0808,2015-04-07,XSHG
2624,10000117.XSHG,0.063,0.0757,2015-04-07,XSHG
2625,10000116.XSHG,0.1186,0.098,2015-04-07,XSHG
2626,10000111.XSHG,0.0469,0.0379,2015-04-07,XSHG
2627,10000110.XSHG,0.0354,0.028,2015-04-07,XSHG
2628,10000113.XSHG,0.0751,0.063,2015-04-07,XSHG
2629,10000112.XSHG,0.0604,0.049,2015-04-07,XSHG
2630,10000029.XSHG,0.0209,0.0198,2015-04-07,XSHG
2631,10000028.XSHG,0.016,0.0149,2015-04-07,XSHG
2632,10000021.XSHG,0.6351,0.66,2015-04-07,XSHG
2633,10000020.XSHG,0.0022,0.001,2015-04-07,XSHG
2634,10000023.XSHG,0.5395,0.5483,2015-04-07,XSHG
2635,10000022.XSHG,0.5714,0.5965,2015-04-07,XSHG
2636,10000025.XSHG,0.4732,0.4732,2015-04-07,XSHG
2637,10000024.XSHG,0.5092,0.5092,2015-04-07,XSHG
2638,10000027.XSHG,0.0116,0.0111,2015-04-07,XSHG
2639,10000026.XSHG,0.0074,0.0087,2015-04-07,XSHG
2640,10000059.XSHG,0.2949,0.3472,2015-04-08,XSHG
2641,10000054.XSHG,0.0417,0.0399,2015-04-08,XSHG
2642,10000055.XSHG,0.4787,0.4947,2015-04-08,XSHG
2643,10000056.XSHG,0.0828,0.0828,2015-04-08,XSHG
2644,10000051.XSHG,0.3507,0.3952,2015-04-08,XSHG
2645,10000052.XSHG,0.0038,0.0024,2015-04-08,XSHG
2646,10000053.XSHG,0.4343,0.441,2015-04-08,XSHG
2647,10000127.XSHG,0.0564,0.082,2015-04-08,XSHG
2648,10000048.XSHG,0.0718,0.0656,2015-04-08,XSHG
2649,10000047.XSHG,0.5084,0.5364,2015-04-08,XSHG
2650,10000046.XSHG,0.033,0.0314,2015-04-08,XSHG
2651,10000045.XSHG,0.4228,0.4786,2015-04-08,XSHG
2652,10000044.XSHG,0.0023,0.0011,2015-04-08,XSHG
2653,10000043.XSHG,0.395,0.4467,2015-04-08,XSHG
2654,10000040.XSHG,0.0572,0.0572,2015-04-08,XSHG
2655,10000142.XSHG,0.1648,0.2895,2015-04-08,XSHG
2656,10000140.XSHG,0.2111,0.2775,2015-04-08,XSHG
2657,10000141.XSHG,,,2015-04-08,XSHG
2658,10000128.XSHG,0.0428,0.0642,2015-04-08,XSHG
2659,10000129.XSHG,0.1165,0.0858,2015-04-08,XSHG
2660,10000072.XSHG,,,2015-04-08,XSHG
2661,10000070.XSHG,0.0601,0.0638,2015-04-08,XSHG
2662,10000071.XSHG,0.4199,0.4369,2015-04-08,XSHG
2663,10000076.XSHG,0.0191,0.0109,2015-04-08,XSHG
2664,10000077.XSHG,0.3179,0.3238,2015-04-08,XSHG
2665,10000075.XSHG,0.2114,0.2583,2015-04-08,XSHG
2666,10000078.XSHG,0.0822,0.0779,2015-04-08,XSHG
2667,10000079.XSHG,0.359,0.4219,2015-04-08,XSHG
2668,10000011.XSHG,0.6559,0.6942,2015-04-08,XSHG
2669,10000012.XSHG,0.6048,0.6442,2015-04-08,XSHG
2670,10000013.XSHG,0.542,0.5941,2015-04-08,XSHG
2671,10000014.XSHG,0.5001,0.544,2015-04-08,XSHG
2672,10000015.XSHG,0.4364,0.5,2015-04-08,XSHG
2673,10000016.XSHG,0.0002,0.0004,2015-04-08,XSHG
2674,10000017.XSHG,0.0003,0.0001,2015-04-08,XSHG
2675,10000018.XSHG,0.0004,0.0002,2015-04-08,XSHG
2676,10000019.XSHG,0.0004,0.0003,2015-04-08,XSHG
2677,10000099.XSHG,0.1043,0.1426,2015-04-08,XSHG
2678,10000091.XSHG,0.1352,0.17,2015-04-08,XSHG
2679,10000092.XSHG,0.0439,0.0288,2015-04-08,XSHG
2680,10000093.XSHG,0.2415,0.2635,2015-04-08,XSHG
2681,10000094.XSHG,0.1154,0.1149,2015-04-08,XSHG
2682,10000095.XSHG,0.3036,0.3546,2015-04-08,XSHG
2683,10000096.XSHG,0.17,0.1689,2015-04-08,XSHG
2684,10000064.XSHG,0.0883,0.09,2015-04-08,XSHG
2685,10000067.XSHG,0.2549,0.306,2015-04-08,XSHG
2686,10000061.XSHG,0.3838,0.397,2015-04-08,XSHG
2687,10000060.XSHG,0.008,0.0056,2015-04-08,XSHG
2688,10000063.XSHG,0.4698,0.4767,2015-04-08,XSHG
2689,10000062.XSHG,0.0538,0.0486,2015-04-08,XSHG
2690,10000069.XSHG,0.3373,0.3595,2015-04-08,XSHG
2691,10000068.XSHG,0.0125,0.0084,2015-04-08,XSHG
2692,10000124.XSHG,0.1711,0.1496,2015-04-08,XSHG
2693,10000125.XSHG,0.2519,0.3272,2015-04-08,XSHG
2694,10000126.XSHG,0.2115,0.2174,2015-04-08,XSHG
2695,10000088.XSHG,0.148,0.1477,2015-04-08,XSHG
2696,10000120.XSHG,0.1431,0.1731,2015-04-08,XSHG
2697,10000121.XSHG,0.1166,0.1045,2015-04-08,XSHG
2698,10000122.XSHG,0.1415,0.1309,2015-04-08,XSHG
2699,10000123.XSHG,0.1741,0.2085,2015-04-08,XSHG
2700,10000083.XSHG,0.1701,0.217,2015-04-08,XSHG
2701,10000080.XSHG,0.13,0.127,2015-04-08,XSHG
2702,10000087.XSHG,0.3355,0.3984,2015-04-08,XSHG
2703,10000086.XSHG,0.0964,0.0939,2015-04-08,XSHG
2704,10000085.XSHG,0.3624,0.3076,2015-04-08,XSHG
2705,10000084.XSHG,0.0296,0.0181,2015-04-08,XSHG
2706,10000036.XSHG,0.0277,0.026,2015-04-08,XSHG
2707,10000037.XSHG,0.0333,0.0318,2015-04-08,XSHG
2708,10000034.XSHG,0.6039,0.6512,2015-04-08,XSHG
2709,10000035.XSHG,0.5459,0.579,2015-04-08,XSHG
2710,10000032.XSHG,0.687,0.6869,2015-04-08,XSHG
2711,10000033.XSHG,0.6678,0.6906,2015-04-08,XSHG
2712,10000030.XSHG,0.0258,0.024,2015-04-08,XSHG
2713,10000031.XSHG,0.6912,0.7209,2015-04-08,XSHG
2714,10000038.XSHG,0.0399,0.0375,2015-04-08,XSHG
2715,10000039.XSHG,0.0478,0.0499,2015-04-08,XSHG
2716,10000137.XSHG,0.1972,0.1855,2015-04-08,XSHG
2717,10000136.XSHG,0.1244,0.1701,2015-04-08,XSHG
2718,10000135.XSHG,0.1467,0.1827,2015-04-08,XSHG
2719,10000134.XSHG,0.2003,0.1764,2015-04-08,XSHG
2720,10000133.XSHG,0.1691,0.1525,2015-04-08,XSHG
2721,10000132.XSHG,0.1025,0.1354,2015-04-08,XSHG
2722,10000131.XSHG,0.1202,0.1524,2015-04-08,XSHG
2723,10000130.XSHG,0.1486,0.117,2015-04-08,XSHG
2724,10000139.XSHG,0.2308,0.2936,2015-04-08,XSHG
2725,10000138.XSHG,0.1383,0.2098,2015-04-08,XSHG
2726,10000108.XSHG,0.2626,0.3062,2015-04-08,XSHG
2727,10000109.XSHG,0.2294,0.2702,2015-04-08,XSHG
2728,10000102.XSHG,0.14,0.1214,2015-04-08,XSHG
2729,10000103.XSHG,0.2758,0.3419,2015-04-08,XSHG
2730,10000100.XSHG,0.0645,0.0416,2015-04-08,XSHG
2731,10000101.XSHG,0.2002,0.2306,2015-04-08,XSHG
2732,10000106.XSHG,0.3377,0.3774,2015-04-08,XSHG
2733,10000107.XSHG,0.3009,0.3365,2015-04-08,XSHG
2734,10000104.XSHG,0.2022,0.1928,2015-04-08,XSHG
2735,10000105.XSHG,0.3788,0.4227,2015-04-08,XSHG
2736,10000119.XSHG,0.1678,0.2109,2015-04-08,XSHG
2737,10000118.XSHG,0.0897,0.0602,2015-04-08,XSHG
2738,10000115.XSHG,0.2017,0.2408,2015-04-08,XSHG
2739,10000114.XSHG,0.0774,0.0638,2015-04-08,XSHG
2740,10000117.XSHG,0.079,0.1092,2015-04-08,XSHG
2741,10000116.XSHG,0.0949,0.084,2015-04-08,XSHG
2742,10000111.XSHG,0.0365,0.0309,2015-04-08,XSHG
2743,10000110.XSHG,0.0273,0.0239,2015-04-08,XSHG
2744,10000113.XSHG,0.0606,0.0538,2015-04-08,XSHG
2745,10000112.XSHG,0.0476,0.0408,2015-04-08,XSHG
2746,10000029.XSHG,0.0195,0.0177,2015-04-08,XSHG
2747,10000028.XSHG,0.0145,0.0134,2015-04-08,XSHG
2748,10000021.XSHG,0.6601,0.7305,2015-04-08,XSHG
2749,10000020.XSHG,0.0009,0.0005,2015-04-08,XSHG
2750,10000023.XSHG,0.593,0.6304,2015-04-08,XSHG
2751,10000022.XSHG,0.6301,0.67,2015-04-08,XSHG
2752,10000025.XSHG,0.472,0.5225,2015-04-08,XSHG
2753,10000024.XSHG,0.5136,0.567,2015-04-08,XSHG
2754,10000027.XSHG,0.0117,0.011,2015-04-08,XSHG
2755,10000026.XSHG,0.0089,0.0087,2015-04-08,XSHG
2756,10000059.XSHG,0.3657,0.3424,2015-04-09,XSHG
2757,10000054.XSHG,0.0375,0.0444,2015-04-09,XSHG
2758,10000055.XSHG,0.5416,0.5597,2015-04-09,XSHG
2759,10000056.XSHG,0.0737,0.0766,2015-04-09,XSHG
2760,10000051.XSHG,0.4137,0.3993,2015-04-09,XSHG
2761,10000052.XSHG,0.002,0.0029,2015-04-09,XSHG
2762,10000053.XSHG,0.466,0.4727,2015-04-09,XSHG
2763,10000127.XSHG,0.0848,0.0811,2015-04-09,XSHG
2764,10000048.XSHG,0.0619,0.0675,2015-04-09,XSHG
2765,10000047.XSHG,0.5829,0.5853,2015-04-09,XSHG
2766,10000046.XSHG,0.0301,0.0325,2015-04-09,XSHG
2767,10000045.XSHG,0.5263,0.4939,2015-04-09,XSHG
2768,10000044.XSHG,0.0012,0.0016,2015-04-09,XSHG
2769,10000043.XSHG,0.471,0.4386,2015-04-09,XSHG
2770,10000040.XSHG,0.0526,0.0569,2015-04-09,XSHG
2771,10000148.XSHG,0.2304,0.2588,2015-04-09,XSHG
2772,10000149.XSHG,0.233,0.2433,2015-04-09,XSHG
2773,10000146.XSHG,0.1989,0.2119,2015-04-09,XSHG
2774,10000147.XSHG,0.1587,0.1589,2015-04-09,XSHG
2775,10000144.XSHG,0.141,0.1588,2015-04-09,XSHG
2776,10000145.XSHG,0.116,0.1276,2015-04-09,XSHG
2777,10000142.XSHG,,,2015-04-09,XSHG
2778,10000143.XSHG,0.049,0.0485,2015-04-09,XSHG
2779,10000140.XSHG,0.2526,0.2855,2015-04-09,XSHG
2780,10000141.XSHG,,,2015-04-09,XSHG
2781,10000128.XSHG,0.0635,0.0617,2015-04-09,XSHG
2782,10000129.XSHG,0.0849,0.0928,2015-04-09,XSHG
2783,10000072.XSHG,0.1033,0.1114,2015-04-09,XSHG
2784,10000070.XSHG,0.057,0.0638,2015-04-09,XSHG
2785,10000071.XSHG,0.4684,0.4611,2015-04-09,XSHG
2786,10000076.XSHG,0.0107,0.0122,2015-04-09,XSHG
2787,10000077.XSHG,0.3627,0.3498,2015-04-09,XSHG
2788,10000075.XSHG,0.2669,0.2525,2015-04-09,XSHG
2789,10000078.XSHG,0.0681,0.0769,2015-04-09,XSHG
2790,10000079.XSHG,0.4397,0.42,2015-04-09,XSHG
2791,10000011.XSHG,0.72,0.6931,2015-04-09,XSHG
2792,10000012.XSHG,0.6758,0.6496,2015-04-09,XSHG
2793,10000013.XSHG,0.6202,0.5919,2015-04-09,XSHG
2794,10000014.XSHG,0.565,0.5442,2015-04-09,XSHG
2795,10000015.XSHG,0.5107,0.4977,2015-04-09,XSHG
2796,10000016.XSHG,0.0002,0.0003,2015-04-09,XSHG
2797,10000017.XSHG,0.0003,0.0003,2015-04-09,XSHG
2798,10000018.XSHG,0.0003,0.0001,2015-04-09,XSHG
2799,10000019.XSHG,0.0005,0.0003,2015-04-09,XSHG
2800,10000150.XSHG,0.2796,0.3002,2015-04-09,XSHG
2801,10000091.XSHG,0.1776,0.1648,2015-04-09,XSHG
2802,10000092.XSHG,0.0276,0.0321,2015-04-09,XSHG
2803,10000093.XSHG,0.3014,0.298,2015-04-09,XSHG
2804,10000094.XSHG,0.1002,0.113,2015-04-09,XSHG
2805,10000095.XSHG,0.3947,0.3986,2015-04-09,XSHG
2806,10000096.XSHG,0.154,0.1651,2015-04-09,XSHG
2807,10000099.XSHG,0.1457,0.1319,2015-04-09,XSHG
2808,10000064.XSHG,0.0862,0.0921,2015-04-09,XSHG
2809,10000067.XSHG,0.315,0.3,2015-04-09,XSHG
2810,10000061.XSHG,0.452,0.452,2015-04-09,XSHG
2811,10000060.XSHG,0.003,0.0049,2015-04-09,XSHG
2812,10000063.XSHG,0.5167,0.5135,2015-04-09,XSHG
2813,10000062.XSHG,0.045,0.0513,2015-04-09,XSHG
2814,10000069.XSHG,0.3911,0.3848,2015-04-09,XSHG
2815,10000068.XSHG,0.0062,0.0083,2015-04-09,XSHG
2816,10000124.XSHG,0.1359,0.1603,2015-04-09,XSHG
2817,10000125.XSHG,0.2882,0.3091,2015-04-09,XSHG
2818,10000126.XSHG,0.1949,0.2104,2015-04-09,XSHG
2819,10000088.XSHG,0.1344,0.1482,2015-04-09,XSHG
2820,10000120.XSHG,0.1794,0.1915,2015-04-09,XSHG
2821,10000121.XSHG,0.1001,0.1056,2015-04-09,XSHG
2822,10000122.XSHG,0.1205,0.1342,2015-04-09,XSHG
2823,10000123.XSHG,0.227,0.226,2015-04-09,XSHG
2824,10000083.XSHG,0.2249,0.2087,2015-04-09,XSHG
2825,10000080.XSHG,0.1206,0.1245,2015-04-09,XSHG
2826,10000087.XSHG,0.3974,0.391,2015-04-09,XSHG
2827,10000086.XSHG,0.0825,0.094,2015-04-09,XSHG
2828,10000085.XSHG,0.343,0.3447,2015-04-09,XSHG
2829,10000084.XSHG,0.0176,0.0193,2015-04-09,XSHG
2830,10000036.XSHG,0.0242,0.0276,2015-04-09,XSHG
2831,10000037.XSHG,0.0295,0.0323,2015-04-09,XSHG
2832,10000034.XSHG,0.6526,0.6822,2015-04-09,XSHG
2833,10000035.XSHG,0.637,0.6156,2015-04-09,XSHG
2834,10000032.XSHG,0.7336,0.702,2015-04-09,XSHG
2835,10000033.XSHG,0.6914,0.7,2015-04-09,XSHG
2836,10000030.XSHG,0.0239,0.0258,2015-04-09,XSHG
2837,10000031.XSHG,0.8072,0.766,2015-04-09,XSHG
2838,10000038.XSHG,0.0353,0.0388,2015-04-09,XSHG
2839,10000039.XSHG,0.044,0.0477,2015-04-09,XSHG
2840,10000137.XSHG,0.1522,0.1786,2015-04-09,XSHG
2841,10000136.XSHG,0.1816,0.1957,2015-04-09,XSHG
2842,10000135.XSHG,0.2056,0.2007,2015-04-09,XSHG
2843,10000134.XSHG,0.1711,0.1802,2015-04-09,XSHG
2844,10000133.XSHG,0.1457,0.154,2015-04-09,XSHG
2845,10000132.XSHG,0.1317,0.1447,2015-04-09,XSHG
2846,10000131.XSHG,0.1521,0.1671,2015-04-09,XSHG
2847,10000130.XSHG,0.1103,0.1222,2015-04-09,XSHG
2848,10000139.XSHG,0.2609,0.3123,2015-04-09,XSHG
2849,10000138.XSHG,0.1811,0.1995,2015-04-09,XSHG
2850,10000108.XSHG,0.3129,0.3149,2015-04-09,XSHG
2851,10000109.XSHG,0.2821,0.2804,2015-04-09,XSHG
2852,10000102.XSHG,0.1299,0.1319,2015-04-09,XSHG
2853,10000103.XSHG,0.3188,0.3453,2015-04-09,XSHG
2854,10000100.XSHG,0.0407,0.0459,2015-04-09,XSHG
2855,10000101.XSHG,0.3469,0.2548,2015-04-09,XSHG
2856,10000106.XSHG,0.3949,0.3937,2015-04-09,XSHG
2857,10000107.XSHG,0.3522,0.3534,2015-04-09,XSHG
2858,10000104.XSHG,0.1739,0.1915,2015-04-09,XSHG
2859,10000105.XSHG,0.4403,0.4349,2015-04-09,XSHG
2860,10000119.XSHG,0.204,0.2072,2015-04-09,XSHG
2861,10000118.XSHG,0.0584,0.0677,2015-04-09,XSHG
2862,10000115.XSHG,0.2431,0.2475,2015-04-09,XSHG
2863,10000114.XSHG,0.0639,0.0722,2015-04-09,XSHG
2864,10000117.XSHG,0.1137,0.106,2015-04-09,XSHG
2865,10000116.XSHG,0.0796,0.0871,2015-04-09,XSHG
2866,10000111.XSHG,0.0297,0.0345,2015-04-09,XSHG
2867,10000110.XSHG,0.0232,0.0271,2015-04-09,XSHG
2868,10000113.XSHG,0.0517,0.0569,2015-04-09,XSHG
2869,10000112.XSHG,0.0392,0.0463,2015-04-09,XSHG
2870,10000029.XSHG,0.0181,0.0206,2015-04-09,XSHG
2871,10000028.XSHG,0.0136,0.0163,2015-04-09,XSHG
2872,10000021.XSHG,0.7279,0.7272,2015-04-09,XSHG
2873,10000020.XSHG,0.0006,0.0008,2015-04-09,XSHG
2874,10000023.XSHG,0.6546,0.6474,2015-04-09,XSHG
2875,10000022.XSHG,0.6771,0.67,2015-04-09,XSHG
2876,10000025.XSHG,0.5704,0.5779,2015-04-09,XSHG
2877,10000024.XSHG,0.6015,0.6191,2015-04-09,XSHG
2878,10000027.XSHG,0.0107,0.013,2015-04-09,XSHG
2879,10000026.XSHG,0.0085,0.0094,2015-04-09,XSHG
2880,10000059.XSHG,0.3268,0.3922,2015-04-10,XSHG
2881,10000054.XSHG,0.0443,0.0367,2015-04-10,XSHG
2882,10000055.XSHG,,,2015-04-10,XSHG
2883,10000056.XSHG,0.0862,0.076,2015-04-10,XSHG
2884,10000051.XSHG,0.3897,0.4478,2015-04-10,XSHG
2885,10000052.XSHG,0.003,0.0009,2015-04-10,XSHG
2886,10000053.XSHG,0.7127,0.4826,2015-04-10,XSHG
2887,10000127.XSHG,0.0778,0.0997,2015-04-10,XSHG
2888,10000048.XSHG,0.0681,0.0669,2015-04-10,XSHG
2889,10000047.XSHG,0.5521,0.5757,2015-04-10,XSHG
2890,10000046.XSHG,0.0349,0.0301,2015-04-10,XSHG
2891,10000045.XSHG,0.7448,0.5238,2015-04-10,XSHG
2892,10000044.XSHG,0.0009,0.0009,2015-04-10,XSHG
2893,10000043.XSHG,0.445,0.4943,2015-04-10,XSHG
2894,10000040.XSHG,0.0569,0.0501,2015-04-10,XSHG
2895,10000148.XSHG,0.0201,0.2115,2015-04-10,XSHG
2896,10000149.XSHG,0.2375,0.298,2015-04-10,XSHG
2897,10000146.XSHG,0.2188,0.188,2015-04-10,XSHG
2898,10000147.XSHG,0.1706,0.1815,2015-04-10,XSHG
2899,10000144.XSHG,0.1613,0.1179,2015-04-10,XSHG
2900,10000145.XSHG,0.1192,0.1414,2015-04-10,XSHG
2901,10000142.XSHG,0.2687,0.2687,2015-04-10,XSHG
2902,10000143.XSHG,0.0453,0.0604,2015-04-10,XSHG
2903,10000140.XSHG,0.2564,0.3028,2015-04-10,XSHG
2904,10000141.XSHG,0.2424,0.2345,2015-04-10,XSHG
2905,10000128.XSHG,0.0594,0.0808,2015-04-10,XSHG
2906,10000129.XSHG,0.0944,0.0605,2015-04-10,XSHG
2907,10000072.XSHG,0.1063,0.1054,2015-04-10,XSHG
2908,10000070.XSHG,0.0687,0.0596,2015-04-10,XSHG
2909,10000071.XSHG,,,2015-04-10,XSHG
2910,10000076.XSHG,0.012,0.0051,2015-04-10,XSHG
2911,10000077.XSHG,0.6151,0.3744,2015-04-10,XSHG
2912,10000075.XSHG,0.2418,0.2905,2015-04-10,XSHG
2913,10000078.XSHG,0.0826,0.0738,2015-04-10,XSHG
2914,10000079.XSHG,0.4522,0.4522,2015-04-10,XSHG
2915,10000011.XSHG,0.6843,0.7352,2015-04-10,XSHG
2916,10000012.XSHG,0.6243,0.6926,2015-04-10,XSHG
2917,10000013.XSHG,0.5889,0.6526,2015-04-10,XSHG
2918,10000014.XSHG,0.5323,0.606,2015-04-10,XSHG
2919,10000015.XSHG,0.4781,0.5347,2015-04-10,XSHG
2920,10000016.XSHG,0.0001,0.0003,2015-04-10,XSHG
2921,10000017.XSHG,0.0002,0.0002,2015-04-10,XSHG
2922,10000018.XSHG,0.0001,0.0004,2015-04-10,XSHG
2923,10000019.XSHG,0.0003,0.0006,2015-04-10,XSHG
2924,10000150.XSHG,0.2891,0.2976,2015-04-10,XSHG
2925,10000091.XSHG,0.1677,0.2053,2015-04-10,XSHG
2926,10000092.XSHG,0.0321,0.0154,2015-04-10,XSHG
2927,10000093.XSHG,0.3134,0.308,2015-04-10,XSHG
2928,10000094.XSHG,0.1067,0.1065,2015-04-10,XSHG
2929,10000095.XSHG,0.3584,0.3935,2015-04-10,XSHG
2930,10000096.XSHG,0.164,0.16,2015-04-10,XSHG
2931,10000099.XSHG,0.1333,0.166,2015-04-10,XSHG
2932,10000064.XSHG,0.0907,0.0907,2015-04-10,XSHG
2933,10000067.XSHG,0.2852,0.3377,2015-04-10,XSHG
2934,10000061.XSHG,0.6745,0.4378,2015-04-10,XSHG
2935,10000060.XSHG,0.0046,0.0016,2015-04-10,XSHG
2936,10000063.XSHG,0.5238,0.5042,2015-04-10,XSHG
2937,10000062.XSHG,0.0554,0.0451,2015-04-10,XSHG
2938,10000069.XSHG,0.6404,0.4185,2015-04-10,XSHG
2939,10000068.XSHG,0.008,0.0046,2015-04-10,XSHG
2940,10000124.XSHG,0.1534,0.1458,2015-04-10,XSHG
2941,10000125.XSHG,0.3039,0.3338,2015-04-10,XSHG
2942,10000126.XSHG,0.2234,0.2229,2015-04-10,XSHG
2943,10000088.XSHG,0.1412,0.1412,2015-04-10,XSHG
2944,10000120.XSHG,0.1878,0.2145,2015-04-10,XSHG
2945,10000121.XSHG,0.1117,0.0928,2015-04-10,XSHG
2946,10000122.XSHG,0.1342,0.1164,2015-04-10,XSHG
2947,10000123.XSHG,0.2467,0.2624,2015-04-10,XSHG
2948,10000083.XSHG,0.203,0.2565,2015-04-10,XSHG
2949,10000080.XSHG,0.1236,0.1237,2015-04-10,XSHG
2950,10000087.XSHG,0.4161,0.4158,2015-04-10,XSHG
2951,10000086.XSHG,0.1075,0.0889,2015-04-10,XSHG
2952,10000085.XSHG,0.5816,0.3538,2015-04-10,XSHG
2953,10000084.XSHG,0.0199,0.0091,2015-04-10,XSHG
2954,10000036.XSHG,0.0273,0.0241,2015-04-10,XSHG
2955,10000037.XSHG,0.0327,0.0304,2015-04-10,XSHG
2956,10000034.XSHG,0.674,0.6888,2015-04-10,XSHG
2957,10000035.XSHG,0.6203,0.6444,2015-04-10,XSHG
2958,10000032.XSHG,0.7194,0.7768,2015-04-10,XSHG
2959,10000033.XSHG,0.7013,0.6948,2015-04-10,XSHG
2960,10000030.XSHG,0.0273,0.0215,2015-04-10,XSHG
2961,10000031.XSHG,0.7646,0.7836,2015-04-10,XSHG
2962,10000038.XSHG,0.0399,0.0378,2015-04-10,XSHG
2963,10000039.XSHG,0.0482,0.0416,2015-04-10,XSHG
2964,10000137.XSHG,0.182,0.17,2015-04-10,XSHG
2965,10000136.XSHG,0.0127,0.196,2015-04-10,XSHG
2966,10000135.XSHG,0.2038,0.2248,2015-04-10,XSHG
2967,10000134.XSHG,0.1814,0.157,2015-04-10,XSHG
2968,10000133.XSHG,0.158,0.1344,2015-04-10,XSHG
2969,10000132.XSHG,0.1387,0.1654,2015-04-10,XSHG
2970,10000131.XSHG,0.1574,0.1862,2015-04-10,XSHG
2971,10000130.XSHG,0.1256,0.0825,2015-04-10,XSHG
2972,10000139.XSHG,0.2785,0.2927,2015-04-10,XSHG
2973,10000138.XSHG,0.1976,0.205,2015-04-10,XSHG
2974,10000108.XSHG,0.2817,0.3498,2015-04-10,XSHG
2975,10000109.XSHG,0.2087,0.313,2015-04-10,XSHG
2976,10000102.XSHG,0.0106,0.1269,2015-04-10,XSHG
2977,10000103.XSHG,0.3306,0.3558,2015-04-10,XSHG
2978,10000100.XSHG,0.0471,0.0255,2015-04-10,XSHG
2979,10000101.XSHG,0.5249,0.2812,2015-04-10,XSHG
2980,10000106.XSHG,0.3414,0.4204,2015-04-10,XSHG
2981,10000107.XSHG,0.2949,0.3815,2015-04-10,XSHG
2982,10000104.XSHG,0.1993,0.1993,2015-04-10,XSHG
2983,10000105.XSHG,0.3892,0.4641,2015-04-10,XSHG
2984,10000119.XSHG,0.2072,0.2475,2015-04-10,XSHG
2985,10000118.XSHG,0.0682,0.0418,2015-04-10,XSHG
2986,10000115.XSHG,0.233,0.282,2015-04-10,XSHG
2987,10000114.XSHG,0.0732,0.0616,2015-04-10,XSHG
2988,10000117.XSHG,0.1018,0.1326,2015-04-10,XSHG
2989,10000116.XSHG,0.0907,0.0763,2015-04-10,XSHG
2990,10000111.XSHG,0.0356,0.0282,2015-04-10,XSHG
2991,10000110.XSHG,0.028,0.0207,2015-04-10,XSHG
2992,10000113.XSHG,0.0568,0.0458,2015-04-10,XSHG
2993,10000112.XSHG,0.0456,0.0369,2015-04-10,XSHG
2994,10000029.XSHG,0.0214,0.0172,2015-04-10,XSHG
2995,10000028.XSHG,0.0165,0.0133,2015-04-10,XSHG
2996,10000021.XSHG,0.7032,0.7672,2015-04-10,XSHG
2997,10000020.XSHG,0.001,0.0005,2015-04-10,XSHG
2998,10000023.XSHG,0.6947,0.663,2015-04-10,XSHG
2999,10000022.XSHG,0.9217,0.7061,2015-04-10,XSHG
3000,10000025.XSHG,0.6265,0.5906,2015-04-10,XSHG
3001,10000024.XSHG,0.8223,0.6086,2015-04-10,XSHG
3002,10000027.XSHG,0.0127,0.0104,2015-04-10,XSHG
3003,10000026.XSHG,0.01,0.0093,2015-04-10,XSHG
3004,10000059.XSHG,0.4092,0.4385,2015-04-13,XSHG
3005,10000054.XSHG,0.0338,0.0343,2015-04-13,XSHG
3006,10000055.XSHG,0.6107,0.587,2015-04-13,XSHG
3007,10000056.XSHG,0.0718,0.0706,2015-04-13,XSHG
3008,10000051.XSHG,0.4625,0.4915,2015-04-13,XSHG
3009,10000052.XSHG,0.0005,0.0004,2015-04-13,XSHG
3010,10000053.XSHG,0.5308,0.5309,2015-04-13,XSHG
3011,10000127.XSHG,0.1153,0.124,2015-04-13,XSHG
3012,10000048.XSHG,0.0598,0.0582,2015-04-13,XSHG
3013,10000047.XSHG,0.6475,0.6563,2015-04-13,XSHG
3014,10000046.XSHG,0.0264,0.0239,2015-04-13,XSHG
3015,10000045.XSHG,0.5654,0.5546,2015-04-13,XSHG
3016,10000044.XSHG,0.0004,0.0002,2015-04-13,XSHG
3017,10000043.XSHG,0.5139,0.5464,2015-04-13,XSHG
3018,10000040.XSHG,0.0494,0.0455,2015-04-13,XSHG
3019,10000123.XSHG,0.2781,0.29,2015-04-13,XSHG
3020,10000148.XSHG,0.198,0.1966,2015-04-13,XSHG
3021,10000149.XSHG,0.2913,0.3196,2015-04-13,XSHG
3022,10000146.XSHG,0.1857,0.161,2015-04-13,XSHG
3023,10000147.XSHG,0.1969,0.2133,2015-04-13,XSHG
3024,10000144.XSHG,0.1126,0.0763,2015-04-13,XSHG
3025,10000145.XSHG,0.154,0.1605,2015-04-13,XSHG
3026,10000142.XSHG,,,2015-04-13,XSHG
3027,10000143.XSHG,0.0702,0.071,2015-04-13,XSHG
3028,10000140.XSHG,0.3156,0.324,2015-04-13,XSHG
3029,10000141.XSHG,0.2135,0.2131,2015-04-13,XSHG
3030,10000128.XSHG,0.0874,0.0974,2015-04-13,XSHG
3031,10000129.XSHG,0.0581,0.0365,2015-04-13,XSHG
3032,10000072.XSHG,0.0976,0.0986,2015-04-13,XSHG
3033,10000070.XSHG,0.0548,0.0486,2015-04-13,XSHG
3034,10000071.XSHG,0.527,0.5151,2015-04-13,XSHG
3035,10000076.XSHG,0.0046,0.0025,2015-04-13,XSHG
3036,10000077.XSHG,0.4081,0.4207,2015-04-13,XSHG
3037,10000075.XSHG,0.304,0.3403,2015-04-13,XSHG
3038,10000078.XSHG,0.0653,0.0648,2015-04-13,XSHG
3039,10000079.XSHG,0.4941,0.4661,2015-04-13,XSHG
3040,10000011.XSHG,0.773,0.796,2015-04-13,XSHG
3041,10000012.XSHG,0.7215,0.7538,2015-04-13,XSHG
3042,10000013.XSHG,0.6693,0.6892,2015-04-13,XSHG
3043,10000014.XSHG,0.6177,0.645,2015-04-13,XSHG
3044,10000015.XSHG,0.5648,0.5984,2015-04-13,XSHG
3045,10000016.XSHG,0.0002,0.0002,2015-04-13,XSHG
3046,10000017.XSHG,0.0001,0.0002,2015-04-13,XSHG
3047,10000018.XSHG,0.0001,0.0002,2015-04-13,XSHG
3048,10000019.XSHG,0.0002,0.0001,2015-04-13,XSHG
3049,10000151.XSHG,0.0316,0.0382,2015-04-13,XSHG
3050,10000150.XSHG,0.2647,0.2693,2015-04-13,XSHG
3051,10000153.XSHG,0.1432,0.128,2015-04-13,XSHG
3052,10000152.XSHG,0.1752,0.1444,2015-04-13,XSHG
3053,10000155.XSHG,0.1537,0.1651,2015-04-13,XSHG
3054,10000154.XSHG,0.2475,0.2301,2015-04-13,XSHG
3055,10000157.XSHG,0.2507,0.2686,2015-04-13,XSHG
3056,10000156.XSHG,0.2586,0.2601,2015-04-13,XSHG
3057,10000091.XSHG,0.215,0.246,2015-04-13,XSHG
3058,10000092.XSHG,0.0151,0.0076,2015-04-13,XSHG
3059,10000093.XSHG,0.3327,0.3346,2015-04-13,XSHG
3060,10000094.XSHG,0.0926,0.0944,2015-04-13,XSHG
3061,10000095.XSHG,0.4358,0.4117,2015-04-13,XSHG
3062,10000096.XSHG,0.1446,0.147,2015-04-13,XSHG
3063,10000099.XSHG,0.1745,0.2052,2015-04-13,XSHG
3064,10000064.XSHG,0.085,0.0814,2015-04-13,XSHG
3065,10000067.XSHG,0.3533,0.402,2015-04-13,XSHG
3066,10000061.XSHG,0.4924,0.4753,2015-04-13,XSHG
3067,10000060.XSHG,0.001,0.0006,2015-04-13,XSHG
3068,10000063.XSHG,0.5625,0.5407,2015-04-13,XSHG
3069,10000062.XSHG,0.0431,0.0401,2015-04-13,XSHG
3070,10000069.XSHG,0.4504,0.4674,2015-04-13,XSHG
3071,10000068.XSHG,0.0026,0.0017,2015-04-13,XSHG
3072,10000124.XSHG,0.1301,0.1231,2015-04-13,XSHG
3073,10000125.XSHG,0.3694,0.3812,2015-04-13,XSHG
3074,10000126.XSHG,0.187,0.195,2015-04-13,XSHG
3075,10000088.XSHG,0.1184,0.1271,2015-04-13,XSHG
3076,10000120.XSHG,0.2243,0.2391,2015-04-13,XSHG
3077,10000121.XSHG,0.0887,0.0783,2015-04-13,XSHG
3078,10000122.XSHG,0.1113,0.0945,2015-04-13,XSHG
3079,10000158.XSHG,,,2015-04-13,XSHG
3080,10000083.XSHG,0.2643,0.3006,2015-04-13,XSHG
3081,10000080.XSHG,,,2015-04-13,XSHG
3082,10000087.XSHG,0.4517,0.464,2015-04-13,XSHG
3083,10000086.XSHG,0.0774,0.0728,2015-04-13,XSHG
3084,10000085.XSHG,0.3809,0.3733,2015-04-13,XSHG
3085,10000084.XSHG,0.0086,0.0049,2015-04-13,XSHG
3086,10000036.XSHG,0.0214,0.0198,2015-04-13,XSHG
3087,10000037.XSHG,0.0271,0.0248,2015-04-13,XSHG
3088,10000034.XSHG,0.7046,0.7122,2015-04-13,XSHG
3089,10000035.XSHG,0.6712,0.6816,2015-04-13,XSHG
3090,10000032.XSHG,0.7867,0.7895,2015-04-13,XSHG
3091,10000033.XSHG,0.7544,0.7728,2015-04-13,XSHG
3092,10000030.XSHG,0.02,0.0194,2015-04-13,XSHG
3093,10000031.XSHG,0.8588,0.8586,2015-04-13,XSHG
3094,10000038.XSHG,0.033,0.0294,2015-04-13,XSHG
3095,10000039.XSHG,0.0405,0.0375,2015-04-13,XSHG
3096,10000137.XSHG,0.1526,0.1545,2015-04-13,XSHG
3097,10000136.XSHG,0.2225,0.2389,2015-04-13,XSHG
3098,10000135.XSHG,0.2485,0.2621,2015-04-13,XSHG
3099,10000134.XSHG,0.1558,0.1413,2015-04-13,XSHG
3100,10000133.XSHG,0.129,0.1163,2015-04-13,XSHG
3101,10000132.XSHG,0.18,0.1846,2015-04-13,XSHG
3102,10000131.XSHG,0.1946,0.2101,2015-04-13,XSHG
3103,10000130.XSHG,0.079,0.0558,2015-04-13,XSHG
3104,10000139.XSHG,0.347,0.3542,2015-04-13,XSHG
3105,10000138.XSHG,0.1718,0.1698,2015-04-13,XSHG
3106,10000108.XSHG,0.3603,0.385,2015-04-13,XSHG
3107,10000109.XSHG,0.3275,0.3559,2015-04-13,XSHG
3108,10000102.XSHG,0.1055,0.1101,2015-04-13,XSHG
3109,10000103.XSHG,0.3992,0.408,2015-04-13,XSHG
3110,10000100.XSHG,0.0246,0.0127,2015-04-13,XSHG
3111,10000101.XSHG,0.3093,0.3157,2015-04-13,XSHG
3112,10000106.XSHG,0.4311,0.4748,2015-04-13,XSHG
3113,10000107.XSHG,0.3975,0.4242,2015-04-13,XSHG
3114,10000104.XSHG,0.1649,0.1751,2015-04-13,XSHG
3115,10000105.XSHG,0.4826,0.5215,2015-04-13,XSHG
3116,10000119.XSHG,0.2574,0.2696,2015-04-13,XSHG
3117,10000118.XSHG,0.0402,0.0208,2015-04-13,XSHG
3118,10000115.XSHG,0.2979,0.3136,2015-04-13,XSHG
3119,10000114.XSHG,0.0591,0.0499,2015-04-13,XSHG
3120,10000117.XSHG,0.1528,0.1583,2015-04-13,XSHG
3121,10000116.XSHG,0.0731,0.0621,2015-04-13,XSHG
3122,10000111.XSHG,0.0273,0.0228,2015-04-13,XSHG
3123,10000110.XSHG,0.0202,0.0171,2015-04-13,XSHG
3124,10000113.XSHG,0.045,0.0382,2015-04-13,XSHG
3125,10000112.XSHG,0.0358,0.0296,2015-04-13,XSHG
3126,10000029.XSHG,0.0161,0.0154,2015-04-13,XSHG
3127,10000028.XSHG,0.0125,0.0104,2015-04-13,XSHG
3128,10000021.XSHG,0.8046,0.8035,2015-04-13,XSHG
3129,10000020.XSHG,0.0003,0.0004,2015-04-13,XSHG
3130,10000023.XSHG,0.7108,0.7019,2015-04-13,XSHG
3131,10000022.XSHG,0.7564,0.751,2015-04-13,XSHG
3132,10000025.XSHG,0.6181,0.6412,2015-04-13,XSHG
3133,10000024.XSHG,0.6617,0.6509,2015-04-13,XSHG
3134,10000027.XSHG,0.0102,0.0096,2015-04-13,XSHG
3135,10000026.XSHG,0.0081,0.008,2015-04-13,XSHG
3136,10000160.XSHG,0.2252,0.2169,2015-04-14,XSHG
3137,10000161.XSHG,0.0914,0.103,2015-04-14,XSHG
3138,10000162.XSHG,0.2986,0.2869,2015-04-14,XSHG
3139,10000163.XSHG,0.1366,0.1404,2015-04-14,XSHG
3140,10000164.XSHG,0.3226,0.3226,2015-04-14,XSHG
3141,10000165.XSHG,0.2294,0.2492,2015-04-14,XSHG
3142,10000166.XSHG,0.3923,0.38,2015-04-14,XSHG
3143,10000059.XSHG,0.4348,0.4527,2015-04-14,XSHG
3144,10000054.XSHG,0.0317,0.035,2015-04-14,XSHG
3145,10000055.XSHG,0.5833,0.6,2015-04-14,XSHG
3146,10000056.XSHG,0.0665,0.0699,2015-04-14,XSHG
3147,10000051.XSHG,0.491,0.5025,2015-04-14,XSHG
3148,10000052.XSHG,0.0005,0.0003,2015-04-14,XSHG
3149,10000053.XSHG,0.5372,0.5152,2015-04-14,XSHG
3150,10000127.XSHG,0.1272,0.1193,2015-04-14,XSHG
3151,10000048.XSHG,0.0552,0.0552,2015-04-14,XSHG
3152,10000047.XSHG,,,2015-04-14,XSHG
3153,10000046.XSHG,0.0251,0.0259,2015-04-14,XSHG
3154,10000045.XSHG,0.5708,0.5763,2015-04-14,XSHG
3155,10000044.XSHG,0.0004,0.0004,2015-04-14,XSHG
3156,10000043.XSHG,0.5408,0.5523,2015-04-14,XSHG
3157,10000040.XSHG,0.0468,0.0468,2015-04-14,XSHG
3158,10000123.XSHG,0.2739,0.2781,2015-04-14,XSHG
3159,10000148.XSHG,0.1973,0.21,2015-04-14,XSHG
3160,10000149.XSHG,0.29,0.316,2015-04-14,XSHG
3161,10000146.XSHG,0.167,0.1681,2015-04-14,XSHG
3162,10000147.XSHG,0.2101,0.2115,2015-04-14,XSHG
3163,10000144.XSHG,0.0795,0.0666,2015-04-14,XSHG
3164,10000145.XSHG,0.1628,0.1725,2015-04-14,XSHG
3165,10000142.XSHG,0.2368,0.2368,2015-04-14,XSHG
3166,10000143.XSHG,0.0686,0.0648,2015-04-14,XSHG
3167,10000140.XSHG,0.32,0.3458,2015-04-14,XSHG
3168,10000141.XSHG,0.1994,0.213,2015-04-14,XSHG
3169,10000128.XSHG,0.097,0.0917,2015-04-14,XSHG
3170,10000129.XSHG,0.0354,0.0254,2015-04-14,XSHG
3171,10000072.XSHG,0.0918,0.0918,2015-04-14,XSHG
3172,10000070.XSHG,0.0532,0.051,2015-04-14,XSHG
3173,10000071.XSHG,0.5347,0.525,2015-04-14,XSHG
3174,10000076.XSHG,0.0026,0.0009,2015-04-14,XSHG
3175,10000077.XSHG,,,2015-04-14,XSHG
3176,10000075.XSHG,0.3467,0.3468,2015-04-14,XSHG
3177,10000078.XSHG,0.065,0.0635,2015-04-14,XSHG
3178,10000079.XSHG,0.5029,0.5265,2015-04-14,XSHG
3179,10000011.XSHG,0.8,0.8148,2015-04-14,XSHG
3180,10000012.XSHG,0.718,0.737,2015-04-14,XSHG
3181,10000013.XSHG,0.69,0.6931,2015-04-14,XSHG
3182,10000014.XSHG,0.63,0.6439,2015-04-14,XSHG
3183,10000015.XSHG,0.58,0.6024,2015-04-14,XSHG
3184,10000016.XSHG,0.0002,0.0001,2015-04-14,XSHG
3185,10000017.XSHG,0.0002,0.0002,2015-04-14,XSHG
3186,10000018.XSHG,0.0002,0.0002,2015-04-14,XSHG
3187,10000019.XSHG,0.0002,0.0001,2015-04-14,XSHG
3188,10000151.XSHG,0.0364,0.0301,2015-04-14,XSHG
3189,10000150.XSHG,0.2542,0.2467,2015-04-14,XSHG
3190,10000153.XSHG,0.1185,0.1301,2015-04-14,XSHG
3191,10000152.XSHG,0.145,0.1342,2015-04-14,XSHG
3192,10000155.XSHG,0.1694,0.1798,2015-04-14,XSHG
3193,10000154.XSHG,0.2352,0.2247,2015-04-14,XSHG
3194,10000157.XSHG,0.2781,0.2795,2015-04-14,XSHG
3195,10000156.XSHG,0.25,0.264,2015-04-14,XSHG
3196,10000159.XSHG,0.0178,0.0133,2015-04-14,XSHG
3197,10000091.XSHG,0.248,0.2558,2015-04-14,XSHG
3198,10000092.XSHG,0.007,0.0033,2015-04-14,XSHG
3199,10000093.XSHG,,,2015-04-14,XSHG
3200,10000094.XSHG,0.09,0.0912,2015-04-14,XSHG
3201,10000095.XSHG,,,2015-04-14,XSHG
3202,10000096.XSHG,0.1403,0.148,2015-04-14,XSHG
3203,10000099.XSHG,0.2001,0.198,2015-04-14,XSHG
3204,10000064.XSHG,0.0785,0.0833,2015-04-14,XSHG
3205,10000067.XSHG,0.3906,0.3961,2015-04-14,XSHG
3206,10000061.XSHG,,,2015-04-14,XSHG
3207,10000060.XSHG,0.0003,0.0006,2015-04-14,XSHG
3208,10000063.XSHG,0.5828,0.5722,2015-04-14,XSHG
3209,10000062.XSHG,0.0423,0.0423,2015-04-14,XSHG
3210,10000069.XSHG,0.4635,0.4665,2015-04-14,XSHG
3211,10000068.XSHG,0.0008,0.0006,2015-04-14,XSHG
3212,10000124.XSHG,0.1328,0.1297,2015-04-14,XSHG
3213,10000125.XSHG,0.3808,0.38,2015-04-14,XSHG
3214,10000126.XSHG,0.1828,0.1757,2015-04-14,XSHG
3215,10000088.XSHG,0.1227,0.1227,2015-04-14,XSHG
3216,10000120.XSHG,0.2386,0.2505,2015-04-14,XSHG
3217,10000121.XSHG,0.0781,0.0759,2015-04-14,XSHG
3218,10000122.XSHG,0.0945,0.0965,2015-04-14,XSHG
3219,10000158.XSHG,0.3211,0.3211,2015-04-14,XSHG
3220,10000083.XSHG,0.2909,0.2945,2015-04-14,XSHG
3221,10000080.XSHG,0.1065,0.104,2015-04-14,XSHG
3222,10000087.XSHG,0.4392,0.4749,2015-04-14,XSHG
3223,10000086.XSHG,0.0766,0.0715,2015-04-14,XSHG
3224,10000085.XSHG,0.341,0.3699,2015-04-14,XSHG
3225,10000084.XSHG,0.0045,0.0016,2015-04-14,XSHG
3226,10000036.XSHG,0.0199,0.0205,2015-04-14,XSHG
3227,10000037.XSHG,0.0255,0.0256,2015-04-14,XSHG
3228,10000034.XSHG,0.7403,0.75,2015-04-14,XSHG
3229,10000035.XSHG,0.6895,0.6931,2015-04-14,XSHG
3230,10000032.XSHG,0.8,0.8062,2015-04-14,XSHG
3231,10000033.XSHG,0.7761,0.7732,2015-04-14,XSHG
3232,10000030.XSHG,0.0189,0.0189,2015-04-14,XSHG
3233,10000031.XSHG,0.87,0.8656,2015-04-14,XSHG
3234,10000038.XSHG,0.0316,0.03,2015-04-14,XSHG
3235,10000039.XSHG,0.038,0.04,2015-04-14,XSHG
3236,10000137.XSHG,0.1508,0.1512,2015-04-14,XSHG
3237,10000136.XSHG,0.24,0.24,2015-04-14,XSHG
3238,10000135.XSHG,,,2015-04-14,XSHG
3239,10000134.XSHG,0.1416,0.1356,2015-04-14,XSHG
3240,10000133.XSHG,0.1179,0.1139,2015-04-14,XSHG
3241,10000132.XSHG,0.1795,0.1961,2015-04-14,XSHG
3242,10000131.XSHG,0.2033,0.2196,2015-04-14,XSHG
3243,10000130.XSHG,0.0545,0.0449,2015-04-14,XSHG
3244,10000139.XSHG,0.345,0.3518,2015-04-14,XSHG
3245,10000138.XSHG,0.1692,0.1705,2015-04-14,XSHG
3246,10000108.XSHG,0.3779,0.3952,2015-04-14,XSHG
3247,10000109.XSHG,0.3472,0.3527,2015-04-14,XSHG
3248,10000102.XSHG,0.1059,0.1027,2015-04-14,XSHG
3249,10000103.XSHG,0.4015,0.4001,2015-04-14,XSHG
3250,10000100.XSHG,0.0124,0.0075,2015-04-14,XSHG
3251,10000101.XSHG,0.3181,0.318,2015-04-14,XSHG
3252,10000106.XSHG,0.4517,0.4767,2015-04-14,XSHG
3253,10000107.XSHG,0.42,0.4326,2015-04-14,XSHG
3254,10000104.XSHG,0.16,0.162,2015-04-14,XSHG
3255,10000105.XSHG,0.5081,0.5253,2015-04-14,XSHG
3256,10000119.XSHG,0.2662,0.2788,2015-04-14,XSHG
3257,10000118.XSHG,0.0213,0.0139,2015-04-14,XSHG
3258,10000115.XSHG,0.3065,0.3188,2015-04-14,XSHG
3259,10000114.XSHG,0.0489,0.0478,2015-04-14,XSHG
3260,10000117.XSHG,0.1613,0.1641,2015-04-14,XSHG
3261,10000116.XSHG,0.0623,0.0609,2015-04-14,XSHG
3262,10000111.XSHG,0.0229,0.0221,2015-04-14,XSHG
3263,10000110.XSHG,0.0176,0.0178,2015-04-14,XSHG
3264,10000113.XSHG,0.0389,0.0379,2015-04-14,XSHG
3265,10000112.XSHG,0.0303,0.0307,2015-04-14,XSHG
3266,10000029.XSHG,0.015,0.015,2015-04-14,XSHG
3267,10000028.XSHG,0.0118,0.011,2015-04-14,XSHG
3268,10000021.XSHG,0.8001,0.7964,2015-04-14,XSHG
3269,10000020.XSHG,0.0001,0.0001,2015-04-14,XSHG
3270,10000023.XSHG,0.758,0.732,2015-04-14,XSHG
3271,10000022.XSHG,0.7699,0.7699,2015-04-14,XSHG
3272,10000025.XSHG,0.6149,0.6311,2015-04-14,XSHG
3273,10000024.XSHG,0.6593,0.6778,2015-04-14,XSHG
3274,10000027.XSHG,0.009,0.0099,2015-04-14,XSHG
3275,10000026.XSHG,0.0067,0.0072,2015-04-14,XSHG
3276,10000160.XSHG,0.221,0.1937,2015-04-15,XSHG
3277,10000161.XSHG,0.1032,0.11,2015-04-15,XSHG
3278,10000162.XSHG,0.2914,0.2705,2015-04-15,XSHG
3279,10000163.XSHG,0.152,0.1553,2015-04-15,XSHG
3280,10000164.XSHG,0.315,0.2934,2015-04-15,XSHG
3281,10000165.XSHG,0.2534,0.2509,2015-04-15,XSHG
3282,10000166.XSHG,0.4,0.3423,2015-04-15,XSHG
3283,10000059.XSHG,0.45,0.4638,2015-04-15,XSHG
3284,10000054.XSHG,0.0309,0.031,2015-04-15,XSHG
3285,10000055.XSHG,0.6188,0.6457,2015-04-15,XSHG
3286,10000056.XSHG,0.0665,0.0665,2015-04-15,XSHG
3287,10000051.XSHG,0.5085,0.5417,2015-04-15,XSHG
3288,10000052.XSHG,0.0003,0.0002,2015-04-15,XSHG
3289,10000053.XSHG,0.5622,0.5959,2015-04-15,XSHG
3290,10000127.XSHG,0.1233,0.1378,2015-04-15,XSHG
3291,10000048.XSHG,0.0538,0.0498,2015-04-15,XSHG
3292,10000047.XSHG,0.6884,0.6884,2015-04-15,XSHG
3293,10000046.XSHG,0.0224,0.0217,2015-04-15,XSHG
3294,10000045.XSHG,0.5977,0.6418,2015-04-15,XSHG
3295,10000044.XSHG,0.0003,0.0002,2015-04-15,XSHG
3296,10000043.XSHG,0.582,0.5619,2015-04-15,XSHG
3297,10000040.XSHG,0.043,0.0402,2015-04-15,XSHG
3298,10000123.XSHG,0.3007,0.3371,2015-04-15,XSHG
3299,10000148.XSHG,0.1787,0.1774,2015-04-15,XSHG
3300,10000149.XSHG,0.3232,0.3217,2015-04-15,XSHG
3301,10000146.XSHG,0.1622,0.1527,2015-04-15,XSHG
3302,10000147.XSHG,0.236,0.2385,2015-04-15,XSHG
3303,10000144.XSHG,0.0676,0.0525,2015-04-15,XSHG
3304,10000145.XSHG,0.1725,0.182,2015-04-15,XSHG
3305,10000142.XSHG,0.2248,0.2248,2015-04-15,XSHG
3306,10000143.XSHG,0.0603,0.071,2015-04-15,XSHG
3307,10000140.XSHG,0.3613,0.371,2015-04-15,XSHG
3308,10000141.XSHG,0.215,0.198,2015-04-15,XSHG
3309,10000128.XSHG,0.0915,0.1007,2015-04-15,XSHG
3310,10000129.XSHG,0.0247,0.0185,2015-04-15,XSHG
3311,10000072.XSHG,0.0876,0.0876,2015-04-15,XSHG
3312,10000070.XSHG,0.0473,0.0441,2015-04-15,XSHG
3313,10000071.XSHG,0.5562,0.5562,2015-04-15,XSHG
3314,10000076.XSHG,0.0004,0.0003,2015-04-15,XSHG
3315,10000077.XSHG,0.442,0.4738,2015-04-15,XSHG
3316,10000075.XSHG,0.3326,0.3907,2015-04-15,XSHG
3317,10000078.XSHG,0.0549,0.0523,2015-04-15,XSHG
3318,10000079.XSHG,0.5377,0.5377,2015-04-15,XSHG
3319,10000011.XSHG,0.7736,0.8173,2015-04-15,XSHG
3320,10000012.XSHG,0.7789,0.81,2015-04-15,XSHG
3321,10000013.XSHG,0.703,0.7124,2015-04-15,XSHG
3322,10000014.XSHG,0.678,0.6665,2015-04-15,XSHG
3323,10000015.XSHG,0.6075,0.6046,2015-04-15,XSHG
3324,10000016.XSHG,0.0001,0.0001,2015-04-15,XSHG
3325,10000017.XSHG,0.0001,0.0001,2015-04-15,XSHG
3326,10000018.XSHG,0.0001,0.0001,2015-04-15,XSHG
3327,10000019.XSHG,0.0001,0.0001,2015-04-15,XSHG
3328,10000151.XSHG,0.0287,0.03,2015-04-15,XSHG
3329,10000150.XSHG,0.2601,0.2372,2015-04-15,XSHG
3330,10000153.XSHG,0.133,0.1391,2015-04-15,XSHG
3331,10000152.XSHG,0.1331,0.1106,2015-04-15,XSHG
3332,10000155.XSHG,0.1798,0.189,2015-04-15,XSHG
3333,10000154.XSHG,0.2164,0.205,2015-04-15,XSHG
3334,10000157.XSHG,0.2911,0.2891,2015-04-15,XSHG
3335,10000156.XSHG,0.235,0.24,2015-04-15,XSHG
3336,10000159.XSHG,0.0134,0.0113,2015-04-15,XSHG
3337,10000091.XSHG,0.2491,0.2755,2015-04-15,XSHG
3338,10000092.XSHG,0.0034,0.0015,2015-04-15,XSHG
3339,10000093.XSHG,0.3801,0.3973,2015-04-15,XSHG
3340,10000094.XSHG,0.0797,0.0789,2015-04-15,XSHG
3341,10000095.XSHG,0.4736,0.4709,2015-04-15,XSHG
3342,10000096.XSHG,0.1418,0.1374,2015-04-15,XSHG
3343,10000099.XSHG,0.1967,0.22,2015-04-15,XSHG
3344,10000064.XSHG,0.0744,0.0715,2015-04-15,XSHG
3345,10000067.XSHG,0.4214,0.4285,2015-04-15,XSHG
3346,10000061.XSHG,0.5134,0.5361,2015-04-15,XSHG
3347,10000060.XSHG,0.0001,0.0002,2015-04-15,XSHG
3348,10000063.XSHG,0.604,0.6,2015-04-15,XSHG
3349,10000062.XSHG,0.0364,0.0367,2015-04-15,XSHG
3350,10000069.XSHG,0.4772,0.5118,2015-04-15,XSHG
3351,10000068.XSHG,0.0005,0.0004,2015-04-15,XSHG
3352,10000124.XSHG,0.1182,0.1142,2015-04-15,XSHG
3353,10000125.XSHG,0.4045,0.4113,2015-04-15,XSHG
3354,10000126.XSHG,,,2015-04-15,XSHG
3355,10000088.XSHG,0.1096,0.1096,2015-04-15,XSHG
3356,10000120.XSHG,0.26,0.2655,2015-04-15,XSHG
3357,10000121.XSHG,0.0733,0.0699,2015-04-15,XSHG
3358,10000122.XSHG,0.091,0.0864,2015-04-15,XSHG
3359,10000158.XSHG,0.317,0.2896,2015-04-15,XSHG
3360,10000083.XSHG,0.2917,0.337,2015-04-15,XSHG
3361,10000080.XSHG,0.1044,0.0993,2015-04-15,XSHG
3362,10000087.XSHG,0.4853,0.499,2015-04-15,XSHG
3363,10000086.XSHG,0.0671,0.0643,2015-04-15,XSHG
3364,10000085.XSHG,0.3967,0.4344,2015-04-15,XSHG
3365,10000084.XSHG,0.0015,0.0006,2015-04-15,XSHG
3366,10000036.XSHG,0.0212,0.0204,2015-04-15,XSHG
3367,10000037.XSHG,0.0245,0.0237,2015-04-15,XSHG
3368,10000034.XSHG,0.745,0.7763,2015-04-15,XSHG
3369,10000035.XSHG,0.7069,0.731,2015-04-15,XSHG
3370,10000032.XSHG,0.8434,0.8471,2015-04-15,XSHG
3371,10000033.XSHG,0.7883,0.8054,2015-04-15,XSHG
3372,10000030.XSHG,0.0173,0.0166,2015-04-15,XSHG
3373,10000031.XSHG,0.88,0.9072,2015-04-15,XSHG
3374,10000038.XSHG,0.027,0.0293,2015-04-15,XSHG
3375,10000039.XSHG,0.036,0.036,2015-04-15,XSHG
3376,10000137.XSHG,0.1514,0.1337,2015-04-15,XSHG
3377,10000136.XSHG,0.2669,0.2677,2015-04-15,XSHG
3378,10000135.XSHG,,,2015-04-15,XSHG
3379,10000134.XSHG,0.13,0.1285,2015-04-15,XSHG
3380,10000133.XSHG,0.11,0.1069,2015-04-15,XSHG
3381,10000132.XSHG,0.191,0.2074,2015-04-15,XSHG
3382,10000131.XSHG,0.2263,0.2315,2015-04-15,XSHG
3383,10000130.XSHG,0.0438,0.0317,2015-04-15,XSHG
3384,10000139.XSHG,0.368,0.367,2015-04-15,XSHG
3385,10000138.XSHG,0.1668,0.1487,2015-04-15,XSHG
3386,10000108.XSHG,0.4,0.4191,2015-04-15,XSHG
3387,10000109.XSHG,0.366,0.3741,2015-04-15,XSHG
3388,10000102.XSHG,0.0999,0.0984,2015-04-15,XSHG
3389,10000103.XSHG,0.434,0.4652,2015-04-15,XSHG
3390,10000100.XSHG,0.0071,0.004,2015-04-15,XSHG
3391,10000101.XSHG,0.31,0.3779,2015-04-15,XSHG
3392,10000106.XSHG,0.5,0.505,2015-04-15,XSHG
3393,10000107.XSHG,0.4498,0.4658,2015-04-15,XSHG
3394,10000104.XSHG,0.165,0.1544,2015-04-15,XSHG
3395,10000105.XSHG,0.5465,0.5538,2015-04-15,XSHG
3396,10000119.XSHG,0.2825,0.2938,2015-04-15,XSHG
3397,10000118.XSHG,0.0138,0.0086,2015-04-15,XSHG
3398,10000115.XSHG,0.3268,0.337,2015-04-15,XSHG
3399,10000114.XSHG,0.0468,0.0441,2015-04-15,XSHG
3400,10000117.XSHG,0.1592,0.1799,2015-04-15,XSHG
3401,10000116.XSHG,0.0565,0.0576,2015-04-15,XSHG
3402,10000111.XSHG,0.0217,0.0209,2015-04-15,XSHG
3403,10000110.XSHG,0.0173,0.0167,2015-04-15,XSHG
3404,10000113.XSHG,0.0377,0.0344,2015-04-15,XSHG
3405,10000112.XSHG,0.0295,0.0276,2015-04-15,XSHG
3406,10000029.XSHG,0.013,0.0126,2015-04-15,XSHG
3407,10000028.XSHG,0.0101,0.0101,2015-04-15,XSHG
3408,10000021.XSHG,0.8211,0.8542,2015-04-15,XSHG
3409,10000020.XSHG,0.0002,0.0001,2015-04-15,XSHG
3410,10000023.XSHG,0.73,0.7561,2015-04-15,XSHG
3411,10000022.XSHG,0.7751,0.7947,2015-04-15,XSHG
3412,10000025.XSHG,0.6381,0.6534,2015-04-15,XSHG
3413,10000024.XSHG,0.6826,0.7009,2015-04-15,XSHG
3414,10000027.XSHG,0.0084,0.0077,2015-04-15,XSHG
3415,10000026.XSHG,0.0062,0.0078,2015-04-15,XSHG
3416,10000160.XSHG,0.1909,0.0934,2015-04-16,XSHG
3417,10000161.XSHG,0.106,0.1626,2015-04-16,XSHG
3418,10000162.XSHG,0.2604,0.2001,2015-04-16,XSHG
3419,10000163.XSHG,0.1417,0.21,2015-04-16,XSHG
3420,10000164.XSHG,0.2852,0.2305,2015-04-16,XSHG
3421,10000165.XSHG,0.232,0.3246,2015-04-16,XSHG
3422,10000166.XSHG,0.3388,0.3,2015-04-16,XSHG
3423,10000059.XSHG,0.4807,0.5836,2015-04-16,XSHG
3424,10000054.XSHG,0.0285,0.0207,2015-04-16,XSHG
3425,10000055.XSHG,0.6425,0.7286,2015-04-16,XSHG
3426,10000056.XSHG,0.0607,0.0538,2015-04-16,XSHG
3427,10000051.XSHG,0.5063,0.6335,2015-04-16,XSHG
3428,10000052.XSHG,0.0002,0.0001,2015-04-16,XSHG
3429,10000053.XSHG,0.5658,0.6661,2015-04-16,XSHG
3430,10000127.XSHG,0.1366,0.2435,2015-04-16,XSHG
3431,10000048.XSHG,0.0477,0.0417,2015-04-16,XSHG
3432,10000047.XSHG,0.6789,0.7645,2015-04-16,XSHG
3433,10000046.XSHG,0.0213,0.0158,2015-04-16,XSHG
3434,10000045.XSHG,0.6526,0.7001,2015-04-16,XSHG
3435,10000044.XSHG,0.0002,0.0001,2015-04-16,XSHG
3436,10000043.XSHG,0.579,0.6974,2015-04-16,XSHG
3437,10000040.XSHG,0.0459,0.0355,2015-04-16,XSHG
3438,10000123.XSHG,0.312,0.3859,2015-04-16,XSHG
3439,10000148.XSHG,,,2015-04-16,XSHG
3440,10000149.XSHG,0.3325,0.3715,2015-04-16,XSHG
3441,10000146.XSHG,0.1526,0.1033,2015-04-16,XSHG
3442,10000147.XSHG,0.2194,0.2914,2015-04-16,XSHG
3443,10000144.XSHG,0.064,0.0109,2015-04-16,XSHG
3444,10000145.XSHG,0.182,0.262,2015-04-16,XSHG
3445,10000142.XSHG,0.1933,0.188,2015-04-16,XSHG
3446,10000143.XSHG,0.0697,0.1522,2015-04-16,XSHG
3447,10000140.XSHG,0.3507,0.4198,2015-04-16,XSHG
3448,10000141.XSHG,0.1713,0.1713,2015-04-16,XSHG
3449,10000128.XSHG,0.0997,0.1908,2015-04-16,XSHG
3450,10000129.XSHG,0.0181,0.0029,2015-04-16,XSHG
3451,10000072.XSHG,0.0777,0.0742,2015-04-16,XSHG
3452,10000070.XSHG,0.0417,0.0318,2015-04-16,XSHG
3453,10000071.XSHG,0.5594,0.6049,2015-04-16,XSHG
3454,10000076.XSHG,0.0004,0.0001,2015-04-16,XSHG
3455,10000077.XSHG,0.4104,0.5581,2015-04-16,XSHG
3456,10000075.XSHG,0.3619,0.4827,2015-04-16,XSHG
3457,10000078.XSHG,0.0389,0.0395,2015-04-16,XSHG
3458,10000079.XSHG,0.5283,0.575,2015-04-16,XSHG
3459,10000011.XSHG,0.811,0.9128,2015-04-16,XSHG
3460,10000012.XSHG,0.7549,0.8571,2015-04-16,XSHG
3461,10000013.XSHG,0.735,0.826,2015-04-16,XSHG
3462,10000014.XSHG,0.68,0.7774,2015-04-16,XSHG
3463,10000015.XSHG,0.5884,0.7336,2015-04-16,XSHG
3464,10000016.XSHG,0.0002,0.0001,2015-04-16,XSHG
3465,10000017.XSHG,0.0002,0.0002,2015-04-16,XSHG
3466,10000018.XSHG,0.0001,0.0001,2015-04-16,XSHG
3467,10000019.XSHG,0.0001,0.0001,2015-04-16,XSHG
3468,10000151.XSHG,0.0304,0.0799,2015-04-16,XSHG
3469,10000150.XSHG,0.2245,0.2099,2015-04-16,XSHG
3470,10000153.XSHG,0.1389,0.2047,2015-04-16,XSHG
3471,10000152.XSHG,0.114,0.0367,2015-04-16,XSHG
3472,10000155.XSHG,0.1757,0.2414,2015-04-16,XSHG
3473,10000154.XSHG,0.2048,0.15,2015-04-16,XSHG
3474,10000157.XSHG,0.2901,0.36,2015-04-16,XSHG
3475,10000156.XSHG,0.2287,0.1899,2015-04-16,XSHG
3476,10000159.XSHG,0.0113,0.0306,2015-04-16,XSHG
3477,10000091.XSHG,0.2747,0.392,2015-04-16,XSHG
3478,10000092.XSHG,0.0001,0.0003,2015-04-16,XSHG
3479,10000093.XSHG,0.4082,0.4259,2015-04-16,XSHG
3480,10000094.XSHG,0.0729,0.0615,2015-04-16,XSHG
3481,10000095.XSHG,0.4561,0.5385,2015-04-16,XSHG
3482,10000096.XSHG,0.1195,0.1119,2015-04-16,XSHG
3483,10000099.XSHG,0.2201,0.3399,2015-04-16,XSHG
3484,10000064.XSHG,0.0659,0.0597,2015-04-16,XSHG
3485,10000067.XSHG,0.4289,0.5333,2015-04-16,XSHG
3486,10000061.XSHG,0.5251,0.5881,2015-04-16,XSHG
3487,10000060.XSHG,0.0002,0.0002,2015-04-16,XSHG
3488,10000063.XSHG,0.605,0.6481,2015-04-16,XSHG
3489,10000062.XSHG,0.0368,0.0252,2015-04-16,XSHG
3490,10000069.XSHG,0.4943,0.4943,2015-04-16,XSHG
3491,10000068.XSHG,0.0002,0.0002,2015-04-16,XSHG
3492,10000124.XSHG,0.1052,0.0883,2015-04-16,XSHG
3493,10000125.XSHG,0.4053,0.489,2015-04-16,XSHG
3494,10000126.XSHG,0.183,0.1434,2015-04-16,XSHG
3495,10000088.XSHG,0.1128,0.0988,2015-04-16,XSHG
3496,10000120.XSHG,0.2648,0.3543,2015-04-16,XSHG
3497,10000121.XSHG,0.0695,0.0468,2015-04-16,XSHG
3498,10000122.XSHG,0.0869,0.0567,2015-04-16,XSHG
3499,10000158.XSHG,0.3066,0.2444,2015-04-16,XSHG
3500,10000083.XSHG,0.3256,0.4399,2015-04-16,XSHG
3501,10000080.XSHG,0.089,0.085,2015-04-16,XSHG
3502,10000087.XSHG,0.5011,0.5643,2015-04-16,XSHG
3503,10000086.XSHG,0.076,0.0455,2015-04-16,XSHG
3504,10000085.XSHG,0.47,0.5241,2015-04-16,XSHG
3505,10000084.XSHG,0.0007,0.0001,2015-04-16,XSHG
3506,10000036.XSHG,0.0212,0.0146,2015-04-16,XSHG
3507,10000037.XSHG,0.0261,0.0186,2015-04-16,XSHG
3508,10000034.XSHG,0.765,0.7733,2015-04-16,XSHG
3509,10000035.XSHG,0.7221,0.7221,2015-04-16,XSHG
3510,10000032.XSHG,0.8495,0.8915,2015-04-16,XSHG
3511,10000033.XSHG,0.7962,0.8516,2015-04-16,XSHG
3512,10000030.XSHG,0.0158,0.012,2015-04-16,XSHG
3513,10000031.XSHG,0.88,0.9337,2015-04-16,XSHG
3514,10000038.XSHG,0.0309,0.0226,2015-04-16,XSHG
3515,10000039.XSHG,0.0388,0.0293,2015-04-16,XSHG
3516,10000137.XSHG,0.1241,0.1034,2015-04-16,XSHG
3517,10000136.XSHG,0.2569,0.3194,2015-04-16,XSHG
3518,10000135.XSHG,0.2832,0.3765,2015-04-16,XSHG
3519,10000134.XSHG,0.1266,0.0849,2015-04-16,XSHG
3520,10000133.XSHG,0.1037,0.067,2015-04-16,XSHG
3521,10000132.XSHG,0.2076,0.2865,2015-04-16,XSHG
3522,10000131.XSHG,0.2302,0.31,2015-04-16,XSHG
3523,10000130.XSHG,0.036,0.0061,2015-04-16,XSHG
3524,10000139.XSHG,0.3758,0.4444,2015-04-16,XSHG
3525,10000138.XSHG,0.1444,0.1444,2015-04-16,XSHG
3526,10000108.XSHG,0.4179,0.5296,2015-04-16,XSHG
3527,10000109.XSHG,0.3765,0.479,2015-04-16,XSHG
3528,10000102.XSHG,0.095,0.0774,2015-04-16,XSHG
3529,10000103.XSHG,0.4309,0.4955,2015-04-16,XSHG
3530,10000100.XSHG,0.0036,0.0003,2015-04-16,XSHG
3531,10000101.XSHG,0.3461,0.3889,2015-04-16,XSHG
3532,10000106.XSHG,0.5064,0.575,2015-04-16,XSHG
3533,10000107.XSHG,0.4613,0.5333,2015-04-16,XSHG
3534,10000104.XSHG,0.1365,0.1365,2015-04-16,XSHG
3535,10000105.XSHG,0.553,0.6688,2015-04-16,XSHG
3536,10000119.XSHG,0.2926,0.3851,2015-04-16,XSHG
3537,10000118.XSHG,0.0075,0.0013,2015-04-16,XSHG
3538,10000115.XSHG,0.3273,0.4427,2015-04-16,XSHG
3539,10000114.XSHG,0.0367,0.0254,2015-04-16,XSHG
3540,10000117.XSHG,0.1787,0.3003,2015-04-16,XSHG
3541,10000116.XSHG,0.0558,0.0329,2015-04-16,XSHG
3542,10000111.XSHG,0.0203,0.0101,2015-04-16,XSHG
3543,10000110.XSHG,0.0166,0.0094,2015-04-16,XSHG
3544,10000113.XSHG,0.0348,0.0197,2015-04-16,XSHG
3545,10000112.XSHG,0.0269,0.0143,2015-04-16,XSHG
3546,10000029.XSHG,0.0115,0.0128,2015-04-16,XSHG
3547,10000028.XSHG,0.0098,0.009,2015-04-16,XSHG
3548,10000021.XSHG,0.8504,0.9481,2015-04-16,XSHG
3549,10000020.XSHG,0.0001,0.0001,2015-04-16,XSHG
3550,10000023.XSHG,0.7449,0.8666,2015-04-16,XSHG
3551,10000022.XSHG,0.8,0.9,2015-04-16,XSHG
3552,10000025.XSHG,0.7459,0.758,2015-04-16,XSHG
3553,10000024.XSHG,0.7072,0.8287,2015-04-16,XSHG
3554,10000027.XSHG,0.0081,0.0067,2015-04-16,XSHG
3555,10000026.XSHG,0.0058,0.0055,2015-04-16,XSHG
3556,10000168.XSHG,0.1617,0.1327,2015-04-17,XSHG
3557,10000169.XSHG,0.1573,0.1533,2015-04-17,XSHG
3558,10000160.XSHG,0.09,0.0617,2015-04-17,XSHG
3559,10000161.XSHG,0.1749,0.198,2015-04-17,XSHG
3560,10000162.XSHG,0.1928,0.1787,2015-04-17,XSHG
3561,10000163.XSHG,0.2248,0.2416,2015-04-17,XSHG
3562,10000164.XSHG,0.2144,0.2169,2015-04-17,XSHG
3563,10000165.XSHG,0.3275,0.3418,2015-04-17,XSHG
3564,10000166.XSHG,0.2828,0.2892,2015-04-17,XSHG
3565,10000167.XSHG,0.021,0.0211,2015-04-17,XSHG
3566,10000059.XSHG,0.6191,0.633,2015-04-17,XSHG
3567,10000054.XSHG,0.0188,0.0169,2015-04-17,XSHG
3568,10000055.XSHG,0.8138,0.8138,2015-04-17,XSHG
3569,10000056.XSHG,0.0456,0.0429,2015-04-17,XSHG
3570,10000051.XSHG,0.671,0.682,2015-04-17,XSHG
3571,10000052.XSHG,0.0002,0.0001,2015-04-17,XSHG
3572,10000053.XSHG,0.7218,0.751,2015-04-17,XSHG
3573,10000173.XSHG,0.2825,0.3206,2015-04-17,XSHG
3574,10000172.XSHG,0.2689,0.2766,2015-04-17,XSHG
3575,10000171.XSHG,0.1811,0.2001,2015-04-17,XSHG
3576,10000170.XSHG,0.2399,0.2386,2015-04-17,XSHG
3577,10000174.XSHG,0.3201,0.3574,2015-04-17,XSHG
3578,10000127.XSHG,0.2597,0.2919,2015-04-17,XSHG
3579,10000048.XSHG,0.0373,0.0353,2015-04-17,XSHG
3580,10000047.XSHG,0.8295,0.7886,2015-04-17,XSHG
3581,10000046.XSHG,0.0136,0.0131,2015-04-17,XSHG
3582,10000045.XSHG,0.7623,0.7986,2015-04-17,XSHG
3583,10000044.XSHG,0.0001,0.0002,2015-04-17,XSHG
3584,10000043.XSHG,0.7235,0.74,2015-04-17,XSHG
3585,10000040.XSHG,0.0313,0.0294,2015-04-17,XSHG
3586,10000123.XSHG,0.4287,0.4509,2015-04-17,XSHG
3587,10000148.XSHG,0.1295,0.126,2015-04-17,XSHG
3588,10000149.XSHG,0.4205,0.4557,2015-04-17,XSHG
3589,10000146.XSHG,0.0998,0.09,2015-04-17,XSHG
3590,10000147.XSHG,0.3237,0.326,2015-04-17,XSHG
3591,10000144.XSHG,0.0108,0.006,2015-04-17,XSHG
3592,10000145.XSHG,0.2703,0.29,2015-04-17,XSHG
3593,10000142.XSHG,0.1748,0.167,2015-04-17,XSHG
3594,10000143.XSHG,0.16,0.1873,2015-04-17,XSHG
3595,10000140.XSHG,0.449,0.4698,2015-04-17,XSHG
3596,10000141.XSHG,0.1507,0.147,2015-04-17,XSHG
3597,10000128.XSHG,0.2022,0.2385,2015-04-17,XSHG
3598,10000129.XSHG,0.0017,0.0007,2015-04-17,XSHG
3599,10000072.XSHG,0.065,0.0608,2015-04-17,XSHG
3600,10000070.XSHG,0.0294,0.0275,2015-04-17,XSHG
3601,10000071.XSHG,0.7216,0.72,2015-04-17,XSHG
3602,10000076.XSHG,0.0001,0.0001,2015-04-17,XSHG
3603,10000077.XSHG,0.5822,0.599,2015-04-17,XSHG
3604,10000075.XSHG,0.5155,0.5315,2015-04-17,XSHG
3605,10000078.XSHG,0.0358,0.0357,2015-04-17,XSHG
3606,10000079.XSHG,0.6813,0.68,2015-04-17,XSHG
3607,10000011.XSHG,0.9822,0.9815,2015-04-17,XSHG
3608,10000012.XSHG,0.9303,0.9473,2015-04-17,XSHG
3609,10000013.XSHG,0.8783,0.8823,2015-04-17,XSHG
3610,10000014.XSHG,0.8265,0.8345,2015-04-17,XSHG
3611,10000015.XSHG,0.7747,0.7872,2015-04-17,XSHG
3612,10000016.XSHG,0.0001,0.0001,2015-04-17,XSHG
3613,10000017.XSHG,0.0001,0.0001,2015-04-17,XSHG
3614,10000018.XSHG,0.0003,0.0001,2015-04-17,XSHG
3615,10000019.XSHG,,,2015-04-17,XSHG
3616,10000151.XSHG,0.108,0.108,2015-04-17,XSHG
3617,10000150.XSHG,0.187,0.1865,2015-04-17,XSHG
3618,10000153.XSHG,0.2139,0.2303,2015-04-17,XSHG
3619,10000152.XSHG,0.0356,0.0224,2015-04-17,XSHG
3620,10000155.XSHG,0.2617,0.2787,2015-04-17,XSHG
3621,10000154.XSHG,0.1446,0.1349,2015-04-17,XSHG
3622,10000157.XSHG,0.3857,0.4067,2015-04-17,XSHG
3623,10000156.XSHG,0.1765,0.1712,2015-04-17,XSHG
3624,10000159.XSHG,0.045,0.0531,2015-04-17,XSHG
3625,10000091.XSHG,0.4119,0.4395,2015-04-17,XSHG
3626,10000092.XSHG,0.0001,0.0001,2015-04-17,XSHG
3627,10000093.XSHG,0.5067,0.5452,2015-04-17,XSHG
3628,10000094.XSHG,0.0535,0.0533,2015-04-17,XSHG
3629,10000095.XSHG,0.5823,0.593,2015-04-17,XSHG
3630,10000096.XSHG,0.1037,0.0923,2015-04-17,XSHG
3631,10000099.XSHG,0.3599,0.376,2015-04-17,XSHG
3632,10000064.XSHG,0.0538,0.0516,2015-04-17,XSHG
3633,10000067.XSHG,0.5671,0.5978,2015-04-17,XSHG
3634,10000061.XSHG,0.6664,0.6738,2015-04-17,XSHG
3635,10000060.XSHG,0.0002,0.0001,2015-04-17,XSHG
3636,10000063.XSHG,0.718,0.725,2015-04-17,XSHG
3637,10000062.XSHG,0.0236,0.0212,2015-04-17,XSHG
3638,10000069.XSHG,0.6342,0.6152,2015-04-17,XSHG
3639,10000068.XSHG,0.0001,0.0001,2015-04-17,XSHG
3640,10000124.XSHG,0.0823,0.074,2015-04-17,XSHG
3641,10000125.XSHG,0.5241,0.5373,2015-04-17,XSHG
3642,10000126.XSHG,0.1299,0.1305,2015-04-17,XSHG
3643,10000088.XSHG,0.0873,0.0804,2015-04-17,XSHG
3644,10000120.XSHG,0.3675,0.4095,2015-04-17,XSHG
3645,10000121.XSHG,0.0418,0.0363,2015-04-17,XSHG
3646,10000122.XSHG,0.0529,0.0514,2015-04-17,XSHG
3647,10000158.XSHG,0.229,0.23,2015-04-17,XSHG
3648,10000083.XSHG,0.47,0.4907,2015-04-17,XSHG
3649,10000080.XSHG,0.0792,0.0692,2015-04-17,XSHG
3650,10000087.XSHG,0.6202,0.662,2015-04-17,XSHG
3651,10000086.XSHG,0.0426,0.044,2015-04-17,XSHG
3652,10000085.XSHG,0.5568,0.5821,2015-04-17,XSHG
3653,10000084.XSHG,0.0001,0.0002,2015-04-17,XSHG
3654,10000036.XSHG,0.0139,0.0126,2015-04-17,XSHG
3655,10000037.XSHG,0.0174,0.0158,2015-04-17,XSHG
3656,10000034.XSHG,0.917,0.9288,2015-04-17,XSHG
3657,10000035.XSHG,0.8811,0.8811,2015-04-17,XSHG
3658,10000032.XSHG,1.0236,1.0236,2015-04-17,XSHG
3659,10000033.XSHG,1.0073,0.9414,2015-04-17,XSHG
3660,10000030.XSHG,0.0092,0.0085,2015-04-17,XSHG
3661,10000031.XSHG,1.0186,1.1086,2015-04-17,XSHG
3662,10000038.XSHG,0.0211,0.0188,2015-04-17,XSHG
3663,10000039.XSHG,0.0262,0.0252,2015-04-17,XSHG
3664,10000137.XSHG,0.0936,0.0921,2015-04-17,XSHG
3665,10000136.XSHG,0.3553,0.3781,2015-04-17,XSHG
3666,10000135.XSHG,0.4025,0.4269,2015-04-17,XSHG
3667,10000134.XSHG,0.088,0.0777,2015-04-17,XSHG
3668,10000133.XSHG,0.0651,0.0603,2015-04-17,XSHG
3669,10000132.XSHG,0.2977,0.3329,2015-04-17,XSHG
3670,10000131.XSHG,0.3296,0.366,2015-04-17,XSHG
3671,10000130.XSHG,0.0045,0.0023,2015-04-17,XSHG
3672,10000139.XSHG,0.4844,0.4928,2015-04-17,XSHG
3673,10000138.XSHG,0.1104,0.1028,2015-04-17,XSHG
3674,10000108.XSHG,0.5493,0.5737,2015-04-17,XSHG
3675,10000109.XSHG,0.4946,0.5282,2015-04-17,XSHG
3676,10000102.XSHG,0.0664,0.0592,2015-04-17,XSHG
3677,10000103.XSHG,0.5311,0.5423,2015-04-17,XSHG
3678,10000100.XSHG,0.0003,0.0004,2015-04-17,XSHG
3679,10000101.XSHG,0.4637,0.49,2015-04-17,XSHG
3680,10000106.XSHG,0.6365,0.6645,2015-04-17,XSHG
3681,10000107.XSHG,0.5852,0.62,2015-04-17,XSHG
3682,10000104.XSHG,0.1189,0.1077,2015-04-17,XSHG
3683,10000105.XSHG,0.6937,0.6989,2015-04-17,XSHG
3684,10000119.XSHG,0.4022,0.4399,2015-04-17,XSHG
3685,10000118.XSHG,0.0007,0.0005,2015-04-17,XSHG
3686,10000115.XSHG,0.4591,0.4887,2015-04-17,XSHG
3687,10000114.XSHG,0.0243,0.0229,2015-04-17,XSHG
3688,10000117.XSHG,0.3114,0.3303,2015-04-17,XSHG
3689,10000116.XSHG,0.0319,0.0286,2015-04-17,XSHG
3690,10000111.XSHG,0.0099,0.009,2015-04-17,XSHG
3691,10000110.XSHG,0.0078,0.007,2015-04-17,XSHG
3692,10000113.XSHG,0.0185,0.0169,2015-04-17,XSHG
3693,10000112.XSHG,0.014,0.0126,2015-04-17,XSHG
3694,10000029.XSHG,0.0072,0.0069,2015-04-17,XSHG
3695,10000028.XSHG,0.0057,0.0061,2015-04-17,XSHG
3696,10000021.XSHG,0.9927,1.0162,2015-04-17,XSHG
3697,10000020.XSHG,0.0001,0.0002,2015-04-17,XSHG
3698,10000023.XSHG,0.8935,0.9331,2015-04-17,XSHG
3699,10000022.XSHG,1.0115,0.9718,2015-04-17,XSHG
3700,10000025.XSHG,0.8716,0.8661,2015-04-17,XSHG
3701,10000024.XSHG,0.8443,0.8819,2015-04-17,XSHG
3702,10000027.XSHG,0.0044,0.0047,2015-04-17,XSHG
3703,10000026.XSHG,0.0039,0.005,2015-04-17,XSHG
3704,10000168.XSHG,0.123,0.1924,2015-04-20,XSHG
3705,10000169.XSHG,0.1587,0.1262,2015-04-20,XSHG
3706,10000160.XSHG,0.0596,0.1,2015-04-20,XSHG
3707,10000161.XSHG,0.2036,0.168,2015-04-20,XSHG
3708,10000162.XSHG,0.1733,0.2275,2015-04-20,XSHG
3709,10000163.XSHG,0.2648,0.2071,2015-04-20,XSHG
3710,10000164.XSHG,0.2208,0.2771,2015-04-20,XSHG
3711,10000165.XSHG,0.3291,0.307,2015-04-20,XSHG
3712,10000166.XSHG,0.3389,0.3232,2015-04-20,XSHG
3713,10000167.XSHG,0.0207,0.0011,2015-04-20,XSHG
3714,10000059.XSHG,0.6425,0.5443,2015-04-20,XSHG
3715,10000054.XSHG,0.0168,0.0259,2015-04-20,XSHG
3716,10000055.XSHG,0.81,0.81,2015-04-20,XSHG
3717,10000056.XSHG,0.0422,0.0524,2015-04-20,XSHG
3718,10000051.XSHG,0.6643,0.6,2015-04-20,XSHG
3719,10000052.XSHG,0.0001,0.0001,2015-04-20,XSHG
3720,10000053.XSHG,,,2015-04-20,XSHG
3721,10000179.XSHG,0.1735,0.141,2015-04-20,XSHG
3722,10000178.XSHG,0.2999,0.3706,2015-04-20,XSHG
3723,10000173.XSHG,0.3072,0.2815,2015-04-20,XSHG
3724,10000172.XSHG,0.2974,0.3333,2015-04-20,XSHG
3725,10000171.XSHG,0.2039,0.171,2015-04-20,XSHG
3726,10000170.XSHG,0.2467,0.305,2015-04-20,XSHG
3727,10000177.XSHG,0.135,0.106,2015-04-20,XSHG
3728,10000176.XSHG,0.2077,0.2882,2015-04-20,XSHG
3729,10000175.XSHG,0.0039,0.0007,2015-04-20,XSHG
3730,10000174.XSHG,0.3472,0.3897,2015-04-20,XSHG
3731,10000127.XSHG,0.3025,0.2075,2015-04-20,XSHG
3732,10000048.XSHG,0.0356,0.04,2015-04-20,XSHG
3733,10000047.XSHG,0.7597,0.7675,2015-04-20,XSHG
3734,10000046.XSHG,0.0126,0.0187,2015-04-20,XSHG
3735,10000045.XSHG,,,2015-04-20,XSHG
3736,10000044.XSHG,0.0001,0.0001,2015-04-20,XSHG
3737,10000043.XSHG,0.7102,0.6617,2015-04-20,XSHG
3738,10000040.XSHG,0.03,0.0331,2015-04-20,XSHG
3739,10000123.XSHG,0.4212,0.3964,2015-04-20,XSHG
3740,10000148.XSHG,0.1339,0.1599,2015-04-20,XSHG
3741,10000149.XSHG,0.4496,0.383,2015-04-20,XSHG
3742,10000146.XSHG,0.0869,0.1254,2015-04-20,XSHG
3743,10000147.XSHG,0.3492,0.3029,2015-04-20,XSHG
3744,10000144.XSHG,0.0011,0.0049,2015-04-20,XSHG
3745,10000145.XSHG,0.2977,0.2398,2015-04-20,XSHG
3746,10000142.XSHG,0.1744,0.1864,2015-04-20,XSHG
3747,10000143.XSHG,0.1979,0.111,2015-04-20,XSHG
3748,10000140.XSHG,0.48,0.5028,2015-04-20,XSHG
3749,10000141.XSHG,0.122,0.1663,2015-04-20,XSHG
3750,10000128.XSHG,0.2471,0.155,2015-04-20,XSHG
3751,10000129.XSHG,0.0005,0.0004,2015-04-20,XSHG
3752,10000072.XSHG,0.0672,0.0693,2015-04-20,XSHG
3753,10000070.XSHG,0.029,0.0405,2015-04-20,XSHG
3754,10000071.XSHG,0.7488,0.6249,2015-04-20,XSHG
3755,10000076.XSHG,0.0001,0.0001,2015-04-20,XSHG
3756,10000077.XSHG,0.6124,0.6119,2015-04-20,XSHG
3757,10000075.XSHG,0.5451,0.4578,2015-04-20,XSHG
3758,10000078.XSHG,0.0335,0.0489,2015-04-20,XSHG
3759,10000079.XSHG,0.69,0.6193,2015-04-20,XSHG
3760,10000011.XSHG,0.98,0.905,2015-04-20,XSHG
3761,10000012.XSHG,0.9035,0.863,2015-04-20,XSHG
3762,10000013.XSHG,0.898,0.8001,2015-04-20,XSHG
3763,10000014.XSHG,0.845,0.7538,2015-04-20,XSHG
3764,10000015.XSHG,0.7584,0.6959,2015-04-20,XSHG
3765,10000016.XSHG,0.0001,0.0001,2015-04-20,XSHG
3766,10000017.XSHG,0.0001,0.0001,2015-04-20,XSHG
3767,10000018.XSHG,0.0001,0.0001,2015-04-20,XSHG
3768,10000019.XSHG,0.0001,0.0001,2015-04-20,XSHG
3769,10000151.XSHG,0.1135,0.0386,2015-04-20,XSHG
3770,10000150.XSHG,0.2013,0.2302,2015-04-20,XSHG
3771,10000153.XSHG,0.238,0.1924,2015-04-20,XSHG
3772,10000152.XSHG,0.0061,0.0304,2015-04-20,XSHG
3773,10000155.XSHG,0.3181,0.248,2015-04-20,XSHG
3774,10000154.XSHG,0.1248,0.1719,2015-04-20,XSHG
3775,10000157.XSHG,0.3951,0.3746,2015-04-20,XSHG
3776,10000156.XSHG,0.1595,0.2023,2015-04-20,XSHG
3777,10000159.XSHG,0.0541,0.0068,2015-04-20,XSHG
3778,10000091.XSHG,0.4229,0.3443,2015-04-20,XSHG
3779,10000092.XSHG,0.0002,0.0002,2015-04-20,XSHG
3780,10000093.XSHG,0.4836,0.4544,2015-04-20,XSHG
3781,10000094.XSHG,0.0477,0.0735,2015-04-20,XSHG
3782,10000095.XSHG,0.6313,0.5519,2015-04-20,XSHG
3783,10000096.XSHG,0.1035,0.1146,2015-04-20,XSHG
3784,10000099.XSHG,0.3985,0.2958,2015-04-20,XSHG
3785,10000064.XSHG,0.0549,0.0589,2015-04-20,XSHG
3786,10000067.XSHG,0.5675,0.495,2015-04-20,XSHG
3787,10000061.XSHG,0.6161,0.6111,2015-04-20,XSHG
3788,10000060.XSHG,0.0001,0.0001,2015-04-20,XSHG
3789,10000063.XSHG,0.7027,0.6641,2015-04-20,XSHG
3790,10000062.XSHG,0.0207,0.03,2015-04-20,XSHG
3791,10000069.XSHG,0.6632,0.5972,2015-04-20,XSHG
3792,10000068.XSHG,0.0001,0.0001,2015-04-20,XSHG
3793,10000124.XSHG,0.0811,0.0998,2015-04-20,XSHG
3794,10000125.XSHG,0.4904,0.4905,2015-04-20,XSHG
3795,10000126.XSHG,0.1199,0.15,2015-04-20,XSHG
3796,10000088.XSHG,0.0843,0.098,2015-04-20,XSHG
3797,10000120.XSHG,0.3821,0.3237,2015-04-20,XSHG
3798,10000121.XSHG,0.0353,0.0536,2015-04-20,XSHG
3799,10000122.XSHG,0.0468,0.0684,2015-04-20,XSHG
3800,10000158.XSHG,0.1927,0.247,2015-04-20,XSHG
3801,10000083.XSHG,0.4893,0.4106,2015-04-20,XSHG
3802,10000080.XSHG,0.0767,0.0863,2015-04-20,XSHG
3803,10000087.XSHG,0.6019,0.5823,2015-04-20,XSHG
3804,10000086.XSHG,0.0362,0.062,2015-04-20,XSHG
3805,10000085.XSHG,0.5343,0.5301,2015-04-20,XSHG
3806,10000084.XSHG,0.0001,0.0001,2015-04-20,XSHG
3807,10000036.XSHG,0.0139,0.0179,2015-04-20,XSHG
3808,10000037.XSHG,0.016,0.0216,2015-04-20,XSHG
3809,10000034.XSHG,0.8787,0.8406,2015-04-20,XSHG
3810,10000035.XSHG,0.825,0.825,2015-04-20,XSHG
3811,10000032.XSHG,1.0648,1.0648,2015-04-20,XSHG
3812,10000033.XSHG,0.9493,0.8872,2015-04-20,XSHG
3813,10000030.XSHG,0.0102,0.0133,2015-04-20,XSHG
3814,10000031.XSHG,1.0288,0.9479,2015-04-20,XSHG
3815,10000038.XSHG,0.0199,0.0226,2015-04-20,XSHG
3816,10000039.XSHG,0.0252,0.0277,2015-04-20,XSHG
3817,10000137.XSHG,0.0962,0.1244,2015-04-20,XSHG
3818,10000136.XSHG,0.4014,0.3338,2015-04-20,XSHG
3819,10000135.XSHG,0.4301,0.3645,2015-04-20,XSHG
3820,10000134.XSHG,0.0751,0.1045,2015-04-20,XSHG
3821,10000133.XSHG,0.0584,0.087,2015-04-20,XSHG
3822,10000132.XSHG,0.338,0.2708,2015-04-20,XSHG
3823,10000131.XSHG,0.374,0.3086,2015-04-20,XSHG
3824,10000130.XSHG,0.001,0.0012,2015-04-20,XSHG
3825,10000139.XSHG,0.5028,0.4533,2015-04-20,XSHG
3826,10000138.XSHG,0.1127,0.136,2015-04-20,XSHG
3827,10000108.XSHG,0.5478,0.4939,2015-04-20,XSHG
3828,10000109.XSHG,0.5081,0.4408,2015-04-20,XSHG
3829,10000102.XSHG,0.0673,0.0765,2015-04-20,XSHG
3830,10000103.XSHG,0.5775,0.5169,2015-04-20,XSHG
3831,10000100.XSHG,0.0001,0.0002,2015-04-20,XSHG
3832,10000101.XSHG,0.5043,0.4928,2015-04-20,XSHG
3833,10000106.XSHG,0.6345,0.5975,2015-04-20,XSHG
3834,10000107.XSHG,0.605,0.5911,2015-04-20,XSHG
3835,10000104.XSHG,0.112,0.1274,2015-04-20,XSHG
3836,10000105.XSHG,0.6988,0.6451,2015-04-20,XSHG
3837,10000029.XSHG,0.0085,0.0076,2015-04-20,XSHG
3838,10000119.XSHG,0.445,0.3672,2015-04-20,XSHG
3839,10000118.XSHG,0.0004,0.0003,2015-04-20,XSHG
3840,10000115.XSHG,0.4702,0.4182,2015-04-20,XSHG
3841,10000114.XSHG,0.0225,0.0327,2015-04-20,XSHG
3842,10000117.XSHG,0.3495,0.2456,2015-04-20,XSHG
3843,10000116.XSHG,0.0279,0.0414,2015-04-20,XSHG
3844,10000111.XSHG,0.0093,0.0141,2015-04-20,XSHG
3845,10000110.XSHG,0.0097,0.0115,2015-04-20,XSHG
3846,10000113.XSHG,0.0166,0.0244,2015-04-20,XSHG
3847,10000112.XSHG,0.0125,0.0193,2015-04-20,XSHG
3848,10000182.XSHG,0.4328,0.4486,2015-04-20,XSHG
3849,10000028.XSHG,0.0085,0.0085,2015-04-20,XSHG
3850,10000180.XSHG,0.3608,0.4046,2015-04-20,XSHG
3851,10000181.XSHG,0.28,0.2696,2015-04-20,XSHG
3852,10000021.XSHG,1.0511,0.9545,2015-04-20,XSHG
3853,10000020.XSHG,0.0002,0.0001,2015-04-20,XSHG
3854,10000023.XSHG,0.895,0.8366,2015-04-20,XSHG
3855,10000022.XSHG,0.9316,0.9316,2015-04-20,XSHG
3856,10000025.XSHG,0.7617,0.7219,2015-04-20,XSHG
3857,10000024.XSHG,0.838,0.7413,2015-04-20,XSHG
3858,10000027.XSHG,0.0057,0.0075,2015-04-20,XSHG
3859,10000026.XSHG,0.0045,0.006,2015-04-20,XSHG
3860,10000168.XSHG,0.1902,0.1671,2015-04-21,XSHG
3861,10000169.XSHG,0.1267,0.1361,2015-04-21,XSHG
3862,10000160.XSHG,0.0965,0.0591,2015-04-21,XSHG
3863,10000161.XSHG,0.168,0.17,2015-04-21,XSHG
3864,10000162.XSHG,0.2282,0.2102,2015-04-21,XSHG
3865,10000163.XSHG,0.22,0.2272,2015-04-21,XSHG
3866,10000164.XSHG,0.2447,0.2663,2015-04-21,XSHG
3867,10000165.XSHG,0.3057,0.3355,2015-04-21,XSHG
3868,10000166.XSHG,0.3525,0.3404,2015-04-21,XSHG
3869,10000167.XSHG,0.0018,0.0001,2015-04-21,XSHG
3870,10000059.XSHG,0.5742,0.5934,2015-04-21,XSHG
3871,10000054.XSHG,0.0238,0.0215,2015-04-21,XSHG
3872,10000055.XSHG,0.74,0.7285,2015-04-21,XSHG
3873,10000056.XSHG,0.0543,0.055,2015-04-21,XSHG
3874,10000051.XSHG,0.6263,0.6356,2015-04-21,XSHG
3875,10000052.XSHG,0.0001,0.0002,2015-04-21,XSHG
3876,10000053.XSHG,,,2015-04-21,XSHG
3877,10000179.XSHG,0.1568,0.1561,2015-04-21,XSHG
3878,10000178.XSHG,0.3569,0.352,2015-04-21,XSHG
3879,10000173.XSHG,0.2728,0.306,2015-04-21,XSHG
3880,10000172.XSHG,0.3385,0.3513,2015-04-21,XSHG
3881,10000171.XSHG,0.1766,0.186,2015-04-21,XSHG
3882,10000170.XSHG,0.2969,0.2745,2015-04-21,XSHG
3883,10000177.XSHG,0.1048,0.1072,2015-04-21,XSHG
3884,10000176.XSHG,0.2859,0.2663,2015-04-21,XSHG
3885,10000175.XSHG,0.0005,0.0002,2015-04-21,XSHG
3886,10000174.XSHG,0.4215,0.3809,2015-04-21,XSHG
3887,10000127.XSHG,0.2148,0.2337,2015-04-21,XSHG
3888,10000048.XSHG,0.0454,0.0432,2015-04-21,XSHG
3889,10000047.XSHG,0.7436,0.7483,2015-04-21,XSHG
3890,10000046.XSHG,0.019,0.0162,2015-04-21,XSHG
3891,10000045.XSHG,0.6547,0.6547,2015-04-21,XSHG
3892,10000044.XSHG,0.0001,0.0001,2015-04-21,XSHG
3893,10000043.XSHG,0.6775,0.6849,2015-04-21,XSHG
3894,10000040.XSHG,0.0391,0.0355,2015-04-21,XSHG
3895,10000123.XSHG,0.3696,0.3779,2015-04-21,XSHG
3896,10000148.XSHG,0.1488,0.1608,2015-04-21,XSHG
3897,10000149.XSHG,0.4023,0.4136,2015-04-21,XSHG
3898,10000146.XSHG,0.1211,0.1098,2015-04-21,XSHG
3899,10000147.XSHG,0.3047,0.3119,2015-04-21,XSHG
3900,10000144.XSHG,0.0034,0.0002,2015-04-21,XSHG
3901,10000145.XSHG,0.2487,0.2611,2015-04-21,XSHG
3902,10000142.XSHG,0.2012,0.2012,2015-04-21,XSHG
3903,10000143.XSHG,0.1148,0.136,2015-04-21,XSHG
3904,10000140.XSHG,0.4231,0.4166,2015-04-21,XSHG
3905,10000141.XSHG,0.1795,0.1793,2015-04-21,XSHG
3906,10000128.XSHG,0.1605,0.188,2015-04-21,XSHG
3907,10000129.XSHG,0.0003,0.0002,2015-04-21,XSHG
3908,10000072.XSHG,0.0782,0.0795,2015-04-21,XSHG
3909,10000070.XSHG,0.0392,0.0374,2015-04-21,XSHG
3910,10000071.XSHG,0.6661,0.6661,2015-04-21,XSHG
3911,10000076.XSHG,0.0001,0.0001,2015-04-21,XSHG
3912,10000077.XSHG,0.5377,0.5395,2015-04-21,XSHG
3913,10000075.XSHG,0.4543,0.48,2015-04-21,XSHG
3914,10000078.XSHG,0.0477,0.0422,2015-04-21,XSHG
3915,10000079.XSHG,,,2015-04-21,XSHG
3916,10000011.XSHG,0.9275,0.9349,2015-04-21,XSHG
3917,10000012.XSHG,0.8775,0.879,2015-04-21,XSHG
3918,10000013.XSHG,0.8275,0.8355,2015-04-21,XSHG
3919,10000014.XSHG,0.7775,0.77,2015-04-21,XSHG
3920,10000015.XSHG,0.7275,0.7208,2015-04-21,XSHG
3921,10000016.XSHG,0.0001,0.0001,2015-04-21,XSHG
3922,10000017.XSHG,0.0001,0.0002,2015-04-21,XSHG
3923,10000018.XSHG,0.0001,0.0001,2015-04-21,XSHG
3924,10000019.XSHG,0.0001,0.0001,2015-04-21,XSHG
3925,10000151.XSHG,0.0382,0.0403,2015-04-21,XSHG
3926,10000150.XSHG,0.232,0.2422,2015-04-21,XSHG
3927,10000153.XSHG,0.1992,0.2151,2015-04-21,XSHG
3928,10000152.XSHG,0.027,0.0052,2015-04-21,XSHG
3929,10000155.XSHG,0.2587,0.272,2015-04-21,XSHG
3930,10000154.XSHG,0.1682,0.1534,2015-04-21,XSHG
3931,10000157.XSHG,0.3748,0.3887,2015-04-21,XSHG
3932,10000156.XSHG,0.1948,0.205,2015-04-21,XSHG
3933,10000159.XSHG,0.0068,0.0027,2015-04-21,XSHG
3934,10000091.XSHG,0.3664,0.3704,2015-04-21,XSHG
3935,10000092.XSHG,0.0001,0.0001,2015-04-21,XSHG
3936,10000093.XSHG,0.4333,0.4493,2015-04-21,XSHG
3937,10000094.XSHG,0.0686,0.0686,2015-04-21,XSHG
3938,10000095.XSHG,0.5562,0.5442,2015-04-21,XSHG
3939,10000096.XSHG,0.1197,0.122,2015-04-21,XSHG
3940,10000099.XSHG,0.3147,0.3344,2015-04-21,XSHG
3941,10000064.XSHG,0.0649,0.066,2015-04-21,XSHG
3942,10000067.XSHG,0.5199,0.5288,2015-04-21,XSHG
3943,10000061.XSHG,0.6189,0.617,2015-04-21,XSHG
3944,10000060.XSHG,0.0001,0.0002,2015-04-21,XSHG
3945,10000063.XSHG,0.6641,0.6986,2015-04-21,XSHG
3946,10000062.XSHG,0.0317,0.0276,2015-04-21,XSHG
3947,10000069.XSHG,,,2015-04-21,XSHG
3948,10000068.XSHG,0.0001,0.0002,2015-04-21,XSHG
3949,10000124.XSHG,,,2015-04-21,XSHG
3950,10000125.XSHG,0.475,0.4727,2015-04-21,XSHG
3951,10000126.XSHG,0.1541,0.1544,2015-04-21,XSHG
3952,10000088.XSHG,0.105,0.1015,2015-04-21,XSHG
3953,10000120.XSHG,0.3386,0.3678,2015-04-21,XSHG
3954,10000121.XSHG,0.052,0.0465,2015-04-21,XSHG
3955,10000122.XSHG,0.0668,0.06,2015-04-21,XSHG
3956,10000158.XSHG,0.2952,0.2741,2015-04-21,XSHG
3957,10000083.XSHG,0.4258,0.4296,2015-04-21,XSHG
3958,10000080.XSHG,0.0905,0.0884,2015-04-21,XSHG
3959,10000087.XSHG,,,2015-04-21,XSHG
3960,10000086.XSHG,0.0578,0.0501,2015-04-21,XSHG
3961,10000085.XSHG,0.5017,0.5382,2015-04-21,XSHG
3962,10000084.XSHG,0.0001,0.0001,2015-04-21,XSHG
3963,10000036.XSHG,0.0171,0.0149,2015-04-21,XSHG
3964,10000037.XSHG,0.0204,0.0205,2015-04-21,XSHG
3965,10000034.XSHG,0.8411,0.8411,2015-04-21,XSHG
3966,10000035.XSHG,0.8118,0.7971,2015-04-21,XSHG
3967,10000032.XSHG,0.9264,0.9264,2015-04-21,XSHG
3968,10000033.XSHG,0.8651,0.8813,2015-04-21,XSHG
3969,10000030.XSHG,0.014,0.0123,2015-04-21,XSHG
3970,10000031.XSHG,0.8983,0.9702,2015-04-21,XSHG
3971,10000038.XSHG,0.0256,0.0257,2015-04-21,XSHG
3972,10000039.XSHG,0.0324,0.0316,2015-04-21,XSHG
3973,10000137.XSHG,0.1163,0.123,2015-04-21,XSHG
3974,10000136.XSHG,0.34,0.3578,2015-04-21,XSHG
3975,10000135.XSHG,0.3439,0.3439,2015-04-21,XSHG
3976,10000134.XSHG,0.1009,0.0884,2015-04-21,XSHG
3977,10000133.XSHG,0.0847,0.0732,2015-04-21,XSHG
3978,10000132.XSHG,0.2806,0.295,2015-04-21,XSHG
3979,10000131.XSHG,0.3121,0.328,2015-04-21,XSHG
3980,10000130.XSHG,0.0007,0.0001,2015-04-21,XSHG
3981,10000139.XSHG,0.4654,0.4488,2015-04-21,XSHG
3982,10000138.XSHG,0.1435,0.1365,2015-04-21,XSHG
3983,10000108.XSHG,0.495,0.524,2015-04-21,XSHG
3984,10000109.XSHG,0.4571,0.4749,2015-04-21,XSHG
3985,10000102.XSHG,0.081,0.0787,2015-04-21,XSHG
3986,10000103.XSHG,0.5023,0.5077,2015-04-21,XSHG
3987,10000100.XSHG,0.0001,0.0001,2015-04-21,XSHG
3988,10000101.XSHG,0.4041,0.3945,2015-04-21,XSHG
3989,10000106.XSHG,0.5885,0.6275,2015-04-21,XSHG
3990,10000107.XSHG,0.5651,0.5427,2015-04-21,XSHG
3991,10000104.XSHG,0.1384,0.1338,2015-04-21,XSHG
3992,10000105.XSHG,0.6579,0.659,2015-04-21,XSHG
3993,10000029.XSHG,0.0122,0.0107,2015-04-21,XSHG
3994,10000119.XSHG,0.3808,0.4053,2015-04-21,XSHG
3995,10000118.XSHG,0.0001,0.0001,2015-04-21,XSHG
3996,10000115.XSHG,0.418,0.4252,2015-04-21,XSHG
3997,10000114.XSHG,0.0319,0.0275,2015-04-21,XSHG
3998,10000117.XSHG,0.263,0.2799,2015-04-21,XSHG
3999,10000116.XSHG,0.0409,0.0344,2015-04-21,XSHG
4000,10000111.XSHG,0.014,0.0109,2015-04-21,XSHG
4001,10000110.XSHG,0.0114,0.0106,2015-04-21,XSHG
4002,10000113.XSHG,0.0246,0.0203,2015-04-21,XSHG
4003,10000112.XSHG,0.0189,0.0156,2015-04-21,XSHG
4004,10000182.XSHG,0.4504,0.4728,2015-04-21,XSHG
4005,10000028.XSHG,0.0089,0.0083,2015-04-21,XSHG
4006,10000180.XSHG,,,2015-04-21,XSHG
4007,10000181.XSHG,0.2521,0.2902,2015-04-21,XSHG
4008,10000021.XSHG,0.9501,0.965,2015-04-21,XSHG
4009,10000020.XSHG,0.0001,0.0001,2015-04-21,XSHG
4010,10000023.XSHG,0.85,0.85,2015-04-21,XSHG
4011,10000022.XSHG,0.8334,0.89,2015-04-21,XSHG
4012,10000025.XSHG,0.7631,0.7453,2015-04-21,XSHG
4013,10000024.XSHG,0.74,0.8193,2015-04-21,XSHG
4014,10000027.XSHG,0.007,0.0065,2015-04-21,XSHG
4015,10000026.XSHG,0.0056,0.0056,2015-04-21,XSHG
4016,10000168.XSHG,0.1558,0.0634,2015-04-22,XSHG
4017,10000169.XSHG,0.1498,0.1605,2015-04-22,XSHG
4018,10000160.XSHG,0.0572,0.0004,2015-04-22,XSHG
4019,10000161.XSHG,0.18,0.2105,2015-04-22,XSHG
4020,10000162.XSHG,0.2026,0.1621,2015-04-22,XSHG
4021,10000163.XSHG,0.231,0.2736,2015-04-22,XSHG
4022,10000164.XSHG,0.2473,0.2138,2015-04-22,XSHG
4023,10000165.XSHG,0.3707,0.3838,2015-04-22,XSHG
4024,10000166.XSHG,0.306,0.2916,2015-04-22,XSHG
4025,10000167.XSHG,0.0004,0.0001,2015-04-22,XSHG
4026,10000059.XSHG,0.615,0.6499,2015-04-22,XSHG
4027,10000054.XSHG,0.0202,0.0167,2015-04-22,XSHG
4028,10000055.XSHG,,,2015-04-22,XSHG
4029,10000056.XSHG,0.0518,0.046,2015-04-22,XSHG
4030,10000051.XSHG,0.6646,0.7459,2015-04-22,XSHG
4031,10000052.XSHG,0.0001,0.0001,2015-04-22,XSHG
4032,10000053.XSHG,0.6809,0.7218,2015-04-22,XSHG
4033,10000179.XSHG,0.163,0.1979,2015-04-22,XSHG
4034,10000178.XSHG,0.3357,0.27,2015-04-22,XSHG
4035,10000173.XSHG,0.3134,0.3666,2015-04-22,XSHG
4036,10000172.XSHG,0.2868,0.2888,2015-04-22,XSHG
4037,10000171.XSHG,0.1951,0.233,2015-04-22,XSHG
4038,10000170.XSHG,0.2645,0.2106,2015-04-22,XSHG
4039,10000177.XSHG,0.1109,0.126,2015-04-22,XSHG
4040,10000176.XSHG,0.2495,0.1676,2015-04-22,XSHG
4041,10000175.XSHG,0.0001,0.0001,2015-04-22,XSHG
4042,10000174.XSHG,0.3448,0.3448,2015-04-22,XSHG
4043,10000127.XSHG,0.2501,0.3259,2015-04-22,XSHG
4044,10000048.XSHG,0.0428,0.039,2015-04-22,XSHG
4045,10000047.XSHG,0.814,0.8131,2015-04-22,XSHG
4046,10000046.XSHG,0.0154,0.0131,2015-04-22,XSHG
4047,10000045.XSHG,,,2015-04-22,XSHG
4048,10000044.XSHG,0.0001,0.0001,2015-04-22,XSHG
4049,10000043.XSHG,0.7104,0.7971,2015-04-22,XSHG
4050,10000040.XSHG,0.0357,0.0325,2015-04-22,XSHG
4051,10000123.XSHG,0.447,0.455,2015-04-22,XSHG
4052,10000148.XSHG,0.1434,0.123,2015-04-22,XSHG
4053,10000149.XSHG,0.4309,0.5109,2015-04-22,XSHG
4054,10000146.XSHG,0.109,0.0718,2015-04-22,XSHG
4055,10000147.XSHG,0.35,0.3854,2015-04-22,XSHG
4056,10000144.XSHG,0.0004,0.0001,2015-04-22,XSHG
4057,10000145.XSHG,0.2799,0.3275,2015-04-22,XSHG
4058,10000142.XSHG,,,2015-04-22,XSHG
4059,10000143.XSHG,0.1465,0.2302,2015-04-22,XSHG
4060,10000140.XSHG,0.4573,0.4606,2015-04-22,XSHG
4061,10000141.XSHG,0.1563,0.1561,2015-04-22,XSHG
4062,10000128.XSHG,0.1984,0.281,2015-04-22,XSHG
4063,10000129.XSHG,0.0002,0.0001,2015-04-22,XSHG
4064,10000072.XSHG,,,2015-04-22,XSHG
4065,10000070.XSHG,0.0325,0.0256,2015-04-22,XSHG
4066,10000071.XSHG,0.6633,0.7403,2015-04-22,XSHG
4067,10000076.XSHG,0.0001,0.0001,2015-04-22,XSHG
4068,10000077.XSHG,0.6308,0.6308,2015-04-22,XSHG
4069,10000075.XSHG,0.5007,0.5756,2015-04-22,XSHG
4070,10000078.XSHG,0.04,0.0319,2015-04-22,XSHG
4071,10000079.XSHG,,,2015-04-22,XSHG
4072,10000011.XSHG,0.95,1.0465,2015-04-22,XSHG
4073,10000012.XSHG,0.9104,0.9732,2015-04-22,XSHG
4074,10000013.XSHG,0.8673,0.9232,2015-04-22,XSHG
4075,10000014.XSHG,0.8,0.8358,2015-04-22,XSHG
4076,10000015.XSHG,0.764,0.8497,2015-04-22,XSHG
4077,10000016.XSHG,0.0001,0.0001,2015-04-22,XSHG
4078,10000017.XSHG,0.0001,0.0001,2015-04-22,XSHG
4079,10000018.XSHG,0.0001,0.0001,2015-04-22,XSHG
4080,10000019.XSHG,0.0001,0.0001,2015-04-22,XSHG
4081,10000151.XSHG,0.049,0.132,2015-04-22,XSHG
4082,10000150.XSHG,0.2214,0.1908,2015-04-22,XSHG
4083,10000153.XSHG,0.225,0.261,2015-04-22,XSHG
4084,10000152.XSHG,0.0047,0.0001,2015-04-22,XSHG
4085,10000155.XSHG,0.2881,0.3182,2015-04-22,XSHG
4086,10000154.XSHG,0.153,0.1087,2015-04-22,XSHG
4087,10000157.XSHG,0.3838,0.4286,2015-04-22,XSHG
4088,10000156.XSHG,0.18,0.1573,2015-04-22,XSHG
4089,10000159.XSHG,0.0043,0.0201,2015-04-22,XSHG
4090,10000091.XSHG,0.39,0.4892,2015-04-22,XSHG
4091,10000092.XSHG,0.0001,0.0001,2015-04-22,XSHG
4092,10000093.XSHG,0.5119,0.5278,2015-04-22,XSHG
4093,10000094.XSHG,0.0514,0.0467,2015-04-22,XSHG
4094,10000095.XSHG,0.6009,0.6088,2015-04-22,XSHG
4095,10000096.XSHG,0.1101,0.1101,2015-04-22,XSHG
4096,10000099.XSHG,0.3538,0.4367,2015-04-22,XSHG
4097,10000064.XSHG,0.055,0.0579,2015-04-22,XSHG
4098,10000067.XSHG,0.563,0.6354,2015-04-22,XSHG
4099,10000061.XSHG,0.637,0.7158,2015-04-22,XSHG
4100,10000060.XSHG,0.0001,0.0001,2015-04-22,XSHG
4101,10000063.XSHG,0.7375,0.7375,2015-04-22,XSHG
4102,10000062.XSHG,0.026,0.0209,2015-04-22,XSHG
4103,10000069.XSHG,0.6718,0.6718,2015-04-22,XSHG
4104,10000068.XSHG,0.0001,0.0001,2015-04-22,XSHG
4105,10000124.XSHG,0.082,0.0712,2015-04-22,XSHG
4106,10000125.XSHG,0.5204,0.545,2015-04-22,XSHG
4107,10000126.XSHG,0.1445,0.1442,2015-04-22,XSHG
4108,10000088.XSHG,0.0956,0.0901,2015-04-22,XSHG
4109,10000120.XSHG,0.3788,0.4369,2015-04-22,XSHG
4110,10000121.XSHG,0.0433,0.0275,2015-04-22,XSHG
4111,10000122.XSHG,0.0571,0.0359,2015-04-22,XSHG
4112,10000158.XSHG,0.2775,0.2404,2015-04-22,XSHG
4113,10000083.XSHG,0.451,0.5198,2015-04-22,XSHG
4114,10000080.XSHG,,,2015-04-22,XSHG
4115,10000087.XSHG,,,2015-04-22,XSHG
4116,10000086.XSHG,0.0453,0.043,2015-04-22,XSHG
4117,10000085.XSHG,0.5808,0.5808,2015-04-22,XSHG
4118,10000084.XSHG,0.0001,0.0001,2015-04-22,XSHG
4119,10000036.XSHG,0.0153,0.0136,2015-04-22,XSHG
4120,10000037.XSHG,0.0193,0.0173,2015-04-22,XSHG
4121,10000034.XSHG,0.9002,0.9002,2015-04-22,XSHG
4122,10000035.XSHG,0.8853,0.8853,2015-04-22,XSHG
4123,10000032.XSHG,1.0031,1.0212,2015-04-22,XSHG
4124,10000033.XSHG,,,2015-04-22,XSHG
4125,10000030.XSHG,0.0127,0.0097,2015-04-22,XSHG
4126,10000031.XSHG,1.036,1.0999,2015-04-22,XSHG
4127,10000038.XSHG,0.0238,0.0216,2015-04-22,XSHG
4128,10000039.XSHG,0.0294,0.0265,2015-04-22,XSHG
4129,10000137.XSHG,0.1057,0.0872,2015-04-22,XSHG
4130,10000136.XSHG,0.3801,0.3881,2015-04-22,XSHG
4131,10000135.XSHG,0.4051,0.4051,2015-04-22,XSHG
4132,10000134.XSHG,0.0854,0.0595,2015-04-22,XSHG
4133,10000133.XSHG,0.0708,0.046,2015-04-22,XSHG
4134,10000132.XSHG,0.3058,0.3648,2015-04-22,XSHG
4135,10000131.XSHG,0.3401,0.395,2015-04-22,XSHG
4136,10000130.XSHG,0.0004,0.0001,2015-04-22,XSHG
4137,10000139.XSHG,0.4781,0.5033,2015-04-22,XSHG
4138,10000138.XSHG,,,2015-04-22,XSHG
4139,10000108.XSHG,0.5435,0.6192,2015-04-22,XSHG
4140,10000109.XSHG,0.4917,0.5529,2015-04-22,XSHG
4141,10000102.XSHG,,,2015-04-22,XSHG
4142,10000103.XSHG,0.5401,0.5568,2015-04-22,XSHG
4143,10000100.XSHG,0.0001,0.0001,2015-04-22,XSHG
4144,10000101.XSHG,0.4888,0.492,2015-04-22,XSHG
4145,10000106.XSHG,0.6814,0.7029,2015-04-22,XSHG
4146,10000107.XSHG,0.5905,0.6508,2015-04-22,XSHG
4147,10000104.XSHG,0.1218,0.117,2015-04-22,XSHG
4148,10000105.XSHG,0.6809,0.7674,2015-04-22,XSHG
4149,10000029.XSHG,0.0104,0.0085,2015-04-22,XSHG
4150,10000119.XSHG,0.4055,0.48,2015-04-22,XSHG
4151,10000118.XSHG,0.0019,0.0001,2015-04-22,XSHG
4152,10000115.XSHG,0.4409,0.52,2015-04-22,XSHG
4153,10000114.XSHG,0.0265,0.0157,2015-04-22,XSHG
4154,10000117.XSHG,0.302,0.3743,2015-04-22,XSHG
4155,10000116.XSHG,0.0336,0.0203,2015-04-22,XSHG
4156,10000111.XSHG,0.0113,0.0079,2015-04-22,XSHG
4157,10000110.XSHG,0.008,0.0058,2015-04-22,XSHG
4158,10000113.XSHG,0.0198,0.0117,2015-04-22,XSHG
4159,10000112.XSHG,0.0154,0.0099,2015-04-22,XSHG
4160,10000182.XSHG,0.417,0.3875,2015-04-22,XSHG
4161,10000028.XSHG,0.008,0.0078,2015-04-22,XSHG
4162,10000180.XSHG,0.3545,0.3403,2015-04-22,XSHG
4163,10000181.XSHG,0.292,0.3061,2015-04-22,XSHG
4164,10000021.XSHG,0.98,1.0387,2015-04-22,XSHG
4165,10000020.XSHG,0.0002,0.0001,2015-04-22,XSHG
4166,10000023.XSHG,0.9,0.9269,2015-04-22,XSHG
4167,10000022.XSHG,0.9806,0.9806,2015-04-22,XSHG
4168,10000025.XSHG,0.8003,0.8349,2015-04-22,XSHG
4169,10000024.XSHG,0.8177,0.891,2015-04-22,XSHG
4170,10000027.XSHG,0.0056,0.0063,2015-04-22,XSHG
4171,10000026.XSHG,0.0052,0.0059,2015-04-22,XSHG
4172,10000169.XSHG,0.1661,0.1511,2015-04-23,XSHG
4173,10000161.XSHG,0.2183,0.1937,2015-04-23,XSHG
4174,10000162.XSHG,0.1562,0.1649,2015-04-23,XSHG
4175,10000163.XSHG,0.2762,0.2483,2015-04-23,XSHG
4176,10000164.XSHG,0.2062,0.2178,2015-04-23,XSHG
4177,10000165.XSHG,0.37,0.3659,2015-04-23,XSHG
4178,10000166.XSHG,0.3055,0.3075,2015-04-23,XSHG
4179,10000191.XSHG,0.396,0.4116,2015-04-23,XSHG
4180,10000190.XSHG,0.3353,0.3521,2015-04-23,XSHG
4181,10000192.XSHG,0.462,0.4754,2015-04-23,XSHG
4182,10000054.XSHG,0.0165,0.0167,2015-04-23,XSHG
4183,10000055.XSHG,,,2015-04-23,XSHG
4184,10000056.XSHG,0.0441,0.0477,2015-04-23,XSHG
4185,10000053.XSHG,0.77,0.7602,2015-04-23,XSHG
4186,10000179.XSHG,0.1948,0.1683,2015-04-23,XSHG
4187,10000178.XSHG,0.2699,0.2897,2015-04-23,XSHG
4188,10000173.XSHG,0.33,0.3251,2015-04-23,XSHG
4189,10000172.XSHG,0.2645,0.278,2015-04-23,XSHG
4190,10000171.XSHG,0.2309,0.2116,2015-04-23,XSHG
4191,10000170.XSHG,0.2088,0.2313,2015-04-23,XSHG
4192,10000177.XSHG,0.1305,0.1186,2015-04-23,XSHG
4193,10000174.XSHG,0.3565,0.3456,2015-04-23,XSHG
4194,10000048.XSHG,0.0368,0.0384,2015-04-23,XSHG
4195,10000047.XSHG,,,2015-04-23,XSHG
4196,10000046.XSHG,0.013,0.0139,2015-04-23,XSHG
4197,10000045.XSHG,0.8542,0.8032,2015-04-23,XSHG
4198,10000040.XSHG,0.0313,0.0326,2015-04-23,XSHG
4199,10000148.XSHG,0.1157,0.1249,2015-04-23,XSHG
4200,10000149.XSHG,0.5042,0.4673,2015-04-23,XSHG
4201,10000146.XSHG,0.0704,0.0807,2015-04-23,XSHG
4202,10000147.XSHG,0.387,0.3611,2015-04-23,XSHG
4203,10000145.XSHG,0.3396,0.2939,2015-04-23,XSHG
4204,10000142.XSHG,,,2015-04-23,XSHG
4205,10000140.XSHG,,,2015-04-23,XSHG
4206,10000141.XSHG,0.1526,0.1514,2015-04-23,XSHG
4207,10000072.XSHG,,,2015-04-23,XSHG
4208,10000070.XSHG,0.025,0.028,2015-04-23,XSHG
4209,10000071.XSHG,,,2015-04-23,XSHG
4210,10000077.XSHG,0.6406,0.599,2015-04-23,XSHG
4211,10000078.XSHG,0.0311,0.0318,2015-04-23,XSHG
4212,10000079.XSHG,0.765,0.765,2015-04-23,XSHG
4213,10000150.XSHG,0.2015,0.1916,2015-04-23,XSHG
4214,10000153.XSHG,0.2706,0.2443,2015-04-23,XSHG
4215,10000155.XSHG,0.33,0.2938,2015-04-23,XSHG
4216,10000154.XSHG,0.1051,0.118,2015-04-23,XSHG
4217,10000157.XSHG,0.4101,0.4372,2015-04-23,XSHG
4218,10000156.XSHG,0.1626,0.1701,2015-04-23,XSHG
4219,10000158.XSHG,0.2501,0.223,2015-04-23,XSHG
4220,10000093.XSHG,0.5522,0.5222,2015-04-23,XSHG
4221,10000094.XSHG,0.0453,0.0503,2015-04-23,XSHG
4222,10000095.XSHG,,,2015-04-23,XSHG
4223,10000096.XSHG,,,2015-04-23,XSHG
4224,10000064.XSHG,0.0546,0.0562,2015-04-23,XSHG
4225,10000061.XSHG,0.7106,0.6936,2015-04-23,XSHG
4226,10000063.XSHG,0.8352,0.798,2015-04-23,XSHG
4227,10000062.XSHG,0.0203,0.0209,2015-04-23,XSHG
4228,10000069.XSHG,0.6254,0.6284,2015-04-23,XSHG
4229,10000124.XSHG,0.0681,0.0749,2015-04-23,XSHG
4230,10000125.XSHG,,,2015-04-23,XSHG
4231,10000126.XSHG,,,2015-04-23,XSHG
4232,10000088.XSHG,0.0802,0.0871,2015-04-23,XSHG
4233,10000120.XSHG,0.4303,0.4173,2015-04-23,XSHG
4234,10000121.XSHG,0.0268,0.0303,2015-04-23,XSHG
4235,10000122.XSHG,0.0349,0.0397,2015-04-23,XSHG
4236,10000123.XSHG,0.4795,0.4497,2015-04-23,XSHG
4237,10000080.XSHG,0.0702,0.0702,2015-04-23,XSHG
4238,10000087.XSHG,0.724,0.6397,2015-04-23,XSHG
4239,10000086.XSHG,0.0376,0.043,2015-04-23,XSHG
4240,10000085.XSHG,0.5919,0.5617,2015-04-23,XSHG
4241,10000036.XSHG,0.0159,0.0148,2015-04-23,XSHG
4242,10000037.XSHG,0.0189,0.0186,2015-04-23,XSHG
4243,10000034.XSHG,,,2015-04-23,XSHG
4244,10000035.XSHG,0.8911,0.9255,2015-04-23,XSHG
4245,10000032.XSHG,1.0138,1.022,2015-04-23,XSHG
4246,10000033.XSHG,1.06,1.06,2015-04-23,XSHG
4247,10000030.XSHG,0.0107,0.0102,2015-04-23,XSHG
4248,10000031.XSHG,1.1375,1.0851,2015-04-23,XSHG
4249,10000038.XSHG,0.0224,0.023,2015-04-23,XSHG
4250,10000039.XSHG,0.0265,0.0266,2015-04-23,XSHG
4251,10000137.XSHG,0.0815,0.0896,2015-04-23,XSHG
4252,10000136.XSHG,0.4069,0.3722,2015-04-23,XSHG
4253,10000135.XSHG,0.454,0.4213,2015-04-23,XSHG
4254,10000134.XSHG,0.0559,0.0641,2015-04-23,XSHG
4255,10000133.XSHG,0.0446,0.0479,2015-04-23,XSHG
4256,10000132.XSHG,0.371,0.337,2015-04-23,XSHG
4257,10000131.XSHG,0.3871,0.3595,2015-04-23,XSHG
4258,10000139.XSHG,,,2015-04-23,XSHG
4259,10000138.XSHG,0.0976,0.1022,2015-04-23,XSHG
4260,10000108.XSHG,0.6122,0.5643,2015-04-23,XSHG
4261,10000109.XSHG,0.5529,0.523,2015-04-23,XSHG
4262,10000102.XSHG,0.0563,0.0644,2015-04-23,XSHG
4263,10000103.XSHG,,,2015-04-23,XSHG
4264,10000101.XSHG,0.5159,0.4815,2015-04-23,XSHG
4265,10000106.XSHG,0.6767,0.6591,2015-04-23,XSHG
4266,10000107.XSHG,0.6285,0.63,2015-04-23,XSHG
4267,10000104.XSHG,0.1166,0.1267,2015-04-23,XSHG
4268,10000105.XSHG,0.7771,0.7375,2015-04-23,XSHG
4269,10000029.XSHG,0.008,0.0084,2015-04-23,XSHG
4270,10000028.XSHG,0.0079,0.0079,2015-04-23,XSHG
4271,10000119.XSHG,0.47,0.4594,2015-04-23,XSHG
4272,10000115.XSHG,0.5355,0.4933,2015-04-23,XSHG
4273,10000114.XSHG,0.0154,0.0176,2015-04-23,XSHG
4274,10000116.XSHG,0.0198,0.0219,2015-04-23,XSHG
4275,10000111.XSHG,0.0076,0.0059,2015-04-23,XSHG
4276,10000110.XSHG,0.0061,0.0051,2015-04-23,XSHG
4277,10000113.XSHG,0.0115,0.0125,2015-04-23,XSHG
4278,10000112.XSHG,0.0095,0.0102,2015-04-23,XSHG
4279,10000023.XSHG,0.9462,0.9122,2015-04-23,XSHG
4280,10000022.XSHG,0.9944,0.97,2015-04-23,XSHG
4281,10000182.XSHG,0.3803,0.4078,2015-04-23,XSHG
4282,10000183.XSHG,0.56,0.5633,2015-04-23,XSHG
4283,10000180.XSHG,0.3182,0.3437,2015-04-23,XSHG
4284,10000181.XSHG,0.3062,0.2954,2015-04-23,XSHG
4285,10000186.XSHG,0.4382,0.4423,2015-04-23,XSHG
4286,10000187.XSHG,0.41,0.4059,2015-04-23,XSHG
4287,10000184.XSHG,0.5136,0.526,2015-04-23,XSHG
4288,10000185.XSHG,0.4712,0.4733,2015-04-23,XSHG
4289,10000021.XSHG,1.0652,1.027,2015-04-23,XSHG
4290,10000188.XSHG,0.2356,0.2458,2015-04-23,XSHG
4291,10000189.XSHG,0.2854,0.2981,2015-04-23,XSHG
4292,10000025.XSHG,0.8682,0.82,2015-04-23,XSHG
4293,10000024.XSHG,0.8921,0.8888,2015-04-23,XSHG
4294,10000027.XSHG,0.0068,0.0068,2015-04-23,XSHG
4295,10000026.XSHG,0.0062,0.0057,2015-04-23,XSHG
4296,10000169.XSHG,0.145,0.1259,2015-04-24,XSHG
4297,10000161.XSHG,0.18,0.167,2015-04-24,XSHG
4298,10000162.XSHG,0.1684,0.1858,2015-04-24,XSHG
4299,10000163.XSHG,0.2416,0.2296,2015-04-24,XSHG
4300,10000164.XSHG,0.226,0.2268,2015-04-24,XSHG
4301,10000165.XSHG,0.3504,0.3388,2015-04-24,XSHG
4302,10000166.XSHG,0.3118,0.3218,2015-04-24,XSHG
4303,10000191.XSHG,0.3915,0.4255,2015-04-24,XSHG
4304,10000190.XSHG,0.3521,0.3733,2015-04-24,XSHG
4305,10000192.XSHG,0.4547,0.4908,2015-04-24,XSHG
4306,10000054.XSHG,0.0164,0.0203,2015-04-24,XSHG
4307,10000055.XSHG,0.7714,0.745,2015-04-24,XSHG
4308,10000056.XSHG,0.0495,0.0548,2015-04-24,XSHG
4309,10000053.XSHG,0.7188,0.7033,2015-04-24,XSHG
4310,10000179.XSHG,0.164,0.158,2015-04-24,XSHG
4311,10000178.XSHG,0.3035,0.3228,2015-04-24,XSHG
4312,10000173.XSHG,0.2892,0.3013,2015-04-24,XSHG
4313,10000172.XSHG,0.2856,0.2926,2015-04-24,XSHG
4314,10000171.XSHG,0.201,0.1944,2015-04-24,XSHG
4315,10000170.XSHG,0.2397,0.2506,2015-04-24,XSHG
4316,10000177.XSHG,0.1138,0.099,2015-04-24,XSHG
4317,10000174.XSHG,0.352,0.3872,2015-04-24,XSHG
4318,10000048.XSHG,0.0412,0.0443,2015-04-24,XSHG
4319,10000047.XSHG,0.78,0.7839,2015-04-24,XSHG
4320,10000046.XSHG,0.0134,0.0155,2015-04-24,XSHG
4321,10000045.XSHG,0.756,0.7315,2015-04-24,XSHG
4322,10000040.XSHG,0.0342,0.0348,2015-04-24,XSHG
4323,10000148.XSHG,0.1292,0.1326,2015-04-24,XSHG
4324,10000149.XSHG,0.4379,0.4078,2015-04-24,XSHG
4325,10000146.XSHG,0.0802,0.0888,2015-04-24,XSHG
4326,10000147.XSHG,0.3399,0.3084,2015-04-24,XSHG
4327,10000145.XSHG,0.2845,0.265,2015-04-24,XSHG
4328,10000142.XSHG,,,2015-04-24,XSHG
4329,10000140.XSHG,0.464,0.4554,2015-04-24,XSHG
4330,10000141.XSHG,0.1631,0.1631,2015-04-24,XSHG
4331,10000072.XSHG,0.0696,0.0696,2015-04-24,XSHG
4332,10000070.XSHG,0.0267,0.0271,2015-04-24,XSHG
4333,10000071.XSHG,0.687,0.687,2015-04-24,XSHG
4334,10000077.XSHG,0.5821,0.5688,2015-04-24,XSHG
4335,10000078.XSHG,0.0328,0.0348,2015-04-24,XSHG
4336,10000079.XSHG,0.5873,0.6291,2015-04-24,XSHG
4337,10000150.XSHG,0.2224,0.2224,2015-04-24,XSHG
4338,10000153.XSHG,0.2346,0.2099,2015-04-24,XSHG
4339,10000155.XSHG,0.2874,0.2783,2015-04-24,XSHG
4340,10000154.XSHG,0.1264,0.1304,2015-04-24,XSHG
4341,10000157.XSHG,0.3901,0.3628,2015-04-24,XSHG
4342,10000156.XSHG,0.173,0.175,2015-04-24,XSHG
4343,10000158.XSHG,0.2431,0.2467,2015-04-24,XSHG
4344,10000093.XSHG,0.5042,0.4785,2015-04-24,XSHG
4345,10000094.XSHG,0.0512,0.0556,2015-04-24,XSHG
4346,10000095.XSHG,0.583,0.5738,2015-04-24,XSHG
4347,10000096.XSHG,0.11,0.1149,2015-04-24,XSHG
4348,10000064.XSHG,0.0589,0.064,2015-04-24,XSHG
4349,10000061.XSHG,0.6654,0.6208,2015-04-24,XSHG
4350,10000063.XSHG,0.7232,0.7232,2015-04-24,XSHG
4351,10000062.XSHG,0.0211,0.0258,2015-04-24,XSHG
4352,10000069.XSHG,0.6254,0.5776,2015-04-24,XSHG
4353,10000124.XSHG,0.0764,0.0776,2015-04-24,XSHG
4354,10000125.XSHG,0.5205,0.5129,2015-04-24,XSHG
4355,10000126.XSHG,0.1441,0.1441,2015-04-24,XSHG
4356,10000088.XSHG,0.095,0.1,2015-04-24,XSHG
4357,10000120.XSHG,0.4018,0.3729,2015-04-24,XSHG
4358,10000121.XSHG,0.0312,0.0337,2015-04-24,XSHG
4359,10000122.XSHG,0.0405,0.0433,2015-04-24,XSHG
4360,10000123.XSHG,0.4329,0.4235,2015-04-24,XSHG
4361,10000080.XSHG,0.0814,0.0881,2015-04-24,XSHG
4362,10000087.XSHG,0.6106,0.5965,2015-04-24,XSHG
4363,10000086.XSHG,0.0455,0.0525,2015-04-24,XSHG
4364,10000085.XSHG,0.546,0.4962,2015-04-24,XSHG
4365,10000036.XSHG,0.0151,0.0181,2015-04-24,XSHG
4366,10000037.XSHG,0.0186,0.0222,2015-04-24,XSHG
4367,10000034.XSHG,0.8863,0.9106,2015-04-24,XSHG
4368,10000035.XSHG,0.7813,0.8071,2015-04-24,XSHG
4369,10000032.XSHG,0.9728,0.975,2015-04-24,XSHG
4370,10000033.XSHG,,,2015-04-24,XSHG
4371,10000030.XSHG,0.0113,0.013,2015-04-24,XSHG
4372,10000031.XSHG,1.0172,1.0009,2015-04-24,XSHG
4373,10000038.XSHG,0.0224,0.0284,2015-04-24,XSHG
4374,10000039.XSHG,0.0282,0.0286,2015-04-24,XSHG
4375,10000137.XSHG,0.0915,0.0911,2015-04-24,XSHG
4376,10000136.XSHG,0.3698,0.3473,2015-04-24,XSHG
4377,10000135.XSHG,0.4006,0.401,2015-04-24,XSHG
4378,10000134.XSHG,0.0663,0.0708,2015-04-24,XSHG
4379,10000133.XSHG,0.0494,0.0579,2015-04-24,XSHG
4380,10000132.XSHG,0.3244,0.2954,2015-04-24,XSHG
4381,10000131.XSHG,0.3579,0.336,2015-04-24,XSHG
4382,10000139.XSHG,0.4915,0.482,2015-04-24,XSHG
4383,10000138.XSHG,0.1087,0.1121,2015-04-24,XSHG
4384,10000108.XSHG,0.5649,0.5269,2015-04-24,XSHG
4385,10000109.XSHG,0.5195,0.489,2015-04-24,XSHG
4386,10000102.XSHG,0.063,0.0661,2015-04-24,XSHG
4387,10000103.XSHG,0.551,0.5893,2015-04-24,XSHG
4388,10000101.XSHG,0.4698,0.4113,2015-04-24,XSHG
4389,10000106.XSHG,0.6556,0.6258,2015-04-24,XSHG
4390,10000107.XSHG,0.6064,0.5934,2015-04-24,XSHG
4391,10000104.XSHG,0.1305,0.135,2015-04-24,XSHG
4392,10000105.XSHG,0.7098,0.6505,2015-04-24,XSHG
4393,10000029.XSHG,0.0088,0.0091,2015-04-24,XSHG
4394,10000028.XSHG,0.0079,0.0094,2015-04-24,XSHG
4395,10000119.XSHG,0.4362,0.4211,2015-04-24,XSHG
4396,10000115.XSHG,0.4749,0.4677,2015-04-24,XSHG
4397,10000114.XSHG,0.0171,0.019,2015-04-24,XSHG
4398,10000116.XSHG,0.024,0.0252,2015-04-24,XSHG
4399,10000111.XSHG,0.0082,0.007,2015-04-24,XSHG
4400,10000110.XSHG,0.0111,0.0067,2015-04-24,XSHG
4401,10000113.XSHG,0.0127,0.014,2015-04-24,XSHG
4402,10000112.XSHG,0.0106,0.0112,2015-04-24,XSHG
4403,10000023.XSHG,0.8995,0.8908,2015-04-24,XSHG
4404,10000022.XSHG,0.9456,0.9384,2015-04-24,XSHG
4405,10000182.XSHG,,,2015-04-24,XSHG
4406,10000183.XSHG,0.5196,0.4951,2015-04-24,XSHG
4407,10000180.XSHG,0.3554,0.357,2015-04-24,XSHG
4408,10000181.XSHG,0.2746,0.2624,2015-04-24,XSHG
4409,10000186.XSHG,0.4033,0.3794,2015-04-24,XSHG
4410,10000187.XSHG,0.3767,0.3715,2015-04-24,XSHG
4411,10000184.XSHG,0.4678,0.4472,2015-04-24,XSHG
4412,10000185.XSHG,0.4258,0.4057,2015-04-24,XSHG
4413,10000021.XSHG,0.9897,0.989,2015-04-24,XSHG
4414,10000188.XSHG,0.2418,0.2615,2015-04-24,XSHG
4415,10000189.XSHG,0.29,0.3024,2015-04-24,XSHG
4416,10000025.XSHG,0.8075,0.8031,2015-04-24,XSHG
4417,10000024.XSHG,0.847,0.8464,2015-04-24,XSHG
4418,10000027.XSHG,0.0059,0.0048,2015-04-24,XSHG
4419,10000026.XSHG,0.0038,0.0067,2015-04-24,XSHG
4420,10000169.XSHG,0.1361,0.1515,2015-04-27,XSHG
4421,10000161.XSHG,0.176,0.199,2015-04-27,XSHG
4422,10000162.XSHG,0.178,0.1378,2015-04-27,XSHG
4423,10000163.XSHG,0.2314,0.264,2015-04-27,XSHG
4424,10000164.XSHG,0.2233,0.1939,2015-04-27,XSHG
4425,10000165.XSHG,0.3164,0.3724,2015-04-27,XSHG
4426,10000166.XSHG,0.1856,0.2979,2015-04-27,XSHG
4427,10000191.XSHG,,,2015-04-27,XSHG
4428,10000190.XSHG,0.3519,0.3239,2015-04-27,XSHG
4429,10000192.XSHG,0.4607,0.4337,2015-04-27,XSHG
4430,10000054.XSHG,0.0174,0.0133,2015-04-27,XSHG
4431,10000055.XSHG,0.8129,0.8343,2015-04-27,XSHG
4432,10000056.XSHG,0.0509,0.0453,2015-04-27,XSHG
4433,10000053.XSHG,0.7461,0.775,2015-04-27,XSHG
4434,10000179.XSHG,0.1569,0.1752,2015-04-27,XSHG
4435,10000178.XSHG,0.3107,0.26,2015-04-27,XSHG
4436,10000173.XSHG,0.3344,0.3349,2015-04-27,XSHG
4437,10000172.XSHG,0.2836,0.2488,2015-04-27,XSHG
4438,10000171.XSHG,0.1925,0.2181,2015-04-27,XSHG
4439,10000170.XSHG,0.2408,0.1915,2015-04-27,XSHG
4440,10000177.XSHG,0.1056,0.1188,2015-04-27,XSHG
4441,10000174.XSHG,0.3443,0.3474,2015-04-27,XSHG
4442,10000048.XSHG,0.0421,0.0377,2015-04-27,XSHG
4443,10000047.XSHG,0.845,0.845,2015-04-27,XSHG
4444,10000046.XSHG,0.0145,0.0108,2015-04-27,XSHG
4445,10000045.XSHG,0.8113,0.8086,2015-04-27,XSHG
4446,10000040.XSHG,0.0351,0.0305,2015-04-27,XSHG
4447,10000148.XSHG,0.1263,0.1143,2015-04-27,XSHG
4448,10000149.XSHG,0.4453,0.4689,2015-04-27,XSHG
4449,10000146.XSHG,0.0833,0.061,2015-04-27,XSHG
4450,10000147.XSHG,0.3315,0.3709,2015-04-27,XSHG
4451,10000145.XSHG,0.2801,0.3191,2015-04-27,XSHG
4452,10000142.XSHG,0.113,0.1744,2015-04-27,XSHG
4453,10000140.XSHG,0.4833,0.4833,2015-04-27,XSHG
4454,10000141.XSHG,0.0969,0.1464,2015-04-27,XSHG
4455,10000072.XSHG,0.0722,0.0722,2015-04-27,XSHG
4456,10000070.XSHG,0.0276,0.0222,2015-04-27,XSHG
4457,10000071.XSHG,0.73,0.7534,2015-04-27,XSHG
4458,10000077.XSHG,0.6127,0.6456,2015-04-27,XSHG
4459,10000078.XSHG,0.0342,0.0295,2015-04-27,XSHG
4460,10000079.XSHG,0.6097,0.692,2015-04-27,XSHG
4461,10000150.XSHG,0.1238,0.1915,2015-04-27,XSHG
4462,10000153.XSHG,0.225,0.2591,2015-04-27,XSHG
4463,10000155.XSHG,0.2774,0.31,2015-04-27,XSHG
4464,10000154.XSHG,0.1229,0.0961,2015-04-27,XSHG
4465,10000157.XSHG,0.3958,0.43,2015-04-27,XSHG
4466,10000156.XSHG,0.1707,0.1458,2015-04-27,XSHG
4467,10000158.XSHG,0.1473,0.2343,2015-04-27,XSHG
4468,10000093.XSHG,0.4997,0.5423,2015-04-27,XSHG
4469,10000094.XSHG,0.0521,0.0418,2015-04-27,XSHG
4470,10000095.XSHG,,,2015-04-27,XSHG
4471,10000096.XSHG,0.1017,0.0931,2015-04-27,XSHG
4472,10000064.XSHG,0.0615,0.0536,2015-04-27,XSHG
4473,10000061.XSHG,0.7207,0.7144,2015-04-27,XSHG
4474,10000063.XSHG,0.6806,0.773,2015-04-27,XSHG
4475,10000062.XSHG,0.022,0.0183,2015-04-27,XSHG
4476,10000069.XSHG,0.6643,0.6899,2015-04-27,XSHG
4477,10000124.XSHG,0.0761,0.0625,2015-04-27,XSHG
4478,10000125.XSHG,0.4027,0.5508,2015-04-27,XSHG
4479,10000126.XSHG,0.1257,0.132,2015-04-27,XSHG
4480,10000088.XSHG,0.0826,0.083,2015-04-27,XSHG
4481,10000120.XSHG,0.3805,0.4356,2015-04-27,XSHG
4482,10000121.XSHG,0.0342,0.0229,2015-04-27,XSHG
4483,10000122.XSHG,0.04,0.0293,2015-04-27,XSHG
4484,10000123.XSHG,0.4267,0.4462,2015-04-27,XSHG
4485,10000080.XSHG,0.0823,0.0768,2015-04-27,XSHG
4486,10000087.XSHG,0.6292,0.6697,2015-04-27,XSHG
4487,10000086.XSHG,0.0424,0.0344,2015-04-27,XSHG
4488,10000085.XSHG,0.5659,0.584,2015-04-27,XSHG
4489,10000036.XSHG,0.0162,0.015,2015-04-27,XSHG
4490,10000037.XSHG,0.0195,0.0177,2015-04-27,XSHG
4491,10000034.XSHG,0.9553,0.9567,2015-04-27,XSHG
4492,10000035.XSHG,,,2015-04-27,XSHG
4493,10000032.XSHG,1.0,1.0,2015-04-27,XSHG
4494,10000033.XSHG,1.0109,0.9989,2015-04-27,XSHG
4495,10000030.XSHG,0.0111,0.009,2015-04-27,XSHG
4496,10000031.XSHG,1.0251,1.0446,2015-04-27,XSHG
4497,10000038.XSHG,0.0237,0.0206,2015-04-27,XSHG
4498,10000039.XSHG,0.0272,0.0257,2015-04-27,XSHG
4499,10000137.XSHG,0.0921,0.076,2015-04-27,XSHG
4500,10000136.XSHG,0.361,0.4081,2015-04-27,XSHG
4501,10000135.XSHG,0.3929,0.4472,2015-04-27,XSHG
4502,10000134.XSHG,0.0665,0.0501,2015-04-27,XSHG
4503,10000133.XSHG,0.0521,0.0382,2015-04-27,XSHG
4504,10000132.XSHG,0.3089,0.3558,2015-04-27,XSHG
4505,10000131.XSHG,0.3436,0.3946,2015-04-27,XSHG
4506,10000139.XSHG,0.437,0.5106,2015-04-27,XSHG
4507,10000138.XSHG,0.1094,0.0878,2015-04-27,XSHG
4508,10000108.XSHG,0.5472,0.6143,2015-04-27,XSHG
4509,10000109.XSHG,0.5032,0.5679,2015-04-27,XSHG
4510,10000102.XSHG,0.0631,0.0517,2015-04-27,XSHG
4511,10000103.XSHG,0.5071,0.6099,2015-04-27,XSHG
4512,10000101.XSHG,0.4623,0.5131,2015-04-27,XSHG
4513,10000106.XSHG,0.6392,0.7097,2015-04-27,XSHG
4514,10000107.XSHG,0.5926,0.6629,2015-04-27,XSHG
4515,10000104.XSHG,0.0729,0.116,2015-04-27,XSHG
4516,10000105.XSHG,0.69,0.76,2015-04-27,XSHG
4517,10000029.XSHG,0.0087,0.0063,2015-04-27,XSHG
4518,10000028.XSHG,0.0075,0.0072,2015-04-27,XSHG
4519,10000119.XSHG,0.4195,0.4788,2015-04-27,XSHG
4520,10000115.XSHG,0.4603,0.5128,2015-04-27,XSHG
4521,10000114.XSHG,0.019,0.013,2015-04-27,XSHG
4522,10000116.XSHG,0.0254,0.0168,2015-04-27,XSHG
4523,10000111.XSHG,0.0073,0.0054,2015-04-27,XSHG
4524,10000110.XSHG,0.0054,0.0046,2015-04-27,XSHG
4525,10000113.XSHG,0.0124,0.0101,2015-04-27,XSHG
4526,10000112.XSHG,0.0098,0.0073,2015-04-27,XSHG
4527,10000023.XSHG,0.945,0.9485,2015-04-27,XSHG
4528,10000022.XSHG,1.0062,1.015,2015-04-27,XSHG
4529,10000182.XSHG,0.417,0.399,2015-04-27,XSHG
4530,10000183.XSHG,0.5493,0.5401,2015-04-27,XSHG
4531,10000180.XSHG,0.3507,0.3085,2015-04-27,XSHG
4532,10000181.XSHG,0.3199,0.3,2015-04-27,XSHG
4533,10000186.XSHG,0.4156,0.432,2015-04-27,XSHG
4534,10000187.XSHG,0.3883,0.4022,2015-04-27,XSHG
4535,10000184.XSHG,0.4965,0.4969,2015-04-27,XSHG
4536,10000185.XSHG,0.4485,0.4649,2015-04-27,XSHG
4537,10000021.XSHG,0.99,1.0499,2015-04-27,XSHG
4538,10000188.XSHG,0.24,0.2179,2015-04-27,XSHG
4539,10000189.XSHG,0.2771,0.277,2015-04-27,XSHG
4540,10000025.XSHG,0.8538,0.8421,2015-04-27,XSHG
4541,10000024.XSHG,0.909,0.9138,2015-04-27,XSHG
4542,10000027.XSHG,0.005,0.005,2015-04-27,XSHG
4543,10000026.XSHG,0.0028,0.0048,2015-04-27,XSHG
4544,10000200.XSHG,0.4899,0.5166,2015-04-28,XSHG
4545,10000161.XSHG,0.2,0.1773,2015-04-28,XSHG
4546,10000162.XSHG,0.1426,0.1471,2015-04-28,XSHG
4547,10000163.XSHG,0.26,0.2476,2015-04-28,XSHG
4548,10000164.XSHG,0.195,0.1918,2015-04-28,XSHG
4549,10000165.XSHG,0.3711,0.3712,2015-04-28,XSHG
4550,10000166.XSHG,0.2513,0.2658,2015-04-28,XSHG
4551,10000195.XSHG,0.1355,0.1268,2015-04-28,XSHG
4552,10000194.XSHG,0.3184,0.3261,2015-04-28,XSHG
4553,10000197.XSHG,0.2674,0.2697,2015-04-28,XSHG
4554,10000196.XSHG,0.3874,0.3852,2015-04-28,XSHG
4555,10000191.XSHG,0.3888,0.3888,2015-04-28,XSHG
4556,10000190.XSHG,0.315,0.3281,2015-04-28,XSHG
4557,10000193.XSHG,0.09,0.0755,2015-04-28,XSHG
4558,10000192.XSHG,0.4511,0.4549,2015-04-28,XSHG
4559,10000054.XSHG,0.0132,0.0136,2015-04-28,XSHG
4560,10000055.XSHG,0.8297,0.7916,2015-04-28,XSHG
4561,10000056.XSHG,0.0445,0.0452,2015-04-28,XSHG
4562,10000199.XSHG,0.3424,0.3366,2015-04-28,XSHG
4563,10000198.XSHG,,,2015-04-28,XSHG
4564,10000053.XSHG,0.7796,0.7517,2015-04-28,XSHG
4565,10000179.XSHG,0.17,0.1541,2015-04-28,XSHG
4566,10000178.XSHG,0.2516,0.2614,2015-04-28,XSHG
4567,10000173.XSHG,0.3453,0.3337,2015-04-28,XSHG
4568,10000172.XSHG,0.2484,0.2513,2015-04-28,XSHG
4569,10000171.XSHG,0.2093,0.19,2015-04-28,XSHG
4570,10000170.XSHG,0.1946,0.1994,2015-04-28,XSHG
4571,10000177.XSHG,0.1188,0.0999,2015-04-28,XSHG
4572,10000174.XSHG,0.3468,0.3442,2015-04-28,XSHG
4573,10000169.XSHG,0.145,0.1351,2015-04-28,XSHG
4574,10000048.XSHG,0.0368,0.0377,2015-04-28,XSHG
4575,10000047.XSHG,0.8684,0.846,2015-04-28,XSHG
4576,10000046.XSHG,0.0105,0.0112,2015-04-28,XSHG
4577,10000045.XSHG,0.8113,0.8001,2015-04-28,XSHG
4578,10000040.XSHG,0.0305,0.0305,2015-04-28,XSHG
4579,10000148.XSHG,0.1093,0.1061,2015-04-28,XSHG
4580,10000149.XSHG,0.4965,0.4841,2015-04-28,XSHG
4581,10000146.XSHG,0.06,0.064,2015-04-28,XSHG
4582,10000147.XSHG,0.36,0.3487,2015-04-28,XSHG
4583,10000145.XSHG,0.323,0.3003,2015-04-28,XSHG
4584,10000142.XSHG,0.1515,0.171,2015-04-28,XSHG
4585,10000140.XSHG,0.499,0.4876,2015-04-28,XSHG
4586,10000141.XSHG,,,2015-04-28,XSHG
4587,10000072.XSHG,0.0631,0.0599,2015-04-28,XSHG
4588,10000070.XSHG,0.0214,0.0223,2015-04-28,XSHG
4589,10000071.XSHG,0.7365,0.7365,2015-04-28,XSHG
4590,10000077.XSHG,0.6437,0.6237,2015-04-28,XSHG
4591,10000078.XSHG,0.0239,0.0296,2015-04-28,XSHG
4592,10000079.XSHG,0.6994,0.6994,2015-04-28,XSHG
4593,10000150.XSHG,,,2015-04-28,XSHG
4594,10000153.XSHG,0.2614,0.2322,2015-04-28,XSHG
4595,10000155.XSHG,0.2839,0.286,2015-04-28,XSHG
4596,10000154.XSHG,0.098,0.102,2015-04-28,XSHG
4597,10000157.XSHG,0.3963,0.4062,2015-04-28,XSHG
4598,10000156.XSHG,0.146,0.145,2015-04-28,XSHG
4599,10000158.XSHG,0.223,0.2221,2015-04-28,XSHG
4600,10000093.XSHG,0.5473,0.5451,2015-04-28,XSHG
4601,10000094.XSHG,0.0408,0.0405,2015-04-28,XSHG
4602,10000095.XSHG,,,2015-04-28,XSHG
4603,10000096.XSHG,,,2015-04-28,XSHG
4604,10000064.XSHG,0.0533,0.0551,2015-04-28,XSHG
4605,10000061.XSHG,0.7449,0.7213,2015-04-28,XSHG
4606,10000063.XSHG,0.7736,0.7884,2015-04-28,XSHG
4607,10000062.XSHG,0.0185,0.0173,2015-04-28,XSHG
4608,10000069.XSHG,0.6743,0.6585,2015-04-28,XSHG
4609,10000124.XSHG,0.0658,0.0639,2015-04-28,XSHG
4610,10000125.XSHG,0.5559,0.5502,2015-04-28,XSHG
4611,10000126.XSHG,0.1342,0.1326,2015-04-28,XSHG
4612,10000088.XSHG,0.078,0.0823,2015-04-28,XSHG
4613,10000120.XSHG,0.4492,0.4183,2015-04-28,XSHG
4614,10000121.XSHG,0.0216,0.0239,2015-04-28,XSHG
4615,10000122.XSHG,0.0288,0.0315,2015-04-28,XSHG
4616,10000123.XSHG,0.4482,0.4496,2015-04-28,XSHG
4617,10000080.XSHG,0.0713,0.0768,2015-04-28,XSHG
4618,10000087.XSHG,0.68,0.65,2015-04-28,XSHG
4619,10000086.XSHG,0.0339,0.035,2015-04-28,XSHG
4620,10000085.XSHG,0.6167,0.5894,2015-04-28,XSHG
4621,10000036.XSHG,0.0146,0.0146,2015-04-28,XSHG
4622,10000037.XSHG,0.0173,0.0167,2015-04-28,XSHG
4623,10000034.XSHG,0.9871,0.9261,2015-04-28,XSHG
4624,10000035.XSHG,0.8948,0.9435,2015-04-28,XSHG
4625,10000032.XSHG,1.0428,1.0823,2015-04-28,XSHG
4626,10000033.XSHG,0.9986,0.9901,2015-04-28,XSHG
4627,10000030.XSHG,0.0092,0.0078,2015-04-28,XSHG
4628,10000031.XSHG,1.075,1.0579,2015-04-28,XSHG
4629,10000038.XSHG,0.0208,0.0212,2015-04-28,XSHG
4630,10000039.XSHG,0.0258,0.0273,2015-04-28,XSHG
4631,10000137.XSHG,0.0782,0.0784,2015-04-28,XSHG
4632,10000136.XSHG,0.3903,0.3739,2015-04-28,XSHG
4633,10000135.XSHG,0.413,0.4335,2015-04-28,XSHG
4634,10000134.XSHG,0.0485,0.0512,2015-04-28,XSHG
4635,10000133.XSHG,0.0384,0.0399,2015-04-28,XSHG
4636,10000132.XSHG,0.345,0.3363,2015-04-28,XSHG
4637,10000131.XSHG,0.3899,0.3821,2015-04-28,XSHG
4638,10000139.XSHG,0.55,0.55,2015-04-28,XSHG
4639,10000138.XSHG,0.0921,0.09,2015-04-28,XSHG
4640,10000108.XSHG,0.6,0.596,2015-04-28,XSHG
4641,10000109.XSHG,0.5725,0.5545,2015-04-28,XSHG
4642,10000102.XSHG,0.0539,0.0555,2015-04-28,XSHG
4643,10000103.XSHG,0.5896,0.635,2015-04-28,XSHG
4644,10000101.XSHG,0.497,0.4899,2015-04-28,XSHG
4645,10000106.XSHG,0.6865,0.7017,2015-04-28,XSHG
4646,10000107.XSHG,0.636,0.64,2015-04-28,XSHG
4647,10000104.XSHG,0.1035,0.1171,2015-04-28,XSHG
4648,10000105.XSHG,0.7628,0.7373,2015-04-28,XSHG
4649,10000029.XSHG,0.0071,0.0071,2015-04-28,XSHG
4650,10000028.XSHG,0.0055,0.007,2015-04-28,XSHG
4651,10000119.XSHG,0.489,0.4607,2015-04-28,XSHG
4652,10000115.XSHG,0.509,0.5028,2015-04-28,XSHG
4653,10000114.XSHG,0.0121,0.0132,2015-04-28,XSHG
4654,10000116.XSHG,0.0163,0.0179,2015-04-28,XSHG
4655,10000111.XSHG,0.0055,0.0062,2015-04-28,XSHG
4656,10000110.XSHG,0.005,0.0057,2015-04-28,XSHG
4657,10000113.XSHG,0.0072,0.0092,2015-04-28,XSHG
4658,10000112.XSHG,0.007,0.0076,2015-04-28,XSHG
4659,10000023.XSHG,0.962,0.9363,2015-04-28,XSHG
4660,10000022.XSHG,1.017,0.9854,2015-04-28,XSHG
4661,10000182.XSHG,0.3882,0.4077,2015-04-28,XSHG
4662,10000183.XSHG,0.5809,0.545,2015-04-28,XSHG
4663,10000180.XSHG,0.3274,0.3132,2015-04-28,XSHG
4664,10000181.XSHG,0.312,0.2927,2015-04-28,XSHG
4665,10000186.XSHG,0.4299,0.4418,2015-04-28,XSHG
4666,10000187.XSHG,0.4117,0.3682,2015-04-28,XSHG
4667,10000184.XSHG,0.5325,0.4881,2015-04-28,XSHG
4668,10000185.XSHG,0.4855,0.4798,2015-04-28,XSHG
4669,10000021.XSHG,1.0782,1.04,2015-04-28,XSHG
4670,10000188.XSHG,0.218,0.2388,2015-04-28,XSHG
4671,10000189.XSHG,0.27,0.2743,2015-04-28,XSHG
4672,10000025.XSHG,0.8641,0.8434,2015-04-28,XSHG
4673,10000024.XSHG,0.9178,0.9038,2015-04-28,XSHG
4674,10000027.XSHG,0.004,0.006,2015-04-28,XSHG
4675,10000026.XSHG,0.004,0.0041,2015-04-28,XSHG
4676,10000200.XSHG,0.5219,0.5101,2015-04-29,XSHG
4677,10000161.XSHG,0.1658,0.1781,2015-04-29,XSHG
4678,10000162.XSHG,0.1469,0.143,2015-04-29,XSHG
4679,10000163.XSHG,0.2335,0.2372,2015-04-29,XSHG
4680,10000164.XSHG,0.2044,0.1914,2015-04-29,XSHG
4681,10000165.XSHG,0.3727,0.3701,2015-04-29,XSHG
4682,10000166.XSHG,0.2852,0.281,2015-04-29,XSHG
4683,10000195.XSHG,0.1261,0.1248,2015-04-29,XSHG
4684,10000194.XSHG,0.3523,0.3381,2015-04-29,XSHG
4685,10000197.XSHG,0.2521,0.2598,2015-04-29,XSHG
4686,10000196.XSHG,0.3963,0.375,2015-04-29,XSHG
4687,10000191.XSHG,,,2015-04-29,XSHG
4688,10000190.XSHG,0.3324,0.3255,2015-04-29,XSHG
4689,10000193.XSHG,0.075,0.0702,2015-04-29,XSHG
4690,10000192.XSHG,0.4423,0.4423,2015-04-29,XSHG
4691,10000054.XSHG,0.0137,0.0138,2015-04-29,XSHG
4692,10000055.XSHG,0.7832,0.8142,2015-04-29,XSHG
4693,10000056.XSHG,0.0453,0.0467,2015-04-29,XSHG
4694,10000199.XSHG,0.3479,0.3466,2015-04-29,XSHG
4695,10000198.XSHG,,,2015-04-29,XSHG
4696,10000053.XSHG,0.7449,0.7488,2015-04-29,XSHG
4697,10000179.XSHG,0.1567,0.1544,2015-04-29,XSHG
4698,10000178.XSHG,0.2711,0.265,2015-04-29,XSHG
4699,10000173.XSHG,0.3278,0.3148,2015-04-29,XSHG
4700,10000172.XSHG,0.2638,0.2455,2015-04-29,XSHG
4701,10000171.XSHG,0.1843,0.1946,2015-04-29,XSHG
4702,10000170.XSHG,0.2058,0.1992,2015-04-29,XSHG
4703,10000177.XSHG,0.0999,0.098,2015-04-29,XSHG
4704,10000174.XSHG,0.3416,0.3407,2015-04-29,XSHG
4705,10000169.XSHG,0.1304,0.128,2015-04-29,XSHG
4706,10000048.XSHG,0.0372,0.0381,2015-04-29,XSHG
4707,10000047.XSHG,0.8401,0.8588,2015-04-29,XSHG
4708,10000046.XSHG,0.0112,0.0102,2015-04-29,XSHG
4709,10000045.XSHG,0.7911,0.7978,2015-04-29,XSHG
4710,10000040.XSHG,0.031,0.0297,2015-04-29,XSHG
4711,10000148.XSHG,0.109,0.104,2015-04-29,XSHG
4712,10000149.XSHG,0.4676,0.4725,2015-04-29,XSHG
4713,10000146.XSHG,0.0659,0.0657,2015-04-29,XSHG
4714,10000147.XSHG,0.3451,0.359,2015-04-29,XSHG
4715,10000145.XSHG,0.3,0.2928,2015-04-29,XSHG
4716,10000142.XSHG,,,2015-04-29,XSHG
4717,10000140.XSHG,0.499,0.4873,2015-04-29,XSHG
4718,10000141.XSHG,0.1439,0.1439,2015-04-29,XSHG
4719,10000072.XSHG,0.064,0.0614,2015-04-29,XSHG
4720,10000070.XSHG,0.0215,0.0214,2015-04-29,XSHG
4721,10000071.XSHG,0.7218,0.7358,2015-04-29,XSHG
4722,10000077.XSHG,0.6185,0.6175,2015-04-29,XSHG
4723,10000078.XSHG,0.0283,0.025,2015-04-29,XSHG
4724,10000079.XSHG,0.656,0.6854,2015-04-29,XSHG
4725,10000150.XSHG,,,2015-04-29,XSHG
4726,10000153.XSHG,0.2326,0.2355,2015-04-29,XSHG
4727,10000155.XSHG,0.2789,0.2841,2015-04-29,XSHG
4728,10000154.XSHG,0.1015,0.0989,2015-04-29,XSHG
4729,10000157.XSHG,,,2015-04-29,XSHG
4730,10000156.XSHG,0.1526,0.1411,2015-04-29,XSHG
4731,10000158.XSHG,,,2015-04-29,XSHG
4732,10000093.XSHG,0.5288,0.5448,2015-04-29,XSHG
4733,10000094.XSHG,0.0458,0.0418,2015-04-29,XSHG
4734,10000095.XSHG,0.6006,0.6371,2015-04-29,XSHG
4735,10000096.XSHG,0.1007,0.1007,2015-04-29,XSHG
4736,10000064.XSHG,0.0561,0.0547,2015-04-29,XSHG
4737,10000061.XSHG,0.6994,0.7119,2015-04-29,XSHG
4738,10000063.XSHG,0.7435,0.7435,2015-04-29,XSHG
4739,10000062.XSHG,0.0177,0.0171,2015-04-29,XSHG
4740,10000069.XSHG,0.6501,0.6584,2015-04-29,XSHG
4741,10000124.XSHG,0.0683,0.0613,2015-04-29,XSHG
4742,10000125.XSHG,0.5245,0.57,2015-04-29,XSHG
4743,10000126.XSHG,0.129,0.127,2015-04-29,XSHG
4744,10000088.XSHG,0.0871,0.0844,2015-04-29,XSHG
4745,10000120.XSHG,0.3976,0.4068,2015-04-29,XSHG
4746,10000121.XSHG,0.0237,0.0235,2015-04-29,XSHG
4747,10000122.XSHG,0.0316,0.0315,2015-04-29,XSHG
4748,10000123.XSHG,0.4368,0.4704,2015-04-29,XSHG
4749,10000080.XSHG,0.0751,0.0772,2015-04-29,XSHG
4750,10000087.XSHG,0.6382,0.6499,2015-04-29,XSHG
4751,10000086.XSHG,0.0341,0.0331,2015-04-29,XSHG
4752,10000085.XSHG,0.5734,0.5768,2015-04-29,XSHG
4753,10000036.XSHG,0.014,0.0142,2015-04-29,XSHG
4754,10000037.XSHG,0.0165,0.0157,2015-04-29,XSHG
4755,10000034.XSHG,0.9302,0.9431,2015-04-29,XSHG
4756,10000035.XSHG,,,2015-04-29,XSHG
4757,10000032.XSHG,1.0,1.0353,2015-04-29,XSHG
4758,10000033.XSHG,,,2015-04-29,XSHG
4759,10000030.XSHG,0.009,0.0088,2015-04-29,XSHG
4760,10000031.XSHG,1.0373,1.0765,2015-04-29,XSHG
4761,10000038.XSHG,0.02,0.0199,2015-04-29,XSHG
4762,10000039.XSHG,0.0255,0.0251,2015-04-29,XSHG
4763,10000137.XSHG,0.0805,0.073,2015-04-29,XSHG
4764,10000136.XSHG,0.3602,0.3892,2015-04-29,XSHG
4765,10000135.XSHG,0.4136,0.4296,2015-04-29,XSHG
4766,10000134.XSHG,0.0642,0.0501,2015-04-29,XSHG
4767,10000133.XSHG,0.0405,0.0402,2015-04-29,XSHG
4768,10000132.XSHG,0.3209,0.3334,2015-04-29,XSHG
4769,10000131.XSHG,0.3683,0.3691,2015-04-29,XSHG
4770,10000139.XSHG,0.5021,0.5407,2015-04-29,XSHG
4771,10000138.XSHG,0.095,0.0881,2015-04-29,XSHG
4772,10000108.XSHG,0.572,0.5981,2015-04-29,XSHG
4773,10000109.XSHG,0.5301,0.542,2015-04-29,XSHG
4774,10000102.XSHG,0.0552,0.0497,2015-04-29,XSHG
4775,10000103.XSHG,0.6037,0.6037,2015-04-29,XSHG
4776,10000101.XSHG,0.4859,0.4882,2015-04-29,XSHG
4777,10000106.XSHG,0.6706,0.6929,2015-04-29,XSHG
4778,10000107.XSHG,0.6236,0.6323,2015-04-29,XSHG
4779,10000104.XSHG,0.1221,0.1127,2015-04-29,XSHG
4780,10000105.XSHG,0.72,0.7298,2015-04-29,XSHG
4781,10000029.XSHG,0.0068,0.0067,2015-04-29,XSHG
4782,10000028.XSHG,0.0063,0.0056,2015-04-29,XSHG
4783,10000119.XSHG,0.4377,0.4671,2015-04-29,XSHG
4784,10000115.XSHG,0.4782,0.4958,2015-04-29,XSHG
4785,10000114.XSHG,0.0133,0.0132,2015-04-29,XSHG
4786,10000116.XSHG,0.0179,0.0178,2015-04-29,XSHG
4787,10000111.XSHG,0.0058,0.0044,2015-04-29,XSHG
4788,10000110.XSHG,0.0054,0.0046,2015-04-29,XSHG
4789,10000113.XSHG,0.0096,0.0091,2015-04-29,XSHG
4790,10000112.XSHG,0.0079,0.0065,2015-04-29,XSHG
4791,10000023.XSHG,0.9333,0.9458,2015-04-29,XSHG
4792,10000022.XSHG,0.9815,0.9878,2015-04-29,XSHG
4793,10000182.XSHG,,,2015-04-29,XSHG
4794,10000183.XSHG,0.5579,0.565,2015-04-29,XSHG
4795,10000180.XSHG,0.3229,0.308,2015-04-29,XSHG
4796,10000181.XSHG,0.2877,0.286,2015-04-29,XSHG
4797,10000186.XSHG,0.418,0.418,2015-04-29,XSHG
4798,10000187.XSHG,0.3813,0.3797,2015-04-29,XSHG
4799,10000184.XSHG,0.5172,0.5172,2015-04-29,XSHG
4800,10000185.XSHG,,,2015-04-29,XSHG
4801,10000021.XSHG,1.019,1.0433,2015-04-29,XSHG
4802,10000188.XSHG,0.2346,0.2346,2015-04-29,XSHG
4803,10000189.XSHG,,,2015-04-29,XSHG
4804,10000025.XSHG,0.838,0.8551,2015-04-29,XSHG
4805,10000024.XSHG,0.8928,0.8914,2015-04-29,XSHG
4806,10000027.XSHG,0.0053,0.0055,2015-04-29,XSHG
4807,10000026.XSHG,0.0043,0.0042,2015-04-29,XSHG
4808,10000200.XSHG,0.508,0.508,2015-04-30,XSHG
4809,10000161.XSHG,0.1794,0.1625,2015-04-30,XSHG
4810,10000162.XSHG,0.1416,0.1507,2015-04-30,XSHG
4811,10000163.XSHG,0.2382,0.226,2015-04-30,XSHG
4812,10000164.XSHG,0.1885,0.204,2015-04-30,XSHG
4813,10000165.XSHG,0.3687,0.356,2015-04-30,XSHG
4814,10000166.XSHG,0.2884,0.2883,2015-04-30,XSHG
4815,10000195.XSHG,0.1264,0.113,2015-04-30,XSHG
4816,10000194.XSHG,0.3339,0.3546,2015-04-30,XSHG
4817,10000197.XSHG,0.2598,0.252,2015-04-30,XSHG
4818,10000196.XSHG,0.3737,0.3861,2015-04-30,XSHG
4819,10000191.XSHG,,,2015-04-30,XSHG
4820,10000190.XSHG,0.3329,0.3332,2015-04-30,XSHG
4821,10000193.XSHG,0.0725,0.0636,2015-04-30,XSHG
4822,10000192.XSHG,0.439,0.447,2015-04-30,XSHG
4823,10000054.XSHG,0.0141,0.0145,2015-04-30,XSHG
4824,10000055.XSHG,,,2015-04-30,XSHG
4825,10000056.XSHG,0.0474,0.0488,2015-04-30,XSHG
4826,10000199.XSHG,0.3432,0.3444,2015-04-30,XSHG
4827,10000198.XSHG,0.4719,0.4719,2015-04-30,XSHG
4828,10000053.XSHG,0.7537,0.7301,2015-04-30,XSHG
4829,10000179.XSHG,0.157,0.1479,2015-04-30,XSHG
4830,10000178.XSHG,0.2607,0.2738,2015-04-30,XSHG
4831,10000173.XSHG,0.3047,0.3206,2015-04-30,XSHG
4832,10000172.XSHG,0.2442,0.2521,2015-04-30,XSHG
4833,10000171.XSHG,0.194,0.1783,2015-04-30,XSHG
4834,10000170.XSHG,0.196,0.209,2015-04-30,XSHG
4835,10000177.XSHG,0.0993,0.0885,2015-04-30,XSHG
4836,10000174.XSHG,,,2015-04-30,XSHG
4837,10000169.XSHG,0.1332,0.1189,2015-04-30,XSHG
4838,10000048.XSHG,0.0392,0.0406,2015-04-30,XSHG
4839,10000047.XSHG,,,2015-04-30,XSHG
4840,10000046.XSHG,0.0109,0.012,2015-04-30,XSHG
4841,10000045.XSHG,0.8002,0.78,2015-04-30,XSHG
4842,10000040.XSHG,0.0322,0.0339,2015-04-30,XSHG
4843,10000148.XSHG,0.1058,0.1118,2015-04-30,XSHG
4844,10000149.XSHG,0.4452,0.4425,2015-04-30,XSHG
4845,10000146.XSHG,0.0634,0.066,2015-04-30,XSHG
4846,10000147.XSHG,0.3507,0.3356,2015-04-30,XSHG
4847,10000145.XSHG,0.3,0.2801,2015-04-30,XSHG
4848,10000142.XSHG,,,2015-04-30,XSHG
4849,10000140.XSHG,,,2015-04-30,XSHG
4850,10000141.XSHG,0.1442,0.1442,2015-04-30,XSHG
4851,10000072.XSHG,0.066,0.0665,2015-04-30,XSHG
4852,10000070.XSHG,0.0219,0.0226,2015-04-30,XSHG
4853,10000071.XSHG,0.7316,0.7316,2015-04-30,XSHG
4854,10000077.XSHG,0.619,0.6098,2015-04-30,XSHG
4855,10000078.XSHG,0.0272,0.0271,2015-04-30,XSHG
4856,10000079.XSHG,,,2015-04-30,XSHG
4857,10000150.XSHG,0.1777,0.1898,2015-04-30,XSHG
4858,10000153.XSHG,0.2351,0.216,2015-04-30,XSHG
4859,10000155.XSHG,0.2904,0.2777,2015-04-30,XSHG
4860,10000154.XSHG,0.0974,0.103,2015-04-30,XSHG
4861,10000157.XSHG,0.4134,0.3894,2015-04-30,XSHG
4862,10000156.XSHG,0.1404,0.148,2015-04-30,XSHG
4863,10000158.XSHG,,,2015-04-30,XSHG
4864,10000093.XSHG,0.5345,0.5241,2015-04-30,XSHG
4865,10000094.XSHG,0.0413,0.0439,2015-04-30,XSHG
4866,10000095.XSHG,0.6253,0.6253,2015-04-30,XSHG
4867,10000096.XSHG,,,2015-04-30,XSHG
4868,10000064.XSHG,0.0566,0.0558,2015-04-30,XSHG
4869,10000061.XSHG,0.6898,0.6895,2015-04-30,XSHG
4870,10000063.XSHG,0.7737,0.7559,2015-04-30,XSHG
4871,10000062.XSHG,0.0175,0.0185,2015-04-30,XSHG
4872,10000069.XSHG,0.6629,0.66,2015-04-30,XSHG
4873,10000124.XSHG,0.0604,0.0661,2015-04-30,XSHG
4874,10000125.XSHG,0.5568,0.5425,2015-04-30,XSHG
4875,10000126.XSHG,,,2015-04-30,XSHG
4876,10000088.XSHG,0.087,0.0896,2015-04-30,XSHG
4877,10000120.XSHG,0.4131,0.3911,2015-04-30,XSHG
4878,10000121.XSHG,0.023,0.0235,2015-04-30,XSHG
4879,10000122.XSHG,0.0302,0.0318,2015-04-30,XSHG
4880,10000123.XSHG,0.4558,0.4512,2015-04-30,XSHG
4881,10000080.XSHG,0.0759,0.0759,2015-04-30,XSHG
4882,10000087.XSHG,0.6558,0.6354,2015-04-30,XSHG
4883,10000086.XSHG,0.0336,0.0358,2015-04-30,XSHG
4884,10000085.XSHG,0.5761,0.5702,2015-04-30,XSHG
4885,10000036.XSHG,0.0146,0.0146,2015-04-30,XSHG
4886,10000037.XSHG,0.0166,0.0182,2015-04-30,XSHG
4887,10000034.XSHG,0.9405,0.9346,2015-04-30,XSHG
4888,10000035.XSHG,0.8975,0.8975,2015-04-30,XSHG
4889,10000032.XSHG,1.0143,1.0071,2015-04-30,XSHG
4890,10000033.XSHG,0.9609,0.9629,2015-04-30,XSHG
4891,10000030.XSHG,0.0088,0.0099,2015-04-30,XSHG
4892,10000031.XSHG,1.058,1.0568,2015-04-30,XSHG
4893,10000038.XSHG,0.0216,0.0219,2015-04-30,XSHG
4894,10000039.XSHG,0.0268,0.0279,2015-04-30,XSHG
4895,10000137.XSHG,0.0725,0.0757,2015-04-30,XSHG
4896,10000136.XSHG,0.3838,0.3841,2015-04-30,XSHG
4897,10000135.XSHG,0.4189,0.4057,2015-04-30,XSHG
4898,10000134.XSHG,0.0505,0.0523,2015-04-30,XSHG
4899,10000133.XSHG,0.0391,0.0416,2015-04-30,XSHG
4900,10000132.XSHG,0.3348,0.3208,2015-04-30,XSHG
4901,10000131.XSHG,0.373,0.3562,2015-04-30,XSHG
4902,10000139.XSHG,,,2015-04-30,XSHG
4903,10000138.XSHG,0.0862,0.0898,2015-04-30,XSHG
4904,10000108.XSHG,0.5896,0.5722,2015-04-30,XSHG
4905,10000109.XSHG,0.5435,0.5278,2015-04-30,XSHG
4906,10000102.XSHG,0.0491,0.053,2015-04-30,XSHG
4907,10000103.XSHG,0.589,0.5731,2015-04-30,XSHG
4908,10000101.XSHG,0.4944,0.4995,2015-04-30,XSHG
4909,10000106.XSHG,0.6842,0.672,2015-04-30,XSHG
4910,10000107.XSHG,0.6365,0.6195,2015-04-30,XSHG
4911,10000104.XSHG,0.1091,0.113,2015-04-30,XSHG
4912,10000105.XSHG,0.7325,0.7143,2015-04-30,XSHG
4913,10000029.XSHG,0.007,0.0076,2015-04-30,XSHG
4914,10000028.XSHG,0.0057,0.0062,2015-04-30,XSHG
4915,10000119.XSHG,0.4551,0.4305,2015-04-30,XSHG
4916,10000115.XSHG,0.4986,0.4811,2015-04-30,XSHG
4917,10000114.XSHG,0.0121,0.0123,2015-04-30,XSHG
4918,10000116.XSHG,0.0174,0.0172,2015-04-30,XSHG
4919,10000111.XSHG,0.0041,0.004,2015-04-30,XSHG
4920,10000110.XSHG,0.0033,0.0045,2015-04-30,XSHG
4921,10000113.XSHG,0.0084,0.0087,2015-04-30,XSHG
4922,10000112.XSHG,0.0057,0.006,2015-04-30,XSHG
4923,10000023.XSHG,0.9428,0.9207,2015-04-30,XSHG
4924,10000022.XSHG,0.991,0.9634,2015-04-30,XSHG
4925,10000182.XSHG,,,2015-04-30,XSHG
4926,10000183.XSHG,0.5411,0.557,2015-04-30,XSHG
4927,10000180.XSHG,0.3035,0.3174,2015-04-30,XSHG
4928,10000181.XSHG,0.3,0.2817,2015-04-30,XSHG
4929,10000186.XSHG,0.429,0.409,2015-04-30,XSHG
4930,10000187.XSHG,0.3956,0.3698,2015-04-30,XSHG
4931,10000184.XSHG,,,2015-04-30,XSHG
4932,10000185.XSHG,0.4803,0.4643,2015-04-30,XSHG
4933,10000021.XSHG,1.0396,1.023,2015-04-30,XSHG
4934,10000188.XSHG,,,2015-04-30,XSHG
4935,10000189.XSHG,,,2015-04-30,XSHG
4936,10000025.XSHG,0.8472,0.8322,2015-04-30,XSHG
4937,10000024.XSHG,0.8948,0.8762,2015-04-30,XSHG
4938,10000027.XSHG,0.0053,0.0052,2015-04-30,XSHG
4939,10000026.XSHG,0.0042,0.004,2015-04-30,XSHG
4940,10000200.XSHG,,,2015-05-04,XSHG
4941,10000161.XSHG,0.1699,0.1508,2015-05-04,XSHG
4942,10000162.XSHG,0.1484,0.1344,2015-05-04,XSHG
4943,10000163.XSHG,0.2267,0.2195,2015-05-04,XSHG
4944,10000164.XSHG,0.1967,0.1867,2015-05-04,XSHG
4945,10000165.XSHG,0.3396,0.3594,2015-05-04,XSHG
4946,10000166.XSHG,0.2914,0.2914,2015-05-04,XSHG
4947,10000195.XSHG,0.11,0.1087,2015-05-04,XSHG
4948,10000194.XSHG,0.3455,0.334,2015-05-04,XSHG
4949,10000197.XSHG,0.2302,0.2367,2015-05-04,XSHG
4950,10000196.XSHG,0.3855,0.3734,2015-05-04,XSHG
4951,10000191.XSHG,,,2015-05-04,XSHG
4952,10000190.XSHG,,,2015-05-04,XSHG
4953,10000193.XSHG,0.0621,0.0511,2015-05-04,XSHG
4954,10000192.XSHG,0.4572,0.455,2015-05-04,XSHG
4955,10000054.XSHG,0.0151,0.014,2015-05-04,XSHG
4956,10000055.XSHG,,,2015-05-04,XSHG
4957,10000056.XSHG,0.0461,0.0461,2015-05-04,XSHG
4958,10000199.XSHG,0.3395,0.3395,2015-05-04,XSHG
4959,10000198.XSHG,0.5053,0.5053,2015-05-04,XSHG
4960,10000053.XSHG,0.705,0.7203,2015-05-04,XSHG
4961,10000179.XSHG,0.1438,0.1403,2015-05-04,XSHG
4962,10000178.XSHG,0.2699,0.2582,2015-05-04,XSHG
4963,10000173.XSHG,0.3121,0.3131,2015-05-04,XSHG
4964,10000172.XSHG,0.2528,0.2399,2015-05-04,XSHG
4965,10000171.XSHG,0.1795,0.1791,2015-05-04,XSHG
4966,10000170.XSHG,0.2035,0.1901,2015-05-04,XSHG
4967,10000177.XSHG,0.09,0.075,2015-05-04,XSHG
4968,10000174.XSHG,0.3487,0.3487,2015-05-04,XSHG
4969,10000169.XSHG,0.122,0.1085,2015-05-04,XSHG
4970,10000048.XSHG,0.0385,0.0413,2015-05-04,XSHG
4971,10000047.XSHG,0.8199,0.8291,2015-05-04,XSHG
4972,10000046.XSHG,0.012,0.0111,2015-05-04,XSHG
4973,10000045.XSHG,0.7498,0.7667,2015-05-04,XSHG
4974,10000040.XSHG,0.0346,0.0346,2015-05-04,XSHG
4975,10000148.XSHG,0.1086,0.1047,2015-05-04,XSHG
4976,10000149.XSHG,0.4385,0.4306,2015-05-04,XSHG
4977,10000146.XSHG,0.066,0.0573,2015-05-04,XSHG
4978,10000147.XSHG,0.3233,0.327,2015-05-04,XSHG
4979,10000145.XSHG,0.2812,0.273,2015-05-04,XSHG
4980,10000142.XSHG,,,2015-05-04,XSHG
4981,10000140.XSHG,0.4593,0.4593,2015-05-04,XSHG
4982,10000141.XSHG,0.1494,0.1574,2015-05-04,XSHG
4983,10000072.XSHG,0.0669,0.0616,2015-05-04,XSHG
4984,10000070.XSHG,0.0235,0.0215,2015-05-04,XSHG
4985,10000071.XSHG,0.6947,0.71,2015-05-04,XSHG
4986,10000077.XSHG,,,2015-05-04,XSHG
4987,10000078.XSHG,0.0291,0.0276,2015-05-04,XSHG
4988,10000079.XSHG,,,2015-05-04,XSHG
4989,10000150.XSHG,0.2002,0.196,2015-05-04,XSHG
4990,10000153.XSHG,0.22,0.2092,2015-05-04,XSHG
4991,10000155.XSHG,0.2654,0.2628,2015-05-04,XSHG
4992,10000154.XSHG,0.1007,0.0921,2015-05-04,XSHG
4993,10000157.XSHG,0.3709,0.3709,2015-05-04,XSHG
4994,10000156.XSHG,0.1485,0.1406,2015-05-04,XSHG
4995,10000158.XSHG,0.246,0.242,2015-05-04,XSHG
4996,10000093.XSHG,,,2015-05-04,XSHG
4997,10000094.XSHG,0.044,0.0428,2015-05-04,XSHG
4998,10000095.XSHG,0.591,0.591,2015-05-04,XSHG
4999,10000096.XSHG,0.1005,0.1005,2015-05-04,XSHG
