,code,open,close,date,exchange_code
0,10000368.XSHG,0.3195,0.337,2015-11-25,XSHG
1,10000369.XSHG,0.0026,0.0019,2015-11-25,XSHG
2,10000478.XSHG,0.3988,0.3756,2015-11-25,XSHG
3,10000476.XSHG,0.2097,0.1988,2015-11-25,XSHG
4,10000477.XSHG,0.1487,0.1456,2015-11-25,XSHG
5,10000474.XSHG,0.35,0.3443,2015-11-25,XSHG
6,10000475.XSHG,0.0002,0.0002,2015-11-25,XSHG
7,10000472.XSHG,0.1618,0.148,2015-11-25,XSHG
8,10000473.XSHG,0.1575,0.1604,2015-11-25,XSHG
9,10000470.XSHG,0.3197,0.3131,2015-11-25,XSHG
10,10000471.XSHG,0.0002,0.0001,2015-11-25,XSHG
11,10000201.XSHG,0.0023,0.0023,2015-11-25,XSHG
12,10000200.XSHG,1.0853,1.0653,2015-11-25,XSHG
13,10000203.XSHG,0.0028,0.003,2015-11-25,XSHG
14,10000202.XSHG,0.542,0.527,2015-11-25,XSHG
15,10000205.XSHG,0.0034,0.004,2015-11-25,XSHG
16,10000204.XSHG,0.4931,0.4783,2015-11-25,XSHG
17,10000206.XSHG,0.4448,0.4247,2015-11-25,XSHG
18,10000191.XSHG,0.8917,0.8673,2015-11-25,XSHG
19,10000190.XSHG,0.7921,0.7671,2015-11-25,XSHG
20,10000192.XSHG,0.9914,0.9663,2015-11-25,XSHG
21,10000199.XSHG,0.0006,0.0008,2015-11-25,XSHG
22,10000428.XSHG,0.2873,0.2945,2015-11-25,XSHG
23,10000461.XSHG,0.0004,0.0001,2015-11-25,XSHG
24,10000460.XSHG,0.0997,0.0918,2015-11-25,XSHG
25,10000463.XSHG,0.204,0.2046,2015-11-25,XSHG
26,10000462.XSHG,0.06,0.0395,2015-11-25,XSHG
27,10000465.XSHG,0.256,0.2501,2015-11-25,XSHG
28,10000464.XSHG,0.1869,0.1886,2015-11-25,XSHG
29,10000467.XSHG,0.0002,0.0001,2015-11-25,XSHG
30,10000466.XSHG,0.2775,0.2804,2015-11-25,XSHG
31,10000469.XSHG,0.1759,0.172,2015-11-25,XSHG
32,10000468.XSHG,0.1093,0.0909,2015-11-25,XSHG
33,10000377.XSHG,0.0221,0.0194,2015-11-25,XSHG
34,10000376.XSHG,0.3459,0.349,2015-11-25,XSHG
35,10000371.XSHG,0.0035,0.003,2015-11-25,XSHG
36,10000370.XSHG,0.0036,0.0023,2015-11-25,XSHG
37,10000373.XSHG,0.4709,0.4875,2015-11-25,XSHG
38,10000372.XSHG,0.0054,0.0043,2015-11-25,XSHG
39,10000274.XSHG,0.3009,0.2758,2015-11-25,XSHG
40,10000270.XSHG,0.0134,0.0161,2015-11-25,XSHG
41,10000271.XSHG,0.0092,0.011,2015-11-25,XSHG
42,10000272.XSHG,0.2098,0.189,2015-11-25,XSHG
43,10000273.XSHG,0.2559,0.232,2015-11-25,XSHG
44,10000365.XSHG,0.4702,0.4856,2015-11-25,XSHG
45,10000279.XSHG,0.0289,0.0329,2015-11-25,XSHG
46,10000289.XSHG,0.0578,0.0632,2015-11-25,XSHG
47,10000288.XSHG,0.0666,0.0717,2015-11-25,XSHG
48,10000280.XSHG,0.1634,0.1501,2015-11-25,XSHG
49,10000285.XSHG,0.0415,0.0471,2015-11-25,XSHG
50,10000287.XSHG,0.0755,0.0834,2015-11-25,XSHG
51,10000286.XSHG,0.1269,0.1135,2015-11-25,XSHG
52,10000380.XSHG,0.0471,0.0415,2015-11-25,XSHG
53,10000294.XSHG,0.4038,0.4019,2015-11-25,XSHG
54,10000308.XSHG,0.1345,0.149,2015-11-25,XSHG
55,10000309.XSHG,0.1182,0.1308,2015-11-25,XSHG
56,10000448.XSHG,0.0199,0.0001,2015-11-25,XSHG
57,10000397.XSHG,0.0018,0.0016,2015-11-25,XSHG
58,10000303.XSHG,0.0793,0.0916,2015-11-25,XSHG
59,10000304.XSHG,0.0579,0.0656,2015-11-25,XSHG
60,10000305.XSHG,0.0641,0.0578,2015-11-25,XSHG
61,10000306.XSHG,0.0934,0.082,2015-11-25,XSHG
62,10000307.XSHG,0.1566,0.1697,2015-11-25,XSHG
63,10000395.XSHG,0.5197,0.531,2015-11-25,XSHG
64,10000394.XSHG,0.5717,0.5806,2015-11-25,XSHG
65,10000393.XSHG,0.6188,0.6281,2015-11-25,XSHG
66,10000404.XSHG,0.0184,0.0158,2015-11-25,XSHG
67,10000403.XSHG,0.0137,0.0118,2015-11-25,XSHG
68,10000402.XSHG,0.0105,0.0095,2015-11-25,XSHG
69,10000401.XSHG,0.5155,0.5315,2015-11-25,XSHG
70,10000400.XSHG,0.5684,0.576,2015-11-25,XSHG
71,10000399.XSHG,0.6079,0.6198,2015-11-25,XSHG
72,10000398.XSHG,0.0022,0.0018,2015-11-25,XSHG
73,10000319.XSHG,0.11,0.121,2015-11-25,XSHG
74,10000313.XSHG,0.1931,0.1847,2015-11-25,XSHG
75,10000312.XSHG,0.1616,0.155,2015-11-25,XSHG
76,10000311.XSHG,0.0934,0.099,2015-11-25,XSHG
77,10000310.XSHG,0.1068,0.1113,2015-11-25,XSHG
78,10000316.XSHG,0.296,0.288,2015-11-25,XSHG
79,10000315.XSHG,0.2564,0.247,2015-11-25,XSHG
80,10000314.XSHG,0.2238,0.2163,2015-11-25,XSHG
81,10000396.XSHG,0.0016,0.0014,2015-11-25,XSHG
82,10000240.XSHG,0.396,0.38,2015-11-25,XSHG
83,10000366.XSHG,0.4209,0.4294,2015-11-25,XSHG
84,10000328.XSHG,0.1108,0.105,2015-11-25,XSHG
85,10000326.XSHG,0.0282,0.0243,2015-11-25,XSHG
86,10000327.XSHG,0.2055,0.2224,2015-11-25,XSHG
87,10000325.XSHG,0.1425,0.1588,2015-11-25,XSHG
88,10000322.XSHG,0.135,0.1299,2015-11-25,XSHG
89,10000320.XSHG,0.043,0.0373,2015-11-25,XSHG
90,10000321.XSHG,0.1811,0.1942,2015-11-25,XSHG
91,10000367.XSHG,0.372,0.388,2015-11-25,XSHG
92,10000331.XSHG,0.1826,0.199,2015-11-25,XSHG
93,10000239.XSHG,0.3476,0.3248,2015-11-25,XSHG
94,10000333.XSHG,0.2351,0.2518,2015-11-25,XSHG
95,10000332.XSHG,0.0171,0.0147,2015-11-25,XSHG
96,10000334.XSHG,0.0928,0.085,2015-11-25,XSHG
97,10000237.XSHG,0.0069,0.0083,2015-11-25,XSHG
98,10000438.XSHG,0.0001,0.0001,2015-11-25,XSHG
99,10000228.XSHG,1.1885,1.1657,2015-11-25,XSHG
100,10000432.XSHG,0.0001,0.0001,2015-11-25,XSHG
101,10000433.XSHG,0.0001,0.0002,2015-11-25,XSHG
102,10000430.XSHG,0.1801,0.204,2015-11-25,XSHG
103,10000431.XSHG,0.1391,0.1454,2015-11-25,XSHG
104,10000436.XSHG,0.0002,0.0001,2015-11-25,XSHG
105,10000437.XSHG,0.3836,0.4003,2015-11-25,XSHG
106,10000434.XSHG,0.0001,0.0002,2015-11-25,XSHG
107,10000435.XSHG,0.0001,0.0002,2015-11-25,XSHG
108,10000458.XSHG,0.221,0.2201,2015-11-25,XSHG
109,10000459.XSHG,0.3359,0.3419,2015-11-25,XSHG
110,10000450.XSHG,0.2812,0.2896,2015-11-25,XSHG
111,10000451.XSHG,0.2615,0.2615,2015-11-25,XSHG
112,10000452.XSHG,0.2373,0.2455,2015-11-25,XSHG
113,10000453.XSHG,0.2221,0.2257,2015-11-25,XSHG
114,10000454.XSHG,0.1231,0.1168,2015-11-25,XSHG
115,10000455.XSHG,0.1492,0.1442,2015-11-25,XSHG
116,10000456.XSHG,0.1684,0.1699,2015-11-25,XSHG
117,10000457.XSHG,0.1976,0.1888,2015-11-25,XSHG
118,10000344.XSHG,0.011,0.0093,2015-11-25,XSHG
119,10000345.XSHG,0.2928,0.314,2015-11-25,XSHG
120,10000346.XSHG,0.267,0.2799,2015-11-25,XSHG
121,10000347.XSHG,0.0583,0.0524,2015-11-25,XSHG
122,10000341.XSHG,0.2741,0.2869,2015-11-25,XSHG
123,10000342.XSHG,0.2269,0.2415,2015-11-25,XSHG
124,10000343.XSHG,0.0081,0.0063,2015-11-25,XSHG
125,10000379.XSHG,0.0355,0.0331,2015-11-25,XSHG
126,10000348.XSHG,0.073,0.0656,2015-11-25,XSHG
127,10000378.XSHG,0.0277,0.0259,2015-11-25,XSHG
128,10000227.XSHG,0.0006,0.0007,2015-11-25,XSHG
129,10000375.XSHG,0.3859,0.3991,2015-11-25,XSHG
130,10000429.XSHG,0.235,0.2528,2015-11-25,XSHG
131,10000269.XSHG,0.02,0.0239,2015-11-25,XSHG
132,10000374.XSHG,0.4277,0.4439,2015-11-25,XSHG
133,10000427.XSHG,0.3368,0.349,2015-11-25,XSHG
134,10000296.XSHG,0.4843,0.4849,2015-11-25,XSHG
135,10000297.XSHG,0.0398,0.0424,2015-11-25,XSHG
136,10000449.XSHG,0.308,0.3197,2015-11-25,XSHG
137,10000295.XSHG,0.4486,0.4442,2015-11-25,XSHG
138,10000292.XSHG,0.327,0.317,2015-11-25,XSHG
139,10000293.XSHG,0.3701,0.3616,2015-11-25,XSHG
140,10000290.XSHG,0.0513,0.0546,2015-11-25,XSHG
141,10000291.XSHG,0.0442,0.0495,2015-11-25,XSHG
142,10000443.XSHG,0.0002,0.0001,2015-11-25,XSHG
143,10000442.XSHG,0.04,0.043,2015-11-25,XSHG
144,10000441.XSHG,0.09,0.095,2015-11-25,XSHG
145,10000447.XSHG,0.0074,0.0005,2015-11-25,XSHG
146,10000298.XSHG,0.5394,0.5166,2015-11-25,XSHG
147,10000444.XSHG,0.002,0.0001,2015-11-25,XSHG
148,10000238.XSHG,0.0049,0.0057,2015-11-25,XSHG
149,10000183.XSHG,0.0019,0.0038,2015-11-25,XSHG
150,10000186.XSHG,0.001,0.001,2015-11-25,XSHG
151,10000187.XSHG,0.0011,0.0009,2015-11-25,XSHG
152,10000184.XSHG,0.0011,0.0015,2015-11-25,XSHG
153,10000185.XSHG,0.0009,0.001,2015-11-25,XSHG
154,10000188.XSHG,0.594,0.5712,2015-11-25,XSHG
155,10000189.XSHG,0.6914,0.6679,2015-11-25,XSHG
156,10000368.XSHG,0.3566,0.339,2015-11-26,XSHG
157,10000369.XSHG,0.0021,0.0017,2015-11-26,XSHG
158,10000478.XSHG,0.3605,0.3671,2015-11-26,XSHG
159,10000479.XSHG,0.1536,0.1368,2015-11-26,XSHG
160,10000477.XSHG,0.152,0.1413,2015-11-26,XSHG
161,10000474.XSHG,0.3264,0.3333,2015-11-26,XSHG
162,10000366.XSHG,0.4536,0.4379,2015-11-26,XSHG
163,10000473.XSHG,0.1733,0.1549,2015-11-26,XSHG
164,10000470.XSHG,0.2992,0.3022,2015-11-26,XSHG
165,10000365.XSHG,0.5027,0.4873,2015-11-26,XSHG
166,10000201.XSHG,0.0034,0.0022,2015-11-26,XSHG
167,10000200.XSHG,1.0414,1.0644,2015-11-26,XSHG
168,10000203.XSHG,0.0033,0.0025,2015-11-26,XSHG
169,10000202.XSHG,0.4916,0.5161,2015-11-26,XSHG
170,10000205.XSHG,0.0047,0.0034,2015-11-26,XSHG
171,10000204.XSHG,0.4427,0.4668,2015-11-26,XSHG
172,10000206.XSHG,0.3943,0.4183,2015-11-26,XSHG
173,10000191.XSHG,0.8403,0.8608,2015-11-26,XSHG
174,10000190.XSHG,0.7389,0.7639,2015-11-26,XSHG
175,10000192.XSHG,0.9513,0.9585,2015-11-26,XSHG
176,10000199.XSHG,0.0006,0.001,2015-11-26,XSHG
177,10000460.XSHG,0.092,0.0889,2015-11-26,XSHG
178,10000463.XSHG,0.2399,0.2064,2015-11-26,XSHG
179,10000465.XSHG,0.2384,0.2364,2015-11-26,XSHG
180,10000464.XSHG,0.2116,0.191,2015-11-26,XSHG
181,10000466.XSHG,0.2683,0.271,2015-11-26,XSHG
182,10000469.XSHG,0.19,0.1691,2015-11-26,XSHG
183,10000374.XSHG,0.4549,0.438,2015-11-26,XSHG
184,10000377.XSHG,0.0184,0.0175,2015-11-26,XSHG
185,10000376.XSHG,0.3821,0.3565,2015-11-26,XSHG
186,10000371.XSHG,0.003,0.0025,2015-11-26,XSHG
187,10000370.XSHG,0.0021,0.0022,2015-11-26,XSHG
188,10000373.XSHG,0.5115,0.4904,2015-11-26,XSHG
189,10000372.XSHG,0.0041,0.0035,2015-11-26,XSHG
190,10000274.XSHG,0.2633,0.2737,2015-11-26,XSHG
191,10000270.XSHG,0.0797,0.0135,2015-11-26,XSHG
192,10000271.XSHG,0.013,0.0095,2015-11-26,XSHG
193,10000272.XSHG,0.1802,0.1861,2015-11-26,XSHG
194,10000273.XSHG,0.2197,0.2243,2015-11-26,XSHG
195,10000279.XSHG,0.037,0.029,2015-11-26,XSHG
196,10000289.XSHG,0.0686,0.0647,2015-11-26,XSHG
197,10000288.XSHG,0.0812,0.0745,2015-11-26,XSHG
198,10000280.XSHG,0.1372,0.1458,2015-11-26,XSHG
199,10000285.XSHG,0.0522,0.043,2015-11-26,XSHG
200,10000287.XSHG,0.0999,0.0858,2015-11-26,XSHG
201,10000286.XSHG,0.1015,0.109,2015-11-26,XSHG
202,10000380.XSHG,0.03,0.0386,2015-11-26,XSHG
203,10000294.XSHG,0.3786,0.3785,2015-11-26,XSHG
204,10000308.XSHG,0.16,0.1508,2015-11-26,XSHG
205,10000309.XSHG,0.14,0.1283,2015-11-26,XSHG
206,10000397.XSHG,0.0018,0.0011,2015-11-26,XSHG
207,10000303.XSHG,0.0971,0.0858,2015-11-26,XSHG
208,10000304.XSHG,0.0704,0.0589,2015-11-26,XSHG
209,10000305.XSHG,0.053,0.0524,2015-11-26,XSHG
210,10000306.XSHG,0.076,0.0763,2015-11-26,XSHG
211,10000307.XSHG,0.1879,0.1692,2015-11-26,XSHG
212,10000395.XSHG,0.5522,0.5378,2015-11-26,XSHG
213,10000394.XSHG,0.6024,0.5874,2015-11-26,XSHG
214,10000393.XSHG,0.653,0.6336,2015-11-26,XSHG
215,10000404.XSHG,0.0145,0.0129,2015-11-26,XSHG
216,10000403.XSHG,0.0097,0.0102,2015-11-26,XSHG
217,10000402.XSHG,0.0095,0.0083,2015-11-26,XSHG
218,10000401.XSHG,0.5452,0.5256,2015-11-26,XSHG
219,10000400.XSHG,0.58,0.5801,2015-11-26,XSHG
220,10000399.XSHG,0.6299,0.6221,2015-11-26,XSHG
221,10000398.XSHG,0.0017,0.0013,2015-11-26,XSHG
222,10000319.XSHG,0.1263,0.1178,2015-11-26,XSHG
223,10000313.XSHG,0.1703,0.1766,2015-11-26,XSHG
224,10000312.XSHG,0.143,0.1463,2015-11-26,XSHG
225,10000311.XSHG,0.1095,0.0956,2015-11-26,XSHG
226,10000310.XSHG,0.12,0.1094,2015-11-26,XSHG
227,10000316.XSHG,0.2669,0.2701,2015-11-26,XSHG
228,10000315.XSHG,0.232,0.2355,2015-11-26,XSHG
229,10000314.XSHG,0.2199,0.2025,2015-11-26,XSHG
230,10000396.XSHG,0.0016,0.001,2015-11-26,XSHG
231,10000483.XSHG,0.0679,0.0532,2015-11-26,XSHG
232,10000240.XSHG,0.3465,0.3684,2015-11-26,XSHG
233,10000328.XSHG,0.0963,0.1,2015-11-26,XSHG
234,10000326.XSHG,0.0221,0.0208,2015-11-26,XSHG
235,10000327.XSHG,0.2333,0.2214,2015-11-26,XSHG
236,10000325.XSHG,0.1668,0.1546,2015-11-26,XSHG
237,10000322.XSHG,0.1082,0.1231,2015-11-26,XSHG
238,10000320.XSHG,0.0343,0.0335,2015-11-26,XSHG
239,10000321.XSHG,0.2099,0.1911,2015-11-26,XSHG
240,10000488.XSHG,0.18,0.1798,2015-11-26,XSHG
241,10000487.XSHG,0.1504,0.1449,2015-11-26,XSHG
242,10000486.XSHG,0.121,0.1135,2015-11-26,XSHG
243,10000485.XSHG,0.0955,0.0865,2015-11-26,XSHG
244,10000484.XSHG,0.0717,0.0643,2015-11-26,XSHG
245,10000367.XSHG,0.4049,0.3878,2015-11-26,XSHG
246,10000482.XSHG,0.0872,0.0676,2015-11-26,XSHG
247,10000481.XSHG,0.1018,0.0856,2015-11-26,XSHG
248,10000480.XSHG,0.1308,0.1092,2015-11-26,XSHG
249,10000331.XSHG,0.2143,0.1979,2015-11-26,XSHG
250,10000239.XSHG,0.3115,0.3184,2015-11-26,XSHG
251,10000333.XSHG,0.2741,0.2483,2015-11-26,XSHG
252,10000332.XSHG,0.0129,0.013,2015-11-26,XSHG
253,10000334.XSHG,0.0796,0.0806,2015-11-26,XSHG
254,10000237.XSHG,0.0086,0.007,2015-11-26,XSHG
255,10000228.XSHG,1.1483,1.1617,2015-11-26,XSHG
256,10000458.XSHG,0.212,0.2106,2015-11-26,XSHG
257,10000459.XSHG,0.3754,0.3513,2015-11-26,XSHG
258,10000450.XSHG,0.313,0.2928,2015-11-26,XSHG
259,10000451.XSHG,0.29,0.2769,2015-11-26,XSHG
260,10000452.XSHG,0.268,0.2549,2015-11-26,XSHG
261,10000453.XSHG,0.245,0.2251,2015-11-26,XSHG
262,10000454.XSHG,0.111,0.1124,2015-11-26,XSHG
263,10000455.XSHG,0.1362,0.1333,2015-11-26,XSHG
264,10000456.XSHG,0.1638,0.1586,2015-11-26,XSHG
265,10000457.XSHG,0.188,0.1827,2015-11-26,XSHG
266,10000344.XSHG,0.0084,0.0081,2015-11-26,XSHG
267,10000345.XSHG,0.3353,0.3151,2015-11-26,XSHG
268,10000346.XSHG,0.2899,0.2794,2015-11-26,XSHG
269,10000347.XSHG,0.0485,0.0487,2015-11-26,XSHG
270,10000341.XSHG,0.3066,0.2912,2015-11-26,XSHG
271,10000342.XSHG,0.2593,0.2411,2015-11-26,XSHG
272,10000343.XSHG,0.0057,0.0052,2015-11-26,XSHG
273,10000379.XSHG,0.0289,0.0292,2015-11-26,XSHG
274,10000348.XSHG,0.0616,0.0618,2015-11-26,XSHG
275,10000378.XSHG,0.0239,0.0233,2015-11-26,XSHG
276,10000227.XSHG,0.0011,0.0009,2015-11-26,XSHG
277,10000375.XSHG,0.4138,0.4035,2015-11-26,XSHG
278,10000269.XSHG,0.0258,0.0202,2015-11-26,XSHG
279,10000296.XSHG,0.4504,0.4691,2015-11-26,XSHG
280,10000297.XSHG,0.0445,0.0404,2015-11-26,XSHG
281,10000449.XSHG,0.351,0.3273,2015-11-26,XSHG
282,10000295.XSHG,0.42,0.4289,2015-11-26,XSHG
283,10000292.XSHG,0.2982,0.3053,2015-11-26,XSHG
284,10000293.XSHG,0.3391,0.3465,2015-11-26,XSHG
285,10000290.XSHG,0.0592,0.0539,2015-11-26,XSHG
286,10000291.XSHG,0.0508,0.0475,2015-11-26,XSHG
287,10000298.XSHG,0.5199,0.511,2015-11-26,XSHG
288,10000238.XSHG,0.0064,0.0046,2015-11-26,XSHG
289,10000183.XSHG,0.0029,0.0049,2015-11-26,XSHG
290,10000186.XSHG,0.0008,0.001,2015-11-26,XSHG
291,10000187.XSHG,0.0006,0.0009,2015-11-26,XSHG
292,10000184.XSHG,0.0015,0.0013,2015-11-26,XSHG
293,10000185.XSHG,0.001,0.001,2015-11-26,XSHG
294,10000188.XSHG,0.5333,0.5656,2015-11-26,XSHG
295,10000189.XSHG,0.6396,0.6648,2015-11-26,XSHG
296,10000368.XSHG,0.3339,0.2402,2015-11-27,XSHG
297,10000369.XSHG,0.0016,0.0049,2015-11-27,XSHG
298,10000478.XSHG,0.3824,0.4409,2015-11-27,XSHG
299,10000479.XSHG,0.1308,0.0903,2015-11-27,XSHG
300,10000477.XSHG,0.136,0.111,2015-11-27,XSHG
301,10000474.XSHG,0.3514,0.4066,2015-11-27,XSHG
302,10000366.XSHG,0.4297,0.33,2015-11-27,XSHG
303,10000473.XSHG,0.1472,0.121,2015-11-27,XSHG
304,10000470.XSHG,0.3103,0.3706,2015-11-27,XSHG
305,10000365.XSHG,0.4783,0.3687,2015-11-27,XSHG
306,10000201.XSHG,0.0019,0.0016,2015-11-27,XSHG
307,10000200.XSHG,1.07,1.1929,2015-11-27,XSHG
308,10000203.XSHG,0.0023,0.0017,2015-11-27,XSHG
309,10000202.XSHG,0.5227,0.6324,2015-11-27,XSHG
310,10000205.XSHG,0.003,0.0023,2015-11-27,XSHG
311,10000204.XSHG,0.4734,0.5815,2015-11-27,XSHG
312,10000206.XSHG,0.4244,0.5324,2015-11-27,XSHG
313,10000191.XSHG,0.8708,0.9938,2015-11-27,XSHG
314,10000190.XSHG,0.777,0.8947,2015-11-27,XSHG
315,10000192.XSHG,0.9704,1.0893,2015-11-27,XSHG
316,10000199.XSHG,0.0011,0.0011,2015-11-27,XSHG
317,10000460.XSHG,0.0937,0.12,2015-11-27,XSHG
318,10000463.XSHG,0.2027,0.1588,2015-11-27,XSHG
319,10000465.XSHG,0.24,0.293,2015-11-27,XSHG
320,10000464.XSHG,0.1844,0.1472,2015-11-27,XSHG
321,10000466.XSHG,0.273,0.3356,2015-11-27,XSHG
322,10000469.XSHG,0.1689,0.1315,2015-11-27,XSHG
323,10000374.XSHG,0.4356,0.3543,2015-11-27,XSHG
324,10000377.XSHG,0.019,0.0289,2015-11-27,XSHG
325,10000376.XSHG,0.3422,0.2688,2015-11-27,XSHG
326,10000371.XSHG,0.0026,0.0096,2015-11-27,XSHG
327,10000370.XSHG,0.0022,0.0068,2015-11-27,XSHG
328,10000373.XSHG,0.4824,0.3956,2015-11-27,XSHG
329,10000372.XSHG,0.0037,0.0147,2015-11-27,XSHG
330,10000274.XSHG,0.281,0.382,2015-11-27,XSHG
331,10000270.XSHG,0.013,0.0079,2015-11-27,XSHG
332,10000271.XSHG,0.0091,0.0053,2015-11-27,XSHG
333,10000272.XSHG,0.1899,0.2896,2015-11-27,XSHG
334,10000273.XSHG,0.234,0.3374,2015-11-27,XSHG
335,10000279.XSHG,0.0278,0.0172,2015-11-27,XSHG
336,10000289.XSHG,0.0593,0.0443,2015-11-27,XSHG
337,10000288.XSHG,0.0691,0.0522,2015-11-27,XSHG
338,10000280.XSHG,0.1504,0.2467,2015-11-27,XSHG
339,10000285.XSHG,0.0418,0.024,2015-11-27,XSHG
340,10000287.XSHG,0.0801,0.059,2015-11-27,XSHG
341,10000286.XSHG,0.1135,0.201,2015-11-27,XSHG
342,10000380.XSHG,0.0407,0.0596,2015-11-27,XSHG
343,10000294.XSHG,0.4139,0.4777,2015-11-27,XSHG
344,10000308.XSHG,0.1387,0.1028,2015-11-27,XSHG
345,10000309.XSHG,0.121,0.0959,2015-11-27,XSHG
346,10000397.XSHG,0.0014,0.003,2015-11-27,XSHG
347,10000303.XSHG,0.0829,0.0475,2015-11-27,XSHG
348,10000304.XSHG,0.0555,0.0341,2015-11-27,XSHG
349,10000305.XSHG,0.0564,0.1205,2015-11-27,XSHG
350,10000306.XSHG,0.0795,0.161,2015-11-27,XSHG
351,10000307.XSHG,0.1604,0.1247,2015-11-27,XSHG
352,10000395.XSHG,0.5273,0.4208,2015-11-27,XSHG
353,10000394.XSHG,0.5707,0.4739,2015-11-27,XSHG
354,10000393.XSHG,0.623,0.521,2015-11-27,XSHG
355,10000404.XSHG,0.014,0.0213,2015-11-27,XSHG
356,10000403.XSHG,0.011,0.0168,2015-11-27,XSHG
357,10000402.XSHG,0.009,0.0138,2015-11-27,XSHG
358,10000401.XSHG,0.5252,0.437,2015-11-27,XSHG
359,10000400.XSHG,0.5706,0.4858,2015-11-27,XSHG
360,10000399.XSHG,0.6168,0.5313,2015-11-27,XSHG
361,10000398.XSHG,0.0015,0.0039,2015-11-27,XSHG
362,10000319.XSHG,0.1131,0.0666,2015-11-27,XSHG
363,10000313.XSHG,0.1813,0.2355,2015-11-27,XSHG
364,10000312.XSHG,0.152,0.2069,2015-11-27,XSHG
365,10000311.XSHG,0.0907,0.0682,2015-11-27,XSHG
366,10000310.XSHG,0.1033,0.0786,2015-11-27,XSHG
367,10000316.XSHG,0.28,0.3464,2015-11-27,XSHG
368,10000315.XSHG,0.2479,0.3198,2015-11-27,XSHG
369,10000314.XSHG,0.2133,0.2768,2015-11-27,XSHG
370,10000396.XSHG,0.001,0.0027,2015-11-27,XSHG
371,10000483.XSHG,0.0514,0.0375,2015-11-27,XSHG
372,10000240.XSHG,0.3756,0.4837,2015-11-27,XSHG
373,10000328.XSHG,0.1025,0.1456,2015-11-27,XSHG
374,10000326.XSHG,0.0222,0.07,2015-11-27,XSHG
375,10000327.XSHG,0.2139,0.1636,2015-11-27,XSHG
376,10000325.XSHG,0.15,0.09,2015-11-27,XSHG
377,10000322.XSHG,0.1271,0.1755,2015-11-27,XSHG
378,10000320.XSHG,0.0354,0.0934,2015-11-27,XSHG
379,10000321.XSHG,0.1844,0.1475,2015-11-27,XSHG
380,10000488.XSHG,0.1515,0.2766,2015-11-27,XSHG
381,10000487.XSHG,0.15,0.2345,2015-11-27,XSHG
382,10000486.XSHG,0.1172,0.1976,2015-11-27,XSHG
383,10000485.XSHG,0.0897,0.1585,2015-11-27,XSHG
384,10000484.XSHG,0.0653,0.1272,2015-11-27,XSHG
385,10000367.XSHG,0.3816,0.2855,2015-11-27,XSHG
386,10000482.XSHG,0.0647,0.0465,2015-11-27,XSHG
387,10000481.XSHG,0.0856,0.0573,2015-11-27,XSHG
388,10000480.XSHG,0.1044,0.0704,2015-11-27,XSHG
389,10000331.XSHG,0.1918,0.1201,2015-11-27,XSHG
390,10000239.XSHG,0.3277,0.435,2015-11-27,XSHG
391,10000333.XSHG,0.2374,0.191,2015-11-27,XSHG
392,10000332.XSHG,0.0133,0.046,2015-11-27,XSHG
393,10000334.XSHG,0.0849,0.1202,2015-11-27,XSHG
394,10000237.XSHG,0.0067,0.0036,2015-11-27,XSHG
395,10000228.XSHG,1.1697,1.2981,2015-11-27,XSHG
396,10000458.XSHG,0.2225,0.274,2015-11-27,XSHG
397,10000459.XSHG,0.3416,0.274,2015-11-27,XSHG
398,10000450.XSHG,0.2813,0.2411,2015-11-27,XSHG
399,10000451.XSHG,0.26,0.2166,2015-11-27,XSHG
400,10000452.XSHG,0.2404,0.1965,2015-11-27,XSHG
401,10000453.XSHG,0.235,0.1784,2015-11-27,XSHG
402,10000454.XSHG,0.1151,0.1482,2015-11-27,XSHG
403,10000455.XSHG,0.139,0.1768,2015-11-27,XSHG
404,10000456.XSHG,0.1594,0.2115,2015-11-27,XSHG
405,10000457.XSHG,0.1869,0.2261,2015-11-27,XSHG
406,10000344.XSHG,0.0086,0.0317,2015-11-27,XSHG
407,10000345.XSHG,0.3067,0.2432,2015-11-27,XSHG
408,10000346.XSHG,0.2751,0.2157,2015-11-27,XSHG
409,10000347.XSHG,0.0505,0.0803,2015-11-27,XSHG
410,10000341.XSHG,0.2817,0.193,2015-11-27,XSHG
411,10000342.XSHG,0.2402,0.154,2015-11-27,XSHG
412,10000343.XSHG,0.0057,0.0214,2015-11-27,XSHG
413,10000379.XSHG,0.0314,0.0492,2015-11-27,XSHG
414,10000348.XSHG,0.0661,0.098,2015-11-27,XSHG
415,10000378.XSHG,0.0235,0.0366,2015-11-27,XSHG
416,10000227.XSHG,0.0011,0.0011,2015-11-27,XSHG
417,10000375.XSHG,0.3931,0.3142,2015-11-27,XSHG
418,10000269.XSHG,0.0195,0.0118,2015-11-27,XSHG
419,10000296.XSHG,0.5053,0.5551,2015-11-27,XSHG
420,10000297.XSHG,0.0392,0.0296,2015-11-27,XSHG
421,10000449.XSHG,0.3129,0.266,2015-11-27,XSHG
422,10000295.XSHG,0.4399,0.5245,2015-11-27,XSHG
423,10000292.XSHG,0.3237,0.3979,2015-11-27,XSHG
424,10000293.XSHG,0.3813,0.4333,2015-11-27,XSHG
425,10000290.XSHG,0.0519,0.0386,2015-11-27,XSHG
426,10000291.XSHG,0.0455,0.0338,2015-11-27,XSHG
427,10000298.XSHG,0.5257,0.6112,2015-11-27,XSHG
428,10000238.XSHG,0.0044,0.0025,2015-11-27,XSHG
429,10000183.XSHG,0.0027,0.0008,2015-11-27,XSHG
430,10000186.XSHG,0.0009,0.0011,2015-11-27,XSHG
431,10000187.XSHG,0.0009,0.0011,2015-11-27,XSHG
432,10000184.XSHG,0.0011,0.0013,2015-11-27,XSHG
433,10000185.XSHG,0.0008,0.0011,2015-11-27,XSHG
434,10000188.XSHG,0.5721,0.6799,2015-11-27,XSHG
435,10000189.XSHG,0.6713,0.7954,2015-11-27,XSHG
436,10000368.XSHG,0.2408,0.2383,2015-11-30,XSHG
437,10000369.XSHG,0.0043,0.0038,2015-11-30,XSHG
438,10000478.XSHG,0.426,0.4257,2015-11-30,XSHG
439,10000479.XSHG,0.0896,0.0957,2015-11-30,XSHG
440,10000477.XSHG,0.11,0.1141,2015-11-30,XSHG
441,10000474.XSHG,0.3993,0.3868,2015-11-30,XSHG
442,10000366.XSHG,0.3336,0.3313,2015-11-30,XSHG
443,10000473.XSHG,0.1259,0.1311,2015-11-30,XSHG
444,10000470.XSHG,0.37,0.3534,2015-11-30,XSHG
445,10000365.XSHG,0.3903,0.3836,2015-11-30,XSHG
446,10000201.XSHG,0.0018,0.0016,2015-11-30,XSHG
447,10000200.XSHG,1.1777,1.1733,2015-11-30,XSHG
448,10000203.XSHG,0.0124,0.0019,2015-11-30,XSHG
449,10000202.XSHG,0.6295,0.6175,2015-11-30,XSHG
450,10000205.XSHG,0.0024,0.0021,2015-11-30,XSHG
451,10000204.XSHG,0.5725,0.5675,2015-11-30,XSHG
452,10000206.XSHG,0.5304,0.5181,2015-11-30,XSHG
453,10000191.XSHG,0.9668,0.9704,2015-11-30,XSHG
454,10000190.XSHG,0.8722,0.873,2015-11-30,XSHG
455,10000192.XSHG,1.0779,1.0746,2015-11-30,XSHG
456,10000199.XSHG,0.0018,0.0011,2015-11-30,XSHG
457,10000460.XSHG,0.1147,0.12,2015-11-30,XSHG
458,10000463.XSHG,0.1648,0.1701,2015-11-30,XSHG
459,10000465.XSHG,0.2801,0.2861,2015-11-30,XSHG
460,10000464.XSHG,0.1616,0.1593,2015-11-30,XSHG
461,10000466.XSHG,0.3155,0.32,2015-11-30,XSHG
462,10000469.XSHG,0.1379,0.1441,2015-11-30,XSHG
463,10000374.XSHG,0.3536,0.3623,2015-11-30,XSHG
464,10000377.XSHG,0.0298,0.0346,2015-11-30,XSHG
465,10000376.XSHG,0.2829,0.2889,2015-11-30,XSHG
466,10000371.XSHG,0.0083,0.0087,2015-11-30,XSHG
467,10000370.XSHG,0.0052,0.0058,2015-11-30,XSHG
468,10000373.XSHG,0.1706,0.4085,2015-11-30,XSHG
469,10000372.XSHG,0.0138,0.013,2015-11-30,XSHG
470,10000274.XSHG,0.3834,0.3785,2015-11-30,XSHG
471,10000270.XSHG,0.0076,0.007,2015-11-30,XSHG
472,10000271.XSHG,0.0051,0.0049,2015-11-30,XSHG
473,10000272.XSHG,0.292,0.2817,2015-11-30,XSHG
474,10000273.XSHG,0.3355,0.3283,2015-11-30,XSHG
475,10000279.XSHG,0.016,0.0155,2015-11-30,XSHG
476,10000289.XSHG,0.0442,0.0543,2015-11-30,XSHG
477,10000288.XSHG,0.0529,0.0607,2015-11-30,XSHG
478,10000280.XSHG,0.2443,0.237,2015-11-30,XSHG
479,10000285.XSHG,0.0244,0.0225,2015-11-30,XSHG
480,10000287.XSHG,0.0619,0.0671,2015-11-30,XSHG
481,10000286.XSHG,0.195,0.1972,2015-11-30,XSHG
482,10000380.XSHG,0.0566,0.0673,2015-11-30,XSHG
483,10000294.XSHG,0.4919,0.4919,2015-11-30,XSHG
484,10000308.XSHG,0.1349,0.1151,2015-11-30,XSHG
485,10000309.XSHG,0.094,0.1015,2015-11-30,XSHG
486,10000397.XSHG,0.0028,0.002,2015-11-30,XSHG
487,10000303.XSHG,0.05,0.0457,2015-11-30,XSHG
488,10000304.XSHG,0.036,0.03,2015-11-30,XSHG
489,10000305.XSHG,0.1204,0.1195,2015-11-30,XSHG
490,10000306.XSHG,0.161,0.1564,2015-11-30,XSHG
491,10000307.XSHG,0.124,0.1302,2015-11-30,XSHG
492,10000395.XSHG,0.431,0.4374,2015-11-30,XSHG
493,10000394.XSHG,0.4855,0.4782,2015-11-30,XSHG
494,10000393.XSHG,0.53,0.526,2015-11-30,XSHG
495,10000404.XSHG,0.0194,0.027,2015-11-30,XSHG
496,10000403.XSHG,0.0162,0.0213,2015-11-30,XSHG
497,10000402.XSHG,0.0131,0.0171,2015-11-30,XSHG
498,10000401.XSHG,0.4288,0.4542,2015-11-30,XSHG
499,10000400.XSHG,0.4813,0.4945,2015-11-30,XSHG
500,10000399.XSHG,0.5431,0.5334,2015-11-30,XSHG
501,10000398.XSHG,0.0036,0.0028,2015-11-30,XSHG
502,10000319.XSHG,0.066,0.0627,2015-11-30,XSHG
503,10000313.XSHG,0.2265,0.2387,2015-11-30,XSHG
504,10000312.XSHG,0.1968,0.2036,2015-11-30,XSHG
505,10000311.XSHG,0.068,0.0789,2015-11-30,XSHG
506,10000310.XSHG,0.0999,0.0909,2015-11-30,XSHG
507,10000316.XSHG,0.3466,0.3446,2015-11-30,XSHG
508,10000315.XSHG,0.305,0.31,2015-11-30,XSHG
509,10000314.XSHG,0.2667,0.2767,2015-11-30,XSHG
510,10000494.XSHG,0.1,0.1023,2015-11-30,XSHG
511,10000490.XSHG,0.1419,0.1459,2015-11-30,XSHG
512,10000491.XSHG,0.1158,0.1171,2015-11-30,XSHG
513,10000492.XSHG,0.055,0.0595,2015-11-30,XSHG
514,10000493.XSHG,0.075,0.0798,2015-11-30,XSHG
515,10000396.XSHG,0.0025,0.0015,2015-11-30,XSHG
516,10000483.XSHG,0.0373,0.0388,2015-11-30,XSHG
517,10000240.XSHG,0.4644,0.4688,2015-11-30,XSHG
518,10000328.XSHG,0.1391,0.148,2015-11-30,XSHG
519,10000326.XSHG,0.068,0.0619,2015-11-30,XSHG
520,10000327.XSHG,0.1695,0.1801,2015-11-30,XSHG
521,10000325.XSHG,0.09,0.088,2015-11-30,XSHG
522,10000322.XSHG,0.2499,0.1758,2015-11-30,XSHG
523,10000320.XSHG,0.0934,0.0877,2015-11-30,XSHG
524,10000321.XSHG,0.1457,0.1524,2015-11-30,XSHG
525,10000489.XSHG,0.1729,0.1776,2015-11-30,XSHG
526,10000488.XSHG,0.2734,0.2681,2015-11-30,XSHG
527,10000487.XSHG,0.2334,0.2297,2015-11-30,XSHG
528,10000486.XSHG,0.1866,0.1922,2015-11-30,XSHG
529,10000485.XSHG,0.1558,0.1582,2015-11-30,XSHG
530,10000484.XSHG,0.1039,0.13,2015-11-30,XSHG
531,10000367.XSHG,0.2835,0.2897,2015-11-30,XSHG
532,10000482.XSHG,0.0488,0.0494,2015-11-30,XSHG
533,10000481.XSHG,0.0589,0.0615,2015-11-30,XSHG
534,10000480.XSHG,0.0732,0.0767,2015-11-30,XSHG
535,10000331.XSHG,0.1212,0.1189,2015-11-30,XSHG
536,10000239.XSHG,0.4257,0.4198,2015-11-30,XSHG
537,10000333.XSHG,0.189,0.2028,2015-11-30,XSHG
538,10000332.XSHG,0.046,0.0426,2015-11-30,XSHG
539,10000334.XSHG,0.1154,0.1232,2015-11-30,XSHG
540,10000237.XSHG,0.0021,0.003,2015-11-30,XSHG
541,10000228.XSHG,1.2776,1.2663,2015-11-30,XSHG
542,10000458.XSHG,0.2558,0.2554,2015-11-30,XSHG
543,10000459.XSHG,0.2889,0.2999,2015-11-30,XSHG
544,10000450.XSHG,0.2497,0.2534,2015-11-30,XSHG
545,10000451.XSHG,0.2238,0.2269,2015-11-30,XSHG
546,10000452.XSHG,0.1801,0.2073,2015-11-30,XSHG
547,10000453.XSHG,0.1865,0.19,2015-11-30,XSHG
548,10000454.XSHG,0.1431,0.1457,2015-11-30,XSHG
549,10000455.XSHG,0.17,0.1641,2015-11-30,XSHG
550,10000456.XSHG,0.1965,0.1993,2015-11-30,XSHG
551,10000457.XSHG,0.2059,0.2236,2015-11-30,XSHG
552,10000344.XSHG,0.0299,0.0285,2015-11-30,XSHG
553,10000345.XSHG,0.241,0.2555,2015-11-30,XSHG
554,10000346.XSHG,0.2161,0.2255,2015-11-30,XSHG
555,10000347.XSHG,0.0767,0.0835,2015-11-30,XSHG
556,10000341.XSHG,0.1945,0.1943,2015-11-30,XSHG
557,10000342.XSHG,0.1555,0.1561,2015-11-30,XSHG
558,10000343.XSHG,0.0212,0.0202,2015-11-30,XSHG
559,10000379.XSHG,0.0478,0.0545,2015-11-30,XSHG
560,10000348.XSHG,0.0989,0.105,2015-11-30,XSHG
561,10000378.XSHG,0.0372,0.0431,2015-11-30,XSHG
562,10000227.XSHG,0.0012,0.001,2015-11-30,XSHG
563,10000375.XSHG,0.3151,0.332,2015-11-30,XSHG
564,10000269.XSHG,0.0121,0.0103,2015-11-30,XSHG
565,10000296.XSHG,0.5533,0.5569,2015-11-30,XSHG
566,10000297.XSHG,0.0296,0.0346,2015-11-30,XSHG
567,10000449.XSHG,0.2724,0.2757,2015-11-30,XSHG
568,10000295.XSHG,0.5129,0.5141,2015-11-30,XSHG
569,10000292.XSHG,0.3756,0.3848,2015-11-30,XSHG
570,10000293.XSHG,0.4306,0.433,2015-11-30,XSHG
571,10000290.XSHG,0.04,0.0458,2015-11-30,XSHG
572,10000291.XSHG,0.0346,0.0411,2015-11-30,XSHG
573,10000298.XSHG,0.6007,0.5988,2015-11-30,XSHG
574,10000238.XSHG,0.0027,0.0025,2015-11-30,XSHG
575,10000183.XSHG,0.0019,0.0012,2015-11-30,XSHG
576,10000186.XSHG,0.0011,0.0013,2015-11-30,XSHG
577,10000187.XSHG,0.0011,0.001,2015-11-30,XSHG
578,10000184.XSHG,0.0015,0.0012,2015-11-30,XSHG
579,10000185.XSHG,0.0009,0.0011,2015-11-30,XSHG
580,10000188.XSHG,0.6753,0.6681,2015-11-30,XSHG
581,10000189.XSHG,0.7737,0.7672,2015-11-30,XSHG
582,10000368.XSHG,0.2343,0.2458,2015-12-01,XSHG
583,10000369.XSHG,0.0044,0.0034,2015-12-01,XSHG
584,10000478.XSHG,0.4399,0.4301,2015-12-01,XSHG
585,10000479.XSHG,0.0954,0.0977,2015-12-01,XSHG
586,10000477.XSHG,0.1182,0.121,2015-12-01,XSHG
587,10000474.XSHG,0.4,0.3906,2015-12-01,XSHG
588,10000366.XSHG,0.3261,0.34,2015-12-01,XSHG
589,10000473.XSHG,0.1407,0.1355,2015-12-01,XSHG
590,10000470.XSHG,0.366,0.3569,2015-12-01,XSHG
591,10000365.XSHG,0.3741,0.3832,2015-12-01,XSHG
592,10000201.XSHG,0.0012,0.0015,2015-12-01,XSHG
593,10000200.XSHG,1.179,1.1475,2015-12-01,XSHG
594,10000203.XSHG,0.0016,0.0017,2015-12-01,XSHG
595,10000202.XSHG,0.6305,0.6191,2015-12-01,XSHG
596,10000205.XSHG,0.0021,0.0019,2015-12-01,XSHG
597,10000204.XSHG,0.5773,0.5668,2015-12-01,XSHG
598,10000206.XSHG,0.5307,0.5188,2015-12-01,XSHG
599,10000191.XSHG,0.9791,0.9676,2015-12-01,XSHG
600,10000190.XSHG,0.8792,0.8659,2015-12-01,XSHG
601,10000192.XSHG,1.0869,1.0675,2015-12-01,XSHG
602,10000199.XSHG,0.0011,0.0011,2015-12-01,XSHG
603,10000460.XSHG,0.1279,0.125,2015-12-01,XSHG
604,10000463.XSHG,0.1632,0.1785,2015-12-01,XSHG
605,10000465.XSHG,0.2966,0.2902,2015-12-01,XSHG
606,10000464.XSHG,0.1517,0.1603,2015-12-01,XSHG
607,10000466.XSHG,0.336,0.3239,2015-12-01,XSHG
608,10000469.XSHG,0.1363,0.1432,2015-12-01,XSHG
609,10000374.XSHG,0.3317,0.3684,2015-12-01,XSHG
610,10000377.XSHG,0.0345,0.0336,2015-12-01,XSHG
611,10000376.XSHG,0.2864,0.2929,2015-12-01,XSHG
612,10000371.XSHG,0.0085,0.0072,2015-12-01,XSHG
613,10000370.XSHG,0.0059,0.0047,2015-12-01,XSHG
614,10000373.XSHG,0.3684,0.411,2015-12-01,XSHG
615,10000372.XSHG,0.0131,0.0109,2015-12-01,XSHG
616,10000274.XSHG,0.3825,0.3699,2015-12-01,XSHG
617,10000270.XSHG,0.007,0.0071,2015-12-01,XSHG
618,10000271.XSHG,0.0052,0.0047,2015-12-01,XSHG
619,10000272.XSHG,0.2898,0.276,2015-12-01,XSHG
620,10000273.XSHG,0.3344,0.3217,2015-12-01,XSHG
621,10000279.XSHG,0.0149,0.0155,2015-12-01,XSHG
622,10000289.XSHG,0.0487,0.0521,2015-12-01,XSHG
623,10000288.XSHG,0.0564,0.0598,2015-12-01,XSHG
624,10000280.XSHG,0.2439,0.2296,2015-12-01,XSHG
625,10000285.XSHG,0.0222,0.0233,2015-12-01,XSHG
626,10000287.XSHG,0.0641,0.0696,2015-12-01,XSHG
627,10000286.XSHG,0.1926,0.187,2015-12-01,XSHG
628,10000380.XSHG,0.0693,0.0663,2015-12-01,XSHG
629,10000294.XSHG,0.4526,0.4702,2015-12-01,XSHG
630,10000308.XSHG,0.1134,0.1205,2015-12-01,XSHG
631,10000309.XSHG,0.101,0.1026,2015-12-01,XSHG
632,10000397.XSHG,0.0022,0.0017,2015-12-01,XSHG
633,10000303.XSHG,0.0457,0.0472,2015-12-01,XSHG
634,10000304.XSHG,0.0304,0.0333,2015-12-01,XSHG
635,10000305.XSHG,0.1181,0.1102,2015-12-01,XSHG
636,10000306.XSHG,0.1491,0.1488,2015-12-01,XSHG
637,10000307.XSHG,0.1297,0.1341,2015-12-01,XSHG
638,10000395.XSHG,0.4227,0.4346,2015-12-01,XSHG
639,10000394.XSHG,0.4601,0.4829,2015-12-01,XSHG
640,10000393.XSHG,0.5203,0.5316,2015-12-01,XSHG
641,10000404.XSHG,0.0287,0.0266,2015-12-01,XSHG
642,10000403.XSHG,0.0224,0.0206,2015-12-01,XSHG
643,10000402.XSHG,0.0171,0.017,2015-12-01,XSHG
644,10000401.XSHG,0.4068,0.4535,2015-12-01,XSHG
645,10000400.XSHG,0.4816,0.5109,2015-12-01,XSHG
646,10000399.XSHG,0.53,0.5433,2015-12-01,XSHG
647,10000398.XSHG,0.0032,0.0025,2015-12-01,XSHG
648,10000319.XSHG,0.0629,0.0642,2015-12-01,XSHG
649,10000313.XSHG,0.2456,0.2344,2015-12-01,XSHG
650,10000312.XSHG,0.2135,0.2022,2015-12-01,XSHG
651,10000311.XSHG,0.0769,0.0834,2015-12-01,XSHG
652,10000310.XSHG,0.084,0.0913,2015-12-01,XSHG
653,10000316.XSHG,0.3559,0.3447,2015-12-01,XSHG
654,10000315.XSHG,0.3122,0.3069,2015-12-01,XSHG
655,10000314.XSHG,0.2694,0.272,2015-12-01,XSHG
656,10000494.XSHG,0.1058,0.0947,2015-12-01,XSHG
657,10000490.XSHG,0.1382,0.145,2015-12-01,XSHG
658,10000491.XSHG,0.117,0.1223,2015-12-01,XSHG
659,10000492.XSHG,0.06,0.0526,2015-12-01,XSHG
660,10000493.XSHG,0.0795,0.0718,2015-12-01,XSHG
661,10000396.XSHG,0.0014,0.0011,2015-12-01,XSHG
662,10000483.XSHG,0.039,0.0394,2015-12-01,XSHG
663,10000240.XSHG,0.4784,0.4678,2015-12-01,XSHG
664,10000328.XSHG,0.1521,0.148,2015-12-01,XSHG
665,10000326.XSHG,0.0649,0.0548,2015-12-01,XSHG
666,10000327.XSHG,0.17,0.1767,2015-12-01,XSHG
667,10000325.XSHG,0.088,0.0912,2015-12-01,XSHG
668,10000322.XSHG,0.1834,0.1742,2015-12-01,XSHG
669,10000320.XSHG,0.0858,0.0796,2015-12-01,XSHG
670,10000321.XSHG,0.15,0.1559,2015-12-01,XSHG
671,10000489.XSHG,0.1722,0.178,2015-12-01,XSHG
672,10000488.XSHG,0.2786,0.2645,2015-12-01,XSHG
673,10000487.XSHG,0.2386,0.2211,2015-12-01,XSHG
674,10000486.XSHG,0.2023,0.1874,2015-12-01,XSHG
675,10000485.XSHG,0.1664,0.1522,2015-12-01,XSHG
676,10000484.XSHG,0.1342,0.1225,2015-12-01,XSHG
677,10000367.XSHG,0.2794,0.2904,2015-12-01,XSHG
678,10000482.XSHG,0.0493,0.0492,2015-12-01,XSHG
679,10000481.XSHG,0.0618,0.0627,2015-12-01,XSHG
680,10000480.XSHG,0.0776,0.0787,2015-12-01,XSHG
681,10000331.XSHG,0.1199,0.1222,2015-12-01,XSHG
682,10000239.XSHG,0.4319,0.4207,2015-12-01,XSHG
683,10000333.XSHG,0.1853,0.2027,2015-12-01,XSHG
684,10000332.XSHG,0.0421,0.0373,2015-12-01,XSHG
685,10000334.XSHG,0.13,0.1218,2015-12-01,XSHG
686,10000237.XSHG,0.003,0.0032,2015-12-01,XSHG
687,10000228.XSHG,1.2791,1.2666,2015-12-01,XSHG
688,10000458.XSHG,0.262,0.2579,2015-12-01,XSHG
689,10000459.XSHG,0.2966,0.3049,2015-12-01,XSHG
690,10000450.XSHG,0.2455,0.2584,2015-12-01,XSHG
691,10000451.XSHG,0.2266,0.2301,2015-12-01,XSHG
692,10000452.XSHG,0.1995,0.2121,2015-12-01,XSHG
693,10000453.XSHG,0.1821,0.1933,2015-12-01,XSHG
694,10000454.XSHG,0.1522,0.1447,2015-12-01,XSHG
695,10000455.XSHG,0.1752,0.175,2015-12-01,XSHG
696,10000456.XSHG,0.1988,0.201,2015-12-01,XSHG
697,10000457.XSHG,0.2346,0.2288,2015-12-01,XSHG
698,10000344.XSHG,0.0284,0.025,2015-12-01,XSHG
699,10000345.XSHG,0.25,0.2633,2015-12-01,XSHG
700,10000346.XSHG,0.22,0.2302,2015-12-01,XSHG
701,10000347.XSHG,0.085,0.0807,2015-12-01,XSHG
702,10000341.XSHG,0.1913,0.2015,2015-12-01,XSHG
703,10000342.XSHG,0.1505,0.1601,2015-12-01,XSHG
704,10000343.XSHG,0.0197,0.0163,2015-12-01,XSHG
705,10000379.XSHG,0.0573,0.0535,2015-12-01,XSHG
706,10000348.XSHG,0.1075,0.0995,2015-12-01,XSHG
707,10000378.XSHG,0.045,0.0421,2015-12-01,XSHG
708,10000227.XSHG,0.0009,0.0009,2015-12-01,XSHG
709,10000375.XSHG,0.3182,0.3324,2015-12-01,XSHG
710,10000269.XSHG,0.0098,0.0111,2015-12-01,XSHG
711,10000296.XSHG,0.5668,0.5548,2015-12-01,XSHG
712,10000297.XSHG,0.0361,0.0358,2015-12-01,XSHG
713,10000449.XSHG,0.2727,0.2792,2015-12-01,XSHG
714,10000295.XSHG,0.518,0.5102,2015-12-01,XSHG
715,10000292.XSHG,0.4,0.3842,2015-12-01,XSHG
716,10000293.XSHG,0.4398,0.4351,2015-12-01,XSHG
717,10000290.XSHG,0.0433,0.0463,2015-12-01,XSHG
718,10000291.XSHG,0.0398,0.0406,2015-12-01,XSHG
719,10000298.XSHG,0.605,0.6002,2015-12-01,XSHG
720,10000238.XSHG,0.0025,0.0024,2015-12-01,XSHG
721,10000183.XSHG,0.0011,0.0013,2015-12-01,XSHG
722,10000186.XSHG,0.0009,0.0009,2015-12-01,XSHG
723,10000187.XSHG,0.0011,0.0009,2015-12-01,XSHG
724,10000184.XSHG,0.0011,0.0011,2015-12-01,XSHG
725,10000185.XSHG,0.0009,0.0009,2015-12-01,XSHG
726,10000188.XSHG,0.6821,0.6686,2015-12-01,XSHG
727,10000189.XSHG,0.7795,0.7687,2015-12-01,XSHG
728,10000368.XSHG,0.2425,0.3377,2015-12-02,XSHG
729,10000369.XSHG,0.0031,0.0012,2015-12-02,XSHG
730,10000478.XSHG,0.4243,0.3687,2015-12-02,XSHG
731,10000479.XSHG,0.0993,0.1474,2015-12-02,XSHG
732,10000477.XSHG,0.1209,0.1525,2015-12-02,XSHG
733,10000474.XSHG,0.39,0.3273,2015-12-02,XSHG
734,10000366.XSHG,0.3362,0.4363,2015-12-02,XSHG
735,10000473.XSHG,0.1335,0.175,2015-12-02,XSHG
736,10000470.XSHG,0.3301,0.2944,2015-12-02,XSHG
737,10000365.XSHG,0.3847,0.4867,2015-12-02,XSHG
738,10000201.XSHG,0.0015,0.0022,2015-12-02,XSHG
739,10000200.XSHG,1.1432,1.0558,2015-12-02,XSHG
740,10000203.XSHG,0.0018,0.0035,2015-12-02,XSHG
741,10000202.XSHG,0.6147,0.5057,2015-12-02,XSHG
742,10000205.XSHG,0.002,0.0038,2015-12-02,XSHG
743,10000204.XSHG,0.5584,0.4669,2015-12-02,XSHG
744,10000206.XSHG,0.509,0.4203,2015-12-02,XSHG
745,10000191.XSHG,0.9563,0.8564,2015-12-02,XSHG
746,10000190.XSHG,0.8683,0.7566,2015-12-02,XSHG
747,10000192.XSHG,1.0472,0.9587,2015-12-02,XSHG
748,10000199.XSHG,0.0006,0.001,2015-12-02,XSHG
749,10000460.XSHG,0.1277,0.0908,2015-12-02,XSHG
750,10000463.XSHG,0.185,0.226,2015-12-02,XSHG
751,10000465.XSHG,0.2701,0.2388,2015-12-02,XSHG
752,10000464.XSHG,0.1827,0.2016,2015-12-02,XSHG
753,10000466.XSHG,0.3256,0.2638,2015-12-02,XSHG
754,10000469.XSHG,0.1634,0.1888,2015-12-02,XSHG
755,10000374.XSHG,0.3728,0.4535,2015-12-02,XSHG
756,10000377.XSHG,0.0326,0.0208,2015-12-02,XSHG
757,10000376.XSHG,0.3111,0.3686,2015-12-02,XSHG
758,10000371.XSHG,0.008,0.0028,2015-12-02,XSHG
759,10000370.XSHG,0.0048,0.002,2015-12-02,XSHG
760,10000373.XSHG,0.4159,0.4859,2015-12-02,XSHG
761,10000372.XSHG,0.0105,0.004,2015-12-02,XSHG
762,10000274.XSHG,0.3712,0.2677,2015-12-02,XSHG
763,10000270.XSHG,0.0072,0.015,2015-12-02,XSHG
764,10000271.XSHG,0.0049,0.0105,2015-12-02,XSHG
765,10000272.XSHG,0.2742,0.1781,2015-12-02,XSHG
766,10000273.XSHG,0.3235,0.2207,2015-12-02,XSHG
767,10000279.XSHG,0.0152,0.0334,2015-12-02,XSHG
768,10000289.XSHG,0.0526,0.0718,2015-12-02,XSHG
769,10000288.XSHG,0.0601,0.0834,2015-12-02,XSHG
770,10000280.XSHG,0.2268,0.1416,2015-12-02,XSHG
771,10000285.XSHG,0.0226,0.0485,2015-12-02,XSHG
772,10000287.XSHG,0.0706,0.0937,2015-12-02,XSHG
773,10000286.XSHG,0.1809,0.1064,2015-12-02,XSHG
774,10000380.XSHG,0.0646,0.0424,2015-12-02,XSHG
775,10000294.XSHG,0.4337,0.3833,2015-12-02,XSHG
776,10000308.XSHG,0.1204,0.1625,2015-12-02,XSHG
777,10000309.XSHG,0.1035,0.1408,2015-12-02,XSHG
778,10000397.XSHG,0.0012,0.0007,2015-12-02,XSHG
779,10000303.XSHG,0.0491,0.0919,2015-12-02,XSHG
780,10000304.XSHG,0.0333,0.0665,2015-12-02,XSHG
781,10000305.XSHG,0.1068,0.0532,2015-12-02,XSHG
782,10000306.XSHG,0.142,0.0766,2015-12-02,XSHG
783,10000307.XSHG,0.1395,0.184,2015-12-02,XSHG
784,10000395.XSHG,0.4335,0.5371,2015-12-02,XSHG
785,10000394.XSHG,0.484,0.5898,2015-12-02,XSHG
786,10000393.XSHG,0.5417,0.6408,2015-12-02,XSHG
787,10000404.XSHG,0.0258,0.0163,2015-12-02,XSHG
788,10000403.XSHG,0.0202,0.0129,2015-12-02,XSHG
789,10000402.XSHG,0.0169,0.0107,2015-12-02,XSHG
790,10000401.XSHG,0.4586,0.54,2015-12-02,XSHG
791,10000400.XSHG,0.5026,0.5881,2015-12-02,XSHG
792,10000399.XSHG,0.5593,0.6354,2015-12-02,XSHG
793,10000398.XSHG,0.0024,0.001,2015-12-02,XSHG
794,10000319.XSHG,0.0656,0.123,2015-12-02,XSHG
795,10000313.XSHG,0.2355,0.175,2015-12-02,XSHG
796,10000312.XSHG,0.2005,0.1462,2015-12-02,XSHG
797,10000311.XSHG,0.0803,0.1106,2015-12-02,XSHG
798,10000310.XSHG,0.0917,0.1214,2015-12-02,XSHG
799,10000316.XSHG,0.3414,0.2851,2015-12-02,XSHG
800,10000315.XSHG,0.305,0.2511,2015-12-02,XSHG
801,10000314.XSHG,0.2645,0.206,2015-12-02,XSHG
802,10000494.XSHG,0.0935,0.0527,2015-12-02,XSHG
803,10000490.XSHG,0.1469,0.2136,2015-12-02,XSHG
804,10000491.XSHG,0.1219,0.1738,2015-12-02,XSHG
805,10000492.XSHG,0.0509,0.0252,2015-12-02,XSHG
806,10000493.XSHG,0.0702,0.0374,2015-12-02,XSHG
807,10000396.XSHG,0.0008,0.0006,2015-12-02,XSHG
808,10000483.XSHG,0.0396,0.0635,2015-12-02,XSHG
809,10000240.XSHG,0.4518,0.3693,2015-12-02,XSHG
810,10000328.XSHG,0.1429,0.1073,2015-12-02,XSHG
811,10000326.XSHG,0.0548,0.02,2015-12-02,XSHG
812,10000327.XSHG,0.1816,0.236,2015-12-02,XSHG
813,10000325.XSHG,0.0919,0.161,2015-12-02,XSHG
814,10000322.XSHG,0.1778,0.1255,2015-12-02,XSHG
815,10000320.XSHG,0.077,0.0338,2015-12-02,XSHG
816,10000321.XSHG,0.158,0.2068,2015-12-02,XSHG
817,10000489.XSHG,0.1819,0.252,2015-12-02,XSHG
818,10000488.XSHG,0.2464,0.1857,2015-12-02,XSHG
819,10000487.XSHG,0.2196,0.1525,2015-12-02,XSHG
820,10000486.XSHG,0.18,0.1187,2015-12-02,XSHG
821,10000485.XSHG,0.1513,0.0953,2015-12-02,XSHG
822,10000484.XSHG,0.1217,0.0727,2015-12-02,XSHG
823,10000367.XSHG,0.2885,0.3866,2015-12-02,XSHG
824,10000482.XSHG,0.0502,0.0788,2015-12-02,XSHG
825,10000481.XSHG,0.064,0.0974,2015-12-02,XSHG
826,10000480.XSHG,0.079,0.121,2015-12-02,XSHG
827,10000331.XSHG,0.1238,0.2023,2015-12-02,XSHG
828,10000239.XSHG,0.4171,0.3146,2015-12-02,XSHG
829,10000333.XSHG,0.2053,0.262,2015-12-02,XSHG
830,10000332.XSHG,0.0373,0.0145,2015-12-02,XSHG
831,10000334.XSHG,0.1202,0.0837,2015-12-02,XSHG
832,10000237.XSHG,0.0035,0.0066,2015-12-02,XSHG
833,10000228.XSHG,1.2419,1.1785,2015-12-02,XSHG
834,10000458.XSHG,0.2564,0.2099,2015-12-02,XSHG
835,10000459.XSHG,0.3032,0.3669,2015-12-02,XSHG
836,10000450.XSHG,0.2836,0.3277,2015-12-02,XSHG
837,10000451.XSHG,0.25,0.2839,2015-12-02,XSHG
838,10000452.XSHG,0.2148,0.2591,2015-12-02,XSHG
839,10000453.XSHG,0.1976,0.2402,2015-12-02,XSHG
840,10000454.XSHG,0.1432,0.11,2015-12-02,XSHG
841,10000455.XSHG,0.1693,0.1292,2015-12-02,XSHG
842,10000456.XSHG,0.1956,0.1548,2015-12-02,XSHG
843,10000457.XSHG,0.2021,0.1818,2015-12-02,XSHG
844,10000344.XSHG,0.0247,0.008,2015-12-02,XSHG
845,10000345.XSHG,0.2637,0.3375,2015-12-02,XSHG
846,10000346.XSHG,0.2309,0.2961,2015-12-02,XSHG
847,10000347.XSHG,0.0798,0.0543,2015-12-02,XSHG
848,10000341.XSHG,0.2048,0.291,2015-12-02,XSHG
849,10000342.XSHG,0.1604,0.2476,2015-12-02,XSHG
850,10000343.XSHG,0.0162,0.0058,2015-12-02,XSHG
851,10000379.XSHG,0.0521,0.0335,2015-12-02,XSHG
852,10000348.XSHG,0.1,0.0702,2015-12-02,XSHG
853,10000378.XSHG,0.0415,0.0274,2015-12-02,XSHG
854,10000227.XSHG,0.0007,0.001,2015-12-02,XSHG
855,10000375.XSHG,0.3314,0.409,2015-12-02,XSHG
856,10000269.XSHG,0.0107,0.025,2015-12-02,XSHG
857,10000296.XSHG,0.5365,0.4693,2015-12-02,XSHG
858,10000297.XSHG,0.036,0.0479,2015-12-02,XSHG
859,10000449.XSHG,0.3116,0.337,2015-12-02,XSHG
860,10000295.XSHG,0.4929,0.4406,2015-12-02,XSHG
861,10000292.XSHG,0.3514,0.3208,2015-12-02,XSHG
862,10000293.XSHG,0.418,0.3404,2015-12-02,XSHG
863,10000290.XSHG,0.0454,0.0623,2015-12-02,XSHG
864,10000291.XSHG,0.0403,0.0543,2015-12-02,XSHG
865,10000298.XSHG,0.5885,0.5062,2015-12-02,XSHG
866,10000238.XSHG,0.0024,0.0052,2015-12-02,XSHG
867,10000183.XSHG,0.0014,0.002,2015-12-02,XSHG
868,10000186.XSHG,0.0004,0.0011,2015-12-02,XSHG
869,10000187.XSHG,0.0008,0.0009,2015-12-02,XSHG
870,10000184.XSHG,0.0012,0.0016,2015-12-02,XSHG
871,10000185.XSHG,0.0008,0.001,2015-12-02,XSHG
872,10000188.XSHG,0.6617,0.5536,2015-12-02,XSHG
873,10000189.XSHG,0.7667,0.6588,2015-12-02,XSHG
874,10000368.XSHG,0.36,0.348,2015-12-03,XSHG
875,10000369.XSHG,0.0015,0.0013,2015-12-03,XSHG
876,10000478.XSHG,0.3729,0.36,2015-12-03,XSHG
877,10000479.XSHG,0.1447,0.1476,2015-12-03,XSHG
878,10000477.XSHG,0.1492,0.1501,2015-12-03,XSHG
879,10000474.XSHG,0.3268,0.3262,2015-12-03,XSHG
880,10000366.XSHG,0.45,0.4384,2015-12-03,XSHG
881,10000473.XSHG,0.1615,0.1654,2015-12-03,XSHG
882,10000470.XSHG,0.3025,0.2942,2015-12-03,XSHG
883,10000365.XSHG,0.4927,0.493,2015-12-03,XSHG
884,10000201.XSHG,0.0019,0.0026,2015-12-03,XSHG
885,10000200.XSHG,1.0628,1.0639,2015-12-03,XSHG
886,10000203.XSHG,0.0034,0.0034,2015-12-03,XSHG
887,10000202.XSHG,0.523,0.5073,2015-12-03,XSHG
888,10000205.XSHG,0.0033,0.004,2015-12-03,XSHG
889,10000204.XSHG,0.4722,0.4671,2015-12-03,XSHG
890,10000206.XSHG,0.4261,0.4137,2015-12-03,XSHG
891,10000191.XSHG,0.8623,0.8581,2015-12-03,XSHG
892,10000190.XSHG,0.7546,0.7499,2015-12-03,XSHG
893,10000192.XSHG,0.963,0.9576,2015-12-03,XSHG
894,10000199.XSHG,0.001,0.0011,2015-12-03,XSHG
895,10000460.XSHG,0.0888,0.0933,2015-12-03,XSHG
896,10000463.XSHG,0.2244,0.2149,2015-12-03,XSHG
897,10000465.XSHG,0.2404,0.2343,2015-12-03,XSHG
898,10000464.XSHG,0.1984,0.2065,2015-12-03,XSHG
899,10000466.XSHG,0.2708,0.2671,2015-12-03,XSHG
900,10000469.XSHG,0.1767,0.1863,2015-12-03,XSHG
901,10000374.XSHG,0.4617,0.4651,2015-12-03,XSHG
902,10000377.XSHG,0.023,0.021,2015-12-03,XSHG
903,10000376.XSHG,0.3601,0.3721,2015-12-03,XSHG
904,10000371.XSHG,0.0026,0.0028,2015-12-03,XSHG
905,10000370.XSHG,0.0023,0.002,2015-12-03,XSHG
906,10000373.XSHG,0.506,0.5115,2015-12-03,XSHG
907,10000372.XSHG,0.0039,0.0036,2015-12-03,XSHG
908,10000274.XSHG,0.2819,0.27,2015-12-03,XSHG
909,10000270.XSHG,0.015,0.0159,2015-12-03,XSHG
910,10000271.XSHG,0.0089,0.0102,2015-12-03,XSHG
911,10000272.XSHG,0.1831,0.1804,2015-12-03,XSHG
912,10000273.XSHG,0.236,0.2259,2015-12-03,XSHG
913,10000279.XSHG,0.0311,0.0347,2015-12-03,XSHG
914,10000289.XSHG,0.0644,0.069,2015-12-03,XSHG
915,10000288.XSHG,0.077,0.0783,2015-12-03,XSHG
916,10000280.XSHG,0.1426,0.1431,2015-12-03,XSHG
917,10000285.XSHG,0.0488,0.05,2015-12-03,XSHG
918,10000287.XSHG,0.0852,0.0905,2015-12-03,XSHG
919,10000286.XSHG,0.108,0.1057,2015-12-03,XSHG
920,10000380.XSHG,0.0452,0.0425,2015-12-03,XSHG
921,10000294.XSHG,0.3903,0.3903,2015-12-03,XSHG
922,10000308.XSHG,0.1552,0.1577,2015-12-03,XSHG
923,10000309.XSHG,0.1333,0.145,2015-12-03,XSHG
924,10000397.XSHG,0.0009,0.0008,2015-12-03,XSHG
925,10000303.XSHG,0.0901,0.0935,2015-12-03,XSHG
926,10000304.XSHG,0.066,0.0688,2015-12-03,XSHG
927,10000305.XSHG,0.0547,0.0533,2015-12-03,XSHG
928,10000306.XSHG,0.0767,0.0764,2015-12-03,XSHG
929,10000307.XSHG,0.1795,0.182,2015-12-03,XSHG
930,10000395.XSHG,0.4903,0.5548,2015-12-03,XSHG
931,10000394.XSHG,0.5852,0.5925,2015-12-03,XSHG
932,10000393.XSHG,0.637,0.6421,2015-12-03,XSHG
933,10000404.XSHG,0.0184,0.0165,2015-12-03,XSHG
934,10000403.XSHG,0.013,0.0132,2015-12-03,XSHG
935,10000402.XSHG,0.0105,0.0104,2015-12-03,XSHG
936,10000401.XSHG,0.5513,0.5516,2015-12-03,XSHG
937,10000400.XSHG,0.587,0.5877,2015-12-03,XSHG
938,10000399.XSHG,0.636,0.6339,2015-12-03,XSHG
939,10000398.XSHG,0.0013,0.0011,2015-12-03,XSHG
940,10000319.XSHG,0.1242,0.1237,2015-12-03,XSHG
941,10000313.XSHG,0.1803,0.1689,2015-12-03,XSHG
942,10000312.XSHG,0.152,0.1438,2015-12-03,XSHG
943,10000311.XSHG,0.1011,0.1038,2015-12-03,XSHG
944,10000310.XSHG,0.1173,0.12,2015-12-03,XSHG
945,10000316.XSHG,0.2737,0.2645,2015-12-03,XSHG
946,10000315.XSHG,0.2437,0.2281,2015-12-03,XSHG
947,10000314.XSHG,0.216,0.198,2015-12-03,XSHG
948,10000494.XSHG,0.0536,0.0532,2015-12-03,XSHG
949,10000490.XSHG,0.212,0.2173,2015-12-03,XSHG
950,10000491.XSHG,0.1762,0.1855,2015-12-03,XSHG
951,10000492.XSHG,0.024,0.026,2015-12-03,XSHG
952,10000493.XSHG,0.0368,0.0373,2015-12-03,XSHG
953,10000396.XSHG,0.0006,0.0006,2015-12-03,XSHG
954,10000483.XSHG,0.0607,0.0642,2015-12-03,XSHG
955,10000240.XSHG,0.3761,0.362,2015-12-03,XSHG
956,10000328.XSHG,0.1101,0.1049,2015-12-03,XSHG
957,10000326.XSHG,0.0198,0.0215,2015-12-03,XSHG
958,10000327.XSHG,0.2302,0.2428,2015-12-03,XSHG
959,10000325.XSHG,0.165,0.1635,2015-12-03,XSHG
960,10000322.XSHG,0.1292,0.1242,2015-12-03,XSHG
961,10000320.XSHG,0.035,0.0339,2015-12-03,XSHG
962,10000321.XSHG,0.2012,0.2059,2015-12-03,XSHG
963,10000489.XSHG,0.2517,0.2543,2015-12-03,XSHG
964,10000488.XSHG,0.191,0.1855,2015-12-03,XSHG
965,10000487.XSHG,0.1532,0.1495,2015-12-03,XSHG
966,10000486.XSHG,0.1249,0.1216,2015-12-03,XSHG
967,10000485.XSHG,0.0974,0.0948,2015-12-03,XSHG
968,10000484.XSHG,0.0731,0.0716,2015-12-03,XSHG
969,10000367.XSHG,0.4142,0.3982,2015-12-03,XSHG
970,10000482.XSHG,0.0758,0.0805,2015-12-03,XSHG
971,10000481.XSHG,0.0943,0.1005,2015-12-03,XSHG
972,10000480.XSHG,0.1178,0.1228,2015-12-03,XSHG
973,10000331.XSHG,0.2073,0.2052,2015-12-03,XSHG
974,10000239.XSHG,0.3125,0.304,2015-12-03,XSHG
975,10000333.XSHG,0.26,0.2618,2015-12-03,XSHG
976,10000332.XSHG,0.0121,0.0137,2015-12-03,XSHG
977,10000334.XSHG,0.0986,0.0807,2015-12-03,XSHG
978,10000237.XSHG,0.0058,0.0073,2015-12-03,XSHG
979,10000228.XSHG,1.1694,1.1486,2015-12-03,XSHG
980,10000458.XSHG,0.2108,0.213,2015-12-03,XSHG
981,10000459.XSHG,0.3696,0.3733,2015-12-03,XSHG
982,10000450.XSHG,0.31,0.3107,2015-12-03,XSHG
983,10000451.XSHG,0.2839,0.2832,2015-12-03,XSHG
984,10000452.XSHG,0.2557,0.2596,2015-12-03,XSHG
985,10000453.XSHG,0.2323,0.2359,2015-12-03,XSHG
986,10000454.XSHG,0.1125,0.1136,2015-12-03,XSHG
987,10000455.XSHG,0.136,0.1354,2015-12-03,XSHG
988,10000456.XSHG,0.1595,0.1598,2015-12-03,XSHG
989,10000457.XSHG,0.1873,0.1853,2015-12-03,XSHG
990,10000344.XSHG,0.0079,0.0087,2015-12-03,XSHG
991,10000345.XSHG,0.3249,0.3447,2015-12-03,XSHG
992,10000346.XSHG,0.2936,0.3001,2015-12-03,XSHG
993,10000347.XSHG,0.0577,0.0536,2015-12-03,XSHG
994,10000341.XSHG,0.3181,0.3005,2015-12-03,XSHG
995,10000342.XSHG,0.265,0.254,2015-12-03,XSHG
996,10000343.XSHG,0.0058,0.0049,2015-12-03,XSHG
997,10000379.XSHG,0.0367,0.0324,2015-12-03,XSHG
998,10000348.XSHG,0.07,0.0678,2015-12-03,XSHG
999,10000378.XSHG,0.0291,0.0287,2015-12-03,XSHG
1000,10000227.XSHG,0.0007,0.001,2015-12-03,XSHG
1001,10000375.XSHG,0.4049,0.412,2015-12-03,XSHG
1002,10000269.XSHG,0.027,0.0237,2015-12-03,XSHG
1003,10000296.XSHG,0.4749,0.4648,2015-12-03,XSHG
1004,10000297.XSHG,0.047,0.0462,2015-12-03,XSHG
1005,10000449.XSHG,0.338,0.342,2015-12-03,XSHG
1006,10000295.XSHG,0.4332,0.4237,2015-12-03,XSHG
1007,10000292.XSHG,0.3121,0.2985,2015-12-03,XSHG
1008,10000293.XSHG,0.3308,0.3447,2015-12-03,XSHG
1009,10000290.XSHG,0.0551,0.0608,2015-12-03,XSHG
1010,10000291.XSHG,0.0525,0.0506,2015-12-03,XSHG
1011,10000298.XSHG,0.521,0.5,2015-12-03,XSHG
1012,10000238.XSHG,0.0052,0.0054,2015-12-03,XSHG
1013,10000183.XSHG,0.002,0.0022,2015-12-03,XSHG
1014,10000186.XSHG,0.001,0.0012,2015-12-03,XSHG
1015,10000187.XSHG,0.0007,0.0009,2015-12-03,XSHG
1016,10000184.XSHG,0.0017,0.0018,2015-12-03,XSHG
1017,10000185.XSHG,0.0011,0.0014,2015-12-03,XSHG
1018,10000188.XSHG,0.5649,0.5507,2015-12-03,XSHG
1019,10000189.XSHG,0.6659,0.6601,2015-12-03,XSHG
1020,10000368.XSHG,0.3348,0.2915,2015-12-04,XSHG
1021,10000369.XSHG,0.002,0.0012,2015-12-04,XSHG
1022,10000478.XSHG,0.3767,0.4012,2015-12-04,XSHG
1023,10000479.XSHG,0.1444,0.1216,2015-12-04,XSHG
1024,10000477.XSHG,0.1458,0.1375,2015-12-04,XSHG
1025,10000474.XSHG,0.3408,0.3654,2015-12-04,XSHG
1026,10000366.XSHG,0.4432,0.39,2015-12-04,XSHG
1027,10000473.XSHG,0.155,0.1463,2015-12-04,XSHG
1028,10000470.XSHG,0.328,0.328,2015-12-04,XSHG
1029,10000365.XSHG,0.4813,0.4406,2015-12-04,XSHG
1030,10000201.XSHG,0.0024,0.0017,2015-12-04,XSHG
1031,10000200.XSHG,1.0898,1.1017,2015-12-04,XSHG
1032,10000203.XSHG,0.0032,0.0025,2015-12-04,XSHG
1033,10000202.XSHG,0.5244,0.5611,2015-12-04,XSHG
1034,10000205.XSHG,0.0033,0.0023,2015-12-04,XSHG
1035,10000204.XSHG,0.4752,0.5108,2015-12-04,XSHG
1036,10000206.XSHG,0.426,0.4653,2015-12-04,XSHG
1037,10000191.XSHG,0.8887,0.9112,2015-12-04,XSHG
1038,10000190.XSHG,0.7724,0.8115,2015-12-04,XSHG
1039,10000192.XSHG,0.9888,1.0024,2015-12-04,XSHG
1040,10000199.XSHG,0.0008,0.0004,2015-12-04,XSHG
1041,10000460.XSHG,0.0973,0.1088,2015-12-04,XSHG
1042,10000463.XSHG,0.2144,0.1906,2015-12-04,XSHG
1043,10000465.XSHG,0.2471,0.2758,2015-12-04,XSHG
1044,10000464.XSHG,0.1922,0.1786,2015-12-04,XSHG
1045,10000466.XSHG,0.2747,0.2992,2015-12-04,XSHG
1046,10000469.XSHG,0.175,0.1681,2015-12-04,XSHG
1047,10000374.XSHG,0.4594,0.4134,2015-12-04,XSHG
1048,10000377.XSHG,0.0236,0.0256,2015-12-04,XSHG
1049,10000376.XSHG,0.355,0.3336,2015-12-04,XSHG
1050,10000371.XSHG,0.0032,0.0025,2015-12-04,XSHG
1051,10000370.XSHG,0.0022,0.0018,2015-12-04,XSHG
1052,10000373.XSHG,0.499,0.4496,2015-12-04,XSHG
1053,10000372.XSHG,0.0048,0.0038,2015-12-04,XSHG
1054,10000274.XSHG,0.2827,0.316,2015-12-04,XSHG
1055,10000270.XSHG,0.0148,0.01,2015-12-04,XSHG
1056,10000271.XSHG,0.0098,0.0066,2015-12-04,XSHG
1057,10000272.XSHG,0.1877,0.2236,2015-12-04,XSHG
1058,10000273.XSHG,0.232,0.267,2015-12-04,XSHG
1059,10000279.XSHG,0.033,0.0223,2015-12-04,XSHG
1060,10000289.XSHG,0.0657,0.0592,2015-12-04,XSHG
1061,10000288.XSHG,0.0776,0.0704,2015-12-04,XSHG
1062,10000280.XSHG,0.1498,0.1815,2015-12-04,XSHG
1063,10000285.XSHG,0.047,0.0325,2015-12-04,XSHG
1064,10000287.XSHG,0.06,0.0768,2015-12-04,XSHG
1065,10000286.XSHG,0.1109,0.1439,2015-12-04,XSHG
1066,10000380.XSHG,0.0455,0.0535,2015-12-04,XSHG
1067,10000294.XSHG,0.3975,0.4217,2015-12-04,XSHG
1068,10000308.XSHG,0.1459,0.1312,2015-12-04,XSHG
1069,10000309.XSHG,0.1311,0.1152,2015-12-04,XSHG
1070,10000397.XSHG,0.0011,0.0005,2015-12-04,XSHG
1071,10000303.XSHG,0.0892,0.0649,2015-12-04,XSHG
1072,10000304.XSHG,0.0638,0.0464,2015-12-04,XSHG
1073,10000305.XSHG,0.058,0.074,2015-12-04,XSHG
1074,10000306.XSHG,0.0803,0.1059,2015-12-04,XSHG
1075,10000307.XSHG,0.1712,0.1535,2015-12-04,XSHG
1076,10000395.XSHG,0.5374,0.49,2015-12-04,XSHG
1077,10000394.XSHG,0.5856,0.5365,2015-12-04,XSHG
1078,10000393.XSHG,0.6335,0.59,2015-12-04,XSHG
1079,10000404.XSHG,0.0178,0.0203,2015-12-04,XSHG
1080,10000403.XSHG,0.0137,0.016,2015-12-04,XSHG
1081,10000402.XSHG,0.0111,0.0128,2015-12-04,XSHG
1082,10000401.XSHG,0.5419,0.4941,2015-12-04,XSHG
1083,10000400.XSHG,0.5844,0.5425,2015-12-04,XSHG
1084,10000399.XSHG,0.6237,0.5922,2015-12-04,XSHG
1085,10000398.XSHG,0.0015,0.0009,2015-12-04,XSHG
1086,10000319.XSHG,0.1199,0.0905,2015-12-04,XSHG
1087,10000313.XSHG,0.1815,0.2007,2015-12-04,XSHG
1088,10000312.XSHG,0.1561,0.1789,2015-12-04,XSHG
1089,10000311.XSHG,0.0998,0.0905,2015-12-04,XSHG
1090,10000310.XSHG,0.1172,0.1011,2015-12-04,XSHG
1091,10000316.XSHG,0.2829,0.3082,2015-12-04,XSHG
1092,10000315.XSHG,0.244,0.2671,2015-12-04,XSHG
1093,10000314.XSHG,0.2127,0.235,2015-12-04,XSHG
1094,10000494.XSHG,0.055,0.07,2015-12-04,XSHG
1095,10000490.XSHG,0.2167,0.1797,2015-12-04,XSHG
1096,10000491.XSHG,0.1768,0.1485,2015-12-04,XSHG
1097,10000492.XSHG,0.0265,0.036,2015-12-04,XSHG
1098,10000493.XSHG,0.0387,0.0514,2015-12-04,XSHG
1099,10000396.XSHG,0.0008,0.0007,2015-12-04,XSHG
1100,10000483.XSHG,0.0612,0.0506,2015-12-04,XSHG
1101,10000240.XSHG,0.3777,0.4144,2015-12-04,XSHG
1102,10000328.XSHG,0.1099,0.12,2015-12-04,XSHG
1103,10000326.XSHG,0.024,0.0309,2015-12-04,XSHG
1104,10000327.XSHG,0.2219,0.2033,2015-12-04,XSHG
1105,10000325.XSHG,0.1559,0.1234,2015-12-04,XSHG
1106,10000322.XSHG,0.1298,0.1504,2015-12-04,XSHG
1107,10000320.XSHG,0.0399,0.05,2015-12-04,XSHG
1108,10000321.XSHG,0.1988,0.1736,2015-12-04,XSHG
1109,10000489.XSHG,0.2514,0.2147,2015-12-04,XSHG
1110,10000488.XSHG,0.1942,0.2221,2015-12-04,XSHG
1111,10000487.XSHG,0.1555,0.1846,2015-12-04,XSHG
1112,10000486.XSHG,0.1265,0.152,2015-12-04,XSHG
1113,10000485.XSHG,0.0986,0.1209,2015-12-04,XSHG
1114,10000484.XSHG,0.0745,0.0932,2015-12-04,XSHG
1115,10000367.XSHG,0.38,0.3442,2015-12-04,XSHG
1116,10000482.XSHG,0.0768,0.0619,2015-12-04,XSHG
1117,10000481.XSHG,0.0959,0.0803,2015-12-04,XSHG
1118,10000480.XSHG,0.1173,0.0983,2015-12-04,XSHG
1119,10000331.XSHG,0.1976,0.1592,2015-12-04,XSHG
1120,10000239.XSHG,0.3283,0.3637,2015-12-04,XSHG
1121,10000333.XSHG,0.2526,0.2309,2015-12-04,XSHG
1122,10000332.XSHG,0.0146,0.0183,2015-12-04,XSHG
1123,10000334.XSHG,0.0928,0.0996,2015-12-04,XSHG
1124,10000237.XSHG,0.0068,0.0042,2015-12-04,XSHG
1125,10000228.XSHG,1.1897,1.2074,2015-12-04,XSHG
1126,10000458.XSHG,0.2177,0.2363,2015-12-04,XSHG
1127,10000459.XSHG,0.3608,0.3405,2015-12-04,XSHG
1128,10000450.XSHG,0.296,0.2853,2015-12-04,XSHG
1129,10000451.XSHG,0.2778,0.2581,2015-12-04,XSHG
1130,10000452.XSHG,0.2545,0.234,2015-12-04,XSHG
1131,10000453.XSHG,0.2312,0.2124,2015-12-04,XSHG
1132,10000454.XSHG,0.1161,0.133,2015-12-04,XSHG
1133,10000455.XSHG,0.14,0.153,2015-12-04,XSHG
1134,10000456.XSHG,0.1558,0.1777,2015-12-04,XSHG
1135,10000457.XSHG,0.1951,0.2061,2015-12-04,XSHG
1136,10000344.XSHG,0.0092,0.0105,2015-12-04,XSHG
1137,10000345.XSHG,0.3219,0.2879,2015-12-04,XSHG
1138,10000346.XSHG,0.2901,0.2595,2015-12-04,XSHG
1139,10000347.XSHG,0.0584,0.0678,2015-12-04,XSHG
1140,10000341.XSHG,0.285,0.2479,2015-12-04,XSHG
1141,10000342.XSHG,0.245,0.2011,2015-12-04,XSHG
1142,10000343.XSHG,0.0055,0.0057,2015-12-04,XSHG
1143,10000379.XSHG,0.0368,0.041,2015-12-04,XSHG
1144,10000348.XSHG,0.0715,0.0841,2015-12-04,XSHG
1145,10000378.XSHG,0.0291,0.0323,2015-12-04,XSHG
1146,10000227.XSHG,0.0009,0.0006,2015-12-04,XSHG
1147,10000375.XSHG,0.4031,0.3619,2015-12-04,XSHG
1148,10000269.XSHG,0.0228,0.014,2015-12-04,XSHG
1149,10000296.XSHG,0.4781,0.51,2015-12-04,XSHG
1150,10000297.XSHG,0.0442,0.04,2015-12-04,XSHG
1151,10000449.XSHG,0.332,0.312,2015-12-04,XSHG
1152,10000295.XSHG,0.433,0.4693,2015-12-04,XSHG
1153,10000292.XSHG,0.3188,0.341,2015-12-04,XSHG
1154,10000293.XSHG,0.3533,0.384,2015-12-04,XSHG
1155,10000290.XSHG,0.0578,0.0535,2015-12-04,XSHG
1156,10000291.XSHG,0.0501,0.0449,2015-12-04,XSHG
1157,10000298.XSHG,0.5195,0.5523,2015-12-04,XSHG
1158,10000238.XSHG,0.0051,0.0031,2015-12-04,XSHG
1159,10000183.XSHG,0.002,0.0014,2015-12-04,XSHG
1160,10000186.XSHG,0.0011,0.0007,2015-12-04,XSHG
1161,10000187.XSHG,0.0009,0.0006,2015-12-04,XSHG
1162,10000184.XSHG,0.0016,0.0013,2015-12-04,XSHG
1163,10000185.XSHG,0.0011,0.0008,2015-12-04,XSHG
1164,10000188.XSHG,0.5721,0.6136,2015-12-04,XSHG
1165,10000189.XSHG,0.6706,0.7109,2015-12-04,XSHG
1166,10000368.XSHG,0.2956,0.2871,2015-12-07,XSHG
1167,10000369.XSHG,0.0008,0.0006,2015-12-07,XSHG
1168,10000478.XSHG,0.4014,0.4068,2015-12-07,XSHG
1169,10000479.XSHG,0.1219,0.1163,2015-12-07,XSHG
1170,10000477.XSHG,0.1351,0.1311,2015-12-07,XSHG
1171,10000474.XSHG,0.365,0.3695,2015-12-07,XSHG
1172,10000366.XSHG,0.396,0.385,2015-12-07,XSHG
1173,10000473.XSHG,0.1481,0.1424,2015-12-07,XSHG
1174,10000470.XSHG,0.3367,0.3352,2015-12-07,XSHG
1175,10000365.XSHG,0.4463,0.4308,2015-12-07,XSHG
1176,10000201.XSHG,0.0015,0.001,2015-12-07,XSHG
1177,10000200.XSHG,1.1212,1.1128,2015-12-07,XSHG
1178,10000203.XSHG,0.0019,0.0012,2015-12-07,XSHG
1179,10000202.XSHG,0.5564,0.5683,2015-12-07,XSHG
1180,10000205.XSHG,0.0021,0.0012,2015-12-07,XSHG
1181,10000204.XSHG,0.5069,0.518,2015-12-07,XSHG
1182,10000206.XSHG,0.4576,0.4689,2015-12-07,XSHG
1183,10000191.XSHG,0.9092,0.9155,2015-12-07,XSHG
1184,10000190.XSHG,0.805,0.8161,2015-12-07,XSHG
1185,10000192.XSHG,1.0064,1.0164,2015-12-07,XSHG
1186,10000199.XSHG,0.0006,0.0005,2015-12-07,XSHG
1187,10000460.XSHG,0.1125,0.1155,2015-12-07,XSHG
1188,10000463.XSHG,0.1962,0.1889,2015-12-07,XSHG
1189,10000465.XSHG,0.2685,0.271,2015-12-07,XSHG
1190,10000464.XSHG,0.1789,0.1752,2015-12-07,XSHG
1191,10000466.XSHG,0.3059,0.3028,2015-12-07,XSHG
1192,10000469.XSHG,0.1631,0.1578,2015-12-07,XSHG
1193,10000374.XSHG,0.4091,0.3987,2015-12-07,XSHG
1194,10000377.XSHG,0.0251,0.0274,2015-12-07,XSHG
1195,10000376.XSHG,0.3314,0.3159,2015-12-07,XSHG
1196,10000371.XSHG,0.0023,0.0009,2015-12-07,XSHG
1197,10000370.XSHG,0.0016,0.0007,2015-12-07,XSHG
1198,10000373.XSHG,0.4426,0.4488,2015-12-07,XSHG
1199,10000372.XSHG,0.0038,0.0018,2015-12-07,XSHG
1200,10000274.XSHG,0.3134,0.3219,2015-12-07,XSHG
1201,10000270.XSHG,0.0097,0.0069,2015-12-07,XSHG
1202,10000271.XSHG,0.0065,0.0042,2015-12-07,XSHG
1203,10000272.XSHG,0.2206,0.226,2015-12-07,XSHG
1204,10000273.XSHG,0.2656,0.2743,2015-12-07,XSHG
1205,10000279.XSHG,0.0237,0.0165,2015-12-07,XSHG
1206,10000289.XSHG,0.0588,0.0561,2015-12-07,XSHG
1207,10000288.XSHG,0.0673,0.0649,2015-12-07,XSHG
1208,10000280.XSHG,0.1758,0.185,2015-12-07,XSHG
1209,10000285.XSHG,0.033,0.025,2015-12-07,XSHG
1210,10000287.XSHG,0.0776,0.0746,2015-12-07,XSHG
1211,10000286.XSHG,0.1373,0.1418,2015-12-07,XSHG
1212,10000380.XSHG,0.0514,0.0555,2015-12-07,XSHG
1213,10000294.XSHG,0.4245,0.4243,2015-12-07,XSHG
1214,10000308.XSHG,0.1349,0.13,2015-12-07,XSHG
1215,10000309.XSHG,0.1188,0.1121,2015-12-07,XSHG
1216,10000397.XSHG,0.0004,0.0002,2015-12-07,XSHG
1217,10000303.XSHG,0.0676,0.0559,2015-12-07,XSHG
1218,10000304.XSHG,0.0466,0.037,2015-12-07,XSHG
1219,10000305.XSHG,0.0694,0.0708,2015-12-07,XSHG
1220,10000306.XSHG,0.0994,0.1036,2015-12-07,XSHG
1221,10000307.XSHG,0.1542,0.1468,2015-12-07,XSHG
1222,10000395.XSHG,0.4975,0.4863,2015-12-07,XSHG
1223,10000394.XSHG,0.5499,0.5318,2015-12-07,XSHG
1224,10000393.XSHG,0.5975,0.5864,2015-12-07,XSHG
1225,10000404.XSHG,0.0194,0.0208,2015-12-07,XSHG
1226,10000403.XSHG,0.0151,0.0161,2015-12-07,XSHG
1227,10000402.XSHG,0.0121,0.0126,2015-12-07,XSHG
1228,10000401.XSHG,0.5014,0.4861,2015-12-07,XSHG
1229,10000400.XSHG,0.5405,0.5317,2015-12-07,XSHG
1230,10000399.XSHG,0.6007,0.5815,2015-12-07,XSHG
1231,10000398.XSHG,0.0007,0.0003,2015-12-07,XSHG
1232,10000319.XSHG,0.0937,0.081,2015-12-07,XSHG
1233,10000313.XSHG,0.2038,0.2149,2015-12-07,XSHG
1234,10000312.XSHG,0.1735,0.185,2015-12-07,XSHG
1235,10000311.XSHG,0.0892,0.086,2015-12-07,XSHG
1236,10000310.XSHG,0.1023,0.0987,2015-12-07,XSHG
1237,10000316.XSHG,0.3095,0.316,2015-12-07,XSHG
1238,10000315.XSHG,0.274,0.2769,2015-12-07,XSHG
1239,10000314.XSHG,0.2404,0.248,2015-12-07,XSHG
1240,10000494.XSHG,0.0687,0.0741,2015-12-07,XSHG
1241,10000490.XSHG,0.1801,0.1713,2015-12-07,XSHG
1242,10000491.XSHG,0.149,0.1404,2015-12-07,XSHG
1243,10000492.XSHG,0.0321,0.037,2015-12-07,XSHG
1244,10000493.XSHG,0.0495,0.053,2015-12-07,XSHG
1245,10000396.XSHG,0.0002,0.0002,2015-12-07,XSHG
1246,10000483.XSHG,0.0506,0.0475,2015-12-07,XSHG
1247,10000240.XSHG,0.4086,0.4203,2015-12-07,XSHG
1248,10000328.XSHG,0.12,0.131,2015-12-07,XSHG
1249,10000326.XSHG,0.0292,0.0273,2015-12-07,XSHG
1250,10000327.XSHG,0.202,0.1925,2015-12-07,XSHG
1251,10000325.XSHG,0.1253,0.1101,2015-12-07,XSHG
1252,10000322.XSHG,0.1461,0.152,2015-12-07,XSHG
1253,10000320.XSHG,0.0479,0.0462,2015-12-07,XSHG
1254,10000321.XSHG,0.1769,0.1688,2015-12-07,XSHG
1255,10000489.XSHG,0.2152,0.2038,2015-12-07,XSHG
1256,10000488.XSHG,0.2208,0.2306,2015-12-07,XSHG
1257,10000487.XSHG,0.1832,0.1931,2015-12-07,XSHG
1258,10000486.XSHG,0.149,0.1581,2015-12-07,XSHG
1259,10000485.XSHG,0.1181,0.1247,2015-12-07,XSHG
1260,10000484.XSHG,0.0914,0.0983,2015-12-07,XSHG
1261,10000367.XSHG,0.3476,0.3333,2015-12-07,XSHG
1262,10000482.XSHG,0.063,0.0598,2015-12-07,XSHG
1263,10000481.XSHG,0.0795,0.0772,2015-12-07,XSHG
1264,10000480.XSHG,0.0988,0.0939,2015-12-07,XSHG
1265,10000331.XSHG,0.1624,0.1485,2015-12-07,XSHG
1266,10000239.XSHG,0.3601,0.3698,2015-12-07,XSHG
1267,10000333.XSHG,0.23,0.2204,2015-12-07,XSHG
1268,10000332.XSHG,0.0164,0.0151,2015-12-07,XSHG
1269,10000334.XSHG,0.0998,0.1081,2015-12-07,XSHG
1270,10000237.XSHG,0.0044,0.0026,2015-12-07,XSHG
1271,10000228.XSHG,1.2034,1.2076,2015-12-07,XSHG
1272,10000458.XSHG,0.238,0.2414,2015-12-07,XSHG
1273,10000459.XSHG,0.3305,0.3232,2015-12-07,XSHG
1274,10000450.XSHG,0.2752,0.2729,2015-12-07,XSHG
1275,10000451.XSHG,0.2509,0.2509,2015-12-07,XSHG
1276,10000452.XSHG,0.235,0.2274,2015-12-07,XSHG
1277,10000453.XSHG,0.2153,0.2074,2015-12-07,XSHG
1278,10000454.XSHG,0.134,0.1388,2015-12-07,XSHG
1279,10000455.XSHG,0.1574,0.162,2015-12-07,XSHG
1280,10000456.XSHG,0.1828,0.1838,2015-12-07,XSHG
1281,10000457.XSHG,0.2094,0.2167,2015-12-07,XSHG
1282,10000344.XSHG,0.0089,0.0075,2015-12-07,XSHG
1283,10000345.XSHG,0.295,0.2817,2015-12-07,XSHG
1284,10000346.XSHG,0.2609,0.2501,2015-12-07,XSHG
1285,10000347.XSHG,0.0645,0.0705,2015-12-07,XSHG
1286,10000341.XSHG,0.2479,0.2394,2015-12-07,XSHG
1287,10000342.XSHG,0.2037,0.1891,2015-12-07,XSHG
1288,10000343.XSHG,0.0055,0.0037,2015-12-07,XSHG
1289,10000379.XSHG,0.0406,0.0444,2015-12-07,XSHG
1290,10000348.XSHG,0.0804,0.0876,2015-12-07,XSHG
1291,10000378.XSHG,0.0319,0.0349,2015-12-07,XSHG
1292,10000227.XSHG,0.0006,0.0004,2015-12-07,XSHG
1293,10000375.XSHG,0.3639,0.3545,2015-12-07,XSHG
1294,10000269.XSHG,0.0146,0.011,2015-12-07,XSHG
1295,10000296.XSHG,0.5166,0.5195,2015-12-07,XSHG
1296,10000297.XSHG,0.0415,0.0387,2015-12-07,XSHG
1297,10000449.XSHG,0.3017,0.2989,2015-12-07,XSHG
1298,10000295.XSHG,0.464,0.4763,2015-12-07,XSHG
1299,10000292.XSHG,0.3465,0.3507,2015-12-07,XSHG
1300,10000293.XSHG,0.3849,0.3943,2015-12-07,XSHG
1301,10000290.XSHG,0.0516,0.0491,2015-12-07,XSHG
1302,10000291.XSHG,0.046,0.044,2015-12-07,XSHG
1303,10000298.XSHG,0.5418,0.5667,2015-12-07,XSHG
1304,10000238.XSHG,0.003,0.0019,2015-12-07,XSHG
1305,10000183.XSHG,0.0014,0.001,2015-12-07,XSHG
1306,10000186.XSHG,0.0008,0.0004,2015-12-07,XSHG
1307,10000187.XSHG,0.0004,0.0004,2015-12-07,XSHG
1308,10000184.XSHG,0.0011,0.0007,2015-12-07,XSHG
1309,10000185.XSHG,0.0006,0.0004,2015-12-07,XSHG
1310,10000188.XSHG,0.606,0.6182,2015-12-07,XSHG
1311,10000189.XSHG,0.7054,0.7158,2015-12-07,XSHG
1312,10000368.XSHG,0.277,0.2455,2015-12-08,XSHG
1313,10000369.XSHG,0.0004,0.0005,2015-12-08,XSHG
1314,10000478.XSHG,0.4215,0.4487,2015-12-08,XSHG
1315,10000479.XSHG,0.1136,0.0969,2015-12-08,XSHG
1316,10000477.XSHG,0.1259,0.1209,2015-12-08,XSHG
1317,10000474.XSHG,0.3951,0.4101,2015-12-08,XSHG
1318,10000366.XSHG,0.3723,0.3413,2015-12-08,XSHG
1319,10000473.XSHG,0.1422,0.1307,2015-12-08,XSHG
1320,10000470.XSHG,0.3587,0.3761,2015-12-08,XSHG
1321,10000365.XSHG,0.4207,0.3909,2015-12-08,XSHG
1322,10000201.XSHG,0.0005,0.0005,2015-12-08,XSHG
1323,10000200.XSHG,1.1261,1.1545,2015-12-08,XSHG
1324,10000203.XSHG,0.0011,0.0009,2015-12-08,XSHG
1325,10000202.XSHG,0.5799,0.6093,2015-12-08,XSHG
1326,10000205.XSHG,0.0009,0.0009,2015-12-08,XSHG
1327,10000204.XSHG,0.5301,0.5591,2015-12-08,XSHG
1328,10000206.XSHG,0.4811,0.5096,2015-12-08,XSHG
1329,10000191.XSHG,0.9166,0.9558,2015-12-08,XSHG
1330,10000190.XSHG,0.8335,0.856,2015-12-08,XSHG
1331,10000192.XSHG,1.0263,1.0472,2015-12-08,XSHG
1332,10000199.XSHG,0.0003,0.0004,2015-12-08,XSHG
1333,10000460.XSHG,0.12,0.1377,2015-12-08,XSHG
1334,10000463.XSHG,0.1863,0.1745,2015-12-08,XSHG
1335,10000465.XSHG,0.3029,0.306,2015-12-08,XSHG
1336,10000464.XSHG,0.165,0.1624,2015-12-08,XSHG
1337,10000466.XSHG,0.3148,0.3403,2015-12-08,XSHG
1338,10000469.XSHG,0.1511,0.1466,2015-12-08,XSHG
1339,10000374.XSHG,0.3876,0.3602,2015-12-08,XSHG
1340,10000377.XSHG,0.0285,0.0311,2015-12-08,XSHG
1341,10000376.XSHG,0.3103,0.2864,2015-12-08,XSHG
1342,10000371.XSHG,0.0011,0.0018,2015-12-08,XSHG
1343,10000370.XSHG,0.0009,0.0014,2015-12-08,XSHG
1344,10000373.XSHG,0.4256,0.3984,2015-12-08,XSHG
1345,10000372.XSHG,0.0022,0.0034,2015-12-08,XSHG
1346,10000274.XSHG,0.3309,0.3585,2015-12-08,XSHG
1347,10000270.XSHG,0.0062,0.0031,2015-12-08,XSHG
1348,10000271.XSHG,0.0036,0.0021,2015-12-08,XSHG
1349,10000272.XSHG,0.231,0.262,2015-12-08,XSHG
1350,10000273.XSHG,0.2772,0.3083,2015-12-08,XSHG
1351,10000279.XSHG,0.0153,0.0105,2015-12-08,XSHG
1352,10000289.XSHG,0.0551,0.0512,2015-12-08,XSHG
1353,10000288.XSHG,0.0626,0.0584,2015-12-08,XSHG
1354,10000280.XSHG,0.1901,0.2155,2015-12-08,XSHG
1355,10000285.XSHG,0.0234,0.016,2015-12-08,XSHG
1356,10000287.XSHG,0.0729,0.0657,2015-12-08,XSHG
1357,10000286.XSHG,0.1482,0.171,2015-12-08,XSHG
1358,10000380.XSHG,0.0587,0.0661,2015-12-08,XSHG
1359,10000294.XSHG,0.4681,0.4744,2015-12-08,XSHG
1360,10000308.XSHG,0.1262,0.1147,2015-12-08,XSHG
1361,10000309.XSHG,0.1089,0.1,2015-12-08,XSHG
1362,10000397.XSHG,0.0002,0.0003,2015-12-08,XSHG
1363,10000303.XSHG,0.0519,0.0378,2015-12-08,XSHG
1364,10000304.XSHG,0.0345,0.024,2015-12-08,XSHG
1365,10000305.XSHG,0.0774,0.0919,2015-12-08,XSHG
1366,10000306.XSHG,0.1096,0.1291,2015-12-08,XSHG
1367,10000307.XSHG,0.1443,0.1308,2015-12-08,XSHG
1368,10000395.XSHG,0.4686,0.4425,2015-12-08,XSHG
1369,10000394.XSHG,0.5186,0.491,2015-12-08,XSHG
1370,10000393.XSHG,0.5802,0.5466,2015-12-08,XSHG
1371,10000404.XSHG,0.0215,0.0234,2015-12-08,XSHG
1372,10000403.XSHG,0.0163,0.017,2015-12-08,XSHG
1373,10000402.XSHG,0.0127,0.013,2015-12-08,XSHG
1374,10000401.XSHG,0.4751,0.4449,2015-12-08,XSHG
1375,10000400.XSHG,0.5225,0.4834,2015-12-08,XSHG
1376,10000399.XSHG,0.5647,0.5321,2015-12-08,XSHG
1377,10000398.XSHG,0.0004,0.0004,2015-12-08,XSHG
1378,10000319.XSHG,0.075,0.0561,2015-12-08,XSHG
1379,10000313.XSHG,0.2186,0.2431,2015-12-08,XSHG
1380,10000312.XSHG,0.1976,0.2055,2015-12-08,XSHG
1381,10000311.XSHG,0.082,0.0799,2015-12-08,XSHG
1382,10000310.XSHG,0.0918,0.088,2015-12-08,XSHG
1383,10000316.XSHG,0.3327,0.3508,2015-12-08,XSHG
1384,10000315.XSHG,0.2995,0.3102,2015-12-08,XSHG
1385,10000314.XSHG,0.2508,0.2766,2015-12-08,XSHG
1386,10000494.XSHG,0.0744,0.0895,2015-12-08,XSHG
1387,10000490.XSHG,0.1608,0.1432,2015-12-08,XSHG
1388,10000491.XSHG,0.1361,0.1171,2015-12-08,XSHG
1389,10000492.XSHG,0.0377,0.0453,2015-12-08,XSHG
1390,10000493.XSHG,0.0546,0.0653,2015-12-08,XSHG
1391,10000396.XSHG,0.0003,0.0002,2015-12-08,XSHG
1392,10000483.XSHG,0.0455,0.0396,2015-12-08,XSHG
1393,10000240.XSHG,0.4299,0.4601,2015-12-08,XSHG
1394,10000328.XSHG,0.1284,0.1513,2015-12-08,XSHG
1395,10000326.XSHG,0.0292,0.0369,2015-12-08,XSHG
1396,10000327.XSHG,0.19,0.1747,2015-12-08,XSHG
1397,10000325.XSHG,0.0908,0.083,2015-12-08,XSHG
1398,10000322.XSHG,0.1596,0.1799,2015-12-08,XSHG
1399,10000320.XSHG,0.0505,0.06,2015-12-08,XSHG
1400,10000321.XSHG,0.1647,0.1578,2015-12-08,XSHG
1401,10000489.XSHG,0.1978,0.1778,2015-12-08,XSHG
1402,10000488.XSHG,0.2377,0.2608,2015-12-08,XSHG
1403,10000487.XSHG,0.194,0.221,2015-12-08,XSHG
1404,10000486.XSHG,0.1594,0.1823,2015-12-08,XSHG
1405,10000485.XSHG,0.1298,0.1463,2015-12-08,XSHG
1406,10000484.XSHG,0.0995,0.1152,2015-12-08,XSHG
1407,10000367.XSHG,0.328,0.2911,2015-12-08,XSHG
1408,10000482.XSHG,0.0574,0.049,2015-12-08,XSHG
1409,10000481.XSHG,0.0722,0.0615,2015-12-08,XSHG
1410,10000480.XSHG,0.09,0.0766,2015-12-08,XSHG
1411,10000331.XSHG,0.1416,0.1164,2015-12-08,XSHG
1412,10000239.XSHG,0.384,0.4006,2015-12-08,XSHG
1413,10000333.XSHG,0.2144,0.1991,2015-12-08,XSHG
1414,10000332.XSHG,0.0157,0.021,2015-12-08,XSHG
1415,10000334.XSHG,0.1116,0.126,2015-12-08,XSHG
1416,10000237.XSHG,0.0024,0.0017,2015-12-08,XSHG
1417,10000228.XSHG,1.23,1.2448,2015-12-08,XSHG
1418,10000458.XSHG,0.2495,0.2765,2015-12-08,XSHG
1419,10000459.XSHG,0.3144,0.3,2015-12-08,XSHG
1420,10000450.XSHG,0.2654,0.251,2015-12-08,XSHG
1421,10000451.XSHG,0.2476,0.2319,2015-12-08,XSHG
1422,10000452.XSHG,0.2197,0.2114,2015-12-08,XSHG
1423,10000453.XSHG,0.2052,0.1923,2015-12-08,XSHG
1424,10000454.XSHG,0.1396,0.1626,2015-12-08,XSHG
1425,10000455.XSHG,0.1644,0.1866,2015-12-08,XSHG
1426,10000456.XSHG,0.1916,0.2148,2015-12-08,XSHG
1427,10000457.XSHG,0.2199,0.2452,2015-12-08,XSHG
1428,10000344.XSHG,0.0082,0.0119,2015-12-08,XSHG
1429,10000345.XSHG,0.2733,0.2553,2015-12-08,XSHG
1430,10000346.XSHG,0.2501,0.2243,2015-12-08,XSHG
1431,10000347.XSHG,0.0714,0.0762,2015-12-08,XSHG
1432,10000341.XSHG,0.2276,0.198,2015-12-08,XSHG
1433,10000342.XSHG,0.185,0.154,2015-12-08,XSHG
1434,10000343.XSHG,0.004,0.006,2015-12-08,XSHG
1435,10000379.XSHG,0.0461,0.0514,2015-12-08,XSHG
1436,10000348.XSHG,0.0931,0.1021,2015-12-08,XSHG
1437,10000378.XSHG,0.0362,0.0403,2015-12-08,XSHG
1438,10000227.XSHG,0.0002,0.0003,2015-12-08,XSHG
1439,10000375.XSHG,0.3499,0.3279,2015-12-08,XSHG
1440,10000269.XSHG,0.0097,0.0061,2015-12-08,XSHG
1441,10000296.XSHG,0.5405,0.5495,2015-12-08,XSHG
1442,10000297.XSHG,0.0387,0.0359,2015-12-08,XSHG
1443,10000449.XSHG,0.2922,0.2754,2015-12-08,XSHG
1444,10000295.XSHG,0.4888,0.5128,2015-12-08,XSHG
1445,10000292.XSHG,0.3851,0.3854,2015-12-08,XSHG
1446,10000293.XSHG,0.4172,0.4299,2015-12-08,XSHG
1447,10000290.XSHG,0.0479,0.0463,2015-12-08,XSHG
1448,10000291.XSHG,0.0444,0.0413,2015-12-08,XSHG
1449,10000298.XSHG,0.5825,0.6067,2015-12-08,XSHG
1450,10000238.XSHG,0.0014,0.0013,2015-12-08,XSHG
1451,10000183.XSHG,0.0008,0.0007,2015-12-08,XSHG
1452,10000186.XSHG,0.0003,0.0003,2015-12-08,XSHG
1453,10000187.XSHG,0.0003,0.0004,2015-12-08,XSHG
1454,10000184.XSHG,0.0007,0.0006,2015-12-08,XSHG
1455,10000185.XSHG,0.0004,0.0004,2015-12-08,XSHG
1456,10000188.XSHG,0.6296,0.6592,2015-12-08,XSHG
1457,10000189.XSHG,0.7328,0.7588,2015-12-08,XSHG
1458,10000368.XSHG,0.2576,0.2617,2015-12-09,XSHG
1459,10000369.XSHG,0.0005,0.0008,2015-12-09,XSHG
1460,10000478.XSHG,0.4454,0.4453,2015-12-09,XSHG
1461,10000479.XSHG,0.104,0.1008,2015-12-09,XSHG
1462,10000477.XSHG,0.1268,0.1266,2015-12-09,XSHG
1463,10000474.XSHG,0.4093,0.4071,2015-12-09,XSHG
1464,10000366.XSHG,0.3523,0.3575,2015-12-09,XSHG
1465,10000473.XSHG,0.1326,0.1415,2015-12-09,XSHG
1466,10000470.XSHG,0.369,0.369,2015-12-09,XSHG
1467,10000365.XSHG,0.395,0.4084,2015-12-09,XSHG
1468,10000201.XSHG,0.0004,0.0004,2015-12-09,XSHG
1469,10000200.XSHG,1.1407,1.1412,2015-12-09,XSHG
1470,10000203.XSHG,0.0011,0.0005,2015-12-09,XSHG
1471,10000202.XSHG,0.5984,0.5923,2015-12-09,XSHG
1472,10000205.XSHG,0.001,0.0004,2015-12-09,XSHG
1473,10000204.XSHG,0.5478,0.5424,2015-12-09,XSHG
1474,10000206.XSHG,0.5045,0.4929,2015-12-09,XSHG
1475,10000191.XSHG,0.9526,0.9353,2015-12-09,XSHG
1476,10000190.XSHG,0.8528,0.8416,2015-12-09,XSHG
1477,10000192.XSHG,1.0524,1.0362,2015-12-09,XSHG
1478,10000199.XSHG,0.0002,0.0003,2015-12-09,XSHG
1479,10000460.XSHG,0.1362,0.1375,2015-12-09,XSHG
1480,10000463.XSHG,0.177,0.1847,2015-12-09,XSHG
1481,10000465.XSHG,0.3031,0.306,2015-12-09,XSHG
1482,10000464.XSHG,0.1638,0.1656,2015-12-09,XSHG
1483,10000466.XSHG,0.3359,0.3315,2015-12-09,XSHG
1484,10000469.XSHG,0.1561,0.1548,2015-12-09,XSHG
1485,10000374.XSHG,0.3762,0.3751,2015-12-09,XSHG
1486,10000377.XSHG,0.0293,0.0293,2015-12-09,XSHG
1487,10000376.XSHG,0.2969,0.2971,2015-12-09,XSHG
1488,10000371.XSHG,0.002,0.0013,2015-12-09,XSHG
1489,10000370.XSHG,0.0016,0.0013,2015-12-09,XSHG
1490,10000373.XSHG,0.4195,0.4202,2015-12-09,XSHG
1491,10000372.XSHG,0.0032,0.0023,2015-12-09,XSHG
1492,10000274.XSHG,0.3457,0.345,2015-12-09,XSHG
1493,10000270.XSHG,0.003,0.0021,2015-12-09,XSHG
1494,10000271.XSHG,0.002,0.0011,2015-12-09,XSHG
1495,10000272.XSHG,0.2576,0.2466,2015-12-09,XSHG
1496,10000273.XSHG,0.3049,0.2956,2015-12-09,XSHG
1497,10000279.XSHG,0.0101,0.0083,2015-12-09,XSHG
1498,10000289.XSHG,0.0555,0.055,2015-12-09,XSHG
1499,10000288.XSHG,0.0568,0.0628,2015-12-09,XSHG
1500,10000280.XSHG,0.2113,0.2001,2015-12-09,XSHG
1501,10000285.XSHG,0.015,0.0146,2015-12-09,XSHG
1502,10000287.XSHG,0.0662,0.0701,2015-12-09,XSHG
1503,10000286.XSHG,0.1673,0.158,2015-12-09,XSHG
1504,10000380.XSHG,0.0668,0.0629,2015-12-09,XSHG
1505,10000294.XSHG,0.4644,0.4625,2015-12-09,XSHG
1506,10000308.XSHG,0.1162,0.1206,2015-12-09,XSHG
1507,10000309.XSHG,0.1081,0.1066,2015-12-09,XSHG
1508,10000397.XSHG,0.0005,0.0004,2015-12-09,XSHG
1509,10000303.XSHG,0.0378,0.039,2015-12-09,XSHG
1510,10000304.XSHG,0.0246,0.0246,2015-12-09,XSHG
1511,10000305.XSHG,0.0888,0.0788,2015-12-09,XSHG
1512,10000306.XSHG,0.1268,0.1174,2015-12-09,XSHG
1513,10000307.XSHG,0.132,0.1396,2015-12-09,XSHG
1514,10000395.XSHG,0.4458,0.4581,2015-12-09,XSHG
1515,10000394.XSHG,0.4958,0.508,2015-12-09,XSHG
1516,10000393.XSHG,0.5499,0.5589,2015-12-09,XSHG
1517,10000404.XSHG,0.0242,0.0227,2015-12-09,XSHG
1518,10000403.XSHG,0.0183,0.0168,2015-12-09,XSHG
1519,10000402.XSHG,0.0142,0.0132,2015-12-09,XSHG
1520,10000401.XSHG,0.4615,0.4588,2015-12-09,XSHG
1521,10000400.XSHG,0.5036,0.5031,2015-12-09,XSHG
1522,10000399.XSHG,0.5541,0.5453,2015-12-09,XSHG
1523,10000398.XSHG,0.0003,0.0004,2015-12-09,XSHG
1524,10000319.XSHG,0.0561,0.0611,2015-12-09,XSHG
1525,10000313.XSHG,0.2319,0.2325,2015-12-09,XSHG
1526,10000312.XSHG,0.1979,0.2007,2015-12-09,XSHG
1527,10000311.XSHG,0.0812,0.0811,2015-12-09,XSHG
1528,10000310.XSHG,0.0935,0.0915,2015-12-09,XSHG
1529,10000316.XSHG,0.3468,0.3406,2015-12-09,XSHG
1530,10000315.XSHG,0.3092,0.3043,2015-12-09,XSHG
1531,10000314.XSHG,0.2726,0.2666,2015-12-09,XSHG
1532,10000494.XSHG,0.0905,0.0852,2015-12-09,XSHG
1533,10000490.XSHG,0.1485,0.1516,2015-12-09,XSHG
1534,10000491.XSHG,0.1165,0.1244,2015-12-09,XSHG
1535,10000492.XSHG,0.0443,0.0431,2015-12-09,XSHG
1536,10000493.XSHG,0.0653,0.0617,2015-12-09,XSHG
1537,10000396.XSHG,0.0005,0.0003,2015-12-09,XSHG
1538,10000483.XSHG,0.0398,0.0392,2015-12-09,XSHG
1539,10000240.XSHG,0.4467,0.4434,2015-12-09,XSHG
1540,10000328.XSHG,0.1437,0.1422,2015-12-09,XSHG
1541,10000326.XSHG,0.0358,0.0307,2015-12-09,XSHG
1542,10000327.XSHG,0.17,0.182,2015-12-09,XSHG
1543,10000325.XSHG,0.08,0.0875,2015-12-09,XSHG
1544,10000322.XSHG,0.1698,0.1704,2015-12-09,XSHG
1545,10000320.XSHG,0.0585,0.051,2015-12-09,XSHG
1546,10000321.XSHG,0.15,0.158,2015-12-09,XSHG
1547,10000489.XSHG,0.1769,0.1834,2015-12-09,XSHG
1548,10000488.XSHG,0.2429,0.2457,2015-12-09,XSHG
1549,10000487.XSHG,0.2101,0.2125,2015-12-09,XSHG
1550,10000486.XSHG,0.1793,0.1716,2015-12-09,XSHG
1551,10000485.XSHG,0.1404,0.1401,2015-12-09,XSHG
1552,10000484.XSHG,0.1095,0.1107,2015-12-09,XSHG
1553,10000367.XSHG,0.3053,0.3104,2015-12-09,XSHG
1554,10000482.XSHG,0.0504,0.05,2015-12-09,XSHG
1555,10000481.XSHG,0.0632,0.0652,2015-12-09,XSHG
1556,10000480.XSHG,0.0781,0.0806,2015-12-09,XSHG
1557,10000331.XSHG,0.1207,0.1238,2015-12-09,XSHG
1558,10000239.XSHG,0.3894,0.39,2015-12-09,XSHG
1559,10000333.XSHG,0.2014,0.2065,2015-12-09,XSHG
1560,10000332.XSHG,0.02,0.016,2015-12-09,XSHG
1561,10000334.XSHG,0.1236,0.1183,2015-12-09,XSHG
1562,10000237.XSHG,0.0018,0.0007,2015-12-09,XSHG
1563,10000228.XSHG,1.2308,1.2344,2015-12-09,XSHG
1564,10000458.XSHG,0.2756,0.275,2015-12-09,XSHG
1565,10000459.XSHG,0.2934,0.3057,2015-12-09,XSHG
1566,10000450.XSHG,0.2604,0.2558,2015-12-09,XSHG
1567,10000451.XSHG,0.2347,0.24,2015-12-09,XSHG
1568,10000452.XSHG,0.2121,0.2195,2015-12-09,XSHG
1569,10000453.XSHG,0.1955,0.1976,2015-12-09,XSHG
1570,10000454.XSHG,0.159,0.1615,2015-12-09,XSHG
1571,10000455.XSHG,0.184,0.1798,2015-12-09,XSHG
1572,10000456.XSHG,0.2125,0.2148,2015-12-09,XSHG
1573,10000457.XSHG,0.243,0.2453,2015-12-09,XSHG
1574,10000344.XSHG,0.0114,0.0084,2015-12-09,XSHG
1575,10000345.XSHG,0.2634,0.264,2015-12-09,XSHG
1576,10000346.XSHG,0.2382,0.2331,2015-12-09,XSHG
1577,10000347.XSHG,0.08,0.0792,2015-12-09,XSHG
1578,10000341.XSHG,0.2086,0.2114,2015-12-09,XSHG
1579,10000342.XSHG,0.1641,0.1655,2015-12-09,XSHG
1580,10000343.XSHG,0.0054,0.0044,2015-12-09,XSHG
1581,10000379.XSHG,0.0519,0.0499,2015-12-09,XSHG
1582,10000348.XSHG,0.1002,0.0975,2015-12-09,XSHG
1583,10000378.XSHG,0.0408,0.037,2015-12-09,XSHG
1584,10000227.XSHG,0.0002,0.0004,2015-12-09,XSHG
1585,10000375.XSHG,0.3338,0.3344,2015-12-09,XSHG
1586,10000269.XSHG,0.0059,0.005,2015-12-09,XSHG
1587,10000296.XSHG,0.5499,0.5512,2015-12-09,XSHG
1588,10000297.XSHG,0.0377,0.0383,2015-12-09,XSHG
1589,10000449.XSHG,0.2788,0.282,2015-12-09,XSHG
1590,10000295.XSHG,0.5005,0.5091,2015-12-09,XSHG
1591,10000292.XSHG,0.3869,0.3796,2015-12-09,XSHG
1592,10000293.XSHG,0.4283,0.4101,2015-12-09,XSHG
1593,10000290.XSHG,0.0457,0.0434,2015-12-09,XSHG
1594,10000291.XSHG,0.0414,0.0429,2015-12-09,XSHG
1595,10000298.XSHG,0.5949,0.5977,2015-12-09,XSHG
1596,10000238.XSHG,0.001,0.0006,2015-12-09,XSHG
1597,10000183.XSHG,0.0007,0.0003,2015-12-09,XSHG
1598,10000186.XSHG,0.0003,0.0003,2015-12-09,XSHG
1599,10000187.XSHG,0.0003,0.0003,2015-12-09,XSHG
1600,10000184.XSHG,0.0004,0.0004,2015-12-09,XSHG
1601,10000185.XSHG,0.0002,0.0004,2015-12-09,XSHG
1602,10000188.XSHG,0.6538,0.6422,2015-12-09,XSHG
1603,10000189.XSHG,0.7532,0.7381,2015-12-09,XSHG
1604,10000368.XSHG,0.2607,0.2454,2015-12-10,XSHG
1605,10000369.XSHG,0.0005,0.0007,2015-12-10,XSHG
1606,10000478.XSHG,0.4459,0.4568,2015-12-10,XSHG
1607,10000479.XSHG,0.1004,0.0914,2015-12-10,XSHG
1608,10000477.XSHG,0.1269,0.1221,2015-12-10,XSHG
1609,10000474.XSHG,0.4135,0.4124,2015-12-10,XSHG
1610,10000366.XSHG,0.3592,0.345,2015-12-10,XSHG
1611,10000473.XSHG,0.1359,0.1317,2015-12-10,XSHG
1612,10000470.XSHG,0.3658,0.3721,2015-12-10,XSHG
1613,10000365.XSHG,0.408,0.3943,2015-12-10,XSHG
1614,10000201.XSHG,0.0004,0.0003,2015-12-10,XSHG
1615,10000200.XSHG,1.1376,1.143,2015-12-10,XSHG
1616,10000203.XSHG,0.0003,0.0005,2015-12-10,XSHG
1617,10000202.XSHG,0.5889,0.6087,2015-12-10,XSHG
1618,10000205.XSHG,0.0005,0.0004,2015-12-10,XSHG
1619,10000204.XSHG,0.539,0.5538,2015-12-10,XSHG
1620,10000206.XSHG,0.4892,0.5065,2015-12-10,XSHG
1621,10000191.XSHG,0.938,0.954,2015-12-10,XSHG
1622,10000190.XSHG,0.8383,0.8376,2015-12-10,XSHG
1623,10000192.XSHG,1.0378,1.054,2015-12-10,XSHG
1624,10000199.XSHG,0.0002,0.0004,2015-12-10,XSHG
1625,10000460.XSHG,0.1322,0.1343,2015-12-10,XSHG
1626,10000463.XSHG,0.1843,0.17,2015-12-10,XSHG
1627,10000465.XSHG,0.2937,0.3031,2015-12-10,XSHG
1628,10000464.XSHG,0.166,0.1587,2015-12-10,XSHG
1629,10000466.XSHG,0.3412,0.3411,2015-12-10,XSHG
1630,10000469.XSHG,0.1559,0.1496,2015-12-10,XSHG
1631,10000374.XSHG,0.3741,0.3649,2015-12-10,XSHG
1632,10000377.XSHG,0.0299,0.0336,2015-12-10,XSHG
1633,10000376.XSHG,0.325,0.2898,2015-12-10,XSHG
1634,10000371.XSHG,0.0009,0.0014,2015-12-10,XSHG
1635,10000370.XSHG,0.0012,0.0009,2015-12-10,XSHG
1636,10000373.XSHG,0.4192,0.4074,2015-12-10,XSHG
1637,10000372.XSHG,0.002,0.0027,2015-12-10,XSHG
1638,10000274.XSHG,0.3406,0.359,2015-12-10,XSHG
1639,10000270.XSHG,0.0025,0.0012,2015-12-10,XSHG
1640,10000271.XSHG,0.0012,0.0008,2015-12-10,XSHG
1641,10000272.XSHG,0.2455,0.2603,2015-12-10,XSHG
1642,10000273.XSHG,0.2926,0.3089,2015-12-10,XSHG
1643,10000279.XSHG,0.0081,0.0059,2015-12-10,XSHG
1644,10000289.XSHG,0.0565,0.0513,2015-12-10,XSHG
1645,10000288.XSHG,0.0648,0.06,2015-12-10,XSHG
1646,10000280.XSHG,0.1998,0.2126,2015-12-10,XSHG
1647,10000285.XSHG,0.0149,0.011,2015-12-10,XSHG
1648,10000287.XSHG,0.0724,0.0687,2015-12-10,XSHG
1649,10000286.XSHG,0.1565,0.1674,2015-12-10,XSHG
1650,10000380.XSHG,0.0627,0.0685,2015-12-10,XSHG
1651,10000294.XSHG,0.4623,0.4715,2015-12-10,XSHG
1652,10000308.XSHG,0.1215,0.1172,2015-12-10,XSHG
1653,10000309.XSHG,0.1082,0.1014,2015-12-10,XSHG
1654,10000397.XSHG,0.0003,0.0004,2015-12-10,XSHG
1655,10000303.XSHG,0.0385,0.0322,2015-12-10,XSHG
1656,10000304.XSHG,0.0236,0.0188,2015-12-10,XSHG
1657,10000305.XSHG,0.0701,0.0872,2015-12-10,XSHG
1658,10000306.XSHG,0.1153,0.1251,2015-12-10,XSHG
1659,10000307.XSHG,0.1434,0.1358,2015-12-10,XSHG
1660,10000395.XSHG,0.4586,0.4438,2015-12-10,XSHG
1661,10000394.XSHG,0.5085,0.4914,2015-12-10,XSHG
1662,10000393.XSHG,0.5584,0.5456,2015-12-10,XSHG
1663,10000404.XSHG,0.0225,0.0247,2015-12-10,XSHG
1664,10000403.XSHG,0.0169,0.0197,2015-12-10,XSHG
1665,10000402.XSHG,0.0122,0.0153,2015-12-10,XSHG
1666,10000401.XSHG,0.4597,0.453,2015-12-10,XSHG
1667,10000400.XSHG,0.5014,0.4958,2015-12-10,XSHG
1668,10000399.XSHG,0.5515,0.5422,2015-12-10,XSHG
1669,10000398.XSHG,0.0004,0.0004,2015-12-10,XSHG
1670,10000319.XSHG,0.063,0.052,2015-12-10,XSHG
1671,10000313.XSHG,0.2226,0.2395,2015-12-10,XSHG
1672,10000312.XSHG,0.2022,0.2086,2015-12-10,XSHG
1673,10000311.XSHG,0.082,0.0783,2015-12-10,XSHG
1674,10000310.XSHG,0.0951,0.0882,2015-12-10,XSHG
1675,10000316.XSHG,0.3287,0.351,2015-12-10,XSHG
1676,10000315.XSHG,0.2991,0.2961,2015-12-10,XSHG
1677,10000314.XSHG,0.2618,0.2684,2015-12-10,XSHG
1678,10000494.XSHG,0.0846,0.0897,2015-12-10,XSHG
1679,10000490.XSHG,0.1517,0.141,2015-12-10,XSHG
1680,10000491.XSHG,0.124,0.1148,2015-12-10,XSHG
1681,10000492.XSHG,0.0428,0.0474,2015-12-10,XSHG
1682,10000493.XSHG,0.062,0.0644,2015-12-10,XSHG
1683,10000396.XSHG,0.0003,0.0003,2015-12-10,XSHG
1684,10000483.XSHG,0.0417,0.0343,2015-12-10,XSHG
1685,10000240.XSHG,0.4395,0.4569,2015-12-10,XSHG
1686,10000328.XSHG,0.1394,0.1521,2015-12-10,XSHG
1687,10000326.XSHG,0.0299,0.0337,2015-12-10,XSHG
1688,10000327.XSHG,0.1815,0.1748,2015-12-10,XSHG
1689,10000325.XSHG,0.0902,0.0769,2015-12-10,XSHG
1690,10000322.XSHG,0.16,0.1786,2015-12-10,XSHG
1691,10000320.XSHG,0.049,0.0569,2015-12-10,XSHG
1692,10000321.XSHG,0.1621,0.1566,2015-12-10,XSHG
1693,10000489.XSHG,0.1839,0.173,2015-12-10,XSHG
1694,10000488.XSHG,0.2428,0.2571,2015-12-10,XSHG
1695,10000487.XSHG,0.2054,0.22,2015-12-10,XSHG
1696,10000486.XSHG,0.1731,0.1819,2015-12-10,XSHG
1697,10000485.XSHG,0.1386,0.1493,2015-12-10,XSHG
1698,10000484.XSHG,0.1106,0.1166,2015-12-10,XSHG
1699,10000367.XSHG,0.3098,0.2951,2015-12-10,XSHG
1700,10000482.XSHG,0.05,0.0455,2015-12-10,XSHG
1701,10000481.XSHG,0.064,0.0581,2015-12-10,XSHG
1702,10000480.XSHG,0.0806,0.073,2015-12-10,XSHG
1703,10000331.XSHG,0.1264,0.12,2015-12-10,XSHG
1704,10000239.XSHG,0.389,0.4076,2015-12-10,XSHG
1705,10000333.XSHG,0.2099,0.2,2015-12-10,XSHG
1706,10000332.XSHG,0.0154,0.0176,2015-12-10,XSHG
1707,10000334.XSHG,0.1188,0.1255,2015-12-10,XSHG
1708,10000237.XSHG,0.001,0.0007,2015-12-10,XSHG
1709,10000228.XSHG,1.2374,1.25,2015-12-10,XSHG
1710,10000458.XSHG,0.2601,0.2847,2015-12-10,XSHG
1711,10000459.XSHG,0.3246,0.3007,2015-12-10,XSHG
1712,10000450.XSHG,0.2722,0.2459,2015-12-10,XSHG
1713,10000451.XSHG,0.2396,0.2308,2015-12-10,XSHG
1714,10000452.XSHG,0.2206,0.2091,2015-12-10,XSHG
1715,10000453.XSHG,0.2011,0.197,2015-12-10,XSHG
1716,10000454.XSHG,0.1497,0.1606,2015-12-10,XSHG
1717,10000455.XSHG,0.1715,0.1891,2015-12-10,XSHG
1718,10000456.XSHG,0.2054,0.2185,2015-12-10,XSHG
1719,10000457.XSHG,0.2324,0.2477,2015-12-10,XSHG
1720,10000344.XSHG,0.008,0.0096,2015-12-10,XSHG
1721,10000345.XSHG,0.2674,0.2571,2015-12-10,XSHG
1722,10000346.XSHG,0.2381,0.2275,2015-12-10,XSHG
1723,10000347.XSHG,0.0784,0.0819,2015-12-10,XSHG
1724,10000341.XSHG,0.2152,0.1985,2015-12-10,XSHG
1725,10000342.XSHG,0.1656,0.1541,2015-12-10,XSHG
1726,10000343.XSHG,0.0042,0.0049,2015-12-10,XSHG
1727,10000379.XSHG,0.0496,0.0542,2015-12-10,XSHG
1728,10000348.XSHG,0.0894,0.105,2015-12-10,XSHG
1729,10000378.XSHG,0.0386,0.0421,2015-12-10,XSHG
1730,10000227.XSHG,0.0004,0.0002,2015-12-10,XSHG
1731,10000375.XSHG,0.3364,0.3247,2015-12-10,XSHG
1732,10000269.XSHG,0.005,0.0025,2015-12-10,XSHG
1733,10000296.XSHG,0.5221,0.5578,2015-12-10,XSHG
1734,10000297.XSHG,0.0387,0.0359,2015-12-10,XSHG
1735,10000449.XSHG,0.2909,0.2755,2015-12-10,XSHG
1736,10000295.XSHG,0.5097,0.5172,2015-12-10,XSHG
1737,10000292.XSHG,0.3743,0.3908,2015-12-10,XSHG
1738,10000293.XSHG,0.4201,0.4314,2015-12-10,XSHG
1739,10000290.XSHG,0.0483,0.0447,2015-12-10,XSHG
1740,10000291.XSHG,0.0424,0.0419,2015-12-10,XSHG
1741,10000298.XSHG,0.5945,0.6059,2015-12-10,XSHG
1742,10000238.XSHG,0.0007,0.0005,2015-12-10,XSHG
1743,10000183.XSHG,0.0004,0.0004,2015-12-10,XSHG
1744,10000186.XSHG,0.0002,0.0002,2015-12-10,XSHG
1745,10000187.XSHG,0.0002,0.0003,2015-12-10,XSHG
1746,10000184.XSHG,0.0004,0.0003,2015-12-10,XSHG
1747,10000185.XSHG,0.0003,0.0003,2015-12-10,XSHG
1748,10000188.XSHG,0.6387,0.6575,2015-12-10,XSHG
1749,10000189.XSHG,0.7385,0.7553,2015-12-10,XSHG
1750,10000368.XSHG,0.2524,0.2441,2015-12-11,XSHG
1751,10000369.XSHG,0.0006,0.0006,2015-12-11,XSHG
1752,10000478.XSHG,0.444,0.4501,2015-12-11,XSHG
1753,10000479.XSHG,0.091,0.0931,2015-12-11,XSHG
1754,10000477.XSHG,0.124,0.13,2015-12-11,XSHG
1755,10000474.XSHG,0.4191,0.4049,2015-12-11,XSHG
1756,10000366.XSHG,0.352,0.3428,2015-12-11,XSHG
1757,10000473.XSHG,0.1404,0.14,2015-12-11,XSHG
1758,10000470.XSHG,0.3759,0.3759,2015-12-11,XSHG
1759,10000365.XSHG,0.4017,0.3927,2015-12-11,XSHG
1760,10000201.XSHG,0.0003,0.0003,2015-12-11,XSHG
1761,10000200.XSHG,1.1733,1.155,2015-12-11,XSHG
1762,10000203.XSHG,0.0005,0.0005,2015-12-11,XSHG
1763,10000202.XSHG,0.6212,0.6016,2015-12-11,XSHG
1764,10000205.XSHG,0.0003,0.0004,2015-12-11,XSHG
1765,10000204.XSHG,0.5481,0.5538,2015-12-11,XSHG
1766,10000206.XSHG,0.4983,0.5061,2015-12-11,XSHG
1767,10000191.XSHG,0.9756,0.9513,2015-12-11,XSHG
1768,10000190.XSHG,0.8715,0.8552,2015-12-11,XSHG
1769,10000192.XSHG,1.0705,1.0578,2015-12-11,XSHG
1770,10000199.XSHG,0.0004,0.0003,2015-12-11,XSHG
1771,10000460.XSHG,0.1375,0.1344,2015-12-11,XSHG
1772,10000463.XSHG,0.1747,0.1805,2015-12-11,XSHG
1773,10000465.XSHG,0.315,0.3047,2015-12-11,XSHG
1774,10000464.XSHG,0.1615,0.1677,2015-12-11,XSHG
1775,10000466.XSHG,0.3472,0.3401,2015-12-11,XSHG
1776,10000469.XSHG,0.1479,0.1516,2015-12-11,XSHG
1777,10000374.XSHG,0.3616,0.3735,2015-12-11,XSHG
1778,10000377.XSHG,0.0326,0.0329,2015-12-11,XSHG
1779,10000376.XSHG,0.2882,0.3009,2015-12-11,XSHG
1780,10000371.XSHG,0.0012,0.0008,2015-12-11,XSHG
1781,10000370.XSHG,0.0011,0.0005,2015-12-11,XSHG
1782,10000373.XSHG,0.3964,0.4173,2015-12-11,XSHG
1783,10000372.XSHG,0.0025,0.0018,2015-12-11,XSHG
1784,10000274.XSHG,0.3499,0.364,2015-12-11,XSHG
1785,10000270.XSHG,0.0015,0.0014,2015-12-11,XSHG
1786,10000271.XSHG,0.0006,0.0008,2015-12-11,XSHG
1787,10000272.XSHG,0.252,0.2646,2015-12-11,XSHG
1788,10000273.XSHG,0.3001,0.3097,2015-12-11,XSHG
1789,10000279.XSHG,0.0064,0.006,2015-12-11,XSHG
1790,10000289.XSHG,0.0511,0.056,2015-12-11,XSHG
1791,10000288.XSHG,0.0576,0.0628,2015-12-11,XSHG
1792,10000280.XSHG,0.2075,0.2132,2015-12-11,XSHG
1793,10000285.XSHG,0.0111,0.0114,2015-12-11,XSHG
1794,10000287.XSHG,0.0672,0.0718,2015-12-11,XSHG
1795,10000286.XSHG,0.1641,0.1673,2015-12-11,XSHG
1796,10000380.XSHG,0.0665,0.0678,2015-12-11,XSHG
1797,10000294.XSHG,0.4776,0.4682,2015-12-11,XSHG
1798,10000308.XSHG,0.1154,0.1216,2015-12-11,XSHG
1799,10000309.XSHG,0.1007,0.1042,2015-12-11,XSHG
1800,10000397.XSHG,0.0004,0.0003,2015-12-11,XSHG
1801,10000303.XSHG,0.0323,0.0295,2015-12-11,XSHG
1802,10000304.XSHG,0.0194,0.0188,2015-12-11,XSHG
1803,10000305.XSHG,0.0875,0.085,2015-12-11,XSHG
1804,10000306.XSHG,0.1234,0.1253,2015-12-11,XSHG
1805,10000307.XSHG,0.1316,0.136,2015-12-11,XSHG
1806,10000395.XSHG,0.4515,0.4426,2015-12-11,XSHG
1807,10000394.XSHG,0.5014,0.4882,2015-12-11,XSHG
1808,10000393.XSHG,0.5513,0.5415,2015-12-11,XSHG
1809,10000404.XSHG,0.0258,0.0248,2015-12-11,XSHG
1810,10000403.XSHG,0.019,0.0194,2015-12-11,XSHG
1811,10000402.XSHG,0.0154,0.0158,2015-12-11,XSHG
1812,10000401.XSHG,0.4413,0.4585,2015-12-11,XSHG
1813,10000400.XSHG,0.4837,0.502,2015-12-11,XSHG
1814,10000399.XSHG,0.53,0.5466,2015-12-11,XSHG
1815,10000398.XSHG,0.0005,0.0005,2015-12-11,XSHG
1816,10000319.XSHG,0.0518,0.0479,2015-12-11,XSHG
1817,10000313.XSHG,0.2442,0.234,2015-12-11,XSHG
1818,10000312.XSHG,0.2072,0.2029,2015-12-11,XSHG
1819,10000311.XSHG,0.0774,0.0814,2015-12-11,XSHG
1820,10000310.XSHG,0.0876,0.0945,2015-12-11,XSHG
1821,10000316.XSHG,0.3541,0.3455,2015-12-11,XSHG
1822,10000315.XSHG,0.3088,0.3075,2015-12-11,XSHG
1823,10000314.XSHG,0.2795,0.2701,2015-12-11,XSHG
1824,10000494.XSHG,0.0874,0.0856,2015-12-11,XSHG
1825,10000490.XSHG,0.1446,0.1433,2015-12-11,XSHG
1826,10000491.XSHG,0.1174,0.1167,2015-12-11,XSHG
1827,10000492.XSHG,0.0456,0.0443,2015-12-11,XSHG
1828,10000493.XSHG,0.0635,0.0632,2015-12-11,XSHG
1829,10000396.XSHG,0.0004,0.0003,2015-12-11,XSHG
1830,10000483.XSHG,0.0354,0.0351,2015-12-11,XSHG
1831,10000240.XSHG,0.4486,0.4522,2015-12-11,XSHG
1832,10000328.XSHG,0.1494,0.1505,2015-12-11,XSHG
1833,10000326.XSHG,0.0343,0.0309,2015-12-11,XSHG
1834,10000327.XSHG,0.1786,0.1791,2015-12-11,XSHG
1835,10000325.XSHG,0.0782,0.0749,2015-12-11,XSHG
1836,10000322.XSHG,0.177,0.1762,2015-12-11,XSHG
1837,10000320.XSHG,0.0566,0.0541,2015-12-11,XSHG
1838,10000321.XSHG,0.1498,0.1572,2015-12-11,XSHG
1839,10000489.XSHG,0.1762,0.179,2015-12-11,XSHG
1840,10000488.XSHG,0.255,0.2549,2015-12-11,XSHG
1841,10000487.XSHG,0.2153,0.2157,2015-12-11,XSHG
1842,10000486.XSHG,0.179,0.1791,2015-12-11,XSHG
1843,10000485.XSHG,0.1452,0.1442,2015-12-11,XSHG
1844,10000484.XSHG,0.1174,0.1133,2015-12-11,XSHG
1845,10000367.XSHG,0.302,0.2929,2015-12-11,XSHG
1846,10000482.XSHG,0.045,0.0469,2015-12-11,XSHG
1847,10000481.XSHG,0.0586,0.0595,2015-12-11,XSHG
1848,10000480.XSHG,0.074,0.0745,2015-12-11,XSHG
1849,10000331.XSHG,0.1196,0.1112,2015-12-11,XSHG
1850,10000239.XSHG,0.4001,0.4067,2015-12-11,XSHG
1851,10000333.XSHG,0.1977,0.2057,2015-12-11,XSHG
1852,10000332.XSHG,0.0172,0.0158,2015-12-11,XSHG
1853,10000334.XSHG,0.1245,0.1237,2015-12-11,XSHG
1854,10000237.XSHG,0.0007,0.0007,2015-12-11,XSHG
1855,10000228.XSHG,1.2743,1.2489,2015-12-11,XSHG
1856,10000458.XSHG,0.2848,0.2785,2015-12-11,XSHG
1857,10000459.XSHG,0.307,0.307,2015-12-11,XSHG
1858,10000450.XSHG,0.245,0.255,2015-12-11,XSHG
1859,10000451.XSHG,0.2264,0.2412,2015-12-11,XSHG
1860,10000452.XSHG,0.2046,0.2169,2015-12-11,XSHG
1861,10000453.XSHG,0.1948,0.1984,2015-12-11,XSHG
1862,10000454.XSHG,0.1667,0.1567,2015-12-11,XSHG
1863,10000455.XSHG,0.1835,0.1864,2015-12-11,XSHG
1864,10000456.XSHG,0.2192,0.2169,2015-12-11,XSHG
1865,10000457.XSHG,0.2531,0.2459,2015-12-11,XSHG
1866,10000344.XSHG,0.0092,0.0068,2015-12-11,XSHG
1867,10000345.XSHG,0.2618,0.2668,2015-12-11,XSHG
1868,10000346.XSHG,0.2308,0.2321,2015-12-11,XSHG
1869,10000347.XSHG,0.0827,0.0816,2015-12-11,XSHG
1870,10000341.XSHG,0.207,0.2003,2015-12-11,XSHG
1871,10000342.XSHG,0.1606,0.151,2015-12-11,XSHG
1872,10000343.XSHG,0.0045,0.0037,2015-12-11,XSHG
1873,10000379.XSHG,0.0529,0.0506,2015-12-11,XSHG
1874,10000348.XSHG,0.1019,0.1035,2015-12-11,XSHG
1875,10000378.XSHG,0.0416,0.0419,2015-12-11,XSHG
1876,10000227.XSHG,0.0002,0.0002,2015-12-11,XSHG
1877,10000375.XSHG,0.3222,0.3273,2015-12-11,XSHG
1878,10000269.XSHG,0.0031,0.003,2015-12-11,XSHG
1879,10000296.XSHG,0.5669,0.5527,2015-12-11,XSHG
1880,10000297.XSHG,0.0371,0.0375,2015-12-11,XSHG
1881,10000449.XSHG,0.2874,0.2856,2015-12-11,XSHG
1882,10000295.XSHG,0.5226,0.5052,2015-12-11,XSHG
1883,10000292.XSHG,0.3978,0.3852,2015-12-11,XSHG
1884,10000293.XSHG,0.4407,0.4262,2015-12-11,XSHG
1885,10000290.XSHG,0.0468,0.0492,2015-12-11,XSHG
1886,10000291.XSHG,0.0415,0.0432,2015-12-11,XSHG
1887,10000298.XSHG,0.6074,0.6018,2015-12-11,XSHG
1888,10000238.XSHG,0.0007,0.0004,2015-12-11,XSHG
1889,10000183.XSHG,0.0002,0.0006,2015-12-11,XSHG
1890,10000186.XSHG,0.0003,0.0004,2015-12-11,XSHG
1891,10000187.XSHG,0.0003,0.0004,2015-12-11,XSHG
1892,10000184.XSHG,0.0003,0.0004,2015-12-11,XSHG
1893,10000185.XSHG,0.0002,0.0004,2015-12-11,XSHG
1894,10000188.XSHG,0.6665,0.6509,2015-12-11,XSHG
1895,10000189.XSHG,0.7762,0.755,2015-12-11,XSHG
1896,10000368.XSHG,0.2337,0.3118,2015-12-14,XSHG
1897,10000369.XSHG,0.0007,0.0003,2015-12-14,XSHG
1898,10000478.XSHG,0.4481,0.4204,2015-12-14,XSHG
1899,10000479.XSHG,0.0847,0.1249,2015-12-14,XSHG
1900,10000477.XSHG,0.122,0.1435,2015-12-14,XSHG
1901,10000474.XSHG,0.3884,0.3875,2015-12-14,XSHG
1902,10000366.XSHG,0.3304,0.4145,2015-12-14,XSHG
1903,10000473.XSHG,0.1363,0.1559,2015-12-14,XSHG
1904,10000470.XSHG,0.3771,0.3678,2015-12-14,XSHG
1905,10000365.XSHG,0.3782,0.4597,2015-12-14,XSHG
1906,10000201.XSHG,0.0003,0.0005,2015-12-14,XSHG
1907,10000200.XSHG,1.1711,1.0924,2015-12-14,XSHG
1908,10000203.XSHG,0.0004,0.0005,2015-12-14,XSHG
1909,10000202.XSHG,0.6184,0.5346,2015-12-14,XSHG
1910,10000205.XSHG,0.0004,0.0005,2015-12-14,XSHG
1911,10000204.XSHG,0.568,0.4897,2015-12-14,XSHG
1912,10000206.XSHG,0.5139,0.4413,2015-12-14,XSHG
1913,10000191.XSHG,0.9699,0.8864,2015-12-14,XSHG
1914,10000190.XSHG,0.8685,0.7892,2015-12-14,XSHG
1915,10000192.XSHG,1.0653,0.9862,2015-12-14,XSHG
1916,10000199.XSHG,0.0005,0.0005,2015-12-14,XSHG
1917,10000460.XSHG,0.142,0.1194,2015-12-14,XSHG
1918,10000463.XSHG,0.1831,0.2035,2015-12-14,XSHG
1919,10000465.XSHG,0.2926,0.2775,2015-12-14,XSHG
1920,10000464.XSHG,0.1646,0.1872,2015-12-14,XSHG
1921,10000466.XSHG,0.3483,0.3302,2015-12-14,XSHG
1922,10000469.XSHG,0.1506,0.175,2015-12-14,XSHG
1923,10000374.XSHG,0.3665,0.4186,2015-12-14,XSHG
1924,10000377.XSHG,0.0341,0.0257,2015-12-14,XSHG
1925,10000376.XSHG,0.2953,0.3397,2015-12-14,XSHG
1926,10000371.XSHG,0.0009,0.0003,2015-12-14,XSHG
1927,10000370.XSHG,0.0008,0.0005,2015-12-14,XSHG
1928,10000373.XSHG,0.406,0.4643,2015-12-14,XSHG
1929,10000372.XSHG,0.0016,0.0006,2015-12-14,XSHG
1930,10000274.XSHG,0.3728,0.2873,2015-12-14,XSHG
1931,10000270.XSHG,0.0007,0.0025,2015-12-14,XSHG
1932,10000271.XSHG,0.0006,0.0017,2015-12-14,XSHG
1933,10000272.XSHG,0.278,0.1906,2015-12-14,XSHG
1934,10000273.XSHG,0.324,0.2388,2015-12-14,XSHG
1935,10000279.XSHG,0.0047,0.0111,2015-12-14,XSHG
1936,10000289.XSHG,0.0505,0.0639,2015-12-14,XSHG
1937,10000288.XSHG,0.0601,0.0743,2015-12-14,XSHG
1938,10000280.XSHG,0.2273,0.1465,2015-12-14,XSHG
1939,10000285.XSHG,0.008,0.0205,2015-12-14,XSHG
1940,10000287.XSHG,0.0728,0.0866,2015-12-14,XSHG
1941,10000286.XSHG,0.1802,0.1058,2015-12-14,XSHG
1942,10000380.XSHG,0.07,0.0528,2015-12-14,XSHG
1943,10000294.XSHG,0.4726,0.4257,2015-12-14,XSHG
1944,10000308.XSHG,0.1221,0.147,2015-12-14,XSHG
1945,10000309.XSHG,0.1032,0.126,2015-12-14,XSHG
1946,10000397.XSHG,0.0005,0.0002,2015-12-14,XSHG
1947,10000303.XSHG,0.0275,0.0585,2015-12-14,XSHG
1948,10000304.XSHG,0.0169,0.036,2015-12-14,XSHG
1949,10000305.XSHG,0.0968,0.0415,2015-12-14,XSHG
1950,10000306.XSHG,0.1368,0.07,2015-12-14,XSHG
1951,10000307.XSHG,0.135,0.1671,2015-12-14,XSHG
1952,10000395.XSHG,0.4298,0.5101,2015-12-14,XSHG
1953,10000394.XSHG,0.4815,0.5595,2015-12-14,XSHG
1954,10000393.XSHG,0.5298,0.6115,2015-12-14,XSHG
1955,10000404.XSHG,0.0262,0.0205,2015-12-14,XSHG
1956,10000403.XSHG,0.0206,0.0156,2015-12-14,XSHG
1957,10000402.XSHG,0.0163,0.0129,2015-12-14,XSHG
1958,10000401.XSHG,0.4467,0.506,2015-12-14,XSHG
1959,10000400.XSHG,0.4916,0.5539,2015-12-14,XSHG
1960,10000399.XSHG,0.537,0.5937,2015-12-14,XSHG
1961,10000398.XSHG,0.0006,0.0003,2015-12-14,XSHG
1962,10000319.XSHG,0.04,0.0857,2015-12-14,XSHG
1963,10000313.XSHG,0.2418,0.2068,2015-12-14,XSHG
1964,10000312.XSHG,0.2083,0.1759,2015-12-14,XSHG
1965,10000311.XSHG,0.079,0.0997,2015-12-14,XSHG
1966,10000310.XSHG,0.0887,0.1134,2015-12-14,XSHG
1967,10000316.XSHG,0.3503,0.3093,2015-12-14,XSHG
1968,10000315.XSHG,0.3115,0.273,2015-12-14,XSHG
1969,10000314.XSHG,0.2725,0.2372,2015-12-14,XSHG
1970,10000494.XSHG,0.0901,0.0593,2015-12-14,XSHG
1971,10000490.XSHG,0.1333,0.1845,2015-12-14,XSHG
1972,10000491.XSHG,0.1071,0.1548,2015-12-14,XSHG
1973,10000492.XSHG,0.0475,0.0267,2015-12-14,XSHG
1974,10000493.XSHG,0.067,0.039,2015-12-14,XSHG
1975,10000396.XSHG,0.0005,0.0002,2015-12-14,XSHG
1976,10000483.XSHG,0.033,0.0484,2015-12-14,XSHG
1977,10000240.XSHG,0.4693,0.3879,2015-12-14,XSHG
1978,10000328.XSHG,0.154,0.1266,2015-12-14,XSHG
1979,10000326.XSHG,0.036,0.0103,2015-12-14,XSHG
1980,10000327.XSHG,0.1768,0.2118,2015-12-14,XSHG
1981,10000325.XSHG,0.0723,0.1242,2015-12-14,XSHG
1982,10000322.XSHG,0.1806,0.1509,2015-12-14,XSHG
1983,10000320.XSHG,0.0605,0.0209,2015-12-14,XSHG
1984,10000321.XSHG,0.1526,0.189,2015-12-14,XSHG
1985,10000489.XSHG,0.1658,0.2203,2015-12-14,XSHG
1986,10000488.XSHG,0.2642,0.2042,2015-12-14,XSHG
1987,10000487.XSHG,0.2257,0.1689,2015-12-14,XSHG
1988,10000486.XSHG,0.1888,0.1312,2015-12-14,XSHG
1989,10000485.XSHG,0.15,0.1053,2015-12-14,XSHG
1990,10000484.XSHG,0.1178,0.08,2015-12-14,XSHG
1991,10000367.XSHG,0.2833,0.3597,2015-12-14,XSHG
1992,10000482.XSHG,0.0418,0.0631,2015-12-14,XSHG
1993,10000481.XSHG,0.0537,0.0797,2015-12-14,XSHG
1994,10000480.XSHG,0.0684,0.1005,2015-12-14,XSHG
1995,10000331.XSHG,0.097,0.168,2015-12-14,XSHG
1996,10000239.XSHG,0.4215,0.337,2015-12-14,XSHG
1997,10000333.XSHG,0.2059,0.2431,2015-12-14,XSHG
1998,10000332.XSHG,0.0195,0.0047,2015-12-14,XSHG
1999,10000334.XSHG,0.127,0.1046,2015-12-14,XSHG
2000,10000237.XSHG,0.0005,0.0009,2015-12-14,XSHG
2001,10000228.XSHG,1.2647,1.1909,2015-12-14,XSHG
2002,10000458.XSHG,0.2728,0.25,2015-12-14,XSHG
2003,10000459.XSHG,0.3025,0.3431,2015-12-14,XSHG
2004,10000450.XSHG,0.2542,0.2942,2015-12-14,XSHG
2005,10000451.XSHG,0.2324,0.266,2015-12-14,XSHG
2006,10000452.XSHG,0.2162,0.232,2015-12-14,XSHG
2007,10000453.XSHG,0.1975,0.2234,2015-12-14,XSHG
2008,10000454.XSHG,0.161,0.1421,2015-12-14,XSHG
2009,10000455.XSHG,0.186,0.1662,2015-12-14,XSHG
2010,10000456.XSHG,0.2195,0.194,2015-12-14,XSHG
2011,10000457.XSHG,0.255,0.2219,2015-12-14,XSHG
2012,10000344.XSHG,0.008,0.0021,2015-12-14,XSHG
2013,10000345.XSHG,0.2558,0.3063,2015-12-14,XSHG
2014,10000346.XSHG,0.234,0.2737,2015-12-14,XSHG
2015,10000347.XSHG,0.085,0.0665,2015-12-14,XSHG
2016,10000341.XSHG,0.1815,0.264,2015-12-14,XSHG
2017,10000342.XSHG,0.137,0.217,2015-12-14,XSHG
2018,10000343.XSHG,0.0038,0.001,2015-12-14,XSHG
2019,10000379.XSHG,0.0549,0.0424,2015-12-14,XSHG
2020,10000348.XSHG,0.1066,0.0824,2015-12-14,XSHG
2021,10000378.XSHG,0.0433,0.0335,2015-12-14,XSHG
2022,10000227.XSHG,0.0001,0.0004,2015-12-14,XSHG
2023,10000375.XSHG,0.3305,0.3806,2015-12-14,XSHG
2024,10000269.XSHG,0.0028,0.0057,2015-12-14,XSHG
2025,10000296.XSHG,0.5622,0.5097,2015-12-14,XSHG
2026,10000297.XSHG,0.0352,0.0444,2015-12-14,XSHG
2027,10000449.XSHG,0.283,0.3152,2015-12-14,XSHG
2028,10000295.XSHG,0.518,0.4679,2015-12-14,XSHG
2029,10000292.XSHG,0.3886,0.3454,2015-12-14,XSHG
2030,10000293.XSHG,0.4336,0.3848,2015-12-14,XSHG
2031,10000290.XSHG,0.0455,0.0595,2015-12-14,XSHG
2032,10000291.XSHG,0.0398,0.0526,2015-12-14,XSHG
2033,10000298.XSHG,0.6147,0.5573,2015-12-14,XSHG
2034,10000238.XSHG,0.0003,0.0007,2015-12-14,XSHG
2035,10000183.XSHG,0.0003,0.0003,2015-12-14,XSHG
2036,10000186.XSHG,0.0003,0.0004,2015-12-14,XSHG
2037,10000187.XSHG,0.0004,0.0003,2015-12-14,XSHG
2038,10000184.XSHG,0.0003,0.0004,2015-12-14,XSHG
2039,10000185.XSHG,0.0002,0.0002,2015-12-14,XSHG
2040,10000188.XSHG,0.6725,0.5842,2015-12-14,XSHG
2041,10000189.XSHG,0.7678,0.6844,2015-12-14,XSHG
2042,10000368.XSHG,0.3118,0.2812,2015-12-15,XSHG
2043,10000369.XSHG,0.0002,0.0003,2015-12-15,XSHG
2044,10000478.XSHG,0.4256,0.4187,2015-12-15,XSHG
2045,10000479.XSHG,0.123,0.1077,2015-12-15,XSHG
2046,10000477.XSHG,0.1435,0.1324,2015-12-15,XSHG
2047,10000474.XSHG,0.3873,0.3873,2015-12-15,XSHG
2048,10000366.XSHG,0.4138,0.3803,2015-12-15,XSHG
2049,10000473.XSHG,0.151,0.1458,2015-12-15,XSHG
2050,10000470.XSHG,0.3462,0.3501,2015-12-15,XSHG
2051,10000365.XSHG,0.4542,0.4334,2015-12-15,XSHG
2052,10000201.XSHG,0.0005,0.0004,2015-12-15,XSHG
2053,10000200.XSHG,1.0899,1.1187,2015-12-15,XSHG
2054,10000203.XSHG,0.0006,0.0004,2015-12-15,XSHG
2055,10000202.XSHG,0.5383,0.5679,2015-12-15,XSHG
2056,10000205.XSHG,0.0004,0.0006,2015-12-15,XSHG
2057,10000204.XSHG,0.4879,0.5182,2015-12-15,XSHG
2058,10000206.XSHG,0.4383,0.4683,2015-12-15,XSHG
2059,10000191.XSHG,0.8899,0.8899,2015-12-15,XSHG
2060,10000190.XSHG,0.8179,0.8161,2015-12-15,XSHG
2061,10000192.XSHG,1.0013,1.0188,2015-12-15,XSHG
2062,10000199.XSHG,0.0002,0.0002,2015-12-15,XSHG
2063,10000460.XSHG,0.119,0.126,2015-12-15,XSHG
2064,10000463.XSHG,0.1976,0.186,2015-12-15,XSHG
2065,10000465.XSHG,0.2795,0.292,2015-12-15,XSHG
2066,10000464.XSHG,0.19,0.175,2015-12-15,XSHG
2067,10000466.XSHG,0.3144,0.3229,2015-12-15,XSHG
2068,10000469.XSHG,0.17,0.1551,2015-12-15,XSHG
2069,10000374.XSHG,0.414,0.396,2015-12-15,XSHG
2070,10000377.XSHG,0.0266,0.0306,2015-12-15,XSHG
2071,10000376.XSHG,0.3275,0.3111,2015-12-15,XSHG
2072,10000371.XSHG,0.0003,0.0002,2015-12-15,XSHG
2073,10000370.XSHG,0.0003,0.0004,2015-12-15,XSHG
2074,10000373.XSHG,0.4596,0.4307,2015-12-15,XSHG
2075,10000372.XSHG,0.0007,0.0004,2015-12-15,XSHG
2076,10000274.XSHG,0.2905,0.3199,2015-12-15,XSHG
2077,10000270.XSHG,0.0023,0.001,2015-12-15,XSHG
2078,10000271.XSHG,0.0016,0.0005,2015-12-15,XSHG
2079,10000272.XSHG,0.2,0.2216,2015-12-15,XSHG
2080,10000273.XSHG,0.2497,0.2698,2015-12-15,XSHG
2081,10000279.XSHG,0.0107,0.0045,2015-12-15,XSHG
2082,10000289.XSHG,0.0639,0.0594,2015-12-15,XSHG
2083,10000288.XSHG,0.0755,0.0705,2015-12-15,XSHG
2084,10000280.XSHG,0.1479,0.1739,2015-12-15,XSHG
2085,10000285.XSHG,0.019,0.0087,2015-12-15,XSHG
2086,10000287.XSHG,0.0827,0.0805,2015-12-15,XSHG
2087,10000286.XSHG,0.1079,0.1271,2015-12-15,XSHG
2088,10000380.XSHG,0.057,0.0612,2015-12-15,XSHG
2089,10000294.XSHG,0.4306,0.4371,2015-12-15,XSHG
2090,10000308.XSHG,0.1482,0.1303,2015-12-15,XSHG
2091,10000309.XSHG,0.125,0.1141,2015-12-15,XSHG
2092,10000397.XSHG,0.0003,0.0002,2015-12-15,XSHG
2093,10000303.XSHG,0.0562,0.0306,2015-12-15,XSHG
2094,10000304.XSHG,0.0354,0.0162,2015-12-15,XSHG
2095,10000305.XSHG,0.0399,0.051,2015-12-15,XSHG
2096,10000306.XSHG,0.0725,0.086,2015-12-15,XSHG
2097,10000307.XSHG,0.162,0.148,2015-12-15,XSHG
2098,10000395.XSHG,0.495,0.4794,2015-12-15,XSHG
2099,10000394.XSHG,0.5558,0.5316,2015-12-15,XSHG
2100,10000393.XSHG,0.6048,0.5757,2015-12-15,XSHG
2101,10000404.XSHG,0.0217,0.0232,2015-12-15,XSHG
2102,10000403.XSHG,0.0159,0.0177,2015-12-15,XSHG
2103,10000402.XSHG,0.0133,0.0136,2015-12-15,XSHG
2104,10000401.XSHG,0.502,0.481,2015-12-15,XSHG
2105,10000400.XSHG,0.543,0.5274,2015-12-15,XSHG
2106,10000399.XSHG,0.594,0.5714,2015-12-15,XSHG
2107,10000398.XSHG,0.0003,0.0002,2015-12-15,XSHG
2108,10000319.XSHG,0.0818,0.0537,2015-12-15,XSHG
2109,10000313.XSHG,0.209,0.2131,2015-12-15,XSHG
2110,10000312.XSHG,0.1781,0.1927,2015-12-15,XSHG
2111,10000311.XSHG,0.0991,0.0878,2015-12-15,XSHG
2112,10000310.XSHG,0.1119,0.1001,2015-12-15,XSHG
2113,10000316.XSHG,0.3134,0.3253,2015-12-15,XSHG
2114,10000315.XSHG,0.2793,0.2908,2015-12-15,XSHG
2115,10000314.XSHG,0.2515,0.2567,2015-12-15,XSHG
2116,10000494.XSHG,0.0556,0.0668,2015-12-15,XSHG
2117,10000490.XSHG,0.1778,0.1586,2015-12-15,XSHG
2118,10000491.XSHG,0.1517,0.1307,2015-12-15,XSHG
2119,10000492.XSHG,0.0268,0.03,2015-12-15,XSHG
2120,10000493.XSHG,0.0406,0.0463,2015-12-15,XSHG
2121,10000396.XSHG,0.0003,0.0001,2015-12-15,XSHG
2122,10000483.XSHG,0.0474,0.0403,2015-12-15,XSHG
2123,10000240.XSHG,0.3886,0.4185,2015-12-15,XSHG
2124,10000328.XSHG,0.13,0.1403,2015-12-15,XSHG
2125,10000326.XSHG,0.0126,0.0095,2015-12-15,XSHG
2126,10000327.XSHG,0.2131,0.197,2015-12-15,XSHG
2127,10000325.XSHG,0.12,0.0878,2015-12-15,XSHG
2128,10000322.XSHG,0.15,0.1654,2015-12-15,XSHG
2129,10000320.XSHG,0.0205,0.0248,2015-12-15,XSHG
2130,10000321.XSHG,0.1845,0.1711,2015-12-15,XSHG
2131,10000489.XSHG,0.2226,0.1955,2015-12-15,XSHG
2132,10000488.XSHG,0.2073,0.2239,2015-12-15,XSHG
2133,10000487.XSHG,0.1708,0.1858,2015-12-15,XSHG
2134,10000486.XSHG,0.1364,0.1506,2015-12-15,XSHG
2135,10000485.XSHG,0.1065,0.12,2015-12-15,XSHG
2136,10000484.XSHG,0.0811,0.093,2015-12-15,XSHG
2137,10000367.XSHG,0.3579,0.3323,2015-12-15,XSHG
2138,10000482.XSHG,0.0618,0.0526,2015-12-15,XSHG
2139,10000481.XSHG,0.081,0.0667,2015-12-15,XSHG
2140,10000480.XSHG,0.0979,0.0888,2015-12-15,XSHG
2141,10000331.XSHG,0.1674,0.1336,2015-12-15,XSHG
2142,10000239.XSHG,0.343,0.3692,2015-12-15,XSHG
2143,10000333.XSHG,0.2398,0.2202,2015-12-15,XSHG
2144,10000332.XSHG,0.0054,0.0034,2015-12-15,XSHG
2145,10000334.XSHG,0.1088,0.1154,2015-12-15,XSHG
2146,10000237.XSHG,0.001,0.0002,2015-12-15,XSHG
2147,10000228.XSHG,1.1996,1.1996,2015-12-15,XSHG
2148,10000458.XSHG,0.2565,0.2678,2015-12-15,XSHG
2149,10000459.XSHG,0.3375,0.3198,2015-12-15,XSHG
2150,10000450.XSHG,0.2776,0.27,2015-12-15,XSHG
2151,10000451.XSHG,0.2565,0.2436,2015-12-15,XSHG
2152,10000452.XSHG,0.2464,0.2223,2015-12-15,XSHG
2153,10000453.XSHG,0.22,0.2087,2015-12-15,XSHG
2154,10000454.XSHG,0.1459,0.1476,2015-12-15,XSHG
2155,10000455.XSHG,0.17,0.17,2015-12-15,XSHG
2156,10000456.XSHG,0.1918,0.2067,2015-12-15,XSHG
2157,10000457.XSHG,0.2229,0.2369,2015-12-15,XSHG
2158,10000344.XSHG,0.0025,0.0007,2015-12-15,XSHG
2159,10000345.XSHG,0.3035,0.2845,2015-12-15,XSHG
2160,10000346.XSHG,0.2664,0.2501,2015-12-15,XSHG
2161,10000347.XSHG,0.0702,0.0761,2015-12-15,XSHG
2162,10000341.XSHG,0.2582,0.232,2015-12-15,XSHG
2163,10000342.XSHG,0.2161,0.1828,2015-12-15,XSHG
2164,10000343.XSHG,0.0012,0.0006,2015-12-15,XSHG
2165,10000379.XSHG,0.0437,0.0491,2015-12-15,XSHG
2166,10000348.XSHG,0.0864,0.0956,2015-12-15,XSHG
2167,10000378.XSHG,0.035,0.0389,2015-12-15,XSHG
2168,10000227.XSHG,0.0004,0.0003,2015-12-15,XSHG
2169,10000375.XSHG,0.3706,0.3631,2015-12-15,XSHG
2170,10000269.XSHG,0.0055,0.002,2015-12-15,XSHG
2171,10000296.XSHG,0.53,0.5302,2015-12-15,XSHG
2172,10000297.XSHG,0.0443,0.0382,2015-12-15,XSHG
2173,10000449.XSHG,0.3075,0.3011,2015-12-15,XSHG
2174,10000295.XSHG,0.4698,0.4935,2015-12-15,XSHG
2175,10000292.XSHG,0.3522,0.3643,2015-12-15,XSHG
2176,10000293.XSHG,0.3887,0.4029,2015-12-15,XSHG
2177,10000290.XSHG,0.0572,0.0496,2015-12-15,XSHG
2178,10000291.XSHG,0.0516,0.045,2015-12-15,XSHG
2179,10000298.XSHG,0.5549,0.5691,2015-12-15,XSHG
2180,10000238.XSHG,0.0006,0.0002,2015-12-15,XSHG
2181,10000183.XSHG,0.0005,0.0004,2015-12-15,XSHG
2182,10000186.XSHG,0.0001,0.0003,2015-12-15,XSHG
2183,10000187.XSHG,0.0004,0.0004,2015-12-15,XSHG
2184,10000184.XSHG,0.0005,0.0005,2015-12-15,XSHG
2185,10000185.XSHG,0.0002,0.0004,2015-12-15,XSHG
2186,10000188.XSHG,0.6025,0.6179,2015-12-15,XSHG
2187,10000189.XSHG,0.6899,0.7176,2015-12-15,XSHG
2188,10000368.XSHG,0.2912,0.2822,2015-12-16,XSHG
2189,10000369.XSHG,0.0002,0.0001,2015-12-16,XSHG
2190,10000478.XSHG,0.4417,0.4323,2015-12-16,XSHG
2191,10000479.XSHG,0.1089,0.102,2015-12-16,XSHG
2192,10000477.XSHG,0.132,0.1292,2015-12-16,XSHG
2193,10000474.XSHG,0.4,0.4,2015-12-16,XSHG
2194,10000366.XSHG,0.3851,0.3802,2015-12-16,XSHG
2195,10000473.XSHG,0.1489,0.1407,2015-12-16,XSHG
2196,10000470.XSHG,0.3621,0.3621,2015-12-16,XSHG
2197,10000365.XSHG,0.4383,0.4275,2015-12-16,XSHG
2198,10000201.XSHG,0.0005,0.0002,2015-12-16,XSHG
2199,10000200.XSHG,1.1106,1.1132,2015-12-16,XSHG
2200,10000203.XSHG,0.0004,0.0001,2015-12-16,XSHG
2201,10000202.XSHG,0.5571,0.5671,2015-12-16,XSHG
2202,10000205.XSHG,0.0005,0.0002,2015-12-16,XSHG
2203,10000204.XSHG,0.5098,0.5171,2015-12-16,XSHG
2204,10000206.XSHG,0.4572,0.4678,2015-12-16,XSHG
2205,10000191.XSHG,0.9075,0.9262,2015-12-16,XSHG
2206,10000190.XSHG,0.8071,0.8193,2015-12-16,XSHG
2207,10000192.XSHG,1.0121,1.0104,2015-12-16,XSHG
2208,10000199.XSHG,0.0003,0.0002,2015-12-16,XSHG
2209,10000460.XSHG,0.1259,0.1284,2015-12-16,XSHG
2210,10000463.XSHG,0.192,0.1845,2015-12-16,XSHG
2211,10000465.XSHG,0.29,0.2963,2015-12-16,XSHG
2212,10000464.XSHG,0.1686,0.1686,2015-12-16,XSHG
2213,10000466.XSHG,0.325,0.3301,2015-12-16,XSHG
2214,10000469.XSHG,0.1646,0.1584,2015-12-16,XSHG
2215,10000374.XSHG,0.4065,0.3888,2015-12-16,XSHG
2216,10000377.XSHG,0.0284,0.0284,2015-12-16,XSHG
2217,10000376.XSHG,0.3218,0.3084,2015-12-16,XSHG
2218,10000371.XSHG,0.0002,0.0002,2015-12-16,XSHG
2219,10000370.XSHG,0.0002,0.0003,2015-12-16,XSHG
2220,10000373.XSHG,0.4374,0.4301,2015-12-16,XSHG
2221,10000372.XSHG,0.0003,0.0003,2015-12-16,XSHG
2222,10000274.XSHG,0.3104,0.3192,2015-12-16,XSHG
2223,10000270.XSHG,0.001,0.0008,2015-12-16,XSHG
2224,10000271.XSHG,0.0006,0.0002,2015-12-16,XSHG
2225,10000272.XSHG,0.2172,0.2254,2015-12-16,XSHG
2226,10000273.XSHG,0.2608,0.2706,2015-12-16,XSHG
2227,10000279.XSHG,0.0046,0.0032,2015-12-16,XSHG
2228,10000289.XSHG,0.058,0.0561,2015-12-16,XSHG
2229,10000288.XSHG,0.0686,0.0645,2015-12-16,XSHG
2230,10000280.XSHG,0.1695,0.174,2015-12-16,XSHG
2231,10000285.XSHG,0.0088,0.0063,2015-12-16,XSHG
2232,10000287.XSHG,0.0769,0.075,2015-12-16,XSHG
2233,10000286.XSHG,0.1217,0.127,2015-12-16,XSHG
2234,10000380.XSHG,0.0572,0.061,2015-12-16,XSHG
2235,10000294.XSHG,0.4448,0.4482,2015-12-16,XSHG
2236,10000308.XSHG,0.1346,0.1267,2015-12-16,XSHG
2237,10000309.XSHG,0.1179,0.1105,2015-12-16,XSHG
2238,10000397.XSHG,0.0002,0.0001,2015-12-16,XSHG
2239,10000303.XSHG,0.0332,0.0279,2015-12-16,XSHG
2240,10000304.XSHG,0.017,0.0129,2015-12-16,XSHG
2241,10000305.XSHG,0.048,0.049,2015-12-16,XSHG
2242,10000306.XSHG,0.0819,0.084,2015-12-16,XSHG
2243,10000307.XSHG,0.1543,0.1459,2015-12-16,XSHG
2244,10000395.XSHG,0.488,0.4819,2015-12-16,XSHG
2245,10000394.XSHG,0.5391,0.5278,2015-12-16,XSHG
2246,10000393.XSHG,0.5849,0.5736,2015-12-16,XSHG
2247,10000404.XSHG,0.0217,0.0214,2015-12-16,XSHG
2248,10000403.XSHG,0.017,0.0163,2015-12-16,XSHG
2249,10000402.XSHG,0.0122,0.0126,2015-12-16,XSHG
2250,10000401.XSHG,0.4836,0.4711,2015-12-16,XSHG
2251,10000400.XSHG,0.5297,0.516,2015-12-16,XSHG
2252,10000399.XSHG,0.5787,0.5658,2015-12-16,XSHG
2253,10000398.XSHG,0.0002,0.0003,2015-12-16,XSHG
2254,10000319.XSHG,0.0586,0.05,2015-12-16,XSHG
2255,10000313.XSHG,0.2172,0.223,2015-12-16,XSHG
2256,10000312.XSHG,0.1863,0.1948,2015-12-16,XSHG
2257,10000311.XSHG,0.0901,0.0838,2015-12-16,XSHG
2258,10000310.XSHG,0.1012,0.0961,2015-12-16,XSHG
2259,10000316.XSHG,0.3206,0.3286,2015-12-16,XSHG
2260,10000315.XSHG,0.2882,0.2956,2015-12-16,XSHG
2261,10000314.XSHG,0.2488,0.26,2015-12-16,XSHG
2262,10000494.XSHG,0.065,0.0649,2015-12-16,XSHG
2263,10000490.XSHG,0.164,0.1569,2015-12-16,XSHG
2264,10000491.XSHG,0.1341,0.1275,2015-12-16,XSHG
2265,10000492.XSHG,0.0299,0.0284,2015-12-16,XSHG
2266,10000493.XSHG,0.0455,0.0454,2015-12-16,XSHG
2267,10000396.XSHG,0.0001,0.0002,2015-12-16,XSHG
2268,10000483.XSHG,0.0404,0.0403,2015-12-16,XSHG
2269,10000240.XSHG,0.4085,0.4215,2015-12-16,XSHG
2270,10000328.XSHG,0.1453,0.1409,2015-12-16,XSHG
2271,10000326.XSHG,0.009,0.008,2015-12-16,XSHG
2272,10000327.XSHG,0.2018,0.1908,2015-12-16,XSHG
2273,10000325.XSHG,0.0914,0.0867,2015-12-16,XSHG
2274,10000322.XSHG,0.16,0.1654,2015-12-16,XSHG
2275,10000320.XSHG,0.0237,0.0223,2015-12-16,XSHG
2276,10000321.XSHG,0.1766,0.1673,2015-12-16,XSHG
2277,10000489.XSHG,0.1991,0.1936,2015-12-16,XSHG
2278,10000488.XSHG,0.2147,0.2239,2015-12-16,XSHG
2279,10000487.XSHG,0.1813,0.1858,2015-12-16,XSHG
2280,10000486.XSHG,0.1478,0.1507,2015-12-16,XSHG
2281,10000485.XSHG,0.1167,0.1175,2015-12-16,XSHG
2282,10000484.XSHG,0.0893,0.0888,2015-12-16,XSHG
2283,10000367.XSHG,0.3352,0.3276,2015-12-16,XSHG
2284,10000482.XSHG,0.0525,0.055,2015-12-16,XSHG
2285,10000481.XSHG,0.0678,0.0719,2015-12-16,XSHG
2286,10000480.XSHG,0.0875,0.08,2015-12-16,XSHG
2287,10000331.XSHG,0.1393,0.1316,2015-12-16,XSHG
2288,10000239.XSHG,0.3636,0.3718,2015-12-16,XSHG
2289,10000333.XSHG,0.2288,0.2167,2015-12-16,XSHG
2290,10000332.XSHG,0.0026,0.0023,2015-12-16,XSHG
2291,10000334.XSHG,0.1119,0.1135,2015-12-16,XSHG
2292,10000237.XSHG,0.0004,0.0002,2015-12-16,XSHG
2293,10000228.XSHG,1.2088,1.2242,2015-12-16,XSHG
2294,10000458.XSHG,0.2586,0.2673,2015-12-16,XSHG
2295,10000459.XSHG,0.3274,0.3181,2015-12-16,XSHG
2296,10000450.XSHG,0.2755,0.273,2015-12-16,XSHG
2297,10000451.XSHG,0.2525,0.2481,2015-12-16,XSHG
2298,10000452.XSHG,0.2325,0.2259,2015-12-16,XSHG
2299,10000453.XSHG,0.2083,0.2036,2015-12-16,XSHG
2300,10000454.XSHG,0.1466,0.1579,2015-12-16,XSHG
2301,10000455.XSHG,,,2015-12-16,XSHG
2302,10000456.XSHG,0.1985,0.2098,2015-12-16,XSHG
2303,10000457.XSHG,0.2337,0.2384,2015-12-16,XSHG
2304,10000344.XSHG,0.0006,0.0008,2015-12-16,XSHG
2305,10000345.XSHG,0.2881,0.2772,2015-12-16,XSHG
2306,10000346.XSHG,0.2549,0.2482,2015-12-16,XSHG
2307,10000347.XSHG,0.0716,0.076,2015-12-16,XSHG
2308,10000341.XSHG,0.2394,0.229,2015-12-16,XSHG
2309,10000342.XSHG,0.1853,0.1801,2015-12-16,XSHG
2310,10000343.XSHG,0.0004,0.0005,2015-12-16,XSHG
2311,10000379.XSHG,0.0479,0.0484,2015-12-16,XSHG
2312,10000348.XSHG,0.0908,0.0921,2015-12-16,XSHG
2313,10000378.XSHG,0.037,0.0365,2015-12-16,XSHG
2314,10000227.XSHG,0.0001,0.0002,2015-12-16,XSHG
2315,10000375.XSHG,0.3601,0.3504,2015-12-16,XSHG
2316,10000269.XSHG,0.0025,0.0012,2015-12-16,XSHG
2317,10000296.XSHG,0.5172,0.519,2015-12-16,XSHG
2318,10000297.XSHG,0.0407,0.0364,2015-12-16,XSHG
2319,10000449.XSHG,0.3006,0.2888,2015-12-16,XSHG
2320,10000295.XSHG,0.4902,0.4902,2015-12-16,XSHG
2321,10000292.XSHG,0.3642,0.3642,2015-12-16,XSHG
2322,10000293.XSHG,0.4044,0.4049,2015-12-16,XSHG
2323,10000290.XSHG,0.0522,0.0485,2015-12-16,XSHG
2324,10000291.XSHG,0.0453,0.0427,2015-12-16,XSHG
2325,10000298.XSHG,0.5715,0.583,2015-12-16,XSHG
2326,10000238.XSHG,0.0003,0.0002,2015-12-16,XSHG
2327,10000183.XSHG,0.0004,0.0001,2015-12-16,XSHG
2328,10000186.XSHG,0.0001,0.0004,2015-12-16,XSHG
2329,10000187.XSHG,0.0002,0.0004,2015-12-16,XSHG
2330,10000184.XSHG,0.0005,0.0002,2015-12-16,XSHG
2331,10000185.XSHG,0.0001,0.0004,2015-12-16,XSHG
2332,10000188.XSHG,0.6091,0.6176,2015-12-16,XSHG
2333,10000189.XSHG,0.7049,0.7141,2015-12-16,XSHG
2334,10000368.XSHG,0.2771,0.3039,2015-12-17,XSHG
2335,10000369.XSHG,0.0003,0.0002,2015-12-17,XSHG
2336,10000478.XSHG,0.431,0.4235,2015-12-17,XSHG
2337,10000479.XSHG,0.1045,0.1073,2015-12-17,XSHG
2338,10000477.XSHG,0.1288,0.1311,2015-12-17,XSHG
2339,10000474.XSHG,0.3768,0.3863,2015-12-17,XSHG
2340,10000366.XSHG,0.3787,0.3972,2015-12-17,XSHG
2341,10000473.XSHG,0.1424,0.1417,2015-12-17,XSHG
2342,10000470.XSHG,0.3563,0.3556,2015-12-17,XSHG
2343,10000365.XSHG,0.4302,0.45,2015-12-17,XSHG
2344,10000201.XSHG,0.0003,0.0001,2015-12-17,XSHG
2345,10000200.XSHG,1.1122,1.085,2015-12-17,XSHG
2346,10000203.XSHG,0.0003,0.0001,2015-12-17,XSHG
2347,10000202.XSHG,0.5658,0.5517,2015-12-17,XSHG
2348,10000205.XSHG,0.0004,0.0002,2015-12-17,XSHG
2349,10000204.XSHG,0.5162,0.5034,2015-12-17,XSHG
2350,10000206.XSHG,0.467,0.4519,2015-12-17,XSHG
2351,10000191.XSHG,0.9135,0.8966,2015-12-17,XSHG
2352,10000190.XSHG,0.8142,0.802,2015-12-17,XSHG
2353,10000192.XSHG,1.0127,0.9868,2015-12-17,XSHG
2354,10000199.XSHG,0.0001,0.0001,2015-12-17,XSHG
2355,10000460.XSHG,0.1264,0.1213,2015-12-17,XSHG
2356,10000463.XSHG,0.1864,0.1928,2015-12-17,XSHG
2357,10000465.XSHG,0.2849,0.2865,2015-12-17,XSHG
2358,10000464.XSHG,0.1702,0.1722,2015-12-17,XSHG
2359,10000466.XSHG,0.3043,0.3175,2015-12-17,XSHG
2360,10000469.XSHG,0.1646,0.1575,2015-12-17,XSHG
2361,10000374.XSHG,0.4005,0.407,2015-12-17,XSHG
2362,10000377.XSHG,0.0291,0.0249,2015-12-17,XSHG
2363,10000376.XSHG,0.3218,0.328,2015-12-17,XSHG
2364,10000371.XSHG,0.0002,0.0003,2015-12-17,XSHG
2365,10000370.XSHG,0.0002,0.0003,2015-12-17,XSHG
2366,10000373.XSHG,0.4488,0.4744,2015-12-17,XSHG
2367,10000372.XSHG,0.0003,0.0002,2015-12-17,XSHG
2368,10000274.XSHG,0.3218,0.3016,2015-12-17,XSHG
2369,10000270.XSHG,0.0008,0.0005,2015-12-17,XSHG
2370,10000271.XSHG,0.0004,0.0002,2015-12-17,XSHG
2371,10000272.XSHG,0.2187,0.2013,2015-12-17,XSHG
2372,10000273.XSHG,0.2692,0.25,2015-12-17,XSHG
2373,10000279.XSHG,0.0034,0.0019,2015-12-17,XSHG
2374,10000289.XSHG,0.0557,0.0576,2015-12-17,XSHG
2375,10000288.XSHG,0.0642,0.0666,2015-12-17,XSHG
2376,10000280.XSHG,0.1697,0.1514,2015-12-17,XSHG
2377,10000285.XSHG,0.0088,0.0051,2015-12-17,XSHG
2378,10000287.XSHG,0.0734,0.0777,2015-12-17,XSHG
2379,10000286.XSHG,0.1223,0.1041,2015-12-17,XSHG
2380,10000380.XSHG,0.0614,0.053,2015-12-17,XSHG
2381,10000294.XSHG,0.4117,0.4273,2015-12-17,XSHG
2382,10000308.XSHG,0.1272,0.1353,2015-12-17,XSHG
2383,10000309.XSHG,0.1107,0.1174,2015-12-17,XSHG
2384,10000397.XSHG,0.0002,0.0003,2015-12-17,XSHG
2385,10000303.XSHG,0.034,0.0318,2015-12-17,XSHG
2386,10000304.XSHG,0.0136,0.0141,2015-12-17,XSHG
2387,10000305.XSHG,0.0448,0.0302,2015-12-17,XSHG
2388,10000306.XSHG,0.0773,0.0638,2015-12-17,XSHG
2389,10000307.XSHG,0.1459,0.1529,2015-12-17,XSHG
2390,10000395.XSHG,0.4816,0.5047,2015-12-17,XSHG
2391,10000394.XSHG,0.5331,0.5476,2015-12-17,XSHG
2392,10000393.XSHG,0.584,0.6024,2015-12-17,XSHG
2393,10000404.XSHG,0.0198,0.0183,2015-12-17,XSHG
2394,10000403.XSHG,0.0149,0.0135,2015-12-17,XSHG
2395,10000402.XSHG,0.0114,0.0106,2015-12-17,XSHG
2396,10000401.XSHG,0.476,0.503,2015-12-17,XSHG
2397,10000400.XSHG,0.5305,0.5391,2015-12-17,XSHG
2398,10000399.XSHG,0.5815,0.5851,2015-12-17,XSHG
2399,10000398.XSHG,,,2015-12-17,XSHG
2400,10000319.XSHG,0.0535,0.0625,2015-12-17,XSHG
2401,10000313.XSHG,0.2231,0.2018,2015-12-17,XSHG
2402,10000312.XSHG,0.1854,0.1787,2015-12-17,XSHG
2403,10000311.XSHG,0.0837,0.0889,2015-12-17,XSHG
2404,10000310.XSHG,0.0962,0.1024,2015-12-17,XSHG
2405,10000316.XSHG,0.3129,0.3088,2015-12-17,XSHG
2406,10000315.XSHG,0.2818,0.275,2015-12-17,XSHG
2407,10000314.XSHG,0.243,0.2381,2015-12-17,XSHG
2408,10000494.XSHG,0.062,0.0514,2015-12-17,XSHG
2409,10000490.XSHG,0.1598,0.1694,2015-12-17,XSHG
2410,10000491.XSHG,0.1298,0.137,2015-12-17,XSHG
2411,10000492.XSHG,0.028,0.0207,2015-12-17,XSHG
2412,10000493.XSHG,0.0435,0.0338,2015-12-17,XSHG
2413,10000396.XSHG,0.0001,0.0002,2015-12-17,XSHG
2414,10000483.XSHG,0.0432,0.0404,2015-12-17,XSHG
2415,10000240.XSHG,0.4186,0.401,2015-12-17,XSHG
2416,10000328.XSHG,0.1384,0.1233,2015-12-17,XSHG
2417,10000326.XSHG,0.0078,0.0033,2015-12-17,XSHG
2418,10000327.XSHG,0.1905,0.2024,2015-12-17,XSHG
2419,10000325.XSHG,0.09,0.106,2015-12-17,XSHG
2420,10000322.XSHG,0.1643,0.1482,2015-12-17,XSHG
2421,10000320.XSHG,0.0196,0.0123,2015-12-17,XSHG
2422,10000321.XSHG,0.1669,0.1777,2015-12-17,XSHG
2423,10000489.XSHG,0.1958,0.206,2015-12-17,XSHG
2424,10000488.XSHG,0.2234,0.2034,2015-12-17,XSHG
2425,10000487.XSHG,0.1839,0.164,2015-12-17,XSHG
2426,10000486.XSHG,0.148,0.13,2015-12-17,XSHG
2427,10000485.XSHG,0.1157,0.0995,2015-12-17,XSHG
2428,10000484.XSHG,0.0868,0.0733,2015-12-17,XSHG
2429,10000367.XSHG,0.3273,0.3502,2015-12-17,XSHG
2430,10000482.XSHG,0.0541,0.0596,2015-12-17,XSHG
2431,10000481.XSHG,0.0667,0.0686,2015-12-17,XSHG
2432,10000480.XSHG,0.089,0.0857,2015-12-17,XSHG
2433,10000331.XSHG,0.1361,0.1513,2015-12-17,XSHG
2434,10000239.XSHG,0.3702,0.3517,2015-12-17,XSHG
2435,10000333.XSHG,0.2233,0.2312,2015-12-17,XSHG
2436,10000332.XSHG,0.0021,0.001,2015-12-17,XSHG
2437,10000334.XSHG,0.1149,0.103,2015-12-17,XSHG
2438,10000237.XSHG,0.0003,0.0001,2015-12-17,XSHG
2439,10000228.XSHG,1.2116,1.1876,2015-12-17,XSHG
2440,10000458.XSHG,0.2616,0.257,2015-12-17,XSHG
2441,10000459.XSHG,0.3147,0.3222,2015-12-17,XSHG
2442,10000450.XSHG,0.2894,0.2894,2015-12-17,XSHG
2443,10000451.XSHG,0.2554,0.2543,2015-12-17,XSHG
2444,10000452.XSHG,0.2229,0.2318,2015-12-17,XSHG
2445,10000453.XSHG,0.2189,0.2055,2015-12-17,XSHG
2446,10000454.XSHG,0.1464,0.1445,2015-12-17,XSHG
2447,10000455.XSHG,0.1713,0.1649,2015-12-17,XSHG
2448,10000456.XSHG,0.2052,0.2013,2015-12-17,XSHG
2449,10000457.XSHG,0.234,0.2266,2015-12-17,XSHG
2450,10000344.XSHG,0.0004,0.0005,2015-12-17,XSHG
2451,10000345.XSHG,0.295,0.2928,2015-12-17,XSHG
2452,10000346.XSHG,0.254,0.2633,2015-12-17,XSHG
2453,10000347.XSHG,0.0764,0.067,2015-12-17,XSHG
2454,10000341.XSHG,0.2307,0.2501,2015-12-17,XSHG
2455,10000342.XSHG,0.1835,0.2019,2015-12-17,XSHG
2456,10000343.XSHG,0.0004,0.0003,2015-12-17,XSHG
2457,10000379.XSHG,0.0485,0.0416,2015-12-17,XSHG
2458,10000348.XSHG,0.0938,0.0823,2015-12-17,XSHG
2459,10000378.XSHG,0.0379,0.0324,2015-12-17,XSHG
2460,10000227.XSHG,0.0002,0.0002,2015-12-17,XSHG
2461,10000375.XSHG,0.364,0.3657,2015-12-17,XSHG
2462,10000269.XSHG,0.0015,0.0005,2015-12-17,XSHG
2463,10000296.XSHG,0.4967,0.5112,2015-12-17,XSHG
2464,10000297.XSHG,0.0361,0.0347,2015-12-17,XSHG
2465,10000449.XSHG,0.2982,0.3159,2015-12-17,XSHG
2466,10000295.XSHG,0.4769,0.4648,2015-12-17,XSHG
2467,10000292.XSHG,0.3626,0.3488,2015-12-17,XSHG
2468,10000293.XSHG,0.4009,0.3836,2015-12-17,XSHG
2469,10000290.XSHG,0.0479,0.0483,2015-12-17,XSHG
2470,10000291.XSHG,0.042,0.0423,2015-12-17,XSHG
2471,10000298.XSHG,0.563,0.5577,2015-12-17,XSHG
2472,10000238.XSHG,0.0003,0.0003,2015-12-17,XSHG
2473,10000183.XSHG,0.0001,0.0003,2015-12-17,XSHG
2474,10000186.XSHG,0.0002,0.0001,2015-12-17,XSHG
2475,10000187.XSHG,0.0003,0.0001,2015-12-17,XSHG
2476,10000184.XSHG,0.0003,0.0002,2015-12-17,XSHG
2477,10000185.XSHG,0.0004,0.0003,2015-12-17,XSHG
2478,10000188.XSHG,0.6148,0.5997,2015-12-17,XSHG
2479,10000189.XSHG,0.7148,0.6922,2015-12-17,XSHG
2480,10000368.XSHG,0.304,0.312,2015-12-18,XSHG
2481,10000369.XSHG,0.0002,0.0002,2015-12-18,XSHG
2482,10000478.XSHG,0.4138,0.3995,2015-12-18,XSHG
2483,10000479.XSHG,0.1093,0.1095,2015-12-18,XSHG
2484,10000477.XSHG,0.13,0.1275,2015-12-18,XSHG
2485,10000474.XSHG,0.348,0.36,2015-12-18,XSHG
2486,10000366.XSHG,0.4046,0.4131,2015-12-18,XSHG
2487,10000473.XSHG,0.1447,0.1401,2015-12-18,XSHG
2488,10000470.XSHG,0.3309,0.3255,2015-12-18,XSHG
2489,10000365.XSHG,0.452,0.4602,2015-12-18,XSHG
2490,10000201.XSHG,0.0001,0.0002,2015-12-18,XSHG
2491,10000200.XSHG,1.0883,1.0756,2015-12-18,XSHG
2492,10000203.XSHG,0.0001,0.0002,2015-12-18,XSHG
2493,10000202.XSHG,0.5495,0.5322,2015-12-18,XSHG
2494,10000205.XSHG,0.0001,0.0002,2015-12-18,XSHG
2495,10000204.XSHG,0.4975,0.482,2015-12-18,XSHG
2496,10000206.XSHG,0.446,0.4304,2015-12-18,XSHG
2497,10000191.XSHG,0.9123,0.8779,2015-12-18,XSHG
2498,10000190.XSHG,0.7882,0.7784,2015-12-18,XSHG
2499,10000192.XSHG,0.974,0.9781,2015-12-18,XSHG
2500,10000199.XSHG,0.0001,0.0002,2015-12-18,XSHG
2501,10000460.XSHG,0.119,0.106,2015-12-18,XSHG
2502,10000463.XSHG,0.19,0.1871,2015-12-18,XSHG
2503,10000465.XSHG,0.2796,0.2677,2015-12-18,XSHG
2504,10000464.XSHG,0.1763,0.1722,2015-12-18,XSHG
2505,10000466.XSHG,0.312,0.2955,2015-12-18,XSHG
2506,10000469.XSHG,0.1639,0.1581,2015-12-18,XSHG
2507,10000374.XSHG,0.413,0.4215,2015-12-18,XSHG
2508,10000377.XSHG,0.0238,0.0178,2015-12-18,XSHG
2509,10000376.XSHG,0.3359,0.3359,2015-12-18,XSHG
2510,10000371.XSHG,0.0002,0.0001,2015-12-18,XSHG
2511,10000370.XSHG,0.0002,0.0002,2015-12-18,XSHG
2512,10000373.XSHG,0.4932,0.461,2015-12-18,XSHG
2513,10000372.XSHG,0.0003,0.0002,2015-12-18,XSHG
2514,10000274.XSHG,0.2985,0.2817,2015-12-18,XSHG
2515,10000270.XSHG,0.0003,0.0002,2015-12-18,XSHG
2516,10000271.XSHG,0.0003,0.0002,2015-12-18,XSHG
2517,10000272.XSHG,0.197,0.1842,2015-12-18,XSHG
2518,10000273.XSHG,0.2465,0.2357,2015-12-18,XSHG
2519,10000279.XSHG,0.0017,0.0015,2015-12-18,XSHG
2520,10000289.XSHG,0.0551,0.0492,2015-12-18,XSHG
2521,10000288.XSHG,0.0641,0.0582,2015-12-18,XSHG
2522,10000280.XSHG,0.1474,0.1362,2015-12-18,XSHG
2523,10000285.XSHG,0.0051,0.0045,2015-12-18,XSHG
2524,10000287.XSHG,0.0747,0.0706,2015-12-18,XSHG
2525,10000286.XSHG,0.1033,0.0865,2015-12-18,XSHG
2526,10000380.XSHG,0.0513,0.041,2015-12-18,XSHG
2527,10000294.XSHG,0.4183,0.4033,2015-12-18,XSHG
2528,10000308.XSHG,0.1331,0.1294,2015-12-18,XSHG
2529,10000309.XSHG,0.1157,0.11,2015-12-18,XSHG
2530,10000397.XSHG,0.0002,0.0002,2015-12-18,XSHG
2531,10000303.XSHG,0.0313,0.0316,2015-12-18,XSHG
2532,10000304.XSHG,0.0139,0.0133,2015-12-18,XSHG
2533,10000305.XSHG,0.0305,0.017,2015-12-18,XSHG
2534,10000306.XSHG,0.0599,0.046,2015-12-18,XSHG
2535,10000307.XSHG,0.1518,0.1519,2015-12-18,XSHG
2536,10000395.XSHG,0.505,0.5197,2015-12-18,XSHG
2537,10000394.XSHG,0.551,0.57,2015-12-18,XSHG
2538,10000393.XSHG,0.6,0.618,2015-12-18,XSHG
2539,10000404.XSHG,0.0176,0.013,2015-12-18,XSHG
2540,10000403.XSHG,0.0132,0.0094,2015-12-18,XSHG
2541,10000402.XSHG,0.0099,0.0073,2015-12-18,XSHG
2542,10000401.XSHG,0.5028,0.5035,2015-12-18,XSHG
2543,10000400.XSHG,0.5441,0.5515,2015-12-18,XSHG
2544,10000399.XSHG,0.58,0.6011,2015-12-18,XSHG
2545,10000398.XSHG,0.0001,0.0002,2015-12-18,XSHG
2546,10000319.XSHG,0.0623,0.0724,2015-12-18,XSHG
2547,10000313.XSHG,0.2004,0.185,2015-12-18,XSHG
2548,10000312.XSHG,0.1723,0.1551,2015-12-18,XSHG
2549,10000311.XSHG,0.0867,0.0802,2015-12-18,XSHG
2550,10000310.XSHG,0.1001,0.0968,2015-12-18,XSHG
2551,10000316.XSHG,0.3017,0.2869,2015-12-18,XSHG
2552,10000315.XSHG,0.2661,0.25,2015-12-18,XSHG
2553,10000314.XSHG,0.2314,0.2209,2015-12-18,XSHG
2554,10000494.XSHG,0.0493,0.0345,2015-12-18,XSHG
2555,10000490.XSHG,0.1727,0.1791,2015-12-18,XSHG
2556,10000491.XSHG,0.1435,0.1418,2015-12-18,XSHG
2557,10000492.XSHG,0.0198,0.0118,2015-12-18,XSHG
2558,10000493.XSHG,0.0322,0.0212,2015-12-18,XSHG
2559,10000396.XSHG,0.0001,0.0002,2015-12-18,XSHG
2560,10000483.XSHG,0.0397,0.0358,2015-12-18,XSHG
2561,10000240.XSHG,0.3952,0.3809,2015-12-18,XSHG
2562,10000328.XSHG,0.1215,0.1059,2015-12-18,XSHG
2563,10000326.XSHG,0.0035,0.0018,2015-12-18,XSHG
2564,10000327.XSHG,0.198,0.2008,2015-12-18,XSHG
2565,10000325.XSHG,0.1034,0.1179,2015-12-18,XSHG
2566,10000322.XSHG,0.1453,0.132,2015-12-18,XSHG
2567,10000320.XSHG,0.0119,0.0088,2015-12-18,XSHG
2568,10000321.XSHG,0.1814,0.1792,2015-12-18,XSHG
2569,10000489.XSHG,0.2119,0.219,2015-12-18,XSHG
2570,10000488.XSHG,0.1966,0.1766,2015-12-18,XSHG
2571,10000487.XSHG,0.1606,0.1429,2015-12-18,XSHG
2572,10000486.XSHG,0.1301,0.1028,2015-12-18,XSHG
2573,10000485.XSHG,0.0982,0.077,2015-12-18,XSHG
2574,10000484.XSHG,0.0719,0.0529,2015-12-18,XSHG
2575,10000367.XSHG,0.352,0.37,2015-12-18,XSHG
2576,10000482.XSHG,0.056,0.0477,2015-12-18,XSHG
2577,10000481.XSHG,0.0659,0.0641,2015-12-18,XSHG
2578,10000480.XSHG,0.0839,0.0834,2015-12-18,XSHG
2579,10000331.XSHG,0.1556,0.1671,2015-12-18,XSHG
2580,10000239.XSHG,0.3444,0.3323,2015-12-18,XSHG
2581,10000333.XSHG,0.2356,0.2274,2015-12-18,XSHG
2582,10000332.XSHG,0.0008,0.0008,2015-12-18,XSHG
2583,10000334.XSHG,0.1001,0.0865,2015-12-18,XSHG
2584,10000237.XSHG,0.0002,0.0001,2015-12-18,XSHG
2585,10000228.XSHG,1.187,1.1755,2015-12-18,XSHG
2586,10000458.XSHG,0.2519,0.2358,2015-12-18,XSHG
2587,10000459.XSHG,0.3324,0.3255,2015-12-18,XSHG
2588,10000450.XSHG,0.2773,0.276,2015-12-18,XSHG
2589,10000451.XSHG,0.2543,0.2517,2015-12-18,XSHG
2590,10000452.XSHG,0.2324,0.228,2015-12-18,XSHG
2591,10000453.XSHG,0.2125,0.207,2015-12-18,XSHG
2592,10000454.XSHG,0.137,0.1292,2015-12-18,XSHG
2593,10000455.XSHG,0.1662,0.1539,2015-12-18,XSHG
2594,10000456.XSHG,0.193,0.1806,2015-12-18,XSHG
2595,10000457.XSHG,0.2231,0.2073,2015-12-18,XSHG
2596,10000344.XSHG,0.0005,0.0006,2015-12-18,XSHG
2597,10000345.XSHG,0.3167,0.2982,2015-12-18,XSHG
2598,10000346.XSHG,0.2652,0.2628,2015-12-18,XSHG
2599,10000347.XSHG,0.0647,0.0532,2015-12-18,XSHG
2600,10000341.XSHG,0.255,0.2651,2015-12-18,XSHG
2601,10000342.XSHG,0.1982,0.2162,2015-12-18,XSHG
2602,10000343.XSHG,0.0002,0.0002,2015-12-18,XSHG
2603,10000379.XSHG,0.0402,0.032,2015-12-18,XSHG
2604,10000348.XSHG,0.0809,0.0669,2015-12-18,XSHG
2605,10000378.XSHG,0.031,0.0241,2015-12-18,XSHG
2606,10000227.XSHG,0.0002,0.0002,2015-12-18,XSHG
2607,10000375.XSHG,0.3703,0.3836,2015-12-18,XSHG
2608,10000269.XSHG,0.0007,0.0004,2015-12-18,XSHG
2609,10000296.XSHG,0.4895,0.4829,2015-12-18,XSHG
2610,10000297.XSHG,0.0362,0.0292,2015-12-18,XSHG
2611,10000449.XSHG,0.2978,0.2975,2015-12-18,XSHG
2612,10000295.XSHG,0.4441,0.4433,2015-12-18,XSHG
2613,10000292.XSHG,0.339,0.3261,2015-12-18,XSHG
2614,10000293.XSHG,0.378,0.3594,2015-12-18,XSHG
2615,10000290.XSHG,0.0474,0.0405,2015-12-18,XSHG
2616,10000291.XSHG,0.0413,0.0344,2015-12-18,XSHG
2617,10000298.XSHG,0.5361,0.528,2015-12-18,XSHG
2618,10000238.XSHG,0.0002,0.0002,2015-12-18,XSHG
2619,10000183.XSHG,0.0002,0.0002,2015-12-18,XSHG
2620,10000186.XSHG,0.0003,0.0002,2015-12-18,XSHG
2621,10000187.XSHG,0.0001,0.0002,2015-12-18,XSHG
2622,10000184.XSHG,0.0002,0.0001,2015-12-18,XSHG
2623,10000185.XSHG,0.0002,0.0002,2015-12-18,XSHG
2624,10000188.XSHG,0.591,0.5827,2015-12-18,XSHG
2625,10000189.XSHG,0.6932,0.6787,2015-12-18,XSHG
2626,10000368.XSHG,0.3227,0.387,2015-12-21,XSHG
2627,10000369.XSHG,0.0005,0.0002,2015-12-21,XSHG
2628,10000478.XSHG,0.378,0.3628,2015-12-21,XSHG
2629,10000479.XSHG,0.1092,0.1509,2015-12-21,XSHG
2630,10000477.XSHG,0.1223,0.1419,2015-12-21,XSHG
2631,10000474.XSHG,0.34,0.3288,2015-12-21,XSHG
2632,10000366.XSHG,0.4085,0.4871,2015-12-21,XSHG
2633,10000473.XSHG,0.1452,0.1536,2015-12-21,XSHG
2634,10000470.XSHG,0.31,0.2951,2015-12-21,XSHG
2635,10000365.XSHG,0.4657,0.5356,2015-12-21,XSHG
2636,10000201.XSHG,0.0003,0.0002,2015-12-21,XSHG
2637,10000200.XSHG,1.0782,1.0062,2015-12-21,XSHG
2638,10000203.XSHG,0.0001,0.0002,2015-12-21,XSHG
2639,10000202.XSHG,0.5013,0.46,2015-12-21,XSHG
2640,10000205.XSHG,0.0001,0.0002,2015-12-21,XSHG
2641,10000204.XSHG,0.4645,0.4077,2015-12-21,XSHG
2642,10000206.XSHG,0.4164,0.3588,2015-12-21,XSHG
2643,10000191.XSHG,0.8511,0.8074,2015-12-21,XSHG
2644,10000190.XSHG,0.7703,0.7045,2015-12-21,XSHG
2645,10000192.XSHG,0.9756,0.907,2015-12-21,XSHG
2646,10000199.XSHG,0.0001,0.0001,2015-12-21,XSHG
2647,10000460.XSHG,0.1022,0.0898,2015-12-21,XSHG
2648,10000463.XSHG,0.185,0.214,2015-12-21,XSHG
2649,10000465.XSHG,0.2521,0.2391,2015-12-21,XSHG
2650,10000464.XSHG,0.169,0.1945,2015-12-21,XSHG
2651,10000466.XSHG,0.2886,0.2568,2015-12-21,XSHG
2652,10000469.XSHG,0.1603,0.1768,2015-12-21,XSHG
2653,10000374.XSHG,0.4192,0.466,2015-12-21,XSHG
2654,10000377.XSHG,0.0169,0.0119,2015-12-21,XSHG
2655,10000376.XSHG,0.3389,0.385,2015-12-21,XSHG
2656,10000371.XSHG,0.0004,0.0002,2015-12-21,XSHG
2657,10000370.XSHG,0.0001,0.0001,2015-12-21,XSHG
2658,10000373.XSHG,0.481,0.5148,2015-12-21,XSHG
2659,10000372.XSHG,0.0003,0.0003,2015-12-21,XSHG
2660,10000274.XSHG,0.2642,0.2065,2015-12-21,XSHG
2661,10000270.XSHG,0.0001,0.0004,2015-12-21,XSHG
2662,10000271.XSHG,0.0001,0.0002,2015-12-21,XSHG
2663,10000272.XSHG,0.1824,0.109,2015-12-21,XSHG
2664,10000273.XSHG,0.2421,0.1589,2015-12-21,XSHG
2665,10000279.XSHG,0.0013,0.002,2015-12-21,XSHG
2666,10000289.XSHG,0.0465,0.0591,2015-12-21,XSHG
2667,10000288.XSHG,0.0552,0.07,2015-12-21,XSHG
2668,10000280.XSHG,0.1367,0.0631,2015-12-21,XSHG
2669,10000285.XSHG,0.0035,0.0171,2015-12-21,XSHG
2670,10000287.XSHG,0.0656,0.0821,2015-12-21,XSHG
2671,10000286.XSHG,0.0869,0.0244,2015-12-21,XSHG
2672,10000380.XSHG,0.0394,0.0299,2015-12-21,XSHG
2673,10000294.XSHG,0.3869,0.3485,2015-12-21,XSHG
2674,10000308.XSHG,0.1233,0.1539,2015-12-21,XSHG
2675,10000309.XSHG,0.1052,0.1311,2015-12-21,XSHG
2676,10000397.XSHG,0.0003,0.0002,2015-12-21,XSHG
2677,10000303.XSHG,0.029,0.0947,2015-12-21,XSHG
2678,10000304.XSHG,0.0089,0.0499,2015-12-21,XSHG
2679,10000305.XSHG,0.019,0.0023,2015-12-21,XSHG
2680,10000306.XSHG,0.0454,0.0077,2015-12-21,XSHG
2681,10000307.XSHG,0.1534,0.181,2015-12-21,XSHG
2682,10000395.XSHG,0.5118,0.5951,2015-12-21,XSHG
2683,10000394.XSHG,0.5657,0.6479,2015-12-21,XSHG
2684,10000393.XSHG,0.6118,0.6946,2015-12-21,XSHG
2685,10000404.XSHG,0.0123,0.0084,2015-12-21,XSHG
2686,10000403.XSHG,0.0088,0.0065,2015-12-21,XSHG
2687,10000402.XSHG,0.0065,0.0045,2015-12-21,XSHG
2688,10000401.XSHG,0.5089,0.5549,2015-12-21,XSHG
2689,10000400.XSHG,0.5536,0.6119,2015-12-21,XSHG
2690,10000399.XSHG,0.6025,0.6501,2015-12-21,XSHG
2691,10000398.XSHG,0.0004,0.0001,2015-12-21,XSHG
2692,10000319.XSHG,0.0689,0.142,2015-12-21,XSHG
2693,10000313.XSHG,0.1794,0.1489,2015-12-21,XSHG
2694,10000312.XSHG,0.152,0.1225,2015-12-21,XSHG
2695,10000311.XSHG,0.0776,0.0976,2015-12-21,XSHG
2696,10000310.XSHG,0.0911,0.11,2015-12-21,XSHG
2697,10000316.XSHG,0.274,0.2409,2015-12-21,XSHG
2698,10000315.XSHG,0.2373,0.2089,2015-12-21,XSHG
2699,10000314.XSHG,0.21,0.1779,2015-12-21,XSHG
2700,10000494.XSHG,0.0337,0.0234,2015-12-21,XSHG
2701,10000490.XSHG,0.17,0.2283,2015-12-21,XSHG
2702,10000491.XSHG,0.136,0.1867,2015-12-21,XSHG
2703,10000492.XSHG,0.0114,0.0089,2015-12-21,XSHG
2704,10000493.XSHG,0.0212,0.0142,2015-12-21,XSHG
2705,10000396.XSHG,0.0002,0.0001,2015-12-21,XSHG
2706,10000483.XSHG,0.0339,0.049,2015-12-21,XSHG
2707,10000240.XSHG,0.3709,0.3087,2015-12-21,XSHG
2708,10000328.XSHG,0.1032,0.0818,2015-12-21,XSHG
2709,10000326.XSHG,0.0017,0.0003,2015-12-21,XSHG
2710,10000327.XSHG,0.195,0.2413,2015-12-21,XSHG
2711,10000325.XSHG,0.12,0.1917,2015-12-21,XSHG
2712,10000322.XSHG,0.1259,0.1022,2015-12-21,XSHG
2713,10000320.XSHG,0.0099,0.0013,2015-12-21,XSHG
2714,10000321.XSHG,0.1683,0.21,2015-12-21,XSHG
2715,10000489.XSHG,0.221,0.271,2015-12-21,XSHG
2716,10000488.XSHG,0.1835,0.1334,2015-12-21,XSHG
2717,10000487.XSHG,0.1431,0.1013,2015-12-21,XSHG
2718,10000486.XSHG,0.1061,0.0753,2015-12-21,XSHG
2719,10000485.XSHG,0.0771,0.054,2015-12-21,XSHG
2720,10000484.XSHG,0.0523,0.0376,2015-12-21,XSHG
2721,10000367.XSHG,0.37,0.4376,2015-12-21,XSHG
2722,10000482.XSHG,0.0462,0.0666,2015-12-21,XSHG
2723,10000481.XSHG,0.0618,0.0902,2015-12-21,XSHG
2724,10000480.XSHG,0.0781,0.1183,2015-12-21,XSHG
2725,10000331.XSHG,0.1659,0.2379,2015-12-21,XSHG
2726,10000239.XSHG,0.3399,0.2537,2015-12-21,XSHG
2727,10000333.XSHG,0.232,0.2596,2015-12-21,XSHG
2728,10000332.XSHG,0.0007,0.0001,2015-12-21,XSHG
2729,10000334.XSHG,0.0831,0.0635,2015-12-21,XSHG
2730,10000237.XSHG,0.0003,0.0001,2015-12-21,XSHG
2731,10000228.XSHG,1.1714,1.1069,2015-12-21,XSHG
2732,10000458.XSHG,0.2244,0.2056,2015-12-21,XSHG
2733,10000459.XSHG,0.3235,0.361,2015-12-21,XSHG
2734,10000450.XSHG,0.28,0.3017,2015-12-21,XSHG
2735,10000451.XSHG,0.2635,0.2798,2015-12-21,XSHG
2736,10000452.XSHG,0.222,0.2559,2015-12-21,XSHG
2737,10000453.XSHG,0.22,0.2285,2015-12-21,XSHG
2738,10000454.XSHG,0.125,0.109,2015-12-21,XSHG
2739,10000455.XSHG,0.146,0.1271,2015-12-21,XSHG
2740,10000456.XSHG,0.1732,0.1515,2015-12-21,XSHG
2741,10000457.XSHG,0.2,0.1842,2015-12-21,XSHG
2742,10000344.XSHG,0.0008,0.0003,2015-12-21,XSHG
2743,10000345.XSHG,0.2906,0.3429,2015-12-21,XSHG
2744,10000346.XSHG,0.2555,0.3018,2015-12-21,XSHG
2745,10000347.XSHG,0.051,0.038,2015-12-21,XSHG
2746,10000341.XSHG,0.2609,0.3402,2015-12-21,XSHG
2747,10000342.XSHG,0.2134,0.2873,2015-12-21,XSHG
2748,10000343.XSHG,0.0001,0.0002,2015-12-21,XSHG
2749,10000379.XSHG,0.0312,0.0222,2015-12-21,XSHG
2750,10000348.XSHG,0.0669,0.0504,2015-12-21,XSHG
2751,10000378.XSHG,0.023,0.0159,2015-12-21,XSHG
2752,10000227.XSHG,0.0001,0.0001,2015-12-21,XSHG
2753,10000375.XSHG,0.3773,0.4223,2015-12-21,XSHG
2754,10000269.XSHG,0.0002,0.0009,2015-12-21,XSHG
2755,10000296.XSHG,0.4899,0.4313,2015-12-21,XSHG
2756,10000297.XSHG,0.0299,0.0309,2015-12-21,XSHG
2757,10000449.XSHG,0.32,0.334,2015-12-21,XSHG
2758,10000295.XSHG,0.4485,0.3909,2015-12-21,XSHG
2759,10000292.XSHG,0.3131,0.2722,2015-12-21,XSHG
2760,10000293.XSHG,0.354,0.3161,2015-12-21,XSHG
2761,10000290.XSHG,0.0389,0.0461,2015-12-21,XSHG
2762,10000291.XSHG,0.0372,0.0395,2015-12-21,XSHG
2763,10000298.XSHG,0.5336,0.4746,2015-12-21,XSHG
2764,10000238.XSHG,0.0004,0.0002,2015-12-21,XSHG
2765,10000183.XSHG,0.0001,0.0001,2015-12-21,XSHG
2766,10000186.XSHG,0.0002,0.0001,2015-12-21,XSHG
2767,10000187.XSHG,0.0001,0.0001,2015-12-21,XSHG
2768,10000184.XSHG,0.0001,0.0001,2015-12-21,XSHG
2769,10000185.XSHG,0.0001,0.0001,2015-12-21,XSHG
2770,10000188.XSHG,0.5513,0.5085,2015-12-21,XSHG
2771,10000189.XSHG,0.6512,0.603,2015-12-21,XSHG
2772,10000368.XSHG,0.3888,0.39,2015-12-22,XSHG
2773,10000369.XSHG,0.0001,0.0001,2015-12-22,XSHG
2774,10000478.XSHG,0.3615,0.3618,2015-12-22,XSHG
2775,10000479.XSHG,0.1501,0.151,2015-12-22,XSHG
2776,10000477.XSHG,0.1397,0.136,2015-12-22,XSHG
2777,10000474.XSHG,0.3306,0.3306,2015-12-22,XSHG
2778,10000366.XSHG,0.4818,0.4844,2015-12-22,XSHG
2779,10000473.XSHG,0.15,0.155,2015-12-22,XSHG
2780,10000470.XSHG,0.2976,0.2989,2015-12-22,XSHG
2781,10000365.XSHG,0.5473,0.5382,2015-12-22,XSHG
2782,10000201.XSHG,0.0002,0.0001,2015-12-22,XSHG
2783,10000200.XSHG,1.0091,1.006,2015-12-22,XSHG
2784,10000203.XSHG,0.0003,0.0002,2015-12-22,XSHG
2785,10000202.XSHG,0.452,0.464,2015-12-22,XSHG
2786,10000205.XSHG,0.0001,0.0001,2015-12-22,XSHG
2787,10000204.XSHG,0.402,0.4079,2015-12-22,XSHG
2788,10000206.XSHG,0.3562,0.3649,2015-12-22,XSHG
2789,10000191.XSHG,0.8088,0.81,2015-12-22,XSHG
2790,10000190.XSHG,0.7169,0.7169,2015-12-22,XSHG
2791,10000192.XSHG,0.912,0.91,2015-12-22,XSHG
2792,10000199.XSHG,0.0001,0.0002,2015-12-22,XSHG
2793,10000460.XSHG,0.0866,0.09,2015-12-22,XSHG
2794,10000463.XSHG,0.2055,0.209,2015-12-22,XSHG
2795,10000465.XSHG,0.239,0.2339,2015-12-22,XSHG
2796,10000464.XSHG,0.1909,0.188,2015-12-22,XSHG
2797,10000466.XSHG,0.262,0.2614,2015-12-22,XSHG
2798,10000469.XSHG,0.1773,0.1746,2015-12-22,XSHG
2799,10000374.XSHG,0.4796,0.4607,2015-12-22,XSHG
2800,10000377.XSHG,0.0113,0.0111,2015-12-22,XSHG
2801,10000376.XSHG,0.3905,0.3782,2015-12-22,XSHG
2802,10000371.XSHG,0.0001,0.0001,2015-12-22,XSHG
2803,10000370.XSHG,0.0001,0.0001,2015-12-22,XSHG
2804,10000373.XSHG,0.5229,0.5175,2015-12-22,XSHG
2805,10000372.XSHG,0.0001,0.0001,2015-12-22,XSHG
2806,10000274.XSHG,0.207,0.209,2015-12-22,XSHG
2807,10000270.XSHG,0.0008,0.0001,2015-12-22,XSHG
2808,10000271.XSHG,0.0002,0.0002,2015-12-22,XSHG
2809,10000272.XSHG,0.1078,0.1049,2015-12-22,XSHG
2810,10000273.XSHG,0.1589,0.159,2015-12-22,XSHG
2811,10000279.XSHG,0.0029,0.0011,2015-12-22,XSHG
2812,10000289.XSHG,0.0556,0.0553,2015-12-22,XSHG
2813,10000288.XSHG,0.066,0.0672,2015-12-22,XSHG
2814,10000280.XSHG,0.0601,0.0606,2015-12-22,XSHG
2815,10000285.XSHG,0.0177,0.0095,2015-12-22,XSHG
2816,10000287.XSHG,0.0834,0.079,2015-12-22,XSHG
2817,10000286.XSHG,0.0228,0.0195,2015-12-22,XSHG
2818,10000380.XSHG,0.0278,0.0293,2015-12-22,XSHG
2819,10000294.XSHG,0.3483,0.346,2015-12-22,XSHG
2820,10000308.XSHG,0.1484,0.1522,2015-12-22,XSHG
2821,10000309.XSHG,0.125,0.1292,2015-12-22,XSHG
2822,10000397.XSHG,0.0001,0.0001,2015-12-22,XSHG
2823,10000303.XSHG,0.0968,0.0888,2015-12-22,XSHG
2824,10000304.XSHG,0.0518,0.0411,2015-12-22,XSHG
2825,10000305.XSHG,0.0023,0.0003,2015-12-22,XSHG
2826,10000306.XSHG,0.0074,0.0029,2015-12-22,XSHG
2827,10000307.XSHG,0.1727,0.1751,2015-12-22,XSHG
2828,10000395.XSHG,0.5876,0.5831,2015-12-22,XSHG
2829,10000394.XSHG,0.6328,0.6403,2015-12-22,XSHG
2830,10000393.XSHG,0.7217,0.6907,2015-12-22,XSHG
2831,10000404.XSHG,0.0079,0.0076,2015-12-22,XSHG
2832,10000403.XSHG,0.0057,0.0057,2015-12-22,XSHG
2833,10000402.XSHG,0.0039,0.0042,2015-12-22,XSHG
2834,10000401.XSHG,0.5665,0.5541,2015-12-22,XSHG
2835,10000400.XSHG,0.614,0.6009,2015-12-22,XSHG
2836,10000399.XSHG,0.6588,0.6475,2015-12-22,XSHG
2837,10000398.XSHG,0.0001,0.0001,2015-12-22,XSHG
2838,10000319.XSHG,0.1437,0.1371,2015-12-22,XSHG
2839,10000313.XSHG,0.1457,0.1497,2015-12-22,XSHG
2840,10000312.XSHG,0.1163,0.123,2015-12-22,XSHG
2841,10000311.XSHG,0.0999,0.0952,2015-12-22,XSHG
2842,10000310.XSHG,0.1105,0.1112,2015-12-22,XSHG
2843,10000316.XSHG,0.2354,0.2368,2015-12-22,XSHG
2844,10000315.XSHG,0.2032,0.2046,2015-12-22,XSHG
2845,10000314.XSHG,0.1728,0.1742,2015-12-22,XSHG
2846,10000494.XSHG,0.0227,0.0236,2015-12-22,XSHG
2847,10000495.XSHG,0.0336,0.0352,2015-12-22,XSHG
2848,10000496.XSHG,0.1649,0.1689,2015-12-22,XSHG
2849,10000490.XSHG,0.2299,0.2324,2015-12-22,XSHG
2850,10000491.XSHG,0.196,0.192,2015-12-22,XSHG
2851,10000492.XSHG,0.0085,0.0095,2015-12-22,XSHG
2852,10000493.XSHG,0.0142,0.0148,2015-12-22,XSHG
2853,10000396.XSHG,0.0001,0.0001,2015-12-22,XSHG
2854,10000483.XSHG,0.047,0.0502,2015-12-22,XSHG
2855,10000240.XSHG,0.3002,0.315,2015-12-22,XSHG
2856,10000328.XSHG,0.0784,0.0792,2015-12-22,XSHG
2857,10000326.XSHG,0.0001,0.0001,2015-12-22,XSHG
2858,10000327.XSHG,0.2318,0.2356,2015-12-22,XSHG
2859,10000325.XSHG,0.1912,0.1901,2015-12-22,XSHG
2860,10000322.XSHG,0.0973,0.0995,2015-12-22,XSHG
2861,10000320.XSHG,0.0011,0.0003,2015-12-22,XSHG
2862,10000321.XSHG,0.205,0.2057,2015-12-22,XSHG
2863,10000489.XSHG,0.2751,0.2765,2015-12-22,XSHG
2864,10000488.XSHG,0.1334,0.1325,2015-12-22,XSHG
2865,10000487.XSHG,0.1005,0.1005,2015-12-22,XSHG
2866,10000486.XSHG,0.0762,0.0745,2015-12-22,XSHG
2867,10000485.XSHG,0.0533,0.0529,2015-12-22,XSHG
2868,10000484.XSHG,0.0369,0.0361,2015-12-22,XSHG
2869,10000367.XSHG,0.4483,0.438,2015-12-22,XSHG
2870,10000482.XSHG,0.0663,0.0674,2015-12-22,XSHG
2871,10000481.XSHG,0.0885,0.0901,2015-12-22,XSHG
2872,10000480.XSHG,0.118,0.1189,2015-12-22,XSHG
2873,10000331.XSHG,0.24,0.2395,2015-12-22,XSHG
2874,10000239.XSHG,0.2567,0.2624,2015-12-22,XSHG
2875,10000333.XSHG,0.2649,0.2694,2015-12-22,XSHG
2876,10000332.XSHG,0.0002,0.0002,2015-12-22,XSHG
2877,10000334.XSHG,0.062,0.062,2015-12-22,XSHG
2878,10000237.XSHG,0.0001,0.0002,2015-12-22,XSHG
2879,10000228.XSHG,1.11,1.1126,2015-12-22,XSHG
2880,10000458.XSHG,0.2055,0.2068,2015-12-22,XSHG
2881,10000459.XSHG,0.3722,0.3702,2015-12-22,XSHG
2882,10000450.XSHG,0.2954,0.2985,2015-12-22,XSHG
2883,10000451.XSHG,0.2778,0.2803,2015-12-22,XSHG
2884,10000452.XSHG,0.2527,0.2459,2015-12-22,XSHG
2885,10000453.XSHG,0.2268,0.231,2015-12-22,XSHG
2886,10000454.XSHG,0.1036,0.1082,2015-12-22,XSHG
2887,10000455.XSHG,0.1349,0.1297,2015-12-22,XSHG
2888,10000456.XSHG,0.1472,0.1529,2015-12-22,XSHG
2889,10000457.XSHG,0.1819,0.1789,2015-12-22,XSHG
2890,10000344.XSHG,0.0002,0.0001,2015-12-22,XSHG
2891,10000345.XSHG,0.3503,0.3403,2015-12-22,XSHG
2892,10000346.XSHG,0.3141,0.304,2015-12-22,XSHG
2893,10000347.XSHG,0.0366,0.0374,2015-12-22,XSHG
2894,10000341.XSHG,0.3489,0.336,2015-12-22,XSHG
2895,10000342.XSHG,0.2994,0.2881,2015-12-22,XSHG
2896,10000343.XSHG,0.0002,0.0001,2015-12-22,XSHG
2897,10000379.XSHG,0.0211,0.0215,2015-12-22,XSHG
2898,10000348.XSHG,0.0479,0.0499,2015-12-22,XSHG
2899,10000378.XSHG,0.0153,0.0154,2015-12-22,XSHG
2900,10000227.XSHG,0.0001,0.0001,2015-12-22,XSHG
2901,10000375.XSHG,0.4377,0.4221,2015-12-22,XSHG
2902,10000269.XSHG,0.0011,0.0003,2015-12-22,XSHG
2903,10000296.XSHG,0.4258,0.4301,2015-12-22,XSHG
2904,10000297.XSHG,0.0321,0.0295,2015-12-22,XSHG
2905,10000449.XSHG,0.323,0.328,2015-12-22,XSHG
2906,10000295.XSHG,0.3888,0.3915,2015-12-22,XSHG
2907,10000292.XSHG,0.272,0.2766,2015-12-22,XSHG
2908,10000293.XSHG,0.3163,0.3102,2015-12-22,XSHG
2909,10000290.XSHG,0.0461,0.0439,2015-12-22,XSHG
2910,10000291.XSHG,0.0386,0.0355,2015-12-22,XSHG
2911,10000298.XSHG,0.4668,0.4762,2015-12-22,XSHG
2912,10000238.XSHG,0.0001,0.0001,2015-12-22,XSHG
2913,10000183.XSHG,0.0003,0.0001,2015-12-22,XSHG
2914,10000186.XSHG,0.0001,0.0001,2015-12-22,XSHG
2915,10000187.XSHG,0.0001,0.0001,2015-12-22,XSHG
2916,10000184.XSHG,0.0001,0.0001,2015-12-22,XSHG
2917,10000185.XSHG,0.0002,0.0001,2015-12-22,XSHG
2918,10000188.XSHG,0.5029,0.5116,2015-12-22,XSHG
2919,10000189.XSHG,0.609,0.61,2015-12-22,XSHG
2920,10000368.XSHG,0.3948,0.4046,2015-12-23,XSHG
2921,10000369.XSHG,0.0001,0.0001,2015-12-23,XSHG
2922,10000478.XSHG,0.3543,0.3535,2015-12-23,XSHG
2923,10000479.XSHG,0.1521,0.1603,2015-12-23,XSHG
2924,10000477.XSHG,0.14,0.138,2015-12-23,XSHG
2925,10000474.XSHG,0.315,0.3206,2015-12-23,XSHG
2926,10000366.XSHG,0.4861,0.5025,2015-12-23,XSHG
2927,10000473.XSHG,0.1604,0.1548,2015-12-23,XSHG
2928,10000470.XSHG,0.29,0.2844,2015-12-23,XSHG
2929,10000365.XSHG,0.5433,0.551,2015-12-23,XSHG
2930,10000201.XSHG,0.0001,0.0001,2015-12-23,XSHG
2931,10000200.XSHG,0.9951,0.9952,2015-12-23,XSHG
2932,10000203.XSHG,0.0001,0.0001,2015-12-23,XSHG
2933,10000202.XSHG,0.4649,0.4503,2015-12-23,XSHG
2934,10000205.XSHG,0.0001,0.0001,2015-12-23,XSHG
2935,10000204.XSHG,0.409,0.3972,2015-12-23,XSHG
2936,10000206.XSHG,0.3502,0.3452,2015-12-23,XSHG
2937,10000191.XSHG,0.7941,0.7952,2015-12-23,XSHG
2938,10000190.XSHG,0.7212,0.6834,2015-12-23,XSHG
2939,10000192.XSHG,0.9244,0.8952,2015-12-23,XSHG
2940,10000199.XSHG,0.0001,0.0001,2015-12-23,XSHG
2941,10000460.XSHG,0.0855,0.0909,2015-12-23,XSHG
2942,10000463.XSHG,0.2217,0.2113,2015-12-23,XSHG
2943,10000465.XSHG,0.2288,0.2262,2015-12-23,XSHG
2944,10000464.XSHG,0.1957,0.2002,2015-12-23,XSHG
2945,10000466.XSHG,0.2608,0.2599,2015-12-23,XSHG
2946,10000469.XSHG,0.1796,0.1782,2015-12-23,XSHG
2947,10000374.XSHG,0.4757,0.4755,2015-12-23,XSHG
2948,10000377.XSHG,0.0097,0.012,2015-12-23,XSHG
2949,10000376.XSHG,0.3932,0.3849,2015-12-23,XSHG
2950,10000371.XSHG,0.0001,0.0001,2015-12-23,XSHG
2951,10000370.XSHG,0.0001,0.0001,2015-12-23,XSHG
2952,10000373.XSHG,0.5199,0.531,2015-12-23,XSHG
2953,10000372.XSHG,0.0001,0.0001,2015-12-23,XSHG
2954,10000274.XSHG,0.2105,0.2038,2015-12-23,XSHG
2955,10000270.XSHG,0.0002,0.0001,2015-12-23,XSHG
2956,10000271.XSHG,0.0001,0.0001,2015-12-23,XSHG
2957,10000272.XSHG,0.107,0.1021,2015-12-23,XSHG
2958,10000273.XSHG,0.1592,0.154,2015-12-23,XSHG
2959,10000279.XSHG,0.0013,0.0001,2015-12-23,XSHG
2960,10000289.XSHG,0.0568,0.0545,2015-12-23,XSHG
2961,10000288.XSHG,0.0644,0.064,2015-12-23,XSHG
2962,10000280.XSHG,0.059,0.0591,2015-12-23,XSHG
2963,10000285.XSHG,0.0111,0.0002,2015-12-23,XSHG
2964,10000287.XSHG,0.072,0.0774,2015-12-23,XSHG
2965,10000286.XSHG,0.0186,0.0025,2015-12-23,XSHG
2966,10000380.XSHG,0.0295,0.028,2015-12-23,XSHG
2967,10000294.XSHG,0.3398,0.339,2015-12-23,XSHG
2968,10000308.XSHG,0.1505,0.1501,2015-12-23,XSHG
2969,10000309.XSHG,0.1264,0.131,2015-12-23,XSHG
2970,10000397.XSHG,0.0001,0.0001,2015-12-23,XSHG
2971,10000303.XSHG,0.089,0.0935,2015-12-23,XSHG
2972,10000304.XSHG,0.0397,0.038,2015-12-23,XSHG
2973,10000305.XSHG,0.0005,0.0001,2015-12-23,XSHG
2974,10000306.XSHG,0.0025,0.0001,2015-12-23,XSHG
2975,10000307.XSHG,0.1777,0.1785,2015-12-23,XSHG
2976,10000395.XSHG,0.6048,0.6001,2015-12-23,XSHG
2977,10000394.XSHG,0.6299,0.6738,2015-12-23,XSHG
2978,10000393.XSHG,0.69,0.708,2015-12-23,XSHG
2979,10000404.XSHG,0.0073,0.0082,2015-12-23,XSHG
2980,10000403.XSHG,0.0051,0.0064,2015-12-23,XSHG
2981,10000402.XSHG,0.0038,0.005,2015-12-23,XSHG
2982,10000401.XSHG,0.5648,0.569,2015-12-23,XSHG
2983,10000400.XSHG,0.6157,0.6161,2015-12-23,XSHG
2984,10000399.XSHG,0.6581,0.6528,2015-12-23,XSHG
2985,10000398.XSHG,0.0001,0.0001,2015-12-23,XSHG
2986,10000319.XSHG,0.141,0.1499,2015-12-23,XSHG
2987,10000313.XSHG,0.1441,0.1407,2015-12-23,XSHG
2988,10000312.XSHG,0.1192,0.1163,2015-12-23,XSHG
2989,10000311.XSHG,0.0974,0.0933,2015-12-23,XSHG
2990,10000310.XSHG,0.1078,0.1082,2015-12-23,XSHG
2991,10000316.XSHG,0.2333,0.2318,2015-12-23,XSHG
2992,10000315.XSHG,0.1959,0.1973,2015-12-23,XSHG
2993,10000314.XSHG,0.1795,0.1698,2015-12-23,XSHG
2994,10000494.XSHG,0.0226,0.024,2015-12-23,XSHG
2995,10000495.XSHG,0.0361,0.0362,2015-12-23,XSHG
2996,10000496.XSHG,0.1673,0.16,2015-12-23,XSHG
2997,10000490.XSHG,0.2405,0.2399,2015-12-23,XSHG
2998,10000491.XSHG,0.1919,0.1979,2015-12-23,XSHG
2999,10000492.XSHG,0.0091,0.0118,2015-12-23,XSHG
3000,10000493.XSHG,0.0142,0.0166,2015-12-23,XSHG
3001,10000396.XSHG,0.0001,0.0001,2015-12-23,XSHG
3002,10000483.XSHG,0.0522,0.051,2015-12-23,XSHG
3003,10000240.XSHG,0.3064,0.2972,2015-12-23,XSHG
3004,10000328.XSHG,0.0772,0.0769,2015-12-23,XSHG
3005,10000326.XSHG,0.0001,0.0001,2015-12-23,XSHG
3006,10000327.XSHG,0.2387,0.2356,2015-12-23,XSHG
3007,10000325.XSHG,0.1887,0.1945,2015-12-23,XSHG
3008,10000322.XSHG,0.099,0.096,2015-12-23,XSHG
3009,10000320.XSHG,0.0004,0.0001,2015-12-23,XSHG
3010,10000321.XSHG,0.2078,0.205,2015-12-23,XSHG
3011,10000489.XSHG,0.2862,0.2858,2015-12-23,XSHG
3012,10000488.XSHG,0.1298,0.1294,2015-12-23,XSHG
3013,10000487.XSHG,0.0977,0.0952,2015-12-23,XSHG
3014,10000486.XSHG,0.073,0.071,2015-12-23,XSHG
3015,10000485.XSHG,0.0518,0.0508,2015-12-23,XSHG
3016,10000484.XSHG,0.0346,0.035,2015-12-23,XSHG
3017,10000367.XSHG,0.4505,0.4663,2015-12-23,XSHG
3018,10000482.XSHG,0.0678,0.0675,2015-12-23,XSHG
3019,10000481.XSHG,0.0912,0.091,2015-12-23,XSHG
3020,10000480.XSHG,0.1192,0.121,2015-12-23,XSHG
3021,10000331.XSHG,0.23,0.2499,2015-12-23,XSHG
3022,10000239.XSHG,0.2613,0.2521,2015-12-23,XSHG
3023,10000333.XSHG,0.2725,0.2775,2015-12-23,XSHG
3024,10000332.XSHG,0.0001,0.0001,2015-12-23,XSHG
3025,10000334.XSHG,0.0601,0.0625,2015-12-23,XSHG
3026,10000237.XSHG,0.0001,0.0001,2015-12-23,XSHG
3027,10000228.XSHG,1.0961,1.0683,2015-12-23,XSHG
3028,10000458.XSHG,0.2015,0.2043,2015-12-23,XSHG
3029,10000459.XSHG,0.3717,0.3627,2015-12-23,XSHG
3030,10000450.XSHG,0.3107,0.3161,2015-12-23,XSHG
3031,10000451.XSHG,0.2828,0.2836,2015-12-23,XSHG
3032,10000452.XSHG,0.2573,0.2715,2015-12-23,XSHG
3033,10000453.XSHG,0.24,0.2345,2015-12-23,XSHG
3034,10000454.XSHG,0.105,0.1036,2015-12-23,XSHG
3035,10000455.XSHG,0.1275,0.13,2015-12-23,XSHG
3036,10000456.XSHG,0.1508,0.1541,2015-12-23,XSHG
3037,10000457.XSHG,0.1756,0.1692,2015-12-23,XSHG
3038,10000344.XSHG,0.0001,0.0001,2015-12-23,XSHG
3039,10000345.XSHG,0.349,0.3521,2015-12-23,XSHG
3040,10000346.XSHG,0.306,0.3101,2015-12-23,XSHG
3041,10000347.XSHG,0.034,0.0361,2015-12-23,XSHG
3042,10000341.XSHG,0.34,0.35,2015-12-23,XSHG
3043,10000342.XSHG,0.2919,0.3062,2015-12-23,XSHG
3044,10000343.XSHG,0.0001,0.0001,2015-12-23,XSHG
3045,10000379.XSHG,0.0219,0.021,2015-12-23,XSHG
3046,10000348.XSHG,0.0475,0.0473,2015-12-23,XSHG
3047,10000378.XSHG,0.0161,0.0159,2015-12-23,XSHG
3048,10000227.XSHG,0.0001,0.0001,2015-12-23,XSHG
3049,10000375.XSHG,0.4347,0.4343,2015-12-23,XSHG
3050,10000269.XSHG,0.0001,0.0001,2015-12-23,XSHG
3051,10000296.XSHG,0.4208,0.4183,2015-12-23,XSHG
3052,10000297.XSHG,0.0297,0.0285,2015-12-23,XSHG
3053,10000449.XSHG,0.3584,0.3446,2015-12-23,XSHG
3054,10000295.XSHG,0.3822,0.3788,2015-12-23,XSHG
3055,10000292.XSHG,0.2637,0.2628,2015-12-23,XSHG
3056,10000293.XSHG,0.3016,0.3006,2015-12-23,XSHG
3057,10000290.XSHG,0.0447,0.0429,2015-12-23,XSHG
3058,10000291.XSHG,0.0367,0.0351,2015-12-23,XSHG
3059,10000298.XSHG,0.4667,0.462,2015-12-23,XSHG
3060,10000238.XSHG,0.0001,0.0001,2015-12-23,XSHG
3061,10000183.XSHG,0.0001,0.0001,2015-12-23,XSHG
3062,10000186.XSHG,0.0001,0.0001,2015-12-23,XSHG
3063,10000187.XSHG,0.0001,0.0001,2015-12-23,XSHG
3064,10000184.XSHG,0.0001,0.0001,2015-12-23,XSHG
3065,10000185.XSHG,0.0001,0.0001,2015-12-23,XSHG
3066,10000188.XSHG,0.5017,0.5109,2015-12-23,XSHG
3067,10000189.XSHG,0.597,0.5952,2015-12-23,XSHG
3068,10000478.XSHG,0.3664,0.363,2015-12-24,XSHG
3069,10000479.XSHG,0.1613,0.1492,2015-12-24,XSHG
3070,10000477.XSHG,0.1419,0.1398,2015-12-24,XSHG
3071,10000474.XSHG,0.3298,0.3302,2015-12-24,XSHG
3072,10000473.XSHG,0.1499,0.1501,2015-12-24,XSHG
3073,10000470.XSHG,0.2971,0.2974,2015-12-24,XSHG
3074,10000460.XSHG,0.0869,0.088,2015-12-24,XSHG
3075,10000463.XSHG,0.2046,0.2089,2015-12-24,XSHG
3076,10000465.XSHG,0.2279,0.2347,2015-12-24,XSHG
3077,10000464.XSHG,0.1913,0.1923,2015-12-24,XSHG
3078,10000466.XSHG,0.26,0.2623,2015-12-24,XSHG
3079,10000375.XSHG,0.4371,0.4157,2015-12-24,XSHG
3080,10000374.XSHG,0.4795,0.4635,2015-12-24,XSHG
3081,10000377.XSHG,0.0115,0.0118,2015-12-24,XSHG
3082,10000376.XSHG,0.3964,0.3734,2015-12-24,XSHG
3083,10000373.XSHG,0.5231,0.5083,2015-12-24,XSHG
3084,10000289.XSHG,0.0517,0.0495,2015-12-24,XSHG
3085,10000288.XSHG,0.0633,0.0584,2015-12-24,XSHG
3086,10000287.XSHG,0.0802,0.0728,2015-12-24,XSHG
3087,10000380.XSHG,0.0275,0.0289,2015-12-24,XSHG
3088,10000294.XSHG,0.3482,0.3639,2015-12-24,XSHG
3089,10000308.XSHG,0.1487,0.143,2015-12-24,XSHG
3090,10000309.XSHG,0.1273,0.1212,2015-12-24,XSHG
3091,10000307.XSHG,0.1801,0.1693,2015-12-24,XSHG
3092,10000404.XSHG,0.0083,0.0086,2015-12-24,XSHG
3093,10000403.XSHG,0.0061,0.0068,2015-12-24,XSHG
3094,10000402.XSHG,0.0046,0.0049,2015-12-24,XSHG
3095,10000401.XSHG,0.5588,0.5517,2015-12-24,XSHG
3096,10000400.XSHG,0.6062,0.608,2015-12-24,XSHG
3097,10000399.XSHG,0.6599,0.648,2015-12-24,XSHG
3098,10000313.XSHG,0.143,0.144,2015-12-24,XSHG
3099,10000312.XSHG,0.1207,0.1205,2015-12-24,XSHG
3100,10000311.XSHG,0.0946,0.088,2015-12-24,XSHG
3101,10000310.XSHG,0.1121,0.1015,2015-12-24,XSHG
3102,10000316.XSHG,0.235,0.2448,2015-12-24,XSHG
3103,10000315.XSHG,0.2032,0.2059,2015-12-24,XSHG
3104,10000314.XSHG,0.1745,0.1749,2015-12-24,XSHG
3105,10000498.XSHG,0.1181,0.1068,2015-12-24,XSHG
3106,10000499.XSHG,0.0954,0.0857,2015-12-24,XSHG
3107,10000494.XSHG,0.0231,0.0207,2015-12-24,XSHG
3108,10000495.XSHG,0.0362,0.0339,2015-12-24,XSHG
3109,10000496.XSHG,0.1581,0.1654,2015-12-24,XSHG
3110,10000497.XSHG,0.1468,0.1341,2015-12-24,XSHG
3111,10000490.XSHG,0.2454,0.2293,2015-12-24,XSHG
3112,10000491.XSHG,0.2028,0.1865,2015-12-24,XSHG
3113,10000492.XSHG,0.0112,0.0082,2015-12-24,XSHG
3114,10000493.XSHG,0.0163,0.0126,2015-12-24,XSHG
3115,10000328.XSHG,0.082,0.0751,2015-12-24,XSHG
3116,10000327.XSHG,0.2356,0.2241,2015-12-24,XSHG
3117,10000322.XSHG,0.0979,0.0953,2015-12-24,XSHG
3118,10000321.XSHG,0.1981,0.1958,2015-12-24,XSHG
3119,10000489.XSHG,0.29,0.2752,2015-12-24,XSHG
3120,10000488.XSHG,0.1242,0.128,2015-12-24,XSHG
3121,10000487.XSHG,0.0927,0.0937,2015-12-24,XSHG
3122,10000486.XSHG,0.0691,0.0678,2015-12-24,XSHG
3123,10000485.XSHG,0.0489,0.0465,2015-12-24,XSHG
3124,10000484.XSHG,0.0341,0.0318,2015-12-24,XSHG
3125,10000483.XSHG,0.0503,0.0475,2015-12-24,XSHG
3126,10000482.XSHG,0.0655,0.0616,2015-12-24,XSHG
3127,10000481.XSHG,0.0901,0.0838,2015-12-24,XSHG
3128,10000480.XSHG,0.1211,0.1144,2015-12-24,XSHG
3129,10000506.XSHG,0.1804,0.1986,2015-12-24,XSHG
3130,10000504.XSHG,0.1326,0.1299,2015-12-24,XSHG
3131,10000505.XSHG,0.1638,0.1634,2015-12-24,XSHG
3132,10000502.XSHG,0.0827,0.0801,2015-12-24,XSHG
3133,10000503.XSHG,0.107,0.1035,2015-12-24,XSHG
3134,10000500.XSHG,0.0779,0.0672,2015-12-24,XSHG
3135,10000501.XSHG,0.0619,0.0535,2015-12-24,XSHG
3136,10000333.XSHG,0.2641,0.2626,2015-12-24,XSHG
3137,10000334.XSHG,0.06,0.0604,2015-12-24,XSHG
3138,10000458.XSHG,0.2043,0.2067,2015-12-24,XSHG
3139,10000459.XSHG,0.37,0.3657,2015-12-24,XSHG
3140,10000450.XSHG,0.2979,0.3012,2015-12-24,XSHG
3141,10000451.XSHG,0.2782,0.28,2015-12-24,XSHG
3142,10000452.XSHG,0.259,0.2556,2015-12-24,XSHG
3143,10000453.XSHG,0.2343,0.225,2015-12-24,XSHG
3144,10000454.XSHG,0.1106,0.1082,2015-12-24,XSHG
3145,10000455.XSHG,0.13,0.1307,2015-12-24,XSHG
3146,10000456.XSHG,0.1527,0.1539,2015-12-24,XSHG
3147,10000457.XSHG,0.1791,0.1803,2015-12-24,XSHG
3148,10000345.XSHG,0.3495,0.3401,2015-12-24,XSHG
3149,10000346.XSHG,0.3051,0.2951,2015-12-24,XSHG
3150,10000347.XSHG,0.0281,0.0379,2015-12-24,XSHG
3151,10000379.XSHG,0.0206,0.021,2015-12-24,XSHG
3152,10000348.XSHG,0.0464,0.047,2015-12-24,XSHG
3153,10000378.XSHG,0.0156,0.0162,2015-12-24,XSHG
3154,10000469.XSHG,0.17,0.17,2015-12-24,XSHG
3155,10000296.XSHG,0.43,0.4274,2015-12-24,XSHG
3156,10000297.XSHG,0.0289,0.0268,2015-12-24,XSHG
3157,10000449.XSHG,0.328,0.3294,2015-12-24,XSHG
3158,10000295.XSHG,0.3817,0.3887,2015-12-24,XSHG
3159,10000292.XSHG,0.2708,0.2725,2015-12-24,XSHG
3160,10000293.XSHG,0.3029,0.3199,2015-12-24,XSHG
3161,10000290.XSHG,0.0429,0.0394,2015-12-24,XSHG
3162,10000291.XSHG,0.0358,0.0318,2015-12-24,XSHG
3163,10000298.XSHG,0.47,0.472,2015-12-24,XSHG
3164,10000478.XSHG,0.3495,0.3495,2015-12-25,XSHG
3165,10000479.XSHG,0.1507,0.1575,2015-12-25,XSHG
3166,10000477.XSHG,0.1429,0.1346,2015-12-25,XSHG
3167,10000474.XSHG,0.3148,0.3142,2015-12-25,XSHG
3168,10000473.XSHG,0.1559,0.1518,2015-12-25,XSHG
3169,10000470.XSHG,0.2851,0.286,2015-12-25,XSHG
3170,10000460.XSHG,0.086,0.0846,2015-12-25,XSHG
3171,10000463.XSHG,0.2089,0.205,2015-12-25,XSHG
3172,10000465.XSHG,0.2339,0.2273,2015-12-25,XSHG
3173,10000464.XSHG,0.1887,0.1906,2015-12-25,XSHG
3174,10000466.XSHG,0.259,0.2617,2015-12-25,XSHG
3175,10000375.XSHG,0.4242,0.4253,2015-12-25,XSHG
3176,10000374.XSHG,0.4687,0.466,2015-12-25,XSHG
3177,10000377.XSHG,0.0113,0.0109,2015-12-25,XSHG
3178,10000376.XSHG,0.3853,0.3805,2015-12-25,XSHG
3179,10000373.XSHG,0.5112,0.5164,2015-12-25,XSHG
3180,10000289.XSHG,0.049,0.0478,2015-12-25,XSHG
3181,10000288.XSHG,0.0607,0.0587,2015-12-25,XSHG
3182,10000287.XSHG,0.0746,0.0716,2015-12-25,XSHG
3183,10000380.XSHG,0.0262,0.025,2015-12-25,XSHG
3184,10000294.XSHG,0.3416,0.3424,2015-12-25,XSHG
3185,10000308.XSHG,0.1438,0.1472,2015-12-25,XSHG
3186,10000309.XSHG,0.1225,0.1203,2015-12-25,XSHG
3187,10000307.XSHG,0.1714,0.1719,2015-12-25,XSHG
3188,10000404.XSHG,0.0082,0.0081,2015-12-25,XSHG
3189,10000403.XSHG,0.0063,0.0057,2015-12-25,XSHG
3190,10000402.XSHG,0.0054,0.0043,2015-12-25,XSHG
3191,10000401.XSHG,0.5572,0.5589,2015-12-25,XSHG
3192,10000400.XSHG,0.61,0.6079,2015-12-25,XSHG
3193,10000399.XSHG,0.6472,0.6569,2015-12-25,XSHG
3194,10000313.XSHG,0.1379,0.1374,2015-12-25,XSHG
3195,10000312.XSHG,0.1157,0.1152,2015-12-25,XSHG
3196,10000311.XSHG,0.088,0.0858,2015-12-25,XSHG
3197,10000310.XSHG,0.1084,0.1028,2015-12-25,XSHG
3198,10000316.XSHG,0.2293,0.2324,2015-12-25,XSHG
3199,10000315.XSHG,0.1956,0.1953,2015-12-25,XSHG
3200,10000314.XSHG,0.1693,0.1653,2015-12-25,XSHG
3201,10000498.XSHG,0.1119,0.1122,2015-12-25,XSHG
3202,10000499.XSHG,0.0899,0.0903,2015-12-25,XSHG
3203,10000494.XSHG,0.0199,0.0153,2015-12-25,XSHG
3204,10000495.XSHG,0.0342,0.037,2015-12-25,XSHG
3205,10000496.XSHG,0.1629,0.152,2015-12-25,XSHG
3206,10000497.XSHG,0.1436,0.1382,2015-12-25,XSHG
3207,10000490.XSHG,0.2332,0.2414,2015-12-25,XSHG
3208,10000491.XSHG,0.1904,0.198,2015-12-25,XSHG
3209,10000492.XSHG,0.0071,0.0055,2015-12-25,XSHG
3210,10000493.XSHG,0.0123,0.0092,2015-12-25,XSHG
3211,10000328.XSHG,0.0768,0.0723,2015-12-25,XSHG
3212,10000327.XSHG,0.2307,0.232,2015-12-25,XSHG
3213,10000322.XSHG,0.0917,0.09,2015-12-25,XSHG
3214,10000321.XSHG,0.2013,0.2007,2015-12-25,XSHG
3215,10000489.XSHG,0.2789,0.2868,2015-12-25,XSHG
3216,10000488.XSHG,0.1263,0.1174,2015-12-25,XSHG
3217,10000487.XSHG,0.0932,0.081,2015-12-25,XSHG
3218,10000486.XSHG,0.0665,0.054,2015-12-25,XSHG
3219,10000485.XSHG,0.045,0.038,2015-12-25,XSHG
3220,10000484.XSHG,0.0311,0.0238,2015-12-25,XSHG
3221,10000483.XSHG,0.0475,0.0506,2015-12-25,XSHG
3222,10000482.XSHG,0.0637,0.0667,2015-12-25,XSHG
3223,10000481.XSHG,0.0881,0.0911,2015-12-25,XSHG
3224,10000480.XSHG,0.1154,0.121,2015-12-25,XSHG
3225,10000506.XSHG,0.1935,0.1948,2015-12-25,XSHG
3226,10000504.XSHG,0.1281,0.1242,2015-12-25,XSHG
3227,10000505.XSHG,0.1566,0.1537,2015-12-25,XSHG
3228,10000502.XSHG,0.0733,0.0722,2015-12-25,XSHG
3229,10000503.XSHG,0.1031,0.0949,2015-12-25,XSHG
3230,10000500.XSHG,0.0686,0.0709,2015-12-25,XSHG
3231,10000501.XSHG,0.0541,0.0551,2015-12-25,XSHG
3232,10000333.XSHG,0.2651,0.2648,2015-12-25,XSHG
3233,10000334.XSHG,0.0607,0.0564,2015-12-25,XSHG
3234,10000458.XSHG,0.2,0.202,2015-12-25,XSHG
3235,10000459.XSHG,0.3657,0.3689,2015-12-25,XSHG
3236,10000450.XSHG,,,2015-12-25,XSHG
3237,10000451.XSHG,0.2792,0.2792,2015-12-25,XSHG
3238,10000452.XSHG,0.2526,0.2526,2015-12-25,XSHG
3239,10000453.XSHG,0.2286,0.23,2015-12-25,XSHG
3240,10000454.XSHG,0.1041,0.1051,2015-12-25,XSHG
3241,10000455.XSHG,0.126,0.1246,2015-12-25,XSHG
3242,10000456.XSHG,0.152,0.1468,2015-12-25,XSHG
3243,10000457.XSHG,0.173,0.171,2015-12-25,XSHG
3244,10000345.XSHG,0.3383,0.3445,2015-12-25,XSHG
3245,10000346.XSHG,0.3049,0.3049,2015-12-25,XSHG
3246,10000347.XSHG,0.0342,0.0335,2015-12-25,XSHG
3247,10000379.XSHG,0.0196,0.0191,2015-12-25,XSHG
3248,10000348.XSHG,0.0445,0.0454,2015-12-25,XSHG
3249,10000378.XSHG,0.0157,0.0147,2015-12-25,XSHG
3250,10000469.XSHG,0.1795,0.17,2015-12-25,XSHG
3251,10000296.XSHG,0.4249,0.4222,2015-12-25,XSHG
3252,10000297.XSHG,0.0272,0.0253,2015-12-25,XSHG
3253,10000449.XSHG,0.3351,0.3329,2015-12-25,XSHG
3254,10000295.XSHG,0.3858,0.3867,2015-12-25,XSHG
3255,10000292.XSHG,0.2652,0.2625,2015-12-25,XSHG
3256,10000293.XSHG,0.3031,0.3024,2015-12-25,XSHG
3257,10000290.XSHG,0.0413,0.0392,2015-12-25,XSHG
3258,10000291.XSHG,0.033,0.032,2015-12-25,XSHG
3259,10000298.XSHG,0.4648,0.4611,2015-12-25,XSHG
3260,10000478.XSHG,0.351,0.3868,2015-12-28,XSHG
3261,10000479.XSHG,0.1583,0.1056,2015-12-28,XSHG
3262,10000477.XSHG,0.14,0.1157,2015-12-28,XSHG
3263,10000474.XSHG,0.3159,0.3503,2015-12-28,XSHG
3264,10000473.XSHG,0.1535,0.1335,2015-12-28,XSHG
3265,10000470.XSHG,0.2881,0.3174,2015-12-28,XSHG
3266,10000460.XSHG,0.0802,0.0957,2015-12-28,XSHG
3267,10000463.XSHG,0.207,0.182,2015-12-28,XSHG
3268,10000465.XSHG,0.231,0.2542,2015-12-28,XSHG
3269,10000464.XSHG,0.1957,0.1651,2015-12-28,XSHG
3270,10000466.XSHG,0.2573,0.2855,2015-12-28,XSHG
3271,10000375.XSHG,0.436,0.383,2015-12-28,XSHG
3272,10000374.XSHG,0.465,0.4153,2015-12-28,XSHG
3273,10000377.XSHG,0.0105,0.0143,2015-12-28,XSHG
3274,10000376.XSHG,0.3956,0.3332,2015-12-28,XSHG
3275,10000373.XSHG,0.514,0.4616,2015-12-28,XSHG
3276,10000289.XSHG,0.0498,0.0332,2015-12-28,XSHG
3277,10000288.XSHG,0.0586,0.0428,2015-12-28,XSHG
3278,10000287.XSHG,0.0718,0.053,2015-12-28,XSHG
3279,10000380.XSHG,0.024,0.0337,2015-12-28,XSHG
3280,10000294.XSHG,0.3439,0.3911,2015-12-28,XSHG
3281,10000308.XSHG,0.1512,0.1151,2015-12-28,XSHG
3282,10000309.XSHG,0.128,0.0923,2015-12-28,XSHG
3283,10000307.XSHG,0.1718,0.1318,2015-12-28,XSHG
3284,10000404.XSHG,0.0077,0.0109,2015-12-28,XSHG
3285,10000403.XSHG,0.0057,0.0078,2015-12-28,XSHG
3286,10000402.XSHG,0.0045,0.0061,2015-12-28,XSHG
3287,10000401.XSHG,0.55,0.5067,2015-12-28,XSHG
3288,10000400.XSHG,0.6072,0.5494,2015-12-28,XSHG
3289,10000399.XSHG,0.665,0.593,2015-12-28,XSHG
3290,10000313.XSHG,0.1331,0.1708,2015-12-28,XSHG
3291,10000312.XSHG,0.1073,0.1415,2015-12-28,XSHG
3292,10000311.XSHG,0.0868,0.0651,2015-12-28,XSHG
3293,10000310.XSHG,0.1032,0.0796,2015-12-28,XSHG
3294,10000316.XSHG,0.225,0.2701,2015-12-28,XSHG
3295,10000315.XSHG,0.1928,0.2348,2015-12-28,XSHG
3296,10000314.XSHG,0.16,0.2017,2015-12-28,XSHG
3297,10000498.XSHG,0.118,0.0791,2015-12-28,XSHG
3298,10000499.XSHG,0.0927,0.0646,2015-12-28,XSHG
3299,10000494.XSHG,0.0149,0.024,2015-12-28,XSHG
3300,10000495.XSHG,0.037,0.0195,2015-12-28,XSHG
3301,10000496.XSHG,0.15,0.2061,2015-12-28,XSHG
3302,10000497.XSHG,0.1433,0.1026,2015-12-28,XSHG
3303,10000490.XSHG,0.25,0.1811,2015-12-28,XSHG
3304,10000491.XSHG,0.2035,0.1402,2015-12-28,XSHG
3305,10000492.XSHG,0.005,0.0096,2015-12-28,XSHG
3306,10000493.XSHG,0.0077,0.0146,2015-12-28,XSHG
3307,10000328.XSHG,0.068,0.0926,2015-12-28,XSHG
3308,10000327.XSHG,0.24,0.1858,2015-12-28,XSHG
3309,10000322.XSHG,0.0907,0.1176,2015-12-28,XSHG
3310,10000321.XSHG,0.2005,0.1585,2015-12-28,XSHG
3311,10000489.XSHG,0.2805,0.2228,2015-12-28,XSHG
3312,10000488.XSHG,0.1176,0.1636,2015-12-28,XSHG
3313,10000487.XSHG,0.08,0.124,2015-12-28,XSHG
3314,10000486.XSHG,0.052,0.0892,2015-12-28,XSHG
3315,10000485.XSHG,0.0371,0.0619,2015-12-28,XSHG
3316,10000484.XSHG,0.0234,0.0412,2015-12-28,XSHG
3317,10000483.XSHG,0.0506,0.0301,2015-12-28,XSHG
3318,10000482.XSHG,0.068,0.04,2015-12-28,XSHG
3319,10000481.XSHG,0.091,0.0561,2015-12-28,XSHG
3320,10000480.XSHG,0.1229,0.078,2015-12-28,XSHG
3321,10000506.XSHG,0.176,0.2421,2015-12-28,XSHG
3322,10000504.XSHG,0.0994,0.1651,2015-12-28,XSHG
3323,10000505.XSHG,0.1454,0.2027,2015-12-28,XSHG
3324,10000502.XSHG,0.067,0.1048,2015-12-28,XSHG
3325,10000503.XSHG,0.089,0.132,2015-12-28,XSHG
3326,10000500.XSHG,0.0715,0.0494,2015-12-28,XSHG
3327,10000501.XSHG,0.0581,0.0401,2015-12-28,XSHG
3328,10000333.XSHG,0.2572,0.2205,2015-12-28,XSHG
3329,10000334.XSHG,0.054,0.0726,2015-12-28,XSHG
3330,10000458.XSHG,0.1979,0.2237,2015-12-28,XSHG
3331,10000459.XSHG,0.3655,0.3193,2015-12-28,XSHG
3332,10000450.XSHG,0.3028,0.2621,2015-12-28,XSHG
3333,10000451.XSHG,0.2784,0.248,2015-12-28,XSHG
3334,10000452.XSHG,0.23,0.225,2015-12-28,XSHG
3335,10000453.XSHG,0.2222,0.2012,2015-12-28,XSHG
3336,10000454.XSHG,0.103,0.1238,2015-12-28,XSHG
3337,10000455.XSHG,0.1223,0.1456,2015-12-28,XSHG
3338,10000456.XSHG,0.1401,0.1729,2015-12-28,XSHG
3339,10000457.XSHG,0.1753,0.1925,2015-12-28,XSHG
3340,10000345.XSHG,0.3327,0.2913,2015-12-28,XSHG
3341,10000346.XSHG,0.3033,0.2493,2015-12-28,XSHG
3342,10000347.XSHG,0.0318,0.0444,2015-12-28,XSHG
3343,10000379.XSHG,0.0189,0.0253,2015-12-28,XSHG
3344,10000348.XSHG,0.0418,0.0578,2015-12-28,XSHG
3345,10000378.XSHG,0.0139,0.0188,2015-12-28,XSHG
3346,10000469.XSHG,0.2499,0.1497,2015-12-28,XSHG
3347,10000296.XSHG,0.4276,0.468,2015-12-28,XSHG
3348,10000297.XSHG,0.0259,0.0184,2015-12-28,XSHG
3349,10000449.XSHG,0.342,0.2935,2015-12-28,XSHG
3350,10000295.XSHG,0.3837,0.4268,2015-12-28,XSHG
3351,10000292.XSHG,0.2589,0.3108,2015-12-28,XSHG
3352,10000293.XSHG,0.3049,0.3411,2015-12-28,XSHG
3353,10000290.XSHG,0.0383,0.0291,2015-12-28,XSHG
3354,10000291.XSHG,0.0318,0.0223,2015-12-28,XSHG
3355,10000298.XSHG,0.4536,0.5269,2015-12-28,XSHG
3356,10000478.XSHG,0.3911,0.384,2015-12-29,XSHG
3357,10000479.XSHG,0.1062,0.1149,2015-12-29,XSHG
3358,10000477.XSHG,0.1147,0.1189,2015-12-29,XSHG
3359,10000474.XSHG,0.3599,0.3494,2015-12-29,XSHG
3360,10000473.XSHG,0.1284,0.1334,2015-12-29,XSHG
3361,10000470.XSHG,0.3339,0.3088,2015-12-29,XSHG
3362,10000460.XSHG,0.0987,0.0958,2015-12-29,XSHG
3363,10000463.XSHG,0.1768,0.1851,2015-12-29,XSHG
3364,10000465.XSHG,0.2684,0.2543,2015-12-29,XSHG
3365,10000464.XSHG,0.1595,0.1726,2015-12-29,XSHG
3366,10000466.XSHG,0.3007,0.2858,2015-12-29,XSHG
3367,10000375.XSHG,0.369,0.3782,2015-12-29,XSHG
3368,10000374.XSHG,0.414,0.4227,2015-12-29,XSHG
3369,10000377.XSHG,0.0141,0.0135,2015-12-29,XSHG
3370,10000376.XSHG,0.3273,0.3362,2015-12-29,XSHG
3371,10000373.XSHG,0.46,0.4719,2015-12-29,XSHG
3372,10000289.XSHG,0.034,0.0376,2015-12-29,XSHG
3373,10000288.XSHG,0.0419,0.0449,2015-12-29,XSHG
3374,10000287.XSHG,0.0536,0.0556,2015-12-29,XSHG
3375,10000380.XSHG,0.0318,0.0315,2015-12-29,XSHG
3376,10000294.XSHG,0.3799,0.3799,2015-12-29,XSHG
3377,10000308.XSHG,0.1153,0.1179,2015-12-29,XSHG
3378,10000309.XSHG,0.0954,0.0992,2015-12-29,XSHG
3379,10000307.XSHG,0.1361,0.1399,2015-12-29,XSHG
3380,10000404.XSHG,0.0105,0.0103,2015-12-29,XSHG
3381,10000403.XSHG,0.0079,0.0081,2015-12-29,XSHG
3382,10000402.XSHG,0.0066,0.0059,2015-12-29,XSHG
3383,10000401.XSHG,,,2015-12-29,XSHG
3384,10000400.XSHG,0.5593,0.562,2015-12-29,XSHG
3385,10000399.XSHG,0.6004,0.6143,2015-12-29,XSHG
3386,10000313.XSHG,0.1658,0.159,2015-12-29,XSHG
3387,10000312.XSHG,0.1355,0.1346,2015-12-29,XSHG
3388,10000311.XSHG,0.0627,0.0683,2015-12-29,XSHG
3389,10000310.XSHG,0.078,0.0822,2015-12-29,XSHG
3390,10000316.XSHG,0.261,0.2606,2015-12-29,XSHG
3391,10000315.XSHG,0.2346,0.2215,2015-12-29,XSHG
3392,10000314.XSHG,0.1982,0.1927,2015-12-29,XSHG
3393,10000498.XSHG,0.0785,0.0868,2015-12-29,XSHG
3394,10000499.XSHG,0.062,0.0686,2015-12-29,XSHG
3395,10000494.XSHG,0.0243,0.019,2015-12-29,XSHG
3396,10000495.XSHG,0.0195,0.021,2015-12-29,XSHG
3397,10000496.XSHG,0.2012,0.1913,2015-12-29,XSHG
3398,10000497.XSHG,0.1057,0.1084,2015-12-29,XSHG
3399,10000490.XSHG,0.1826,0.1911,2015-12-29,XSHG
3400,10000491.XSHG,0.1424,0.1489,2015-12-29,XSHG
3401,10000492.XSHG,0.0096,0.007,2015-12-29,XSHG
3402,10000493.XSHG,0.0146,0.0101,2015-12-29,XSHG
3403,10000510.XSHG,0.0777,0.0733,2015-12-29,XSHG
3404,10000328.XSHG,0.0905,0.0853,2015-12-29,XSHG
3405,10000327.XSHG,0.19,0.1929,2015-12-29,XSHG
3406,10000322.XSHG,0.1166,0.1089,2015-12-29,XSHG
3407,10000321.XSHG,0.1631,0.1638,2015-12-29,XSHG
3408,10000489.XSHG,0.22,0.236,2015-12-29,XSHG
3409,10000488.XSHG,0.1629,0.1514,2015-12-29,XSHG
3410,10000487.XSHG,0.1244,0.1121,2015-12-29,XSHG
3411,10000486.XSHG,0.0873,0.0792,2015-12-29,XSHG
3412,10000485.XSHG,0.0619,0.053,2015-12-29,XSHG
3413,10000484.XSHG,0.0414,0.034,2015-12-29,XSHG
3414,10000483.XSHG,0.0302,0.031,2015-12-29,XSHG
3415,10000482.XSHG,0.041,0.0426,2015-12-29,XSHG
3416,10000481.XSHG,0.0562,0.0586,2015-12-29,XSHG
3417,10000480.XSHG,0.078,0.0823,2015-12-29,XSHG
3418,10000508.XSHG,0.1254,0.1363,2015-12-29,XSHG
3419,10000509.XSHG,0.062,0.055,2015-12-29,XSHG
3420,10000506.XSHG,0.2411,0.2325,2015-12-29,XSHG
3421,10000507.XSHG,0.1592,0.1706,2015-12-29,XSHG
3422,10000504.XSHG,0.1599,0.1538,2015-12-29,XSHG
3423,10000505.XSHG,0.1962,0.1926,2015-12-29,XSHG
3424,10000502.XSHG,0.1029,0.096,2015-12-29,XSHG
3425,10000503.XSHG,0.1255,0.1231,2015-12-29,XSHG
3426,10000500.XSHG,0.0482,0.054,2015-12-29,XSHG
3427,10000501.XSHG,0.0388,0.0438,2015-12-29,XSHG
3428,10000333.XSHG,0.2169,0.225,2015-12-29,XSHG
3429,10000334.XSHG,0.0695,0.069,2015-12-29,XSHG
3430,10000458.XSHG,0.2332,0.2229,2015-12-29,XSHG
3431,10000459.XSHG,0.3118,0.3255,2015-12-29,XSHG
3432,10000450.XSHG,0.2602,0.2602,2015-12-29,XSHG
3433,10000451.XSHG,0.237,0.2484,2015-12-29,XSHG
3434,10000452.XSHG,0.2155,0.2247,2015-12-29,XSHG
3435,10000453.XSHG,0.189,0.2031,2015-12-29,XSHG
3436,10000454.XSHG,0.1252,0.119,2015-12-29,XSHG
3437,10000455.XSHG,0.1478,0.1414,2015-12-29,XSHG
3438,10000456.XSHG,0.173,0.1678,2015-12-29,XSHG
3439,10000457.XSHG,0.204,0.1951,2015-12-29,XSHG
3440,10000345.XSHG,0.2903,0.2964,2015-12-29,XSHG
3441,10000346.XSHG,0.2549,0.2595,2015-12-29,XSHG
3442,10000347.XSHG,0.0434,0.041,2015-12-29,XSHG
3443,10000379.XSHG,0.0255,0.0232,2015-12-29,XSHG
3444,10000348.XSHG,0.058,0.0538,2015-12-29,XSHG
3445,10000378.XSHG,0.0178,0.0179,2015-12-29,XSHG
3446,10000469.XSHG,0.1434,0.149,2015-12-29,XSHG
3447,10000296.XSHG,0.4822,0.467,2015-12-29,XSHG
3448,10000297.XSHG,0.0177,0.0194,2015-12-29,XSHG
3449,10000449.XSHG,0.2849,0.306,2015-12-29,XSHG
3450,10000295.XSHG,0.4298,0.4222,2015-12-29,XSHG
3451,10000292.XSHG,0.304,0.297,2015-12-29,XSHG
3452,10000293.XSHG,0.3472,0.3362,2015-12-29,XSHG
3453,10000290.XSHG,0.0287,0.0298,2015-12-29,XSHG
3454,10000291.XSHG,0.025,0.0243,2015-12-29,XSHG
3455,10000298.XSHG,0.5213,0.5134,2015-12-29,XSHG
3456,10000478.XSHG,0.3673,0.3941,2015-12-30,XSHG
3457,10000479.XSHG,0.116,0.1083,2015-12-30,XSHG
3458,10000477.XSHG,0.1208,0.1146,2015-12-30,XSHG
3459,10000474.XSHG,0.35,0.3702,2015-12-30,XSHG
3460,10000473.XSHG,0.1319,0.13,2015-12-30,XSHG
3461,10000470.XSHG,0.3227,0.32,2015-12-30,XSHG
3462,10000460.XSHG,0.0962,0.096,2015-12-30,XSHG
3463,10000463.XSHG,0.1822,0.1751,2015-12-30,XSHG
3464,10000465.XSHG,0.256,0.2583,2015-12-30,XSHG
3465,10000464.XSHG,0.1653,0.16,2015-12-30,XSHG
3466,10000466.XSHG,0.2886,0.2864,2015-12-30,XSHG
3467,10000375.XSHG,0.384,0.3725,2015-12-30,XSHG
3468,10000374.XSHG,0.4225,0.4162,2015-12-30,XSHG
3469,10000377.XSHG,0.0131,0.0142,2015-12-30,XSHG
3470,10000376.XSHG,0.334,0.3304,2015-12-30,XSHG
3471,10000373.XSHG,0.4633,0.4582,2015-12-30,XSHG
3472,10000289.XSHG,0.037,0.035,2015-12-30,XSHG
3473,10000288.XSHG,0.0484,0.0442,2015-12-30,XSHG
3474,10000287.XSHG,0.0553,0.0535,2015-12-30,XSHG
3475,10000380.XSHG,0.0308,0.0336,2015-12-30,XSHG
3476,10000294.XSHG,0.3831,0.3867,2015-12-30,XSHG
3477,10000308.XSHG,0.1175,0.1149,2015-12-30,XSHG
3478,10000309.XSHG,0.1011,0.093,2015-12-30,XSHG
3479,10000307.XSHG,0.1477,0.1353,2015-12-30,XSHG
3480,10000404.XSHG,0.0098,0.0099,2015-12-30,XSHG
3481,10000403.XSHG,0.0074,0.008,2015-12-30,XSHG
3482,10000402.XSHG,0.0062,0.0062,2015-12-30,XSHG
3483,10000401.XSHG,0.5085,0.501,2015-12-30,XSHG
3484,10000400.XSHG,0.5562,0.5443,2015-12-30,XSHG
3485,10000399.XSHG,0.6052,0.6035,2015-12-30,XSHG
3486,10000313.XSHG,0.1594,0.166,2015-12-30,XSHG
3487,10000312.XSHG,0.1315,0.1363,2015-12-30,XSHG
3488,10000311.XSHG,0.0671,0.0655,2015-12-30,XSHG
3489,10000310.XSHG,0.0797,0.0774,2015-12-30,XSHG
3490,10000316.XSHG,0.2618,0.2646,2015-12-30,XSHG
3491,10000315.XSHG,0.231,0.2316,2015-12-30,XSHG
3492,10000314.XSHG,0.1974,0.1978,2015-12-30,XSHG
3493,10000498.XSHG,0.0885,0.0818,2015-12-30,XSHG
3494,10000499.XSHG,0.07,0.0656,2015-12-30,XSHG
3495,10000494.XSHG,0.0185,0.0201,2015-12-30,XSHG
3496,10000495.XSHG,0.0216,0.02,2015-12-30,XSHG
3497,10000496.XSHG,0.1827,0.1966,2015-12-30,XSHG
3498,10000497.XSHG,0.1122,0.1048,2015-12-30,XSHG
3499,10000490.XSHG,0.1895,0.1845,2015-12-30,XSHG
3500,10000491.XSHG,0.1525,0.1441,2015-12-30,XSHG
3501,10000492.XSHG,0.0067,0.0067,2015-12-30,XSHG
3502,10000493.XSHG,0.011,0.011,2015-12-30,XSHG
3503,10000510.XSHG,0.0741,0.0737,2015-12-30,XSHG
3504,10000328.XSHG,0.0871,0.0875,2015-12-30,XSHG
3505,10000327.XSHG,0.1928,0.187,2015-12-30,XSHG
3506,10000322.XSHG,0.1085,0.1119,2015-12-30,XSHG
3507,10000321.XSHG,0.1644,0.1575,2015-12-30,XSHG
3508,10000489.XSHG,0.2382,0.2296,2015-12-30,XSHG
3509,10000488.XSHG,0.1473,0.1538,2015-12-30,XSHG
3510,10000487.XSHG,0.109,0.1163,2015-12-30,XSHG
3511,10000486.XSHG,0.076,0.0822,2015-12-30,XSHG
3512,10000485.XSHG,0.0513,0.0542,2015-12-30,XSHG
3513,10000484.XSHG,0.0326,0.0351,2015-12-30,XSHG
3514,10000483.XSHG,0.0366,0.0294,2015-12-30,XSHG
3515,10000482.XSHG,0.0438,0.0404,2015-12-30,XSHG
3516,10000481.XSHG,0.0611,0.0565,2015-12-30,XSHG
3517,10000480.XSHG,0.0853,0.0786,2015-12-30,XSHG
3518,10000508.XSHG,0.1319,0.1317,2015-12-30,XSHG
3519,10000509.XSHG,0.052,0.0537,2015-12-30,XSHG
3520,10000506.XSHG,0.2339,0.2318,2015-12-30,XSHG
3521,10000507.XSHG,0.165,0.1624,2015-12-30,XSHG
3522,10000504.XSHG,0.1557,0.1569,2015-12-30,XSHG
3523,10000505.XSHG,0.1925,0.1925,2015-12-30,XSHG
3524,10000502.XSHG,0.096,0.0975,2015-12-30,XSHG
3525,10000503.XSHG,0.1226,0.1274,2015-12-30,XSHG
3526,10000500.XSHG,0.0556,0.0498,2015-12-30,XSHG
3527,10000501.XSHG,0.0443,0.0408,2015-12-30,XSHG
3528,10000333.XSHG,0.2291,0.2155,2015-12-30,XSHG
3529,10000334.XSHG,0.0695,0.0714,2015-12-30,XSHG
3530,10000458.XSHG,0.2282,0.2301,2015-12-30,XSHG
3531,10000459.XSHG,0.3394,0.3227,2015-12-30,XSHG
3532,10000450.XSHG,0.2685,0.2542,2015-12-30,XSHG
3533,10000451.XSHG,0.24,0.2446,2015-12-30,XSHG
3534,10000452.XSHG,0.2211,0.2198,2015-12-30,XSHG
3535,10000453.XSHG,0.2021,0.2033,2015-12-30,XSHG
3536,10000454.XSHG,0.1198,0.1239,2015-12-30,XSHG
3537,10000455.XSHG,0.1414,0.1445,2015-12-30,XSHG
3538,10000456.XSHG,0.1666,0.1713,2015-12-30,XSHG
3539,10000457.XSHG,0.1938,0.2017,2015-12-30,XSHG
3540,10000345.XSHG,0.2955,0.2873,2015-12-30,XSHG
3541,10000346.XSHG,0.2586,0.253,2015-12-30,XSHG
3542,10000347.XSHG,0.0402,0.0428,2015-12-30,XSHG
3543,10000379.XSHG,0.0233,0.0245,2015-12-30,XSHG
3544,10000348.XSHG,0.0523,0.0559,2015-12-30,XSHG
3545,10000378.XSHG,0.0175,0.0185,2015-12-30,XSHG
3546,10000469.XSHG,0.148,0.138,2015-12-30,XSHG
3547,10000296.XSHG,0.4698,0.4735,2015-12-30,XSHG
3548,10000297.XSHG,0.0202,0.0186,2015-12-30,XSHG
3549,10000449.XSHG,0.295,0.2851,2015-12-30,XSHG
3550,10000295.XSHG,0.4378,0.4301,2015-12-30,XSHG
3551,10000292.XSHG,0.2945,0.3009,2015-12-30,XSHG
3552,10000293.XSHG,0.3589,0.3447,2015-12-30,XSHG
3553,10000290.XSHG,0.029,0.0285,2015-12-30,XSHG
3554,10000291.XSHG,0.0255,0.0235,2015-12-30,XSHG
3555,10000298.XSHG,0.5152,0.5241,2015-12-30,XSHG
