,code,open,close,date,exchange_code
0,10000201.XSHG,0.0297,0.0379,2015-08-20,XSHG
1,10000200.XSHG,1.1778,1.211,2015-08-20,XSHG
2,10000203.XSHG,0.1079,0.0404,2015-08-20,XSHG
3,10000202.XSHG,0.5953,0.6911,2015-08-20,XSHG
4,10000205.XSHG,0.037,0.0447,2015-08-20,XSHG
5,10000204.XSHG,0.5759,0.6291,2015-08-20,XSHG
6,10000206.XSHG,0.4895,0.5928,2015-08-20,XSHG
7,10000165.XSHG,0.0043,0.0018,2015-08-20,XSHG
8,10000166.XSHG,0.8506,0.91,2015-08-20,XSHG
9,10000197.XSHG,0.066,0.0015,2015-08-20,XSHG
10,10000191.XSHG,1.011,1.0225,2015-08-20,XSHG
11,10000190.XSHG,0.9101,0.9196,2015-08-20,XSHG
12,10000192.XSHG,1.1072,1.1028,2015-08-20,XSHG
13,10000055.XSHG,0.054,0.0361,2015-08-20,XSHG
14,10000056.XSHG,0.2067,0.25,2015-08-20,XSHG
15,10000199.XSHG,0.0265,0.0147,2015-08-20,XSHG
16,10000198.XSHG,1.1483,1.2051,2015-08-20,XSHG
17,10000274.XSHG,0.4348,0.4841,2015-08-20,XSHG
18,10000277.XSHG,0.0057,0.0023,2015-08-20,XSHG
19,10000270.XSHG,0.0879,0.0749,2015-08-20,XSHG
20,10000271.XSHG,0.0706,0.0664,2015-08-20,XSHG
21,10000272.XSHG,0.3287,0.395,2015-08-20,XSHG
22,10000273.XSHG,0.3525,0.4387,2015-08-20,XSHG
23,10000173.XSHG,0.0044,0.0022,2015-08-20,XSHG
24,10000278.XSHG,0.1728,0.1944,2015-08-20,XSHG
25,10000279.XSHG,0.1062,0.0972,2015-08-20,XSHG
26,10000174.XSHG,0.9494,1.0064,2015-08-20,XSHG
27,10000289.XSHG,0.0764,0.0957,2015-08-20,XSHG
28,10000288.XSHG,0.0728,0.1038,2015-08-20,XSHG
29,10000048.XSHG,0.1636,0.2107,2015-08-20,XSHG
30,10000047.XSHG,0.0604,0.0466,2015-08-20,XSHG
31,10000280.XSHG,0.2328,0.3447,2015-08-20,XSHG
32,10000283.XSHG,0.0113,0.0035,2015-08-20,XSHG
33,10000285.XSHG,0.0783,0.1105,2015-08-20,XSHG
34,10000284.XSHG,0.1263,0.1406,2015-08-20,XSHG
35,10000287.XSHG,0.0919,0.1176,2015-08-20,XSHG
36,10000040.XSHG,0.1293,0.1741,2015-08-20,XSHG
37,10000267.XSHG,0.3231,0.3401,2015-08-20,XSHG
38,10000266.XSHG,0.2695,0.2906,2015-08-20,XSHG
39,10000265.XSHG,0.2205,0.2444,2015-08-20,XSHG
40,10000264.XSHG,0.0007,0.001,2015-08-20,XSHG
41,10000263.XSHG,0.0017,0.0014,2015-08-20,XSHG
42,10000262.XSHG,0.001,0.0013,2015-08-20,XSHG
43,10000261.XSHG,0.0036,0.0014,2015-08-20,XSHG
44,10000149.XSHG,0.0048,0.0033,2015-08-20,XSHG
45,10000300.XSHG,0.0202,0.0078,2015-08-20,XSHG
46,10000301.XSHG,0.0545,0.056,2015-08-20,XSHG
47,10000302.XSHG,0.0836,0.0931,2015-08-20,XSHG
48,10000303.XSHG,0.1676,0.1439,2015-08-20,XSHG
49,10000304.XSHG,0.0882,0.1258,2015-08-20,XSHG
50,10000305.XSHG,0.219,0.2581,2015-08-20,XSHG
51,10000140.XSHG,0.0057,0.0037,2015-08-20,XSHG
52,10000141.XSHG,0.5607,0.6145,2015-08-20,XSHG
53,10000080.XSHG,0.3182,0.3822,2015-08-20,XSHG
54,10000087.XSHG,0.0162,0.0116,2015-08-20,XSHG
55,10000072.XSHG,0.2869,0.337,2015-08-20,XSHG
56,10000071.XSHG,0.0347,0.021,2015-08-20,XSHG
57,10000079.XSHG,0.0207,0.0165,2015-08-20,XSHG
58,10000252.XSHG,0.0003,0.0003,2015-08-20,XSHG
59,10000253.XSHG,0.4168,0.44,2015-08-20,XSHG
60,10000250.XSHG,0.83,0.8357,2015-08-20,XSHG
61,10000251.XSHG,0.0016,0.0005,2015-08-20,XSHG
62,10000254.XSHG,0.4772,0.49,2015-08-20,XSHG
63,10000150.XSHG,0.6564,0.7145,2015-08-20,XSHG
64,10000319.XSHG,0.1281,0.1624,2015-08-20,XSHG
65,10000318.XSHG,0.0292,0.0293,2015-08-20,XSHG
66,10000157.XSHG,0.0359,0.0019,2015-08-20,XSHG
67,10000313.XSHG,0.2895,0.3128,2015-08-20,XSHG
68,10000312.XSHG,0.1867,0.2761,2015-08-20,XSHG
69,10000311.XSHG,0.13,0.1278,2015-08-20,XSHG
70,10000310.XSHG,0.1174,0.1505,2015-08-20,XSHG
71,10000317.XSHG,0.068,0.0389,2015-08-20,XSHG
72,10000316.XSHG,0.3806,0.4389,2015-08-20,XSHG
73,10000096.XSHG,0.4069,0.4699,2015-08-20,XSHG
74,10000314.XSHG,,0.3516,2015-08-20,XSHG
75,10000064.XSHG,0.2573,0.2895,2015-08-20,XSHG
76,10000063.XSHG,0.0398,0.0268,2015-08-20,XSHG
77,10000286.XSHG,0.2063,0.3203,2015-08-20,XSHG
78,10000249.XSHG,0.7387,0.7376,2015-08-20,XSHG
79,10000248.XSHG,0.6261,0.6371,2015-08-20,XSHG
80,10000245.XSHG,0.0006,0.0002,2015-08-20,XSHG
81,10000244.XSHG,0.0013,0.0002,2015-08-20,XSHG
82,10000247.XSHG,0.5825,0.5883,2015-08-20,XSHG
83,10000246.XSHG,0.5258,0.5394,2015-08-20,XSHG
84,10000241.XSHG,0.0003,0.0001,2015-08-20,XSHG
85,10000240.XSHG,0.5446,0.5653,2015-08-20,XSHG
86,10000243.XSHG,0.0001,0.0002,2015-08-20,XSHG
87,10000242.XSHG,0.0001,0.0001,2015-08-20,XSHG
88,10000125.XSHG,0.0079,0.0056,2015-08-20,XSHG
89,10000126.XSHG,0.5136,0.5658,2015-08-20,XSHG
90,10000088.XSHG,0.374,0.4236,2015-08-20,XSHG
91,10000328.XSHG,0.1356,0.2294,2015-08-20,XSHG
92,10000158.XSHG,0.7524,0.811,2015-08-20,XSHG
93,10000326.XSHG,0.1099,0.1883,2015-08-20,XSHG
94,10000327.XSHG,0.2676,0.2295,2015-08-20,XSHG
95,10000324.XSHG,0.0146,0.0173,2015-08-20,XSHG
96,10000325.XSHG,0.1646,0.1777,2015-08-20,XSHG
97,10000322.XSHG,0.1651,0.2683,2015-08-20,XSHG
98,10000323.XSHG,0.102,0.0732,2015-08-20,XSHG
99,10000320.XSHG,0.1338,0.223,2015-08-20,XSHG
100,10000321.XSHG,0.1637,0.2001,2015-08-20,XSHG
101,10000095.XSHG,0.0129,0.01,2015-08-20,XSHG
102,10000315.XSHG,0.3857,0.4022,2015-08-20,XSHG
103,10000036.XSHG,0.054,0.0729,2015-08-20,XSHG
104,10000037.XSHG,0.0671,0.095,2015-08-20,XSHG
105,10000034.XSHG,0.1002,0.0788,2015-08-20,XSHG
106,10000035.XSHG,0.08,0.0606,2015-08-20,XSHG
107,10000032.XSHG,0.1698,0.129,2015-08-20,XSHG
108,10000033.XSHG,0.1262,0.099,2015-08-20,XSHG
109,10000031.XSHG,0.2087,0.1642,2015-08-20,XSHG
110,10000038.XSHG,0.0875,0.118,2015-08-20,XSHG
111,10000039.XSHG,0.1024,0.1474,2015-08-20,XSHG
112,10000238.XSHG,0.0445,0.0522,2015-08-20,XSHG
113,10000239.XSHG,0.5021,0.5187,2015-08-20,XSHG
114,10000139.XSHG,0.006,0.0047,2015-08-20,XSHG
115,10000237.XSHG,0.0626,0.0593,2015-08-20,XSHG
116,10000308.XSHG,0.1366,0.178,2015-08-20,XSHG
117,10000309.XSHG,0.156,0.1596,2015-08-20,XSHG
118,10000103.XSHG,0.0098,0.0078,2015-08-20,XSHG
119,10000104.XSHG,0.4671,0.521,2015-08-20,XSHG
120,10000228.XSHG,1.2774,1.3261,2015-08-20,XSHG
121,10000227.XSHG,0.0112,0.0128,2015-08-20,XSHG
122,10000226.XSHG,1.2482,1.3031,2015-08-20,XSHG
123,10000225.XSHG,0.0048,0.001,2015-08-20,XSHG
124,10000142.XSHG,0.6083,0.6638,2015-08-20,XSHG
125,10000269.XSHG,0.0613,0.0864,2015-08-20,XSHG
126,10000268.XSHG,0.3682,0.39,2015-08-20,XSHG
127,10000306.XSHG,0.1692,0.2869,2015-08-20,XSHG
128,10000296.XSHG,0.6123,0.616,2015-08-20,XSHG
129,10000297.XSHG,0.084,0.0717,2015-08-20,XSHG
130,10000294.XSHG,,0.546,2015-08-20,XSHG
131,10000295.XSHG,0.57,0.576,2015-08-20,XSHG
132,10000292.XSHG,0.45,0.45,2015-08-20,XSHG
133,10000293.XSHG,0.4801,0.4884,2015-08-20,XSHG
134,10000290.XSHG,0.0701,0.0771,2015-08-20,XSHG
135,10000291.XSHG,0.0606,0.0781,2015-08-20,XSHG
136,10000298.XSHG,0.6563,0.6526,2015-08-20,XSHG
137,10000299.XSHG,0.0386,0.016,2015-08-20,XSHG
138,10000307.XSHG,0.1963,0.1779,2015-08-20,XSHG
139,10000182.XSHG,1.0487,1.1069,2015-08-20,XSHG
140,10000183.XSHG,0.0283,0.0352,2015-08-20,XSHG
141,10000181.XSHG,0.0098,0.0013,2015-08-20,XSHG
142,10000186.XSHG,0.0155,0.0192,2015-08-20,XSHG
143,10000187.XSHG,0.0307,0.0168,2015-08-20,XSHG
144,10000184.XSHG,0.0228,0.029,2015-08-20,XSHG
145,10000185.XSHG,0.0186,0.0229,2015-08-20,XSHG
146,10000188.XSHG,0.6804,0.7294,2015-08-20,XSHG
147,10000189.XSHG,0.8198,0.8216,2015-08-20,XSHG
148,10000201.XSHG,0.0362,0.0258,2015-08-21,XSHG
149,10000200.XSHG,1.2239,1.2608,2015-08-21,XSHG
150,10000203.XSHG,0.04,0.0312,2015-08-21,XSHG
151,10000202.XSHG,0.7318,0.742,2015-08-21,XSHG
152,10000205.XSHG,0.0455,0.0335,2015-08-21,XSHG
153,10000204.XSHG,0.6888,0.726,2015-08-21,XSHG
154,10000206.XSHG,0.63,0.7,2015-08-21,XSHG
155,10000165.XSHG,0.0023,0.0014,2015-08-21,XSHG
156,10000166.XSHG,0.8965,0.9762,2015-08-21,XSHG
157,10000197.XSHG,0.0018,0.0009,2015-08-21,XSHG
158,10000191.XSHG,1.0714,1.0793,2015-08-21,XSHG
159,10000190.XSHG,0.9777,0.9777,2015-08-21,XSHG
160,10000192.XSHG,1.1308,1.15,2015-08-21,XSHG
161,10000055.XSHG,0.0355,0.0263,2015-08-21,XSHG
162,10000056.XSHG,0.2588,0.3006,2015-08-21,XSHG
163,10000199.XSHG,0.0155,0.0128,2015-08-21,XSHG
164,10000198.XSHG,1.2069,1.2755,2015-08-21,XSHG
165,10000158.XSHG,0.8085,0.8764,2015-08-21,XSHG
166,10000274.XSHG,0.461,0.55,2015-08-21,XSHG
167,10000277.XSHG,0.0025,0.0014,2015-08-21,XSHG
168,10000270.XSHG,0.0375,0.0514,2015-08-21,XSHG
169,10000271.XSHG,0.06,0.0501,2015-08-21,XSHG
170,10000272.XSHG,0.3971,0.4579,2015-08-21,XSHG
171,10000273.XSHG,0.4443,0.5005,2015-08-21,XSHG
172,10000173.XSHG,0.0015,0.001,2015-08-21,XSHG
173,10000278.XSHG,0.1974,0.2813,2015-08-21,XSHG
174,10000279.XSHG,0.0933,0.0735,2015-08-21,XSHG
175,10000174.XSHG,1.0814,1.0619,2015-08-21,XSHG
176,10000289.XSHG,0.0813,0.0757,2015-08-21,XSHG
177,10000288.XSHG,0.0959,0.0843,2015-08-21,XSHG
178,10000048.XSHG,0.2072,0.26,2015-08-21,XSHG
179,10000047.XSHG,0.0435,0.0319,2015-08-21,XSHG
180,10000280.XSHG,0.3588,0.4242,2015-08-21,XSHG
181,10000283.XSHG,0.0035,0.0026,2015-08-21,XSHG
182,10000285.XSHG,0.0984,0.0811,2015-08-21,XSHG
183,10000284.XSHG,0.1422,0.2452,2015-08-21,XSHG
184,10000287.XSHG,0.0991,0.0909,2015-08-21,XSHG
185,10000040.XSHG,0.178,0.2224,2015-08-21,XSHG
186,10000267.XSHG,0.3561,0.437,2015-08-21,XSHG
187,10000266.XSHG,0.2912,0.39,2015-08-21,XSHG
188,10000265.XSHG,0.2464,0.3252,2015-08-21,XSHG
189,10000264.XSHG,0.0019,0.0004,2015-08-21,XSHG
190,10000263.XSHG,0.0008,0.0004,2015-08-21,XSHG
191,10000262.XSHG,0.0015,0.0002,2015-08-21,XSHG
192,10000261.XSHG,0.0015,0.0002,2015-08-21,XSHG
193,10000149.XSHG,0.0033,0.0028,2015-08-21,XSHG
194,10000300.XSHG,0.008,0.003,2015-08-21,XSHG
195,10000301.XSHG,0.064,0.1299,2015-08-21,XSHG
196,10000302.XSHG,0.0904,0.1828,2015-08-21,XSHG
197,10000303.XSHG,0.122,0.0985,2015-08-21,XSHG
198,10000304.XSHG,0.1151,0.0881,2015-08-21,XSHG
199,10000305.XSHG,0.257,0.3102,2015-08-21,XSHG
200,10000140.XSHG,0.0047,0.003,2015-08-21,XSHG
201,10000141.XSHG,0.6015,0.6819,2015-08-21,XSHG
202,10000080.XSHG,0.3979,0.445,2015-08-21,XSHG
203,10000087.XSHG,0.0117,0.0099,2015-08-21,XSHG
204,10000072.XSHG,0.3374,0.3981,2015-08-21,XSHG
205,10000071.XSHG,0.0228,0.0149,2015-08-21,XSHG
206,10000079.XSHG,0.0154,0.0128,2015-08-21,XSHG
207,10000252.XSHG,0.0001,0.0003,2015-08-21,XSHG
208,10000253.XSHG,0.4618,0.5298,2015-08-21,XSHG
209,10000250.XSHG,0.8215,0.9204,2015-08-21,XSHG
210,10000251.XSHG,0.0005,0.0004,2015-08-21,XSHG
211,10000254.XSHG,0.4993,0.5762,2015-08-21,XSHG
212,10000150.XSHG,0.7141,0.7758,2015-08-21,XSHG
213,10000319.XSHG,0.1613,0.1227,2015-08-21,XSHG
214,10000318.XSHG,0.045,0.0894,2015-08-21,XSHG
215,10000157.XSHG,0.002,0.0018,2015-08-21,XSHG
216,10000313.XSHG,0.3666,0.3666,2015-08-21,XSHG
217,10000312.XSHG,0.315,0.3343,2015-08-21,XSHG
218,10000311.XSHG,0.1104,0.1012,2015-08-21,XSHG
219,10000310.XSHG,0.1213,0.1123,2015-08-21,XSHG
220,10000317.XSHG,0.0385,0.0135,2015-08-21,XSHG
221,10000316.XSHG,0.4566,0.4707,2015-08-21,XSHG
222,10000096.XSHG,0.4758,0.5388,2015-08-21,XSHG
223,10000314.XSHG,0.3812,0.4058,2015-08-21,XSHG
224,10000064.XSHG,0.2936,0.3504,2015-08-21,XSHG
225,10000063.XSHG,0.0255,0.0181,2015-08-21,XSHG
226,10000286.XSHG,0.3247,0.3668,2015-08-21,XSHG
227,10000249.XSHG,0.7391,0.833,2015-08-21,XSHG
228,10000248.XSHG,0.6579,0.7248,2015-08-21,XSHG
229,10000245.XSHG,0.0001,0.0001,2015-08-21,XSHG
230,10000244.XSHG,0.0001,0.0001,2015-08-21,XSHG
231,10000247.XSHG,0.5889,0.6749,2015-08-21,XSHG
232,10000246.XSHG,0.5401,0.6196,2015-08-21,XSHG
233,10000241.XSHG,0.0003,0.0001,2015-08-21,XSHG
234,10000240.XSHG,0.6058,0.62,2015-08-21,XSHG
235,10000243.XSHG,0.0001,0.0002,2015-08-21,XSHG
236,10000242.XSHG,0.0002,0.0001,2015-08-21,XSHG
237,10000125.XSHG,0.0061,0.0043,2015-08-21,XSHG
238,10000126.XSHG,0.5551,0.625,2015-08-21,XSHG
239,10000088.XSHG,0.442,0.4889,2015-08-21,XSHG
240,10000328.XSHG,0.2542,0.2725,2015-08-21,XSHG
241,10000329.XSHG,0.1091,0.0455,2015-08-21,XSHG
242,10000326.XSHG,0.2151,0.2475,2015-08-21,XSHG
243,10000327.XSHG,0.225,0.2058,2015-08-21,XSHG
244,10000324.XSHG,0.0201,0.0525,2015-08-21,XSHG
245,10000325.XSHG,0.169,0.135,2015-08-21,XSHG
246,10000322.XSHG,0.275,0.2985,2015-08-21,XSHG
247,10000323.XSHG,0.0696,0.0239,2015-08-21,XSHG
248,10000320.XSHG,0.2348,0.2713,2015-08-21,XSHG
249,10000321.XSHG,0.2,0.1807,2015-08-21,XSHG
250,10000095.XSHG,0.0095,0.0073,2015-08-21,XSHG
251,10000315.XSHG,0.411,0.4387,2015-08-21,XSHG
252,10000036.XSHG,0.0741,0.088,2015-08-21,XSHG
253,10000037.XSHG,0.0943,0.115,2015-08-21,XSHG
254,10000034.XSHG,0.0789,0.055,2015-08-21,XSHG
255,10000035.XSHG,0.0606,0.0411,2015-08-21,XSHG
256,10000032.XSHG,0.1221,0.0909,2015-08-21,XSHG
257,10000033.XSHG,0.0944,0.0676,2015-08-21,XSHG
258,10000031.XSHG,0.1571,0.1194,2015-08-21,XSHG
259,10000038.XSHG,0.12,0.1488,2015-08-21,XSHG
260,10000039.XSHG,0.148,0.1849,2015-08-21,XSHG
261,10000331.XSHG,0.1949,0.1658,2015-08-21,XSHG
262,10000330.XSHG,0.0082,0.0497,2015-08-21,XSHG
263,10000333.XSHG,0.2388,0.2144,2015-08-21,XSHG
264,10000332.XSHG,0.18,0.2089,2015-08-21,XSHG
265,10000334.XSHG,0.199,0.2435,2015-08-21,XSHG
266,10000139.XSHG,0.005,0.0032,2015-08-21,XSHG
267,10000237.XSHG,0.0544,0.0439,2015-08-21,XSHG
268,10000308.XSHG,0.1359,0.1359,2015-08-21,XSHG
269,10000309.XSHG,0.1348,0.1253,2015-08-21,XSHG
270,10000103.XSHG,0.0072,0.0064,2015-08-21,XSHG
271,10000104.XSHG,0.5025,0.5947,2015-08-21,XSHG
272,10000228.XSHG,1.3276,1.3965,2015-08-21,XSHG
273,10000227.XSHG,0.0137,0.0122,2015-08-21,XSHG
274,10000226.XSHG,1.378,1.3656,2015-08-21,XSHG
275,10000225.XSHG,0.0019,0.0008,2015-08-21,XSHG
276,10000142.XSHG,0.6689,0.7243,2015-08-21,XSHG
277,10000269.XSHG,0.0835,0.0601,2015-08-21,XSHG
278,10000268.XSHG,0.3936,0.4975,2015-08-21,XSHG
279,10000306.XSHG,0.3065,0.3595,2015-08-21,XSHG
280,10000296.XSHG,0.6286,0.6819,2015-08-21,XSHG
281,10000297.XSHG,0.066,0.0533,2015-08-21,XSHG
282,10000294.XSHG,0.543,0.5951,2015-08-21,XSHG
283,10000295.XSHG,0.5823,0.64,2015-08-21,XSHG
284,10000292.XSHG,0.485,0.4998,2015-08-21,XSHG
285,10000293.XSHG,0.4729,0.5599,2015-08-21,XSHG
286,10000290.XSHG,0.0844,0.07,2015-08-21,XSHG
287,10000291.XSHG,0.0774,0.0578,2015-08-21,XSHG
288,10000298.XSHG,0.6824,0.7246,2015-08-21,XSHG
289,10000299.XSHG,0.0161,0.0063,2015-08-21,XSHG
290,10000307.XSHG,0.1925,0.1599,2015-08-21,XSHG
291,10000238.XSHG,0.0486,0.0393,2015-08-21,XSHG
292,10000239.XSHG,0.5435,0.5852,2015-08-21,XSHG
293,10000182.XSHG,1.0977,1.1893,2015-08-21,XSHG
294,10000183.XSHG,0.0332,0.023,2015-08-21,XSHG
295,10000181.XSHG,0.0021,0.0018,2015-08-21,XSHG
296,10000186.XSHG,0.0194,0.0154,2015-08-21,XSHG
297,10000187.XSHG,0.0173,0.0143,2015-08-21,XSHG
298,10000184.XSHG,0.027,0.0204,2015-08-21,XSHG
299,10000185.XSHG,0.0224,0.0183,2015-08-21,XSHG
300,10000188.XSHG,0.7827,0.8237,2015-08-21,XSHG
301,10000189.XSHG,0.85,0.8894,2015-08-21,XSHG
302,10000227.XSHG,0.0102,0.0133,2015-08-24,XSHG
303,10000201.XSHG,0.0224,0.0224,2015-08-24,XSHG
304,10000200.XSHG,1.4506,1.5126,2015-08-24,XSHG
305,10000203.XSHG,0.0247,0.0235,2015-08-24,XSHG
306,10000202.XSHG,0.9821,0.9756,2015-08-24,XSHG
307,10000205.XSHG,0.0279,0.0282,2015-08-24,XSHG
308,10000204.XSHG,0.724,0.964,2015-08-24,XSHG
309,10000206.XSHG,0.774,0.888,2015-08-24,XSHG
310,10000165.XSHG,0.0023,0.0009,2015-08-24,XSHG
311,10000166.XSHG,1.0057,1.1969,2015-08-24,XSHG
312,10000197.XSHG,0.0012,0.0015,2015-08-24,XSHG
313,10000191.XSHG,1.1977,1.345,2015-08-24,XSHG
314,10000190.XSHG,0.9699,1.215,2015-08-24,XSHG
315,10000192.XSHG,1.4182,1.4106,2015-08-24,XSHG
316,10000055.XSHG,0.0259,0.019,2015-08-24,XSHG
317,10000056.XSHG,0.3465,0.528,2015-08-24,XSHG
318,10000199.XSHG,0.0108,0.0144,2015-08-24,XSHG
319,10000198.XSHG,1.4024,1.4739,2015-08-24,XSHG
320,10000158.XSHG,0.9083,1.0629,2015-08-24,XSHG
321,10000274.XSHG,0.63,0.7382,2015-08-24,XSHG
322,10000277.XSHG,0.001,0.0003,2015-08-24,XSHG
323,10000270.XSHG,0.0468,0.039,2015-08-24,XSHG
324,10000271.XSHG,0.0385,0.0346,2015-08-24,XSHG
325,10000272.XSHG,0.4592,0.625,2015-08-24,XSHG
326,10000273.XSHG,0.5275,0.6834,2015-08-24,XSHG
327,10000173.XSHG,0.0018,0.0005,2015-08-24,XSHG
328,10000278.XSHG,0.3256,0.5087,2015-08-24,XSHG
329,10000279.XSHG,0.0593,0.0506,2015-08-24,XSHG
330,10000174.XSHG,1.1036,1.304,2015-08-24,XSHG
331,10000289.XSHG,0.062,0.0494,2015-08-24,XSHG
332,10000288.XSHG,0.069,0.0535,2015-08-24,XSHG
333,10000048.XSHG,0.32,0.4813,2015-08-24,XSHG
334,10000047.XSHG,0.0298,0.0243,2015-08-24,XSHG
335,10000280.XSHG,0.453,0.5825,2015-08-24,XSHG
336,10000283.XSHG,0.0011,0.0003,2015-08-24,XSHG
337,10000285.XSHG,0.069,0.055,2015-08-24,XSHG
338,10000284.XSHG,0.2857,0.4726,2015-08-24,XSHG
339,10000287.XSHG,0.0767,0.0572,2015-08-24,XSHG
340,10000040.XSHG,0.2456,0.4441,2015-08-24,XSHG
341,10000267.XSHG,0.472,0.6664,2015-08-24,XSHG
342,10000266.XSHG,0.436,0.61,2015-08-24,XSHG
343,10000265.XSHG,0.3729,0.5558,2015-08-24,XSHG
344,10000264.XSHG,0.0001,0.0004,2015-08-24,XSHG
345,10000263.XSHG,0.0005,0.0007,2015-08-24,XSHG
346,10000262.XSHG,0.0005,0.0002,2015-08-24,XSHG
347,10000261.XSHG,0.0002,0.0002,2015-08-24,XSHG
348,10000149.XSHG,0.011,0.0018,2015-08-24,XSHG
349,10000300.XSHG,0.0015,0.0006,2015-08-24,XSHG
350,10000301.XSHG,0.1802,0.3573,2015-08-24,XSHG
351,10000302.XSHG,0.242,0.4016,2015-08-24,XSHG
352,10000303.XSHG,0.0897,0.0604,2015-08-24,XSHG
353,10000304.XSHG,0.0785,0.0611,2015-08-24,XSHG
354,10000305.XSHG,0.3268,0.4797,2015-08-24,XSHG
355,10000140.XSHG,0.0028,0.0014,2015-08-24,XSHG
356,10000141.XSHG,0.703,0.8888,2015-08-24,XSHG
357,10000080.XSHG,0.5034,0.6699,2015-08-24,XSHG
358,10000087.XSHG,0.0067,0.0072,2015-08-24,XSHG
359,10000072.XSHG,0.4492,0.6097,2015-08-24,XSHG
360,10000071.XSHG,0.0105,0.012,2015-08-24,XSHG
361,10000079.XSHG,0.008,0.0105,2015-08-24,XSHG
362,10000252.XSHG,0.0003,0.0001,2015-08-24,XSHG
363,10000253.XSHG,0.5718,0.7633,2015-08-24,XSHG
364,10000250.XSHG,1.061,1.1364,2015-08-24,XSHG
365,10000251.XSHG,0.0003,0.0002,2015-08-24,XSHG
366,10000254.XSHG,0.626,0.8036,2015-08-24,XSHG
367,10000150.XSHG,0.8114,1.0077,2015-08-24,XSHG
368,10000319.XSHG,0.1025,0.0736,2015-08-24,XSHG
369,10000318.XSHG,0.1116,0.3168,2015-08-24,XSHG
370,10000157.XSHG,0.0013,0.0013,2015-08-24,XSHG
371,10000313.XSHG,0.3864,0.5499,2015-08-24,XSHG
372,10000312.XSHG,0.3526,0.4852,2015-08-24,XSHG
373,10000311.XSHG,0.0857,0.0644,2015-08-24,XSHG
374,10000310.XSHG,0.0956,0.0699,2015-08-24,XSHG
375,10000317.XSHG,0.0128,0.0007,2015-08-24,XSHG
376,10000316.XSHG,0.599,0.6754,2015-08-24,XSHG
377,10000096.XSHG,0.5763,0.7614,2015-08-24,XSHG
378,10000314.XSHG,0.4909,0.572,2015-08-24,XSHG
379,10000064.XSHG,0.412,0.57,2015-08-24,XSHG
380,10000063.XSHG,0.0132,0.0149,2015-08-24,XSHG
381,10000286.XSHG,0.4029,0.57,2015-08-24,XSHG
382,10000249.XSHG,1.0043,1.0604,2015-08-24,XSHG
383,10000248.XSHG,0.7685,0.95,2015-08-24,XSHG
384,10000245.XSHG,0.0001,0.0001,2015-08-24,XSHG
385,10000244.XSHG,0.0002,0.0001,2015-08-24,XSHG
386,10000247.XSHG,0.7211,0.903,2015-08-24,XSHG
387,10000246.XSHG,0.6699,0.86,2015-08-24,XSHG
388,10000241.XSHG,0.0002,0.0003,2015-08-24,XSHG
389,10000240.XSHG,0.6563,0.8706,2015-08-24,XSHG
390,10000243.XSHG,0.0002,0.0001,2015-08-24,XSHG
391,10000242.XSHG,0.0001,0.0001,2015-08-24,XSHG
392,10000125.XSHG,0.0033,0.0034,2015-08-24,XSHG
393,10000126.XSHG,0.6739,0.8573,2015-08-24,XSHG
394,10000088.XSHG,0.5501,0.7163,2015-08-24,XSHG
395,10000328.XSHG,0.3299,0.4247,2015-08-24,XSHG
396,10000329.XSHG,0.023,0.0017,2015-08-24,XSHG
397,10000326.XSHG,0.2582,0.4088,2015-08-24,XSHG
398,10000327.XSHG,0.1701,0.1159,2015-08-24,XSHG
399,10000324.XSHG,0.0848,0.2799,2015-08-24,XSHG
400,10000325.XSHG,0.1172,0.0841,2015-08-24,XSHG
401,10000322.XSHG,0.3248,0.4502,2015-08-24,XSHG
402,10000323.XSHG,0.0106,0.0014,2015-08-24,XSHG
403,10000320.XSHG,0.2972,0.435,2015-08-24,XSHG
404,10000321.XSHG,0.1512,0.0946,2015-08-24,XSHG
405,10000095.XSHG,0.0055,0.0062,2015-08-24,XSHG
406,10000315.XSHG,0.4859,0.6216,2015-08-24,XSHG
407,10000036.XSHG,0.116,0.2964,2015-08-24,XSHG
408,10000037.XSHG,0.1472,0.3261,2015-08-24,XSHG
409,10000034.XSHG,0.037,0.0434,2015-08-24,XSHG
410,10000035.XSHG,0.025,0.0349,2015-08-24,XSHG
411,10000032.XSHG,0.0679,0.0664,2015-08-24,XSHG
412,10000033.XSHG,0.051,0.0525,2015-08-24,XSHG
413,10000031.XSHG,0.0996,0.0734,2015-08-24,XSHG
414,10000038.XSHG,0.2,0.36,2015-08-24,XSHG
415,10000039.XSHG,0.2327,0.3999,2015-08-24,XSHG
416,10000331.XSHG,0.1342,0.0882,2015-08-24,XSHG
417,10000330.XSHG,0.07,0.269,2015-08-24,XSHG
418,10000333.XSHG,0.1921,0.1328,2015-08-24,XSHG
419,10000332.XSHG,0.2346,0.3695,2015-08-24,XSHG
420,10000335.XSHG,0.0827,0.0142,2015-08-24,XSHG
421,10000334.XSHG,0.2646,0.4122,2015-08-24,XSHG
422,10000337.XSHG,0.0268,0.2109,2015-08-24,XSHG
423,10000336.XSHG,0.0393,0.006,2015-08-24,XSHG
424,10000339.XSHG,0.1124,0.0884,2015-08-24,XSHG
425,10000338.XSHG,0.04,0.2415,2015-08-24,XSHG
426,10000139.XSHG,0.02,0.0033,2015-08-24,XSHG
427,10000237.XSHG,0.0356,0.0319,2015-08-24,XSHG
428,10000308.XSHG,0.1198,0.0864,2015-08-24,XSHG
429,10000309.XSHG,0.1072,0.0783,2015-08-24,XSHG
430,10000228.XSHG,1.6,1.635,2015-08-24,XSHG
431,10000103.XSHG,0.0046,0.005,2015-08-24,XSHG
432,10000104.XSHG,0.6147,0.8212,2015-08-24,XSHG
433,10000344.XSHG,0.2061,0.3384,2015-08-24,XSHG
434,10000345.XSHG,0.2316,0.165,2015-08-24,XSHG
435,10000346.XSHG,0.2084,0.147,2015-08-24,XSHG
436,10000347.XSHG,0.2176,0.3374,2015-08-24,XSHG
437,10000340.XSHG,0.0918,0.2651,2015-08-24,XSHG
438,10000341.XSHG,0.1751,0.1255,2015-08-24,XSHG
439,10000342.XSHG,0.1534,0.1173,2015-08-24,XSHG
440,10000343.XSHG,0.1796,0.3306,2015-08-24,XSHG
441,10000348.XSHG,0.246,0.3537,2015-08-24,XSHG
442,10000226.XSHG,1.5067,1.59,2015-08-24,XSHG
443,10000225.XSHG,0.001,0.0012,2015-08-24,XSHG
444,10000142.XSHG,0.76,0.9581,2015-08-24,XSHG
445,10000269.XSHG,0.0535,0.0434,2015-08-24,XSHG
446,10000268.XSHG,0.5209,0.7111,2015-08-24,XSHG
447,10000306.XSHG,0.371,0.528,2015-08-24,XSHG
448,10000296.XSHG,0.785,0.8687,2015-08-24,XSHG
449,10000297.XSHG,0.0489,0.0365,2015-08-24,XSHG
450,10000294.XSHG,0.6315,0.7416,2015-08-24,XSHG
451,10000295.XSHG,0.692,0.7998,2015-08-24,XSHG
452,10000292.XSHG,0.5498,0.6784,2015-08-24,XSHG
453,10000293.XSHG,0.6866,0.7436,2015-08-24,XSHG
454,10000290.XSHG,0.0559,0.046,2015-08-24,XSHG
455,10000291.XSHG,0.0518,0.0414,2015-08-24,XSHG
456,10000298.XSHG,0.8499,0.9423,2015-08-24,XSHG
457,10000299.XSHG,0.006,0.0008,2015-08-24,XSHG
458,10000307.XSHG,0.1342,0.099,2015-08-24,XSHG
459,10000238.XSHG,0.0318,0.0287,2015-08-24,XSHG
460,10000239.XSHG,0.684,0.7978,2015-08-24,XSHG
461,10000182.XSHG,1.2332,1.4039,2015-08-24,XSHG
462,10000183.XSHG,0.021,0.0209,2015-08-24,XSHG
463,10000181.XSHG,0.0015,0.0006,2015-08-24,XSHG
464,10000186.XSHG,0.0138,0.0166,2015-08-24,XSHG
465,10000187.XSHG,0.012,0.0152,2015-08-24,XSHG
466,10000184.XSHG,0.017,0.0168,2015-08-24,XSHG
467,10000185.XSHG,0.0151,0.0169,2015-08-24,XSHG
468,10000188.XSHG,1.0278,0.9756,2015-08-24,XSHG
469,10000189.XSHG,0.9952,1.0959,2015-08-24,XSHG
470,10000368.XSHG,0.1114,0.1289,2015-08-25,XSHG
471,10000369.XSHG,0.2391,0.35,2015-08-25,XSHG
472,10000362.XSHG,0.217,0.2839,2015-08-25,XSHG
473,10000363.XSHG,0.2405,0.319,2015-08-25,XSHG
474,10000360.XSHG,0.0725,0.0718,2015-08-25,XSHG
475,10000361.XSHG,0.19,0.253,2015-08-25,XSHG
476,10000366.XSHG,0.1399,0.1531,2015-08-25,XSHG
477,10000367.XSHG,0.1312,0.1352,2015-08-25,XSHG
478,10000364.XSHG,0.2719,0.3528,2015-08-25,XSHG
479,10000365.XSHG,0.1576,0.1615,2015-08-25,XSHG
480,10000201.XSHG,0.017,0.025,2015-08-25,XSHG
481,10000200.XSHG,1.5452,1.6658,2015-08-25,XSHG
482,10000203.XSHG,0.0181,0.0279,2015-08-25,XSHG
483,10000202.XSHG,1.0255,1.1803,2015-08-25,XSHG
484,10000205.XSHG,0.0234,0.042,2015-08-25,XSHG
485,10000204.XSHG,0.9801,1.139,2015-08-25,XSHG
486,10000206.XSHG,0.9348,1.05,2015-08-25,XSHG
487,10000165.XSHG,0.0007,0.002,2015-08-25,XSHG
488,10000166.XSHG,1.2532,1.3943,2015-08-25,XSHG
489,10000197.XSHG,0.0013,0.0013,2015-08-25,XSHG
490,10000191.XSHG,1.3407,1.4932,2015-08-25,XSHG
491,10000190.XSHG,1.2543,1.3887,2015-08-25,XSHG
492,10000192.XSHG,1.4379,1.6086,2015-08-25,XSHG
493,10000055.XSHG,0.018,0.0177,2015-08-25,XSHG
494,10000056.XSHG,0.5891,0.7048,2015-08-25,XSHG
495,10000199.XSHG,0.0114,0.0167,2015-08-25,XSHG
496,10000198.XSHG,1.5409,1.686,2015-08-25,XSHG
497,10000379.XSHG,0.3043,0.4,2015-08-25,XSHG
498,10000378.XSHG,0.2753,0.3696,2015-08-25,XSHG
499,10000375.XSHG,0.1473,0.1509,2015-08-25,XSHG
500,10000374.XSHG,0.1651,0.1664,2015-08-25,XSHG
501,10000377.XSHG,0.2482,0.3367,2015-08-25,XSHG
502,10000376.XSHG,0.1415,0.1359,2015-08-25,XSHG
503,10000371.XSHG,0.2913,0.4074,2015-08-25,XSHG
504,10000370.XSHG,0.2618,0.3441,2015-08-25,XSHG
505,10000373.XSHG,0.1965,0.1858,2015-08-25,XSHG
506,10000372.XSHG,0.3215,0.4052,2015-08-25,XSHG
507,10000274.XSHG,0.7801,0.9429,2015-08-25,XSHG
508,10000277.XSHG,0.0001,0.0001,2015-08-25,XSHG
509,10000270.XSHG,0.0315,0.0357,2015-08-25,XSHG
510,10000271.XSHG,0.0288,0.0329,2015-08-25,XSHG
511,10000272.XSHG,0.7118,0.8403,2015-08-25,XSHG
512,10000273.XSHG,0.7525,0.8917,2015-08-25,XSHG
513,10000173.XSHG,0.0004,0.0019,2015-08-25,XSHG
514,10000278.XSHG,0.5987,0.69,2015-08-25,XSHG
515,10000279.XSHG,0.0385,0.0877,2015-08-25,XSHG
516,10000174.XSHG,1.3504,1.4855,2015-08-25,XSHG
517,10000289.XSHG,0.0412,0.0445,2015-08-25,XSHG
518,10000288.XSHG,0.0445,0.0478,2015-08-25,XSHG
519,10000048.XSHG,0.5477,0.6486,2015-08-25,XSHG
520,10000047.XSHG,0.0152,0.0226,2015-08-25,XSHG
521,10000280.XSHG,0.6683,0.7805,2015-08-25,XSHG
522,10000283.XSHG,0.0001,0.0001,2015-08-25,XSHG
523,10000285.XSHG,0.0427,0.0492,2015-08-25,XSHG
524,10000284.XSHG,0.5499,0.645,2015-08-25,XSHG
525,10000287.XSHG,0.0483,0.0497,2015-08-25,XSHG
526,10000040.XSHG,0.4993,0.6294,2015-08-25,XSHG
527,10000380.XSHG,0.3361,0.3947,2015-08-25,XSHG
528,10000329.XSHG,0.0016,0.0002,2015-08-25,XSHG
529,10000267.XSHG,0.7321,0.86,2015-08-25,XSHG
530,10000266.XSHG,0.6976,0.7898,2015-08-25,XSHG
531,10000265.XSHG,0.65,0.7579,2015-08-25,XSHG
532,10000264.XSHG,0.0001,0.0001,2015-08-25,XSHG
533,10000263.XSHG,0.0001,0.0001,2015-08-25,XSHG
534,10000262.XSHG,0.0001,0.0001,2015-08-25,XSHG
535,10000261.XSHG,0.0002,0.0001,2015-08-25,XSHG
536,10000149.XSHG,0.0023,0.003,2015-08-25,XSHG
537,10000300.XSHG,0.0008,0.0001,2015-08-25,XSHG
538,10000301.XSHG,0.5599,0.548,2015-08-25,XSHG
539,10000302.XSHG,0.5017,0.61,2015-08-25,XSHG
540,10000303.XSHG,0.0499,0.0574,2015-08-25,XSHG
541,10000304.XSHG,0.0477,0.0526,2015-08-25,XSHG
542,10000305.XSHG,0.5405,0.6717,2015-08-25,XSHG
543,10000140.XSHG,0.0021,0.0024,2015-08-25,XSHG
544,10000141.XSHG,0.9701,1.0812,2015-08-25,XSHG
545,10000080.XSHG,0.7282,0.8263,2015-08-25,XSHG
546,10000087.XSHG,0.0045,0.009,2015-08-25,XSHG
547,10000072.XSHG,0.6814,0.7842,2015-08-25,XSHG
548,10000071.XSHG,0.0082,0.0105,2015-08-25,XSHG
549,10000079.XSHG,0.0065,0.0097,2015-08-25,XSHG
550,10000252.XSHG,0.0001,0.0001,2015-08-25,XSHG
551,10000253.XSHG,0.8418,0.9478,2015-08-25,XSHG
552,10000250.XSHG,1.2251,1.2855,2015-08-25,XSHG
553,10000251.XSHG,0.0001,0.0002,2015-08-25,XSHG
554,10000254.XSHG,0.8896,1.008,2015-08-25,XSHG
555,10000150.XSHG,1.0539,1.1872,2015-08-25,XSHG
556,10000319.XSHG,0.0669,0.0656,2015-08-25,XSHG
557,10000318.XSHG,0.41,0.4637,2015-08-25,XSHG
558,10000157.XSHG,0.0005,0.002,2015-08-25,XSHG
559,10000313.XSHG,0.5946,0.7149,2015-08-25,XSHG
560,10000312.XSHG,0.5413,0.6742,2015-08-25,XSHG
561,10000311.XSHG,0.055,0.0551,2015-08-25,XSHG
562,10000310.XSHG,0.0573,0.058,2015-08-25,XSHG
563,10000317.XSHG,0.0009,0.0003,2015-08-25,XSHG
564,10000316.XSHG,0.7189,0.8514,2015-08-25,XSHG
565,10000096.XSHG,0.8226,0.9255,2015-08-25,XSHG
566,10000314.XSHG,0.6245,0.7453,2015-08-25,XSHG
567,10000064.XSHG,0.635,0.76,2015-08-25,XSHG
568,10000063.XSHG,0.0094,0.0136,2015-08-25,XSHG
569,10000286.XSHG,0.624,0.6856,2015-08-25,XSHG
570,10000249.XSHG,1.1287,1.2651,2015-08-25,XSHG
571,10000248.XSHG,1.0331,1.1224,2015-08-25,XSHG
572,10000245.XSHG,0.0001,0.0001,2015-08-25,XSHG
573,10000244.XSHG,0.0001,0.0001,2015-08-25,XSHG
574,10000247.XSHG,0.9852,1.1,2015-08-25,XSHG
575,10000246.XSHG,0.9374,1.0366,2015-08-25,XSHG
576,10000241.XSHG,0.0001,0.0001,2015-08-25,XSHG
577,10000240.XSHG,0.8897,1.0045,2015-08-25,XSHG
578,10000243.XSHG,0.0001,0.0001,2015-08-25,XSHG
579,10000242.XSHG,0.0001,0.0001,2015-08-25,XSHG
580,10000125.XSHG,0.0019,0.0051,2015-08-25,XSHG
581,10000126.XSHG,0.925,1.0188,2015-08-25,XSHG
582,10000088.XSHG,0.7752,0.8831,2015-08-25,XSHG
583,10000328.XSHG,0.4754,0.5542,2015-08-25,XSHG
584,10000158.XSHG,1.18,1.2384,2015-08-25,XSHG
585,10000326.XSHG,0.4591,0.5389,2015-08-25,XSHG
586,10000327.XSHG,0.0846,0.0919,2015-08-25,XSHG
587,10000324.XSHG,0.36,0.4234,2015-08-25,XSHG
588,10000325.XSHG,0.0674,0.0818,2015-08-25,XSHG
589,10000322.XSHG,0.5104,0.5909,2015-08-25,XSHG
590,10000323.XSHG,0.0012,0.0001,2015-08-25,XSHG
591,10000320.XSHG,0.499,0.5912,2015-08-25,XSHG
592,10000321.XSHG,0.076,0.0818,2015-08-25,XSHG
593,10000095.XSHG,0.0039,0.0076,2015-08-25,XSHG
594,10000315.XSHG,0.677,0.8081,2015-08-25,XSHG
595,10000036.XSHG,0.3502,0.436,2015-08-25,XSHG
596,10000037.XSHG,0.3629,0.47,2015-08-25,XSHG
597,10000034.XSHG,0.0274,0.031,2015-08-25,XSHG
598,10000035.XSHG,0.0301,0.0294,2015-08-25,XSHG
599,10000032.XSHG,0.0631,0.0434,2015-08-25,XSHG
600,10000033.XSHG,0.0499,0.0367,2015-08-25,XSHG
601,10000031.XSHG,0.0652,0.057,2015-08-25,XSHG
602,10000038.XSHG,0.4034,0.5099,2015-08-25,XSHG
603,10000039.XSHG,0.4561,0.549,2015-08-25,XSHG
604,10000331.XSHG,0.0739,0.087,2015-08-25,XSHG
605,10000330.XSHG,0.3087,0.3899,2015-08-25,XSHG
606,10000333.XSHG,0.0962,0.1011,2015-08-25,XSHG
607,10000332.XSHG,0.4201,0.4973,2015-08-25,XSHG
608,10000335.XSHG,0.005,0.0002,2015-08-25,XSHG
609,10000334.XSHG,0.4415,0.5509,2015-08-25,XSHG
610,10000337.XSHG,0.2263,0.2056,2015-08-25,XSHG
611,10000336.XSHG,0.002,0.0002,2015-08-25,XSHG
612,10000339.XSHG,0.07,0.0619,2015-08-25,XSHG
613,10000338.XSHG,0.2684,0.2981,2015-08-25,XSHG
614,10000139.XSHG,0.0018,0.0027,2015-08-25,XSHG
615,10000237.XSHG,0.0264,0.0333,2015-08-25,XSHG
616,10000308.XSHG,0.0692,0.0669,2015-08-25,XSHG
617,10000309.XSHG,0.0629,0.0626,2015-08-25,XSHG
618,10000228.XSHG,1.6757,1.807,2015-08-25,XSHG
619,10000103.XSHG,0.0034,0.0064,2015-08-25,XSHG
620,10000104.XSHG,0.8725,0.9925,2015-08-25,XSHG
621,10000344.XSHG,0.3821,0.4837,2015-08-25,XSHG
622,10000345.XSHG,0.1245,0.1265,2015-08-25,XSHG
623,10000346.XSHG,0.1095,0.1196,2015-08-25,XSHG
624,10000347.XSHG,0.3964,0.43,2015-08-25,XSHG
625,10000340.XSHG,0.33,0.3903,2015-08-25,XSHG
626,10000341.XSHG,0.0946,0.1101,2015-08-25,XSHG
627,10000342.XSHG,0.082,0.0947,2015-08-25,XSHG
628,10000343.XSHG,0.3532,0.4429,2015-08-25,XSHG
629,10000348.XSHG,0.404,0.4701,2015-08-25,XSHG
630,10000349.XSHG,0.06,0.0199,2015-08-25,XSHG
631,10000225.XSHG,0.001,0.0006,2015-08-25,XSHG
632,10000142.XSHG,1.0131,1.137,2015-08-25,XSHG
633,10000226.XSHG,1.6366,1.77,2015-08-25,XSHG
634,10000269.XSHG,0.0347,0.0404,2015-08-25,XSHG
635,10000268.XSHG,0.794,0.899,2015-08-25,XSHG
636,10000306.XSHG,0.5829,0.6868,2015-08-25,XSHG
637,10000296.XSHG,0.9307,1.0682,2015-08-25,XSHG
638,10000297.XSHG,0.0313,0.0342,2015-08-25,XSHG
639,10000294.XSHG,0.8447,0.9597,2015-08-25,XSHG
640,10000295.XSHG,0.8877,1.0124,2015-08-25,XSHG
641,10000292.XSHG,0.756,0.8368,2015-08-25,XSHG
642,10000293.XSHG,0.8024,0.9363,2015-08-25,XSHG
643,10000290.XSHG,0.0378,0.0404,2015-08-25,XSHG
644,10000291.XSHG,0.0345,0.0372,2015-08-25,XSHG
645,10000298.XSHG,0.9742,1.101,2015-08-25,XSHG
646,10000299.XSHG,0.001,0.0001,2015-08-25,XSHG
647,10000357.XSHG,0.1475,0.1181,2015-08-25,XSHG
648,10000356.XSHG,0.1762,0.143,2015-08-25,XSHG
649,10000355.XSHG,0.1519,0.1676,2015-08-25,XSHG
650,10000354.XSHG,0.121,0.1446,2015-08-25,XSHG
651,10000353.XSHG,0.0992,0.1,2015-08-25,XSHG
652,10000352.XSHG,0.0079,0.0005,2015-08-25,XSHG
653,10000351.XSHG,0.035,0.0014,2015-08-25,XSHG
654,10000350.XSHG,0.0235,0.0057,2015-08-25,XSHG
655,10000307.XSHG,0.0763,0.0796,2015-08-25,XSHG
656,10000359.XSHG,0.0886,0.0858,2015-08-25,XSHG
657,10000358.XSHG,0.1027,0.0997,2015-08-25,XSHG
658,10000238.XSHG,0.0243,0.028,2015-08-25,XSHG
659,10000239.XSHG,0.8449,0.9746,2015-08-25,XSHG
660,10000227.XSHG,0.0102,0.015,2015-08-25,XSHG
661,10000182.XSHG,1.4457,1.5633,2015-08-25,XSHG
662,10000183.XSHG,0.0176,0.0252,2015-08-25,XSHG
663,10000181.XSHG,0.0004,0.0011,2015-08-25,XSHG
664,10000186.XSHG,0.0153,0.0179,2015-08-25,XSHG
665,10000187.XSHG,0.0127,0.0208,2015-08-25,XSHG
666,10000184.XSHG,0.0149,0.0209,2015-08-25,XSHG
667,10000185.XSHG,0.016,0.0216,2015-08-25,XSHG
668,10000188.XSHG,1.0711,1.2041,2015-08-25,XSHG
669,10000189.XSHG,1.1625,1.3006,2015-08-25,XSHG
670,10000368.XSHG,0.1202,0.1423,2015-08-26,XSHG
671,10000369.XSHG,0.2894,0.2665,2015-08-26,XSHG
672,10000362.XSHG,0.2558,0.257,2015-08-26,XSHG
673,10000363.XSHG,0.225,0.2937,2015-08-26,XSHG
674,10000360.XSHG,0.0913,0.0687,2015-08-26,XSHG
675,10000361.XSHG,0.2131,0.227,2015-08-26,XSHG
676,10000366.XSHG,0.1533,0.17,2015-08-26,XSHG
677,10000367.XSHG,0.1359,0.1538,2015-08-26,XSHG
678,10000364.XSHG,0.32,0.3213,2015-08-26,XSHG
679,10000365.XSHG,0.1739,0.1864,2015-08-26,XSHG
680,10000201.XSHG,0.0256,0.0316,2015-08-26,XSHG
681,10000200.XSHG,1.5571,1.6393,2015-08-26,XSHG
682,10000203.XSHG,0.0301,0.035,2015-08-26,XSHG
683,10000202.XSHG,1.0547,1.1035,2015-08-26,XSHG
684,10000205.XSHG,0.0315,0.0361,2015-08-26,XSHG
685,10000204.XSHG,1.0084,1.0592,2015-08-26,XSHG
686,10000206.XSHG,1.0027,0.985,2015-08-26,XSHG
687,10000165.XSHG,0.002,0.002,2015-08-26,XSHG
688,10000166.XSHG,1.3221,1.3321,2015-08-26,XSHG
689,10000197.XSHG,0.0014,0.001,2015-08-26,XSHG
690,10000191.XSHG,1.4984,1.4397,2015-08-26,XSHG
691,10000190.XSHG,1.2724,1.3435,2015-08-26,XSHG
692,10000192.XSHG,1.55,1.5371,2015-08-26,XSHG
693,10000055.XSHG,0.0186,0.013,2015-08-26,XSHG
694,10000056.XSHG,0.6565,0.6471,2015-08-26,XSHG
695,10000199.XSHG,0.017,0.0204,2015-08-26,XSHG
696,10000198.XSHG,1.6356,1.631,2015-08-26,XSHG
697,10000379.XSHG,0.366,0.3549,2015-08-26,XSHG
698,10000378.XSHG,0.3382,0.35,2015-08-26,XSHG
699,10000375.XSHG,0.1643,0.1925,2015-08-26,XSHG
700,10000374.XSHG,0.1808,0.2085,2015-08-26,XSHG
701,10000377.XSHG,0.3081,0.29,2015-08-26,XSHG
702,10000376.XSHG,0.1479,0.177,2015-08-26,XSHG
703,10000371.XSHG,0.3728,0.3239,2015-08-26,XSHG
704,10000370.XSHG,0.3202,0.3137,2015-08-26,XSHG
705,10000373.XSHG,0.2016,0.2201,2015-08-26,XSHG
706,10000372.XSHG,0.3428,0.3679,2015-08-26,XSHG
707,10000274.XSHG,0.8274,0.8706,2015-08-26,XSHG
708,10000277.XSHG,0.0001,0.0001,2015-08-26,XSHG
709,10000270.XSHG,0.0387,0.0512,2015-08-26,XSHG
710,10000271.XSHG,0.0357,0.0444,2015-08-26,XSHG
711,10000272.XSHG,0.7513,0.782,2015-08-26,XSHG
712,10000273.XSHG,0.7964,0.8242,2015-08-26,XSHG
713,10000173.XSHG,0.0017,0.0025,2015-08-26,XSHG
714,10000278.XSHG,0.6253,0.6274,2015-08-26,XSHG
715,10000279.XSHG,0.0512,0.0605,2015-08-26,XSHG
716,10000174.XSHG,1.4259,1.4316,2015-08-26,XSHG
717,10000289.XSHG,0.0481,0.0546,2015-08-26,XSHG
718,10000288.XSHG,0.0497,0.0685,2015-08-26,XSHG
719,10000048.XSHG,0.5981,0.6221,2015-08-26,XSHG
720,10000047.XSHG,0.0235,0.016,2015-08-26,XSHG
721,10000280.XSHG,0.7114,0.7398,2015-08-26,XSHG
722,10000283.XSHG,0.0001,0.0001,2015-08-26,XSHG
723,10000285.XSHG,0.0549,0.0631,2015-08-26,XSHG
724,10000284.XSHG,0.6,0.5717,2015-08-26,XSHG
725,10000287.XSHG,0.0528,0.0703,2015-08-26,XSHG
726,10000040.XSHG,0.572,0.58,2015-08-26,XSHG
727,10000380.XSHG,0.389,0.3808,2015-08-26,XSHG
728,10000381.XSHG,0.0501,0.1444,2015-08-26,XSHG
729,10000402.XSHG,0.2252,0.226,2015-08-26,XSHG
730,10000383.XSHG,0.0443,0.054,2015-08-26,XSHG
731,10000384.XSHG,0.0089,0.0001,2015-08-26,XSHG
732,10000385.XSHG,0.0154,0.0001,2015-08-26,XSHG
733,10000386.XSHG,0.0322,0.0001,2015-08-26,XSHG
734,10000387.XSHG,0.2046,0.19,2015-08-26,XSHG
735,10000388.XSHG,0.1699,0.1629,2015-08-26,XSHG
736,10000389.XSHG,0.144,0.1376,2015-08-26,XSHG
737,10000329.XSHG,0.0005,0.0001,2015-08-26,XSHG
738,10000267.XSHG,0.7761,0.7318,2015-08-26,XSHG
739,10000266.XSHG,0.75,0.7415,2015-08-26,XSHG
740,10000265.XSHG,0.685,0.675,2015-08-26,XSHG
741,10000264.XSHG,0.0001,0.0001,2015-08-26,XSHG
742,10000263.XSHG,0.0005,0.0001,2015-08-26,XSHG
743,10000262.XSHG,0.0001,0.0001,2015-08-26,XSHG
744,10000261.XSHG,0.0001,0.0001,2015-08-26,XSHG
745,10000149.XSHG,0.0037,0.001,2015-08-26,XSHG
746,10000300.XSHG,0.0005,0.0001,2015-08-26,XSHG
747,10000301.XSHG,0.49,0.4601,2015-08-26,XSHG
748,10000302.XSHG,0.5246,0.5021,2015-08-26,XSHG
749,10000303.XSHG,0.0623,0.0736,2015-08-26,XSHG
750,10000304.XSHG,0.0577,0.0692,2015-08-26,XSHG
751,10000305.XSHG,0.6025,0.6002,2015-08-26,XSHG
752,10000140.XSHG,0.0038,0.0027,2015-08-26,XSHG
753,10000141.XSHG,1.0252,1.0356,2015-08-26,XSHG
754,10000080.XSHG,0.7907,0.8202,2015-08-26,XSHG
755,10000395.XSHG,0.1939,0.2169,2015-08-26,XSHG
756,10000087.XSHG,0.0093,0.0068,2015-08-26,XSHG
757,10000400.XSHG,0.2511,0.2696,2015-08-26,XSHG
758,10000072.XSHG,0.7457,0.7573,2015-08-26,XSHG
759,10000071.XSHG,0.02,0.009,2015-08-26,XSHG
760,10000390.XSHG,0.1345,0.1485,2015-08-26,XSHG
761,10000079.XSHG,0.0104,0.0075,2015-08-26,XSHG
762,10000399.XSHG,0.2765,0.3001,2015-08-26,XSHG
763,10000393.XSHG,0.2428,0.265,2015-08-26,XSHG
764,10000392.XSHG,0.2133,0.1958,2015-08-26,XSHG
765,10000391.XSHG,0.1842,0.1747,2015-08-26,XSHG
766,10000404.XSHG,0.2693,0.2766,2015-08-26,XSHG
767,10000403.XSHG,0.2666,0.2482,2015-08-26,XSHG
768,10000396.XSHG,0.2099,0.2048,2015-08-26,XSHG
769,10000401.XSHG,0.2486,0.2483,2015-08-26,XSHG
770,10000394.XSHG,0.2181,0.2341,2015-08-26,XSHG
771,10000252.XSHG,0.0001,0.0001,2015-08-26,XSHG
772,10000253.XSHG,0.88,0.8728,2015-08-26,XSHG
773,10000250.XSHG,1.275,1.225,2015-08-26,XSHG
774,10000251.XSHG,0.0007,0.0001,2015-08-26,XSHG
775,10000254.XSHG,0.9055,0.8903,2015-08-26,XSHG
776,10000150.XSHG,1.1207,1.1246,2015-08-26,XSHG
777,10000319.XSHG,0.0709,0.0834,2015-08-26,XSHG
778,10000318.XSHG,0.4212,0.3978,2015-08-26,XSHG
779,10000397.XSHG,0.2382,0.2305,2015-08-26,XSHG
780,10000157.XSHG,0.0039,0.0015,2015-08-26,XSHG
781,10000313.XSHG,0.642,0.6169,2015-08-26,XSHG
782,10000312.XSHG,0.6033,0.5729,2015-08-26,XSHG
783,10000311.XSHG,0.0566,0.0778,2015-08-26,XSHG
784,10000310.XSHG,0.062,0.0834,2015-08-26,XSHG
785,10000317.XSHG,0.0002,0.0001,2015-08-26,XSHG
786,10000316.XSHG,0.7652,0.8101,2015-08-26,XSHG
787,10000096.XSHG,0.8836,0.9088,2015-08-26,XSHG
788,10000314.XSHG,0.6844,0.7351,2015-08-26,XSHG
789,10000064.XSHG,0.7003,0.7191,2015-08-26,XSHG
790,10000063.XSHG,0.0172,0.0083,2015-08-26,XSHG
791,10000286.XSHG,0.6694,0.6748,2015-08-26,XSHG
792,10000249.XSHG,1.175,1.11,2015-08-26,XSHG
793,10000248.XSHG,1.0586,1.057,2015-08-26,XSHG
794,10000382.XSHG,0.0784,0.095,2015-08-26,XSHG
795,10000245.XSHG,0.0001,0.0001,2015-08-26,XSHG
796,10000244.XSHG,0.0001,0.0001,2015-08-26,XSHG
797,10000247.XSHG,1.025,0.9833,2015-08-26,XSHG
798,10000246.XSHG,0.975,0.9406,2015-08-26,XSHG
799,10000241.XSHG,0.0001,0.0001,2015-08-26,XSHG
800,10000240.XSHG,0.9176,0.9312,2015-08-26,XSHG
801,10000243.XSHG,0.0001,0.0001,2015-08-26,XSHG
802,10000242.XSHG,0.0001,0.0001,2015-08-26,XSHG
803,10000125.XSHG,0.0053,0.0035,2015-08-26,XSHG
804,10000126.XSHG,0.9777,0.9909,2015-08-26,XSHG
805,10000088.XSHG,0.85,0.8507,2015-08-26,XSHG
806,10000328.XSHG,0.5277,0.5017,2015-08-26,XSHG
807,10000158.XSHG,1.2224,1.2329,2015-08-26,XSHG
808,10000326.XSHG,0.5073,0.5112,2015-08-26,XSHG
809,10000327.XSHG,0.0996,0.1259,2015-08-26,XSHG
810,10000324.XSHG,0.3722,0.378,2015-08-26,XSHG
811,10000325.XSHG,0.0765,0.0929,2015-08-26,XSHG
812,10000322.XSHG,0.5651,0.57,2015-08-26,XSHG
813,10000323.XSHG,0.0001,0.0001,2015-08-26,XSHG
814,10000320.XSHG,0.5459,0.5601,2015-08-26,XSHG
815,10000321.XSHG,0.0895,0.1136,2015-08-26,XSHG
816,10000095.XSHG,0.0079,0.0038,2015-08-26,XSHG
817,10000315.XSHG,0.7224,0.765,2015-08-26,XSHG
818,10000036.XSHG,0.3842,0.4033,2015-08-26,XSHG
819,10000037.XSHG,0.4404,0.4371,2015-08-26,XSHG
820,10000034.XSHG,0.039,0.023,2015-08-26,XSHG
821,10000035.XSHG,0.033,0.0214,2015-08-26,XSHG
822,10000032.XSHG,0.0487,0.0396,2015-08-26,XSHG
823,10000033.XSHG,0.041,0.0312,2015-08-26,XSHG
824,10000031.XSHG,0.07,0.0505,2015-08-26,XSHG
825,10000038.XSHG,0.482,0.4775,2015-08-26,XSHG
826,10000039.XSHG,0.529,0.5201,2015-08-26,XSHG
827,10000331.XSHG,0.0844,0.1001,2015-08-26,XSHG
828,10000330.XSHG,0.3287,0.2955,2015-08-26,XSHG
829,10000333.XSHG,0.111,0.145,2015-08-26,XSHG
830,10000332.XSHG,0.4736,0.4649,2015-08-26,XSHG
831,10000335.XSHG,0.0003,0.0001,2015-08-26,XSHG
832,10000334.XSHG,0.5006,0.4484,2015-08-26,XSHG
833,10000337.XSHG,0.2289,0.2076,2015-08-26,XSHG
834,10000336.XSHG,0.0003,0.0001,2015-08-26,XSHG
835,10000339.XSHG,0.08,0.056,2015-08-26,XSHG
836,10000338.XSHG,0.2758,0.261,2015-08-26,XSHG
837,10000139.XSHG,0.0043,0.003,2015-08-26,XSHG
838,10000237.XSHG,0.0328,0.0423,2015-08-26,XSHG
839,10000308.XSHG,0.0729,0.0912,2015-08-26,XSHG
840,10000309.XSHG,0.0673,0.0926,2015-08-26,XSHG
841,10000228.XSHG,1.6478,1.733,2015-08-26,XSHG
842,10000103.XSHG,0.0077,0.0031,2015-08-26,XSHG
843,10000104.XSHG,0.9305,0.9363,2015-08-26,XSHG
844,10000344.XSHG,0.4127,0.4689,2015-08-26,XSHG
845,10000345.XSHG,0.1371,0.1639,2015-08-26,XSHG
846,10000346.XSHG,0.1257,0.1482,2015-08-26,XSHG
847,10000347.XSHG,0.4234,0.4199,2015-08-26,XSHG
848,10000340.XSHG,0.3607,0.3691,2015-08-26,XSHG
849,10000341.XSHG,0.1062,0.1241,2015-08-26,XSHG
850,10000342.XSHG,0.0937,0.1141,2015-08-26,XSHG
851,10000343.XSHG,0.4103,0.4205,2015-08-26,XSHG
852,10000348.XSHG,0.4562,0.4667,2015-08-26,XSHG
853,10000349.XSHG,0.0249,0.0084,2015-08-26,XSHG
854,10000225.XSHG,0.0014,0.0006,2015-08-26,XSHG
855,10000398.XSHG,0.2688,0.2462,2015-08-26,XSHG
856,10000142.XSHG,1.0728,1.0994,2015-08-26,XSHG
857,10000226.XSHG,1.7708,1.7127,2015-08-26,XSHG
858,10000269.XSHG,0.0438,0.052,2015-08-26,XSHG
859,10000268.XSHG,0.8263,0.7854,2015-08-26,XSHG
860,10000306.XSHG,0.6278,0.6562,2015-08-26,XSHG
861,10000296.XSHG,0.9484,1.0223,2015-08-26,XSHG
862,10000297.XSHG,0.0359,0.0488,2015-08-26,XSHG
863,10000294.XSHG,0.8612,0.8507,2015-08-26,XSHG
864,10000295.XSHG,0.91,0.95,2015-08-26,XSHG
865,10000292.XSHG,0.7749,0.7681,2015-08-26,XSHG
866,10000293.XSHG,0.8185,0.8235,2015-08-26,XSHG
867,10000290.XSHG,0.0409,0.0571,2015-08-26,XSHG
868,10000291.XSHG,0.038,0.0526,2015-08-26,XSHG
869,10000298.XSHG,0.9924,1.03,2015-08-26,XSHG
870,10000299.XSHG,0.0001,0.0001,2015-08-26,XSHG
871,10000357.XSHG,0.1352,0.114,2015-08-26,XSHG
872,10000356.XSHG,0.1819,0.1565,2015-08-26,XSHG
873,10000355.XSHG,0.1364,0.1031,2015-08-26,XSHG
874,10000354.XSHG,0.0957,0.0465,2015-08-26,XSHG
875,10000353.XSHG,0.0481,0.0009,2015-08-26,XSHG
876,10000352.XSHG,0.0008,0.0001,2015-08-26,XSHG
877,10000351.XSHG,0.0019,0.0001,2015-08-26,XSHG
878,10000350.XSHG,0.01,0.0001,2015-08-26,XSHG
879,10000307.XSHG,0.083,0.1063,2015-08-26,XSHG
880,10000359.XSHG,0.1045,0.0824,2015-08-26,XSHG
881,10000358.XSHG,0.1238,0.098,2015-08-26,XSHG
882,10000238.XSHG,0.0309,0.037,2015-08-26,XSHG
883,10000239.XSHG,0.905,0.8956,2015-08-26,XSHG
884,10000227.XSHG,0.0151,0.0184,2015-08-26,XSHG
885,10000182.XSHG,1.4661,1.5009,2015-08-26,XSHG
886,10000183.XSHG,0.0253,0.0317,2015-08-26,XSHG
887,10000181.XSHG,0.0015,0.0015,2015-08-26,XSHG
888,10000186.XSHG,0.0187,0.0238,2015-08-26,XSHG
889,10000187.XSHG,0.0191,0.0224,2015-08-26,XSHG
890,10000184.XSHG,0.0218,0.0294,2015-08-26,XSHG
891,10000185.XSHG,0.0208,0.0285,2015-08-26,XSHG
892,10000188.XSHG,1.1004,1.17,2015-08-26,XSHG
893,10000189.XSHG,1.1911,1.246,2015-08-26,XSHG
894,10000368.XSHG,0.1502,0.1821,2015-08-27,XSHG
895,10000369.XSHG,0.255,0.2179,2015-08-27,XSHG
896,10000362.XSHG,0.2235,0.136,2015-08-27,XSHG
897,10000363.XSHG,0.2688,0.1661,2015-08-27,XSHG
898,10000360.XSHG,0.0789,0.111,2015-08-27,XSHG
899,10000361.XSHG,0.1825,0.1125,2015-08-27,XSHG
900,10000366.XSHG,0.1898,0.2166,2015-08-27,XSHG
901,10000367.XSHG,0.1661,0.2113,2015-08-27,XSHG
902,10000364.XSHG,0.3017,0.1931,2015-08-27,XSHG
903,10000365.XSHG,0.21,0.2424,2015-08-27,XSHG
904,10000201.XSHG,0.0343,0.036,2015-08-27,XSHG
905,10000200.XSHG,1.542,1.6396,2015-08-27,XSHG
906,10000203.XSHG,0.0369,0.039,2015-08-27,XSHG
907,10000202.XSHG,1.0295,1.0004,2015-08-27,XSHG
908,10000205.XSHG,0.0392,0.0438,2015-08-27,XSHG
909,10000204.XSHG,0.9835,0.9326,2015-08-27,XSHG
910,10000206.XSHG,0.94,0.91,2015-08-27,XSHG
911,10000165.XSHG,0.0017,0.0013,2015-08-27,XSHG
912,10000166.XSHG,1.296,1.1787,2015-08-27,XSHG
913,10000197.XSHG,0.0009,0.0012,2015-08-27,XSHG
914,10000191.XSHG,1.3539,1.4447,2015-08-27,XSHG
915,10000190.XSHG,1.2605,1.3137,2015-08-27,XSHG
916,10000192.XSHG,1.4478,1.489,2015-08-27,XSHG
917,10000055.XSHG,0.0158,0.0185,2015-08-27,XSHG
918,10000056.XSHG,0.6268,0.5011,2015-08-27,XSHG
919,10000199.XSHG,0.0211,0.0196,2015-08-27,XSHG
920,10000198.XSHG,1.583,1.4788,2015-08-27,XSHG
921,10000379.XSHG,0.3359,0.3059,2015-08-27,XSHG
922,10000378.XSHG,0.3203,0.2804,2015-08-27,XSHG
923,10000375.XSHG,0.2,0.2394,2015-08-27,XSHG
924,10000374.XSHG,0.2177,0.2619,2015-08-27,XSHG
925,10000377.XSHG,0.2736,0.2555,2015-08-27,XSHG
926,10000376.XSHG,0.1839,0.2201,2015-08-27,XSHG
927,10000371.XSHG,0.301,0.2859,2015-08-27,XSHG
928,10000370.XSHG,0.2709,0.2527,2015-08-27,XSHG
929,10000373.XSHG,0.2386,0.28,2015-08-27,XSHG
930,10000372.XSHG,0.3686,0.308,2015-08-27,XSHG
931,10000274.XSHG,0.8078,0.77,2015-08-27,XSHG
932,10000270.XSHG,0.0549,0.065,2015-08-27,XSHG
933,10000271.XSHG,0.0482,0.0587,2015-08-27,XSHG
934,10000272.XSHG,0.7169,0.687,2015-08-27,XSHG
935,10000273.XSHG,0.7608,0.7555,2015-08-27,XSHG
936,10000173.XSHG,0.0013,0.0015,2015-08-27,XSHG
937,10000279.XSHG,0.0656,0.0798,2015-08-27,XSHG
938,10000174.XSHG,1.376,1.2901,2015-08-27,XSHG
939,10000289.XSHG,0.0614,0.084,2015-08-27,XSHG
940,10000288.XSHG,0.0683,0.0904,2015-08-27,XSHG
941,10000048.XSHG,0.5662,0.4664,2015-08-27,XSHG
942,10000047.XSHG,0.0188,0.0268,2015-08-27,XSHG
943,10000280.XSHG,0.6747,0.65,2015-08-27,XSHG
944,10000392.XSHG,0.1751,0.0919,2015-08-27,XSHG
945,10000285.XSHG,0.0685,0.0877,2015-08-27,XSHG
946,10000287.XSHG,0.0738,0.0918,2015-08-27,XSHG
947,10000040.XSHG,0.525,0.422,2015-08-27,XSHG
948,10000414.XSHG,0.3076,0.2397,2015-08-27,XSHG
949,10000393.XSHG,0.2748,0.3325,2015-08-27,XSHG
950,10000410.XSHG,0.1956,0.1376,2015-08-27,XSHG
951,10000411.XSHG,0.2299,0.1619,2015-08-27,XSHG
952,10000412.XSHG,0.2523,0.1804,2015-08-27,XSHG
953,10000413.XSHG,0.285,0.2101,2015-08-27,XSHG
954,10000388.XSHG,0.1888,0.2386,2015-08-27,XSHG
955,10000389.XSHG,0.1628,0.2073,2015-08-27,XSHG
956,10000391.XSHG,0.152,0.0726,2015-08-27,XSHG
957,10000308.XSHG,0.099,0.1251,2015-08-27,XSHG
958,10000309.XSHG,0.094,0.1229,2015-08-27,XSHG
959,10000390.XSHG,0.1148,0.0572,2015-08-27,XSHG
960,10000149.XSHG,0.0019,0.0011,2015-08-27,XSHG
961,10000397.XSHG,0.2082,0.1843,2015-08-27,XSHG
962,10000303.XSHG,0.0799,0.1061,2015-08-27,XSHG
963,10000304.XSHG,0.0751,0.0913,2015-08-27,XSHG
964,10000305.XSHG,0.5436,0.5054,2015-08-27,XSHG
965,10000140.XSHG,0.0029,0.0021,2015-08-27,XSHG
966,10000141.XSHG,1.0103,0.89,2015-08-27,XSHG
967,10000080.XSHG,0.7758,0.65,2015-08-27,XSHG
968,10000395.XSHG,0.2291,0.27,2015-08-27,XSHG
969,10000087.XSHG,0.0066,0.007,2015-08-27,XSHG
970,10000394.XSHG,0.2512,0.2908,2015-08-27,XSHG
971,10000072.XSHG,0.7235,0.602,2015-08-27,XSHG
972,10000071.XSHG,0.016,0.0094,2015-08-27,XSHG
973,10000079.XSHG,0.0081,0.0081,2015-08-27,XSHG
974,10000407.XSHG,0.182,0.2091,2015-08-27,XSHG
975,10000406.XSHG,0.2032,0.2358,2015-08-27,XSHG
976,10000405.XSHG,0.2285,0.262,2015-08-27,XSHG
977,10000404.XSHG,0.2509,0.2492,2015-08-27,XSHG
978,10000403.XSHG,0.2127,0.2127,2015-08-27,XSHG
979,10000402.XSHG,0.2068,0.1912,2015-08-27,XSHG
980,10000401.XSHG,0.2589,0.3002,2015-08-27,XSHG
981,10000400.XSHG,0.2871,0.33,2015-08-27,XSHG
982,10000399.XSHG,0.3071,0.3516,2015-08-27,XSHG
983,10000398.XSHG,0.2362,0.2053,2015-08-27,XSHG
984,10000409.XSHG,0.1356,0.1644,2015-08-27,XSHG
985,10000408.XSHG,0.1562,0.187,2015-08-27,XSHG
986,10000150.XSHG,1.1053,0.9742,2015-08-27,XSHG
987,10000319.XSHG,0.0905,0.1164,2015-08-27,XSHG
988,10000157.XSHG,0.0039,0.0016,2015-08-27,XSHG
989,10000313.XSHG,0.5983,0.5705,2015-08-27,XSHG
990,10000158.XSHG,1.2005,1.0678,2015-08-27,XSHG
991,10000311.XSHG,0.0804,0.108,2015-08-27,XSHG
992,10000310.XSHG,0.0867,0.1077,2015-08-27,XSHG
993,10000316.XSHG,0.77,0.7445,2015-08-27,XSHG
994,10000096.XSHG,0.869,0.7308,2015-08-27,XSHG
995,10000314.XSHG,0.6375,0.6153,2015-08-27,XSHG
996,10000064.XSHG,0.6734,0.552,2015-08-27,XSHG
997,10000396.XSHG,0.1887,0.155,2015-08-27,XSHG
998,10000063.XSHG,0.0123,0.0125,2015-08-27,XSHG
999,10000286.XSHG,0.65,0.5836,2015-08-27,XSHG
1000,10000380.XSHG,0.3508,0.3508,2015-08-27,XSHG
1001,10000240.XSHG,0.8935,0.866,2015-08-27,XSHG
1002,10000125.XSHG,0.0037,0.0029,2015-08-27,XSHG
1003,10000126.XSHG,0.9631,0.8363,2015-08-27,XSHG
1004,10000088.XSHG,0.8222,0.6782,2015-08-27,XSHG
1005,10000328.XSHG,0.4905,0.4905,2015-08-27,XSHG
1006,10000312.XSHG,0.5603,0.5282,2015-08-27,XSHG
1007,10000326.XSHG,0.4926,0.482,2015-08-27,XSHG
1008,10000327.XSHG,0.1311,0.1594,2015-08-27,XSHG
1009,10000325.XSHG,0.1008,0.1281,2015-08-27,XSHG
1010,10000322.XSHG,0.549,0.549,2015-08-27,XSHG
1011,10000320.XSHG,0.5127,0.4773,2015-08-27,XSHG
1012,10000321.XSHG,0.1208,0.1456,2015-08-27,XSHG
1013,10000387.XSHG,0.22,0.2693,2015-08-27,XSHG
1014,10000095.XSHG,0.0054,0.0045,2015-08-27,XSHG
1015,10000315.XSHG,0.71,0.6544,2015-08-27,XSHG
1016,10000036.XSHG,0.3883,0.2605,2015-08-27,XSHG
1017,10000037.XSHG,0.4006,0.3013,2015-08-27,XSHG
1018,10000034.XSHG,0.0291,0.0396,2015-08-27,XSHG
1019,10000035.XSHG,0.0249,0.0341,2015-08-27,XSHG
1020,10000032.XSHG,0.0445,0.0622,2015-08-27,XSHG
1021,10000033.XSHG,0.036,0.0513,2015-08-27,XSHG
1022,10000031.XSHG,0.0588,0.076,2015-08-27,XSHG
1023,10000038.XSHG,0.42,0.3394,2015-08-27,XSHG
1024,10000039.XSHG,0.4848,0.3776,2015-08-27,XSHG
1025,10000331.XSHG,0.1086,0.1418,2015-08-27,XSHG
1026,10000239.XSHG,0.84,0.8293,2015-08-27,XSHG
1027,10000333.XSHG,0.1429,0.1725,2015-08-27,XSHG
1028,10000332.XSHG,0.4446,0.4099,2015-08-27,XSHG
1029,10000334.XSHG,,,2015-08-27,XSHG
1030,10000339.XSHG,0.065,0.0884,2015-08-27,XSHG
1031,10000139.XSHG,0.0032,0.0027,2015-08-27,XSHG
1032,10000237.XSHG,0.0459,0.0535,2015-08-27,XSHG
1033,10000228.XSHG,1.6556,1.7419,2015-08-27,XSHG
1034,10000103.XSHG,0.0042,0.0036,2015-08-27,XSHG
1035,10000104.XSHG,0.9159,0.773,2015-08-27,XSHG
1036,10000344.XSHG,0.4087,0.3873,2015-08-27,XSHG
1037,10000345.XSHG,0.1709,0.2056,2015-08-27,XSHG
1038,10000346.XSHG,0.1562,0.1956,2015-08-27,XSHG
1039,10000347.XSHG,0.3635,0.3599,2015-08-27,XSHG
1040,10000340.XSHG,0.3362,0.2286,2015-08-27,XSHG
1041,10000341.XSHG,0.1346,0.1641,2015-08-27,XSHG
1042,10000342.XSHG,0.1238,0.1471,2015-08-27,XSHG
1043,10000343.XSHG,0.366,0.3253,2015-08-27,XSHG
1044,10000348.XSHG,0.4658,0.4263,2015-08-27,XSHG
1045,10000226.XSHG,1.6701,1.5769,2015-08-27,XSHG
1046,10000225.XSHG,0.0016,0.0015,2015-08-27,XSHG
1047,10000142.XSHG,1.0578,0.9407,2015-08-27,XSHG
1048,10000269.XSHG,0.0603,0.0687,2015-08-27,XSHG
1049,10000307.XSHG,0.1113,0.1371,2015-08-27,XSHG
1050,10000306.XSHG,0.5921,0.5921,2015-08-27,XSHG
1051,10000296.XSHG,0.9296,0.93,2015-08-27,XSHG
1052,10000297.XSHG,0.0516,0.0658,2015-08-27,XSHG
1053,10000294.XSHG,,,2015-08-27,XSHG
1054,10000295.XSHG,,,2015-08-27,XSHG
1055,10000292.XSHG,0.78,0.751,2015-08-27,XSHG
1056,10000293.XSHG,0.7859,0.7859,2015-08-27,XSHG
1057,10000290.XSHG,0.0589,0.081,2015-08-27,XSHG
1058,10000291.XSHG,0.0549,0.067,2015-08-27,XSHG
1059,10000298.XSHG,0.978,0.9435,2015-08-27,XSHG
1060,10000357.XSHG,0.135,0.1711,2015-08-27,XSHG
1061,10000359.XSHG,0.0948,0.1295,2015-08-27,XSHG
1062,10000358.XSHG,0.118,0.1509,2015-08-27,XSHG
1063,10000238.XSHG,0.0401,0.0498,2015-08-27,XSHG
1064,10000227.XSHG,0.02,0.0184,2015-08-27,XSHG
1065,10000182.XSHG,1.4872,1.3741,2015-08-27,XSHG
1066,10000183.XSHG,0.0327,0.0342,2015-08-27,XSHG
1067,10000181.XSHG,0.0012,0.0015,2015-08-27,XSHG
1068,10000186.XSHG,0.0249,0.0244,2015-08-27,XSHG
1069,10000187.XSHG,0.0225,0.0197,2015-08-27,XSHG
1070,10000184.XSHG,0.0287,0.0306,2015-08-27,XSHG
1071,10000185.XSHG,0.0274,0.0243,2015-08-27,XSHG
1072,10000188.XSHG,1.075,1.0512,2015-08-27,XSHG
1073,10000189.XSHG,1.167,1.2437,2015-08-27,XSHG
1074,10000368.XSHG,0.2077,0.2034,2015-08-28,XSHG
1075,10000369.XSHG,0.1994,0.1984,2015-08-28,XSHG
1076,10000362.XSHG,0.119,0.1186,2015-08-28,XSHG
1077,10000363.XSHG,0.1462,0.142,2015-08-28,XSHG
1078,10000360.XSHG,0.1337,0.127,2015-08-28,XSHG
1079,10000361.XSHG,0.1049,0.101,2015-08-28,XSHG
1080,10000366.XSHG,0.2507,0.2492,2015-08-28,XSHG
1081,10000367.XSHG,0.2293,0.2385,2015-08-28,XSHG
1082,10000364.XSHG,0.1699,0.1674,2015-08-28,XSHG
1083,10000365.XSHG,0.263,0.2724,2015-08-28,XSHG
1084,10000201.XSHG,0.0415,0.0387,2015-08-28,XSHG
1085,10000200.XSHG,1.4025,1.512,2015-08-28,XSHG
1086,10000203.XSHG,0.0464,0.0403,2015-08-28,XSHG
1087,10000202.XSHG,0.8992,0.8992,2015-08-28,XSHG
1088,10000205.XSHG,0.0499,0.0425,2015-08-28,XSHG
1089,10000204.XSHG,0.854,0.8791,2015-08-28,XSHG
1090,10000206.XSHG,0.84,0.85,2015-08-28,XSHG
1091,10000165.XSHG,0.0013,0.0006,2015-08-28,XSHG
1092,10000166.XSHG,1.1363,1.1768,2015-08-28,XSHG
1093,10000197.XSHG,0.0008,0.0001,2015-08-28,XSHG
1094,10000191.XSHG,1.2126,1.3253,2015-08-28,XSHG
1095,10000190.XSHG,1.1197,1.1197,2015-08-28,XSHG
1096,10000192.XSHG,1.3069,1.4155,2015-08-28,XSHG
1097,10000055.XSHG,0.0218,0.0195,2015-08-28,XSHG
1098,10000056.XSHG,0.4605,0.4639,2015-08-28,XSHG
1099,10000199.XSHG,0.0197,0.0172,2015-08-28,XSHG
1100,10000198.XSHG,1.4165,1.4356,2015-08-28,XSHG
1101,10000379.XSHG,0.2883,0.2883,2015-08-28,XSHG
1102,10000378.XSHG,0.2626,0.2721,2015-08-28,XSHG
1103,10000375.XSHG,0.2583,0.2621,2015-08-28,XSHG
1104,10000374.XSHG,0.2809,0.2929,2015-08-28,XSHG
1105,10000377.XSHG,0.2386,0.2458,2015-08-28,XSHG
1106,10000376.XSHG,0.2384,0.2465,2015-08-28,XSHG
1107,10000371.XSHG,0.2616,0.2477,2015-08-28,XSHG
1108,10000370.XSHG,0.2312,0.2229,2015-08-28,XSHG
1109,10000373.XSHG,0.3026,0.3187,2015-08-28,XSHG
1110,10000372.XSHG,0.2818,0.266,2015-08-28,XSHG
1111,10000274.XSHG,0.6912,0.7252,2015-08-28,XSHG
1112,10000270.XSHG,0.072,0.0653,2015-08-28,XSHG
1113,10000271.XSHG,0.0657,0.0605,2015-08-28,XSHG
1114,10000272.XSHG,0.6136,0.6263,2015-08-28,XSHG
1115,10000273.XSHG,0.6524,0.6978,2015-08-28,XSHG
1116,10000173.XSHG,0.0012,0.0006,2015-08-28,XSHG
1117,10000393.XSHG,0.37,0.3664,2015-08-28,XSHG
1118,10000279.XSHG,0.0866,0.0795,2015-08-28,XSHG
1119,10000174.XSHG,1.232,1.2338,2015-08-28,XSHG
1120,10000289.XSHG,0.0904,0.0858,2015-08-28,XSHG
1121,10000288.XSHG,0.0971,0.089,2015-08-28,XSHG
1122,10000048.XSHG,0.4145,0.4144,2015-08-28,XSHG
1123,10000047.XSHG,0.0295,0.027,2015-08-28,XSHG
1124,10000280.XSHG,0.5761,0.5788,2015-08-28,XSHG
1125,10000392.XSHG,0.0817,0.0802,2015-08-28,XSHG
1126,10000285.XSHG,0.0952,0.0857,2015-08-28,XSHG
1127,10000287.XSHG,0.1024,0.0939,2015-08-28,XSHG
1128,10000040.XSHG,0.3736,0.3739,2015-08-28,XSHG
1129,10000414.XSHG,0.2154,0.2058,2015-08-28,XSHG
1130,10000415.XSHG,0.1623,0.1588,2015-08-28,XSHG
1131,10000416.XSHG,0.16,0.1372,2015-08-28,XSHG
1132,10000417.XSHG,0.1266,0.1199,2015-08-28,XSHG
1133,10000410.XSHG,0.1211,0.1113,2015-08-28,XSHG
1134,10000411.XSHG,0.1418,0.1302,2015-08-28,XSHG
1135,10000412.XSHG,0.1651,0.1511,2015-08-28,XSHG
1136,10000413.XSHG,0.1889,0.18,2015-08-28,XSHG
1137,10000388.XSHG,0.2612,0.28,2015-08-28,XSHG
1138,10000389.XSHG,0.2273,0.24,2015-08-28,XSHG
1139,10000418.XSHG,0.2433,0.2308,2015-08-28,XSHG
1140,10000419.XSHG,0.2749,0.2568,2015-08-28,XSHG
1141,10000308.XSHG,0.1387,0.1387,2015-08-28,XSHG
1142,10000309.XSHG,0.1309,0.121,2015-08-28,XSHG
1143,10000390.XSHG,0.0426,0.0515,2015-08-28,XSHG
1144,10000149.XSHG,0.0015,0.0009,2015-08-28,XSHG
1145,10000391.XSHG,0.0635,0.0648,2015-08-28,XSHG
1146,10000397.XSHG,0.1562,0.1526,2015-08-28,XSHG
1147,10000303.XSHG,0.1151,0.1051,2015-08-28,XSHG
1148,10000304.XSHG,0.1053,0.0952,2015-08-28,XSHG
1149,10000305.XSHG,0.4596,0.4569,2015-08-28,XSHG
1150,10000140.XSHG,0.0024,0.001,2015-08-28,XSHG
1151,10000141.XSHG,0.8378,0.8402,2015-08-28,XSHG
1152,10000080.XSHG,0.5979,0.587,2015-08-28,XSHG
1153,10000395.XSHG,0.315,0.3038,2015-08-28,XSHG
1154,10000087.XSHG,0.0081,0.0045,2015-08-28,XSHG
1155,10000400.XSHG,0.3581,0.3581,2015-08-28,XSHG
1156,10000072.XSHG,0.5513,0.5435,2015-08-28,XSHG
1157,10000071.XSHG,0.014,0.01,2015-08-28,XSHG
1158,10000079.XSHG,0.0096,0.0066,2015-08-28,XSHG
1159,10000407.XSHG,0.2398,0.2318,2015-08-28,XSHG
1160,10000406.XSHG,0.2668,0.2615,2015-08-28,XSHG
1161,10000405.XSHG,0.2917,0.2916,2015-08-28,XSHG
1162,10000404.XSHG,0.2208,0.2112,2015-08-28,XSHG
1163,10000403.XSHG,0.1956,0.1959,2015-08-28,XSHG
1164,10000396.XSHG,0.1364,0.1345,2015-08-28,XSHG
1165,10000401.XSHG,0.3257,0.3462,2015-08-28,XSHG
1166,10000394.XSHG,0.3449,0.3328,2015-08-28,XSHG
1167,10000399.XSHG,0.3815,0.405,2015-08-28,XSHG
1168,10000398.XSHG,0.1782,0.1754,2015-08-28,XSHG
1169,10000409.XSHG,0.1788,0.179,2015-08-28,XSHG
1170,10000408.XSHG,0.2147,0.2028,2015-08-28,XSHG
1171,10000150.XSHG,0.928,0.9403,2015-08-28,XSHG
1172,10000319.XSHG,0.1263,0.1192,2015-08-28,XSHG
1173,10000157.XSHG,0.0016,0.0005,2015-08-28,XSHG
1174,10000313.XSHG,0.5334,0.549,2015-08-28,XSHG
1175,10000158.XSHG,1.0317,1.0346,2015-08-28,XSHG
1176,10000311.XSHG,0.114,0.1071,2015-08-28,XSHG
1177,10000310.XSHG,0.1193,0.1103,2015-08-28,XSHG
1178,10000316.XSHG,0.6812,0.6812,2015-08-28,XSHG
1179,10000096.XSHG,0.6929,0.698,2015-08-28,XSHG
1180,10000314.XSHG,0.5696,0.5919,2015-08-28,XSHG
1181,10000064.XSHG,0.5054,0.5114,2015-08-28,XSHG
1182,10000063.XSHG,0.0167,0.0145,2015-08-28,XSHG
1183,10000286.XSHG,0.5322,0.5315,2015-08-28,XSHG
1184,10000380.XSHG,0.321,0.321,2015-08-28,XSHG
1185,10000240.XSHG,0.7722,0.8313,2015-08-28,XSHG
1186,10000125.XSHG,0.0043,0.0017,2015-08-28,XSHG
1187,10000126.XSHG,0.7892,0.7674,2015-08-28,XSHG
1188,10000088.XSHG,0.6455,0.6347,2015-08-28,XSHG
1189,10000328.XSHG,0.4488,0.4488,2015-08-28,XSHG
1190,10000312.XSHG,0.4979,0.5049,2015-08-28,XSHG
1191,10000326.XSHG,0.3972,0.4192,2015-08-28,XSHG
1192,10000327.XSHG,0.1737,0.1827,2015-08-28,XSHG
1193,10000325.XSHG,0.139,0.1371,2015-08-28,XSHG
1194,10000322.XSHG,0.5023,0.496,2015-08-28,XSHG
1195,10000320.XSHG,0.4286,0.4431,2015-08-28,XSHG
1196,10000321.XSHG,0.1616,0.167,2015-08-28,XSHG
1197,10000387.XSHG,0.315,0.3111,2015-08-28,XSHG
1198,10000095.XSHG,0.0063,0.003,2015-08-28,XSHG
1199,10000315.XSHG,0.6064,0.625,2015-08-28,XSHG
1200,10000036.XSHG,0.24,0.223,2015-08-28,XSHG
1201,10000037.XSHG,0.2603,0.2528,2015-08-28,XSHG
1202,10000034.XSHG,0.0475,0.0435,2015-08-28,XSHG
1203,10000035.XSHG,0.0388,0.035,2015-08-28,XSHG
1204,10000032.XSHG,0.07,0.0703,2015-08-28,XSHG
1205,10000033.XSHG,0.057,0.0561,2015-08-28,XSHG
1206,10000031.XSHG,0.085,0.087,2015-08-28,XSHG
1207,10000038.XSHG,0.29,0.297,2015-08-28,XSHG
1208,10000039.XSHG,0.331,0.3332,2015-08-28,XSHG
1209,10000331.XSHG,0.1539,0.1411,2015-08-28,XSHG
1210,10000239.XSHG,0.7388,0.7863,2015-08-28,XSHG
1211,10000333.XSHG,0.1879,0.1894,2015-08-28,XSHG
1212,10000332.XSHG,0.358,0.354,2015-08-28,XSHG
1213,10000334.XSHG,0.4103,0.4103,2015-08-28,XSHG
1214,10000339.XSHG,0.1,0.1035,2015-08-28,XSHG
1215,10000139.XSHG,0.0031,0.0007,2015-08-28,XSHG
1216,10000237.XSHG,0.06,0.0528,2015-08-28,XSHG
1217,10000228.XSHG,1.4991,1.5664,2015-08-28,XSHG
1218,10000342.XSHG,0.1713,0.1604,2015-08-28,XSHG
1219,10000103.XSHG,0.0056,0.0019,2015-08-28,XSHG
1220,10000104.XSHG,0.7408,0.7447,2015-08-28,XSHG
1221,10000344.XSHG,0.3356,0.3301,2015-08-28,XSHG
1222,10000345.XSHG,0.2224,0.23,2015-08-28,XSHG
1223,10000346.XSHG,0.208,0.1974,2015-08-28,XSHG
1224,10000347.XSHG,0.3442,0.3647,2015-08-28,XSHG
1225,10000340.XSHG,0.2054,0.1921,2015-08-28,XSHG
1226,10000341.XSHG,0.1887,0.1745,2015-08-28,XSHG
1227,10000402.XSHG,0.1768,0.1761,2015-08-28,XSHG
1228,10000343.XSHG,0.2973,0.3,2015-08-28,XSHG
1229,10000348.XSHG,0.3901,0.3962,2015-08-28,XSHG
1230,10000226.XSHG,1.5021,1.5269,2015-08-28,XSHG
1231,10000225.XSHG,0.0012,0.0006,2015-08-28,XSHG
1232,10000142.XSHG,0.8867,0.8707,2015-08-28,XSHG
1233,10000269.XSHG,0.0745,0.0714,2015-08-28,XSHG
1234,10000307.XSHG,0.1496,0.1462,2015-08-28,XSHG
1235,10000420.XSHG,0.31,0.2971,2015-08-28,XSHG
1236,10000306.XSHG,0.5053,0.4986,2015-08-28,XSHG
1237,10000296.XSHG,0.8406,0.9085,2015-08-28,XSHG
1238,10000297.XSHG,0.0727,0.0714,2015-08-28,XSHG
1239,10000294.XSHG,0.7784,0.8087,2015-08-28,XSHG
1240,10000295.XSHG,0.8017,0.8017,2015-08-28,XSHG
1241,10000292.XSHG,0.6872,0.72,2015-08-28,XSHG
1242,10000293.XSHG,0.7202,0.7202,2015-08-28,XSHG
1243,10000290.XSHG,0.0858,0.0818,2015-08-28,XSHG
1244,10000291.XSHG,0.0778,0.0752,2015-08-28,XSHG
1245,10000298.XSHG,0.8821,0.9214,2015-08-28,XSHG
1246,10000357.XSHG,0.1825,0.2085,2015-08-28,XSHG
1247,10000359.XSHG,0.1559,0.1513,2015-08-28,XSHG
1248,10000358.XSHG,0.165,0.177,2015-08-28,XSHG
1249,10000238.XSHG,0.0524,0.0468,2015-08-28,XSHG
1250,10000227.XSHG,0.0189,0.0159,2015-08-28,XSHG
1251,10000182.XSHG,1.3088,1.3328,2015-08-28,XSHG
1252,10000183.XSHG,0.0386,0.0335,2015-08-28,XSHG
1253,10000181.XSHG,0.0012,0.0006,2015-08-28,XSHG
1254,10000186.XSHG,0.0249,0.0215,2015-08-28,XSHG
1255,10000187.XSHG,0.0215,0.0193,2015-08-28,XSHG
1256,10000184.XSHG,0.033,0.03,2015-08-28,XSHG
1257,10000185.XSHG,0.0292,0.0243,2015-08-28,XSHG
1258,10000188.XSHG,0.9429,0.9429,2015-08-28,XSHG
1259,10000189.XSHG,1.0385,1.0804,2015-08-28,XSHG
1260,10000368.XSHG,0.2031,0.2081,2015-08-31,XSHG
1261,10000369.XSHG,0.2064,0.1996,2015-08-31,XSHG
1262,10000362.XSHG,0.1189,0.128,2015-08-31,XSHG
1263,10000363.XSHG,0.14,0.1433,2015-08-31,XSHG
1264,10000360.XSHG,0.1161,0.1262,2015-08-31,XSHG
1265,10000361.XSHG,0.0998,0.1084,2015-08-31,XSHG
1266,10000366.XSHG,0.2166,0.2586,2015-08-31,XSHG
1267,10000367.XSHG,0.1954,0.2309,2015-08-31,XSHG
1268,10000364.XSHG,0.1704,0.1701,2015-08-31,XSHG
1269,10000365.XSHG,0.2818,0.28,2015-08-31,XSHG
1270,10000201.XSHG,0.0354,0.0362,2015-08-31,XSHG
1271,10000200.XSHG,1.5008,1.4064,2015-08-31,XSHG
1272,10000203.XSHG,0.0369,0.0402,2015-08-31,XSHG
1273,10000202.XSHG,0.9087,0.9087,2015-08-31,XSHG
1274,10000205.XSHG,0.0404,0.0449,2015-08-31,XSHG
1275,10000204.XSHG,0.8664,0.8664,2015-08-31,XSHG
1276,10000206.XSHG,0.8524,0.8401,2015-08-31,XSHG
1277,10000165.XSHG,0.0003,0.0009,2015-08-31,XSHG
1278,10000166.XSHG,1.158,1.1153,2015-08-31,XSHG
1279,10000197.XSHG,0.0006,0.0008,2015-08-31,XSHG
1280,10000191.XSHG,1.2228,1.2228,2015-08-31,XSHG
1281,10000190.XSHG,1.1334,1.1334,2015-08-31,XSHG
1282,10000192.XSHG,1.4023,1.3358,2015-08-31,XSHG
1283,10000055.XSHG,0.019,0.0147,2015-08-31,XSHG
1284,10000056.XSHG,0.4736,0.4495,2015-08-31,XSHG
1285,10000199.XSHG,0.0157,0.0155,2015-08-31,XSHG
1286,10000198.XSHG,1.4571,1.4032,2015-08-31,XSHG
1287,10000379.XSHG,0.305,0.299,2015-08-31,XSHG
1288,10000378.XSHG,0.2913,0.2771,2015-08-31,XSHG
1289,10000375.XSHG,0.2634,0.2797,2015-08-31,XSHG
1290,10000374.XSHG,0.2839,0.2865,2015-08-31,XSHG
1291,10000377.XSHG,0.2632,0.2544,2015-08-31,XSHG
1292,10000376.XSHG,0.2277,0.261,2015-08-31,XSHG
1293,10000371.XSHG,0.2315,0.2463,2015-08-31,XSHG
1294,10000370.XSHG,0.235,0.225,2015-08-31,XSHG
1295,10000373.XSHG,0.2839,0.3278,2015-08-31,XSHG
1296,10000372.XSHG,0.2931,0.2726,2015-08-31,XSHG
1297,10000274.XSHG,0.6966,0.6966,2015-08-31,XSHG
1298,10000270.XSHG,0.0597,0.0674,2015-08-31,XSHG
1299,10000271.XSHG,0.0552,0.0605,2015-08-31,XSHG
1300,10000272.XSHG,0.6847,0.6123,2015-08-31,XSHG
1301,10000273.XSHG,0.6537,0.6537,2015-08-31,XSHG
1302,10000173.XSHG,0.0004,0.0007,2015-08-31,XSHG
1303,10000393.XSHG,0.3667,0.364,2015-08-31,XSHG
1304,10000279.XSHG,0.075,0.0831,2015-08-31,XSHG
1305,10000174.XSHG,1.2627,1.2057,2015-08-31,XSHG
1306,10000289.XSHG,0.0811,0.0871,2015-08-31,XSHG
1307,10000288.XSHG,0.0878,0.0918,2015-08-31,XSHG
1308,10000048.XSHG,0.437,0.4096,2015-08-31,XSHG
1309,10000047.XSHG,0.0234,0.022,2015-08-31,XSHG
1310,10000280.XSHG,0.6225,0.5731,2015-08-31,XSHG
1311,10000392.XSHG,0.0817,0.0876,2015-08-31,XSHG
1312,10000285.XSHG,0.0816,0.089,2015-08-31,XSHG
1313,10000287.XSHG,0.095,0.0996,2015-08-31,XSHG
1314,10000040.XSHG,0.3737,0.367,2015-08-31,XSHG
1315,10000414.XSHG,0.2044,0.2065,2015-08-31,XSHG
1316,10000415.XSHG,0.1515,0.1564,2015-08-31,XSHG
1317,10000416.XSHG,0.1315,0.1363,2015-08-31,XSHG
1318,10000417.XSHG,0.1145,0.1167,2015-08-31,XSHG
1319,10000410.XSHG,0.1116,0.1199,2015-08-31,XSHG
1320,10000411.XSHG,0.1329,0.1387,2015-08-31,XSHG
1321,10000412.XSHG,0.1576,0.1609,2015-08-31,XSHG
1322,10000413.XSHG,0.1821,0.1816,2015-08-31,XSHG
1323,10000388.XSHG,0.28,0.284,2015-08-31,XSHG
1324,10000389.XSHG,0.2436,0.2444,2015-08-31,XSHG
1325,10000418.XSHG,0.2322,0.2313,2015-08-31,XSHG
1326,10000419.XSHG,0.2721,0.256,2015-08-31,XSHG
1327,10000308.XSHG,0.1312,0.147,2015-08-31,XSHG
1328,10000309.XSHG,0.1218,0.1234,2015-08-31,XSHG
1329,10000390.XSHG,0.0512,0.0605,2015-08-31,XSHG
1330,10000149.XSHG,0.0002,0.0007,2015-08-31,XSHG
1331,10000391.XSHG,0.0654,0.0737,2015-08-31,XSHG
1332,10000397.XSHG,0.1423,0.1589,2015-08-31,XSHG
1333,10000303.XSHG,0.1007,0.1114,2015-08-31,XSHG
1334,10000304.XSHG,0.0897,0.101,2015-08-31,XSHG
1335,10000305.XSHG,0.5078,0.4648,2015-08-31,XSHG
1336,10000140.XSHG,0.0011,0.0006,2015-08-31,XSHG
1337,10000141.XSHG,0.8242,0.817,2015-08-31,XSHG
1338,10000080.XSHG,0.5866,0.5812,2015-08-31,XSHG
1339,10000395.XSHG,0.3078,0.2959,2015-08-31,XSHG
1340,10000087.XSHG,0.004,0.0034,2015-08-31,XSHG
1341,10000400.XSHG,0.3804,0.3712,2015-08-31,XSHG
1342,10000072.XSHG,0.5422,0.5393,2015-08-31,XSHG
1343,10000071.XSHG,0.0101,0.0068,2015-08-31,XSHG
1344,10000079.XSHG,0.0059,0.0049,2015-08-31,XSHG
1345,10000407.XSHG,0.23,0.2333,2015-08-31,XSHG
1346,10000406.XSHG,0.2585,0.2608,2015-08-31,XSHG
1347,10000405.XSHG,0.2998,0.2915,2015-08-31,XSHG
1348,10000404.XSHG,0.2393,0.2233,2015-08-31,XSHG
1349,10000403.XSHG,0.211,0.2024,2015-08-31,XSHG
1350,10000396.XSHG,0.134,0.1356,2015-08-31,XSHG
1351,10000401.XSHG,0.3503,0.3527,2015-08-31,XSHG
1352,10000394.XSHG,0.3322,0.3374,2015-08-31,XSHG
1353,10000399.XSHG,0.4089,0.4098,2015-08-31,XSHG
1354,10000398.XSHG,0.1698,0.1812,2015-08-31,XSHG
1355,10000409.XSHG,0.1684,0.1805,2015-08-31,XSHG
1356,10000408.XSHG,0.1945,0.2028,2015-08-31,XSHG
1357,10000150.XSHG,0.9603,0.9168,2015-08-31,XSHG
1358,10000319.XSHG,0.1128,0.1222,2015-08-31,XSHG
1359,10000157.XSHG,0.0003,0.0009,2015-08-31,XSHG
1360,10000313.XSHG,0.5396,0.5396,2015-08-31,XSHG
1361,10000158.XSHG,1.0585,1.0108,2015-08-31,XSHG
1362,10000311.XSHG,0.098,0.1097,2015-08-31,XSHG
1363,10000310.XSHG,0.1096,0.1201,2015-08-31,XSHG
1364,10000316.XSHG,0.6543,0.6543,2015-08-31,XSHG
1365,10000096.XSHG,0.6875,0.6758,2015-08-31,XSHG
1366,10000314.XSHG,0.5938,0.5898,2015-08-31,XSHG
1367,10000064.XSHG,0.5119,0.491,2015-08-31,XSHG
1368,10000063.XSHG,0.0128,0.0106,2015-08-31,XSHG
1369,10000286.XSHG,0.5796,0.5441,2015-08-31,XSHG
1370,10000380.XSHG,0.3473,0.328,2015-08-31,XSHG
1371,10000240.XSHG,0.8357,0.7801,2015-08-31,XSHG
1372,10000125.XSHG,0.0019,0.0017,2015-08-31,XSHG
1373,10000126.XSHG,0.7699,0.7688,2015-08-31,XSHG
1374,10000088.XSHG,0.6318,0.6301,2015-08-31,XSHG
1375,10000328.XSHG,0.4417,0.4417,2015-08-31,XSHG
1376,10000312.XSHG,0.5244,0.5244,2015-08-31,XSHG
1377,10000326.XSHG,0.4008,0.392,2015-08-31,XSHG
1378,10000327.XSHG,0.1672,0.1804,2015-08-31,XSHG
1379,10000325.XSHG,0.118,0.137,2015-08-31,XSHG
1380,10000322.XSHG,0.491,0.48,2015-08-31,XSHG
1381,10000320.XSHG,0.4768,0.4394,2015-08-31,XSHG
1382,10000321.XSHG,0.1528,0.1733,2015-08-31,XSHG
1383,10000387.XSHG,0.315,0.32,2015-08-31,XSHG
1384,10000095.XSHG,0.0032,0.0025,2015-08-31,XSHG
1385,10000315.XSHG,0.6168,0.6168,2015-08-31,XSHG
1386,10000036.XSHG,0.2256,0.225,2015-08-31,XSHG
1387,10000037.XSHG,0.2634,0.2534,2015-08-31,XSHG
1388,10000034.XSHG,0.0429,0.0407,2015-08-31,XSHG
1389,10000035.XSHG,0.034,0.0316,2015-08-31,XSHG
1390,10000032.XSHG,0.0668,0.0679,2015-08-31,XSHG
1391,10000033.XSHG,0.0555,0.0527,2015-08-31,XSHG
1392,10000031.XSHG,0.0848,0.0827,2015-08-31,XSHG
1393,10000038.XSHG,0.304,0.2918,2015-08-31,XSHG
1394,10000039.XSHG,0.3374,0.3293,2015-08-31,XSHG
1395,10000331.XSHG,0.1531,0.1531,2015-08-31,XSHG
1396,10000239.XSHG,0.738,0.738,2015-08-31,XSHG
1397,10000333.XSHG,0.175,0.2028,2015-08-31,XSHG
1398,10000332.XSHG,0.402,0.3595,2015-08-31,XSHG
1399,10000334.XSHG,0.4121,0.4121,2015-08-31,XSHG
1400,10000339.XSHG,0.1,0.1014,2015-08-31,XSHG
1401,10000139.XSHG,0.0005,0.0008,2015-08-31,XSHG
1402,10000237.XSHG,0.0495,0.053,2015-08-31,XSHG
1403,10000228.XSHG,1.59,1.4995,2015-08-31,XSHG
1404,10000342.XSHG,0.1639,0.1746,2015-08-31,XSHG
1405,10000103.XSHG,0.0015,0.0015,2015-08-31,XSHG
1406,10000104.XSHG,0.7325,0.7242,2015-08-31,XSHG
1407,10000344.XSHG,0.3285,0.3285,2015-08-31,XSHG
1408,10000345.XSHG,0.2165,0.2397,2015-08-31,XSHG
1409,10000346.XSHG,0.1929,0.2214,2015-08-31,XSHG
1410,10000347.XSHG,0.2465,0.3517,2015-08-31,XSHG
1411,10000340.XSHG,0.1995,0.197,2015-08-31,XSHG
1412,10000341.XSHG,0.1718,0.1889,2015-08-31,XSHG
1413,10000402.XSHG,0.179,0.1821,2015-08-31,XSHG
1414,10000343.XSHG,0.3184,0.3,2015-08-31,XSHG
1415,10000348.XSHG,0.3803,0.3803,2015-08-31,XSHG
1416,10000226.XSHG,1.5012,1.5048,2015-08-31,XSHG
1417,10000225.XSHG,0.0023,0.0005,2015-08-31,XSHG
1418,10000142.XSHG,1.0983,0.8676,2015-08-31,XSHG
1419,10000269.XSHG,0.067,0.073,2015-08-31,XSHG
1420,10000307.XSHG,0.1407,0.1577,2015-08-31,XSHG
1421,10000421.XSHG,0.0999,0.0995,2015-08-31,XSHG
1422,10000420.XSHG,0.2583,0.2892,2015-08-31,XSHG
1423,10000306.XSHG,0.4992,0.4992,2015-08-31,XSHG
1424,10000422.XSHG,0.3376,0.3236,2015-08-31,XSHG
1425,10000296.XSHG,0.853,0.853,2015-08-31,XSHG
1426,10000297.XSHG,0.0666,0.072,2015-08-31,XSHG
1427,10000294.XSHG,0.769,0.7717,2015-08-31,XSHG
1428,10000295.XSHG,0.8136,0.8136,2015-08-31,XSHG
1429,10000292.XSHG,0.6682,0.6919,2015-08-31,XSHG
1430,10000293.XSHG,0.7176,0.7311,2015-08-31,XSHG
1431,10000290.XSHG,0.08,0.0792,2015-08-31,XSHG
1432,10000291.XSHG,0.0705,0.074,2015-08-31,XSHG
1433,10000298.XSHG,0.9297,0.917,2015-08-31,XSHG
1434,10000357.XSHG,0.21,0.2081,2015-08-31,XSHG
1435,10000359.XSHG,0.1436,0.1488,2015-08-31,XSHG
1436,10000358.XSHG,0.1728,0.181,2015-08-31,XSHG
1437,10000238.XSHG,0.0447,0.0496,2015-08-31,XSHG
1438,10000227.XSHG,0.0146,0.0143,2015-08-31,XSHG
1439,10000182.XSHG,1.3574,1.3058,2015-08-31,XSHG
1440,10000183.XSHG,0.0307,0.0319,2015-08-31,XSHG
1441,10000181.XSHG,0.0005,0.0005,2015-08-31,XSHG
1442,10000186.XSHG,0.0199,0.0198,2015-08-31,XSHG
1443,10000187.XSHG,0.0177,0.0177,2015-08-31,XSHG
1444,10000184.XSHG,0.0275,0.0278,2015-08-31,XSHG
1445,10000185.XSHG,0.0232,0.0236,2015-08-31,XSHG
1446,10000188.XSHG,1.029,0.9542,2015-08-31,XSHG
1447,10000189.XSHG,1.0432,1.0432,2015-08-31,XSHG
1448,10000368.XSHG,0.1923,0.1828,2015-09-01,XSHG
1449,10000369.XSHG,0.2232,0.23,2015-09-01,XSHG
1450,10000362.XSHG,0.1212,0.1322,2015-09-01,XSHG
1451,10000363.XSHG,0.1365,0.1473,2015-09-01,XSHG
1452,10000360.XSHG,0.123,0.1153,2015-09-01,XSHG
1453,10000361.XSHG,0.1025,0.1155,2015-09-01,XSHG
1454,10000366.XSHG,0.2415,0.247,2015-09-01,XSHG
1455,10000367.XSHG,0.2181,0.2031,2015-09-01,XSHG
1456,10000364.XSHG,0.159,0.1727,2015-09-01,XSHG
1457,10000365.XSHG,0.267,0.2524,2015-09-01,XSHG
1458,10000201.XSHG,0.0338,0.0259,2015-09-01,XSHG
1459,10000200.XSHG,1.4727,1.4947,2015-09-01,XSHG
1460,10000203.XSHG,0.037,0.0288,2015-09-01,XSHG
1461,10000202.XSHG,0.9764,0.9764,2015-09-01,XSHG
1462,10000205.XSHG,0.0411,0.0325,2015-09-01,XSHG
1463,10000204.XSHG,0.9294,0.9294,2015-09-01,XSHG
1464,10000206.XSHG,0.82,0.8845,2015-09-01,XSHG
1465,10000165.XSHG,0.0011,0.0006,2015-09-01,XSHG
1466,10000166.XSHG,1.1339,1.1519,2015-09-01,XSHG
1467,10000197.XSHG,0.0002,0.0007,2015-09-01,XSHG
1468,10000191.XSHG,,,2015-09-01,XSHG
1469,10000190.XSHG,,,2015-09-01,XSHG
1470,10000192.XSHG,1.3772,1.3987,2015-09-01,XSHG
1471,10000055.XSHG,0.0135,0.013,2015-09-01,XSHG
1472,10000056.XSHG,0.4624,0.4498,2015-09-01,XSHG
1473,10000199.XSHG,0.0142,0.0106,2015-09-01,XSHG
1474,10000198.XSHG,1.4225,1.4042,2015-09-01,XSHG
1475,10000379.XSHG,0.3361,0.3361,2015-09-01,XSHG
1476,10000378.XSHG,0.3057,0.3101,2015-09-01,XSHG
1477,10000375.XSHG,0.2653,0.2621,2015-09-01,XSHG
1478,10000374.XSHG,0.2864,0.3,2015-09-01,XSHG
1479,10000377.XSHG,0.2442,0.2776,2015-09-01,XSHG
1480,10000376.XSHG,0.2421,0.2403,2015-09-01,XSHG
1481,10000371.XSHG,0.2774,0.2824,2015-09-01,XSHG
1482,10000370.XSHG,0.2199,0.2686,2015-09-01,XSHG
1483,10000373.XSHG,0.3089,0.3072,2015-09-01,XSHG
1484,10000372.XSHG,0.2921,0.3195,2015-09-01,XSHG
1485,10000274.XSHG,0.6738,0.7559,2015-09-01,XSHG
1486,10000270.XSHG,0.0617,0.0478,2015-09-01,XSHG
1487,10000271.XSHG,0.0554,0.05,2015-09-01,XSHG
1488,10000272.XSHG,0.6546,0.6546,2015-09-01,XSHG
1489,10000273.XSHG,0.7355,0.73,2015-09-01,XSHG
1490,10000173.XSHG,0.0001,0.0005,2015-09-01,XSHG
1491,10000393.XSHG,0.3545,0.3539,2015-09-01,XSHG
1492,10000279.XSHG,0.076,0.071,2015-09-01,XSHG
1493,10000174.XSHG,1.2302,1.2425,2015-09-01,XSHG
1494,10000289.XSHG,0.0811,0.0781,2015-09-01,XSHG
1495,10000288.XSHG,0.0887,0.0852,2015-09-01,XSHG
1496,10000423.XSHG,0.0822,0.0728,2015-09-01,XSHG
1497,10000048.XSHG,0.4171,0.4089,2015-09-01,XSHG
1498,10000047.XSHG,0.0211,0.019,2015-09-01,XSHG
1499,10000280.XSHG,0.6202,0.6212,2015-09-01,XSHG
1500,10000392.XSHG,0.0883,0.1001,2015-09-01,XSHG
1501,10000285.XSHG,0.0822,0.0736,2015-09-01,XSHG
1502,10000287.XSHG,0.094,0.0931,2015-09-01,XSHG
1503,10000040.XSHG,0.3735,0.3805,2015-09-01,XSHG
1504,10000414.XSHG,0.2129,0.2268,2015-09-01,XSHG
1505,10000415.XSHG,0.1473,0.1376,2015-09-01,XSHG
1506,10000416.XSHG,0.1276,0.1196,2015-09-01,XSHG
1507,10000417.XSHG,0.1113,0.1021,2015-09-01,XSHG
1508,10000410.XSHG,0.1233,0.145,2015-09-01,XSHG
1509,10000411.XSHG,0.1432,0.1761,2015-09-01,XSHG
1510,10000412.XSHG,0.1649,0.1819,2015-09-01,XSHG
1511,10000413.XSHG,0.1879,0.2083,2015-09-01,XSHG
1512,10000388.XSHG,0.2822,0.282,2015-09-01,XSHG
1513,10000389.XSHG,0.24,0.2469,2015-09-01,XSHG
1514,10000418.XSHG,0.2403,0.2444,2015-09-01,XSHG
1515,10000419.XSHG,0.268,0.2865,2015-09-01,XSHG
1516,10000308.XSHG,0.1338,0.1345,2015-09-01,XSHG
1517,10000309.XSHG,0.1165,0.1216,2015-09-01,XSHG
1518,10000390.XSHG,0.06,0.0692,2015-09-01,XSHG
1519,10000149.XSHG,0.0009,0.001,2015-09-01,XSHG
1520,10000391.XSHG,0.0741,0.0838,2015-09-01,XSHG
1521,10000397.XSHG,0.1873,0.1875,2015-09-01,XSHG
1522,10000303.XSHG,0.1024,0.0903,2015-09-01,XSHG
1523,10000304.XSHG,0.0924,0.083,2015-09-01,XSHG
1524,10000305.XSHG,0.5,0.5052,2015-09-01,XSHG
1525,10000140.XSHG,0.0008,0.0011,2015-09-01,XSHG
1526,10000141.XSHG,0.8491,0.8373,2015-09-01,XSHG
1527,10000080.XSHG,0.5967,0.5901,2015-09-01,XSHG
1528,10000395.XSHG,0.2944,0.3019,2015-09-01,XSHG
1529,10000087.XSHG,0.0032,0.002,2015-09-01,XSHG
1530,10000400.XSHG,0.3606,0.3653,2015-09-01,XSHG
1531,10000072.XSHG,0.5545,0.556,2015-09-01,XSHG
1532,10000071.XSHG,0.0092,0.006,2015-09-01,XSHG
1533,10000079.XSHG,0.0044,0.0036,2015-09-01,XSHG
1534,10000407.XSHG,0.2317,0.218,2015-09-01,XSHG
1535,10000406.XSHG,0.2742,0.2513,2015-09-01,XSHG
1536,10000405.XSHG,0.3026,0.2825,2015-09-01,XSHG
1537,10000404.XSHG,0.2146,0.26,2015-09-01,XSHG
1538,10000403.XSHG,0.2285,0.2332,2015-09-01,XSHG
1539,10000396.XSHG,0.14,0.1656,2015-09-01,XSHG
1540,10000401.XSHG,0.334,0.3393,2015-09-01,XSHG
1541,10000394.XSHG,0.33,0.3295,2015-09-01,XSHG
1542,10000399.XSHG,0.3882,0.403,2015-09-01,XSHG
1543,10000398.XSHG,0.2012,0.2101,2015-09-01,XSHG
1544,10000409.XSHG,0.1769,0.1601,2015-09-01,XSHG
1545,10000408.XSHG,0.201,0.1906,2015-09-01,XSHG
1546,10000150.XSHG,0.9442,0.9788,2015-09-01,XSHG
1547,10000319.XSHG,0.1133,0.1032,2015-09-01,XSHG
1548,10000157.XSHG,0.0001,0.0007,2015-09-01,XSHG
1549,10000313.XSHG,0.5896,0.5896,2015-09-01,XSHG
1550,10000158.XSHG,1.0395,1.038,2015-09-01,XSHG
1551,10000311.XSHG,0.1015,0.1029,2015-09-01,XSHG
1552,10000310.XSHG,0.1106,0.1124,2015-09-01,XSHG
1553,10000316.XSHG,0.7035,0.7035,2015-09-01,XSHG
1554,10000096.XSHG,0.6938,0.7072,2015-09-01,XSHG
1555,10000314.XSHG,0.5901,0.642,2015-09-01,XSHG
1556,10000064.XSHG,0.5094,0.5061,2015-09-01,XSHG
1557,10000063.XSHG,0.0091,0.009,2015-09-01,XSHG
1558,10000286.XSHG,0.5989,0.5801,2015-09-01,XSHG
1559,10000380.XSHG,0.3506,0.3643,2015-09-01,XSHG
1560,10000240.XSHG,0.779,0.8495,2015-09-01,XSHG
1561,10000125.XSHG,0.0017,0.0015,2015-09-01,XSHG
1562,10000126.XSHG,0.8007,0.7943,2015-09-01,XSHG
1563,10000088.XSHG,0.6508,0.6416,2015-09-01,XSHG
1564,10000328.XSHG,0.4405,0.4965,2015-09-01,XSHG
1565,10000312.XSHG,0.6,0.563,2015-09-01,XSHG
1566,10000326.XSHG,0.4485,0.4265,2015-09-01,XSHG
1567,10000327.XSHG,0.1679,0.1723,2015-09-01,XSHG
1568,10000325.XSHG,0.1266,0.1181,2015-09-01,XSHG
1569,10000322.XSHG,0.5,0.5273,2015-09-01,XSHG
1570,10000320.XSHG,0.4829,0.4661,2015-09-01,XSHG
1571,10000321.XSHG,0.1577,0.1599,2015-09-01,XSHG
1572,10000387.XSHG,0.317,0.312,2015-09-01,XSHG
1573,10000095.XSHG,0.0025,0.0018,2015-09-01,XSHG
1574,10000315.XSHG,0.6658,0.6658,2015-09-01,XSHG
1575,10000036.XSHG,0.219,0.2291,2015-09-01,XSHG
1576,10000037.XSHG,0.23,0.2616,2015-09-01,XSHG
1577,10000034.XSHG,0.0391,0.0354,2015-09-01,XSHG
1578,10000035.XSHG,0.0294,0.0273,2015-09-01,XSHG
1579,10000032.XSHG,0.0648,0.0621,2015-09-01,XSHG
1580,10000033.XSHG,0.0501,0.0466,2015-09-01,XSHG
1581,10000031.XSHG,0.078,0.075,2015-09-01,XSHG
1582,10000038.XSHG,0.3027,0.2999,2015-09-01,XSHG
1583,10000039.XSHG,0.3384,0.339,2015-09-01,XSHG
1584,10000331.XSHG,0.1415,0.1333,2015-09-01,XSHG
1585,10000239.XSHG,0.826,0.7945,2015-09-01,XSHG
1586,10000333.XSHG,0.1856,0.1856,2015-09-01,XSHG
1587,10000332.XSHG,0.3535,0.402,2015-09-01,XSHG
1588,10000334.XSHG,0.4648,0.4614,2015-09-01,XSHG
1589,10000339.XSHG,0.1003,0.0925,2015-09-01,XSHG
1590,10000139.XSHG,0.001,0.0012,2015-09-01,XSHG
1591,10000237.XSHG,0.049,0.0396,2015-09-01,XSHG
1592,10000228.XSHG,1.5664,1.62,2015-09-01,XSHG
1593,10000342.XSHG,0.159,0.1462,2015-09-01,XSHG
1594,10000103.XSHG,0.0017,0.0015,2015-09-01,XSHG
1595,10000104.XSHG,0.7518,0.7564,2015-09-01,XSHG
1596,10000344.XSHG,0.35,0.3791,2015-09-01,XSHG
1597,10000345.XSHG,0.2196,0.2164,2015-09-01,XSHG
1598,10000346.XSHG,0.2042,0.2057,2015-09-01,XSHG
1599,10000347.XSHG,0.365,0.3909,2015-09-01,XSHG
1600,10000340.XSHG,0.1898,0.202,2015-09-01,XSHG
1601,10000341.XSHG,0.1747,0.164,2015-09-01,XSHG
1602,10000402.XSHG,0.1843,0.2106,2015-09-01,XSHG
1603,10000343.XSHG,0.3199,0.3498,2015-09-01,XSHG
1604,10000348.XSHG,0.425,0.4228,2015-09-01,XSHG
1605,10000226.XSHG,1.522,1.527,2015-09-01,XSHG
1606,10000225.XSHG,0.0005,0.0006,2015-09-01,XSHG
1607,10000142.XSHG,0.8966,0.9078,2015-09-01,XSHG
1608,10000269.XSHG,0.067,0.054,2015-09-01,XSHG
1609,10000424.XSHG,0.3639,0.3645,2015-09-01,XSHG
1610,10000307.XSHG,0.1443,0.1474,2015-09-01,XSHG
1611,10000421.XSHG,0.0949,0.0873,2015-09-01,XSHG
1612,10000420.XSHG,0.3028,0.3047,2015-09-01,XSHG
1613,10000306.XSHG,0.5716,0.5397,2015-09-01,XSHG
1614,10000422.XSHG,0.336,0.3566,2015-09-01,XSHG
1615,10000296.XSHG,0.9094,0.9094,2015-09-01,XSHG
1616,10000297.XSHG,0.0659,0.0609,2015-09-01,XSHG
1617,10000294.XSHG,,,2015-09-01,XSHG
1618,10000295.XSHG,0.8825,0.8825,2015-09-01,XSHG
1619,10000292.XSHG,0.7581,0.7581,2015-09-01,XSHG
1620,10000293.XSHG,0.7759,0.7759,2015-09-01,XSHG
1621,10000290.XSHG,0.0752,0.0721,2015-09-01,XSHG
1622,10000291.XSHG,0.0693,0.0682,2015-09-01,XSHG
1623,10000298.XSHG,,,2015-09-01,XSHG
1624,10000357.XSHG,0.2105,0.2056,2015-09-01,XSHG
1625,10000359.XSHG,0.15,0.142,2015-09-01,XSHG
1626,10000358.XSHG,0.176,0.172,2015-09-01,XSHG
1627,10000238.XSHG,0.0454,0.0349,2015-09-01,XSHG
1628,10000227.XSHG,0.0132,0.0111,2015-09-01,XSHG
1629,10000182.XSHG,1.3246,1.3447,2015-09-01,XSHG
1630,10000183.XSHG,0.0313,0.0233,2015-09-01,XSHG
1631,10000181.XSHG,0.0004,0.0008,2015-09-01,XSHG
1632,10000186.XSHG,0.0181,0.0145,2015-09-01,XSHG
1633,10000187.XSHG,0.0162,0.0123,2015-09-01,XSHG
1634,10000184.XSHG,0.0254,0.0194,2015-09-01,XSHG
1635,10000185.XSHG,0.0217,0.0173,2015-09-01,XSHG
1636,10000188.XSHG,1.0153,1.0153,2015-09-01,XSHG
1637,10000189.XSHG,,,2015-09-01,XSHG
1638,10000368.XSHG,0.1673,0.1923,2015-09-02,XSHG
1639,10000369.XSHG,0.2411,0.2314,2015-09-02,XSHG
1640,10000362.XSHG,0.149,0.1255,2015-09-02,XSHG
1641,10000363.XSHG,0.1716,0.139,2015-09-02,XSHG
1642,10000360.XSHG,0.1104,0.0926,2015-09-02,XSHG
1643,10000361.XSHG,0.14,0.1065,2015-09-02,XSHG
1644,10000366.XSHG,0.2418,0.2497,2015-09-02,XSHG
1645,10000367.XSHG,0.2098,0.2242,2015-09-02,XSHG
1646,10000364.XSHG,0.21,0.172,2015-09-02,XSHG
1647,10000365.XSHG,0.3143,0.3128,2015-09-02,XSHG
1648,10000201.XSHG,0.0213,0.0245,2015-09-02,XSHG
1649,10000200.XSHG,1.5181,1.5245,2015-09-02,XSHG
1650,10000203.XSHG,0.0237,0.0279,2015-09-02,XSHG
1651,10000202.XSHG,1.0043,0.9945,2015-09-02,XSHG
1652,10000205.XSHG,0.0264,0.0301,2015-09-02,XSHG
1653,10000204.XSHG,0.9591,0.9135,2015-09-02,XSHG
1654,10000206.XSHG,0.9143,0.8526,2015-09-02,XSHG
1655,10000165.XSHG,0.0008,0.0006,2015-09-02,XSHG
1656,10000166.XSHG,1.1908,1.1572,2015-09-02,XSHG
1657,10000197.XSHG,0.0008,0.0007,2015-09-02,XSHG
1658,10000191.XSHG,1.3372,1.3303,2015-09-02,XSHG
1659,10000190.XSHG,1.2402,1.2095,2015-09-02,XSHG
1660,10000192.XSHG,1.4239,1.4157,2015-09-02,XSHG
1661,10000055.XSHG,0.0098,0.0089,2015-09-02,XSHG
1662,10000056.XSHG,0.4853,0.4633,2015-09-02,XSHG
1663,10000199.XSHG,0.0096,0.0111,2015-09-02,XSHG
1664,10000198.XSHG,1.4879,1.425,2015-09-02,XSHG
1665,10000379.XSHG,0.3416,0.34,2015-09-02,XSHG
1666,10000378.XSHG,0.3194,0.3291,2015-09-02,XSHG
1667,10000375.XSHG,0.2348,0.2604,2015-09-02,XSHG
1668,10000374.XSHG,0.2745,0.3004,2015-09-02,XSHG
1669,10000377.XSHG,0.2925,0.2899,2015-09-02,XSHG
1670,10000376.XSHG,0.2269,0.2502,2015-09-02,XSHG
1671,10000371.XSHG,0.2919,0.2737,2015-09-02,XSHG
1672,10000370.XSHG,0.275,0.2525,2015-09-02,XSHG
1673,10000373.XSHG,0.3281,0.3216,2015-09-02,XSHG
1674,10000372.XSHG,0.3298,0.3177,2015-09-02,XSHG
1675,10000274.XSHG,0.7839,0.7377,2015-09-02,XSHG
1676,10000270.XSHG,0.0425,0.053,2015-09-02,XSHG
1677,10000271.XSHG,0.0378,0.0437,2015-09-02,XSHG
1678,10000272.XSHG,0.6989,0.6532,2015-09-02,XSHG
1679,10000273.XSHG,0.7411,0.6939,2015-09-02,XSHG
1680,10000173.XSHG,0.0007,0.0007,2015-09-02,XSHG
1681,10000393.XSHG,0.3863,0.3863,2015-09-02,XSHG
1682,10000279.XSHG,0.0548,0.0642,2015-09-02,XSHG
1683,10000174.XSHG,1.2901,1.2546,2015-09-02,XSHG
1684,10000426.XSHG,0.4266,0.4023,2015-09-02,XSHG
1685,10000289.XSHG,0.0687,0.0805,2015-09-02,XSHG
1686,10000288.XSHG,0.0747,0.0859,2015-09-02,XSHG
1687,10000423.XSHG,0.0693,0.0714,2015-09-02,XSHG
1688,10000048.XSHG,0.4529,0.4189,2015-09-02,XSHG
1689,10000047.XSHG,0.0179,0.0136,2015-09-02,XSHG
1690,10000280.XSHG,0.6574,0.5976,2015-09-02,XSHG
1691,10000392.XSHG,0.1109,0.0911,2015-09-02,XSHG
1692,10000285.XSHG,0.0619,0.0762,2015-09-02,XSHG
1693,10000287.XSHG,0.0813,0.099,2015-09-02,XSHG
1694,10000040.XSHG,0.4135,0.3756,2015-09-02,XSHG
1695,10000414.XSHG,0.2438,0.2166,2015-09-02,XSHG
1696,10000415.XSHG,0.1309,0.143,2015-09-02,XSHG
1697,10000416.XSHG,0.1022,0.12,2015-09-02,XSHG
1698,10000417.XSHG,0.0834,0.101,2015-09-02,XSHG
1699,10000410.XSHG,0.156,0.1444,2015-09-02,XSHG
1700,10000411.XSHG,0.1776,0.1605,2015-09-02,XSHG
1701,10000412.XSHG,0.1956,0.1736,2015-09-02,XSHG
1702,10000413.XSHG,0.219,0.194,2015-09-02,XSHG
1703,10000388.XSHG,0.2799,0.2513,2015-09-02,XSHG
1704,10000389.XSHG,0.2425,0.2189,2015-09-02,XSHG
1705,10000418.XSHG,0.2718,0.2259,2015-09-02,XSHG
1706,10000419.XSHG,0.3024,0.2573,2015-09-02,XSHG
1707,10000308.XSHG,0.1144,0.134,2015-09-02,XSHG
1708,10000309.XSHG,0.1053,0.12,2015-09-02,XSHG
1709,10000390.XSHG,0.088,0.0667,2015-09-02,XSHG
1710,10000149.XSHG,0.0009,0.0005,2015-09-02,XSHG
1711,10000391.XSHG,0.0978,0.0756,2015-09-02,XSHG
1712,10000397.XSHG,0.1983,0.19,2015-09-02,XSHG
1713,10000303.XSHG,0.0795,0.095,2015-09-02,XSHG
1714,10000304.XSHG,0.0702,0.0855,2015-09-02,XSHG
1715,10000305.XSHG,0.5376,0.4973,2015-09-02,XSHG
1716,10000140.XSHG,0.001,0.0005,2015-09-02,XSHG
1717,10000141.XSHG,0.8931,0.8616,2015-09-02,XSHG
1718,10000080.XSHG,0.6421,0.6047,2015-09-02,XSHG
1719,10000395.XSHG,0.3425,0.3415,2015-09-02,XSHG
1720,10000087.XSHG,0.0017,0.0023,2015-09-02,XSHG
1721,10000400.XSHG,0.4229,0.4214,2015-09-02,XSHG
1722,10000072.XSHG,0.6048,0.5573,2015-09-02,XSHG
1723,10000071.XSHG,0.0039,0.0047,2015-09-02,XSHG
1724,10000079.XSHG,0.0021,0.003,2015-09-02,XSHG
1725,10000407.XSHG,0.2637,0.2468,2015-09-02,XSHG
1726,10000406.XSHG,0.3195,0.2908,2015-09-02,XSHG
1727,10000405.XSHG,0.3095,0.3095,2015-09-02,XSHG
1728,10000404.XSHG,0.2675,0.2718,2015-09-02,XSHG
1729,10000403.XSHG,0.2448,0.246,2015-09-02,XSHG
1730,10000396.XSHG,0.1773,0.1675,2015-09-02,XSHG
1731,10000401.XSHG,0.3665,0.3501,2015-09-02,XSHG
1732,10000394.XSHG,0.3693,0.3678,2015-09-02,XSHG
1733,10000399.XSHG,0.4529,0.4479,2015-09-02,XSHG
1734,10000398.XSHG,0.2188,0.2135,2015-09-02,XSHG
1735,10000409.XSHG,0.2012,0.1956,2015-09-02,XSHG
1736,10000408.XSHG,0.2381,0.2235,2015-09-02,XSHG
1737,10000150.XSHG,0.9931,0.9234,2015-09-02,XSHG
1738,10000319.XSHG,0.0902,0.109,2015-09-02,XSHG
1739,10000157.XSHG,0.0008,0.0006,2015-09-02,XSHG
1740,10000313.XSHG,,,2015-09-02,XSHG
1741,10000158.XSHG,1.0914,1.0413,2015-09-02,XSHG
1742,10000311.XSHG,0.0888,0.1096,2015-09-02,XSHG
1743,10000310.XSHG,0.0967,0.112,2015-09-02,XSHG
1744,10000316.XSHG,0.7118,0.7103,2015-09-02,XSHG
1745,10000096.XSHG,0.7425,0.7028,2015-09-02,XSHG
1746,10000314.XSHG,0.6469,0.6269,2015-09-02,XSHG
1747,10000064.XSHG,0.5439,0.5101,2015-09-02,XSHG
1748,10000063.XSHG,0.0058,0.0071,2015-09-02,XSHG
1749,10000286.XSHG,0.6167,0.5677,2015-09-02,XSHG
1750,10000380.XSHG,0.3683,0.3768,2015-09-02,XSHG
1751,10000240.XSHG,0.8713,0.8264,2015-09-02,XSHG
1752,10000125.XSHG,0.0013,0.001,2015-09-02,XSHG
1753,10000126.XSHG,0.8432,0.775,2015-09-02,XSHG
1754,10000088.XSHG,0.6922,0.6536,2015-09-02,XSHG
1755,10000328.XSHG,0.4908,0.4908,2015-09-02,XSHG
1756,10000312.XSHG,0.57,0.5589,2015-09-02,XSHG
1757,10000326.XSHG,0.4628,0.4404,2015-09-02,XSHG
1758,10000327.XSHG,0.1487,0.1717,2015-09-02,XSHG
1759,10000325.XSHG,0.1022,0.1138,2015-09-02,XSHG
1760,10000322.XSHG,0.5108,0.5368,2015-09-02,XSHG
1761,10000320.XSHG,0.5004,0.4409,2015-09-02,XSHG
1762,10000321.XSHG,0.1362,0.1588,2015-09-02,XSHG
1763,10000387.XSHG,0.3161,0.2988,2015-09-02,XSHG
1764,10000095.XSHG,0.0014,0.0016,2015-09-02,XSHG
1765,10000315.XSHG,0.6906,0.6906,2015-09-02,XSHG
1766,10000036.XSHG,0.25,0.235,2015-09-02,XSHG
1767,10000037.XSHG,0.2877,0.2674,2015-09-02,XSHG
1768,10000034.XSHG,0.0307,0.025,2015-09-02,XSHG
1769,10000035.XSHG,0.0251,0.02,2015-09-02,XSHG
1770,10000032.XSHG,0.0597,0.0446,2015-09-02,XSHG
1771,10000033.XSHG,0.0453,0.035,2015-09-02,XSHG
1772,10000031.XSHG,0.0692,0.0585,2015-09-02,XSHG
1773,10000038.XSHG,0.327,0.2992,2015-09-02,XSHG
1774,10000039.XSHG,0.3662,0.334,2015-09-02,XSHG
1775,10000331.XSHG,0.1164,0.1304,2015-09-02,XSHG
1776,10000239.XSHG,0.8274,0.7642,2015-09-02,XSHG
1777,10000333.XSHG,0.1636,0.187,2015-09-02,XSHG
1778,10000332.XSHG,0.3976,0.3914,2015-09-02,XSHG
1779,10000334.XSHG,0.4739,0.4739,2015-09-02,XSHG
1780,10000339.XSHG,0.078,0.0736,2015-09-02,XSHG
1781,10000139.XSHG,0.0011,0.0005,2015-09-02,XSHG
1782,10000237.XSHG,0.0333,0.0399,2015-09-02,XSHG
1783,10000228.XSHG,1.6138,1.624,2015-09-02,XSHG
1784,10000342.XSHG,0.1331,0.1584,2015-09-02,XSHG
1785,10000103.XSHG,0.0012,0.0012,2015-09-02,XSHG
1786,10000104.XSHG,0.7926,0.77,2015-09-02,XSHG
1787,10000344.XSHG,0.4,0.3896,2015-09-02,XSHG
1788,10000345.XSHG,0.1971,0.235,2015-09-02,XSHG
1789,10000346.XSHG,0.1788,0.2147,2015-09-02,XSHG
1790,10000347.XSHG,0.41,0.393,2015-09-02,XSHG
1791,10000340.XSHG,0.23,0.1915,2015-09-02,XSHG
1792,10000341.XSHG,0.1492,0.1626,2015-09-02,XSHG
1793,10000402.XSHG,0.2235,0.2139,2015-09-02,XSHG
1794,10000343.XSHG,0.3466,0.3388,2015-09-02,XSHG
1795,10000348.XSHG,0.4399,0.4385,2015-09-02,XSHG
1796,10000226.XSHG,1.5873,1.5508,2015-09-02,XSHG
1797,10000225.XSHG,0.0008,0.0006,2015-09-02,XSHG
1798,10000142.XSHG,0.9436,0.886,2015-09-02,XSHG
1799,10000269.XSHG,0.0483,0.0583,2015-09-02,XSHG
1800,10000425.XSHG,0.048,0.0579,2015-09-02,XSHG
1801,10000424.XSHG,0.3948,0.363,2015-09-02,XSHG
1802,10000307.XSHG,0.1251,0.145,2015-09-02,XSHG
1803,10000421.XSHG,0.0786,0.0834,2015-09-02,XSHG
1804,10000420.XSHG,0.3337,0.2858,2015-09-02,XSHG
1805,10000306.XSHG,0.5767,0.5319,2015-09-02,XSHG
1806,10000422.XSHG,0.3753,0.3136,2015-09-02,XSHG
1807,10000296.XSHG,0.9035,0.895,2015-09-02,XSHG
1808,10000297.XSHG,0.0545,0.0599,2015-09-02,XSHG
1809,10000294.XSHG,0.8386,0.8294,2015-09-02,XSHG
1810,10000295.XSHG,0.8762,0.8696,2015-09-02,XSHG
1811,10000292.XSHG,0.7509,0.7241,2015-09-02,XSHG
1812,10000293.XSHG,0.7935,0.77,2015-09-02,XSHG
1813,10000290.XSHG,0.0636,0.0721,2015-09-02,XSHG
1814,10000291.XSHG,0.0586,0.0691,2015-09-02,XSHG
1815,10000298.XSHG,0.9809,0.945,2015-09-02,XSHG
1816,10000357.XSHG,0.2062,0.185,2015-09-02,XSHG
1817,10000359.XSHG,0.12,0.1169,2015-09-02,XSHG
1818,10000358.XSHG,0.152,0.1503,2015-09-02,XSHG
1819,10000238.XSHG,0.0298,0.0381,2015-09-02,XSHG
1820,10000227.XSHG,0.0096,0.0101,2015-09-02,XSHG
1821,10000182.XSHG,1.3895,1.3385,2015-09-02,XSHG
1822,10000183.XSHG,0.021,0.0226,2015-09-02,XSHG
1823,10000181.XSHG,0.0008,0.0003,2015-09-02,XSHG
1824,10000186.XSHG,0.0124,0.0151,2015-09-02,XSHG
1825,10000187.XSHG,0.0111,0.0136,2015-09-02,XSHG
1826,10000184.XSHG,0.018,0.0184,2015-09-02,XSHG
1827,10000185.XSHG,0.0173,0.0159,2015-09-02,XSHG
1828,10000188.XSHG,1.0499,1.0414,2015-09-02,XSHG
1829,10000189.XSHG,1.1427,1.0951,2015-09-02,XSHG
1830,10000368.XSHG,0.206,0.2081,2015-09-07,XSHG
1831,10000369.XSHG,0.2225,0.2339,2015-09-07,XSHG
1832,10000362.XSHG,0.1188,0.093,2015-09-07,XSHG
1833,10000363.XSHG,0.1285,0.1105,2015-09-07,XSHG
1834,10000360.XSHG,0.1337,0.0998,2015-09-07,XSHG
1835,10000361.XSHG,0.1021,0.0774,2015-09-07,XSHG
1836,10000366.XSHG,0.2538,0.2513,2015-09-07,XSHG
1837,10000367.XSHG,0.229,0.2275,2015-09-07,XSHG
1838,10000364.XSHG,0.1589,0.1351,2015-09-07,XSHG
1839,10000365.XSHG,0.3076,0.2774,2015-09-07,XSHG
1840,10000201.XSHG,0.0235,0.0232,2015-09-07,XSHG
1841,10000200.XSHG,1.4237,1.5049,2015-09-07,XSHG
1842,10000203.XSHG,0.026,0.028,2015-09-07,XSHG
1843,10000202.XSHG,0.9326,0.929,2015-09-07,XSHG
1844,10000205.XSHG,0.0287,0.0318,2015-09-07,XSHG
1845,10000204.XSHG,0.8896,0.867,2015-09-07,XSHG
1846,10000206.XSHG,0.8472,0.8472,2015-09-07,XSHG
1847,10000165.XSHG,0.0008,0.0008,2015-09-07,XSHG
1848,10000166.XSHG,1.117,1.1139,2015-09-07,XSHG
1849,10000197.XSHG,0.0001,0.0003,2015-09-07,XSHG
1850,10000191.XSHG,1.2419,1.1518,2015-09-07,XSHG
1851,10000190.XSHG,1.1522,1.1693,2015-09-07,XSHG
1852,10000192.XSHG,1.3325,1.3003,2015-09-07,XSHG
1853,10000055.XSHG,0.0096,0.0081,2015-09-07,XSHG
1854,10000056.XSHG,0.451,0.4351,2015-09-07,XSHG
1855,10000199.XSHG,0.0111,0.0121,2015-09-07,XSHG
1856,10000198.XSHG,1.4034,1.4463,2015-09-07,XSHG
1857,10000379.XSHG,0.3383,0.3383,2015-09-07,XSHG
1858,10000378.XSHG,0.3125,0.3125,2015-09-07,XSHG
1859,10000375.XSHG,0.2849,0.2987,2015-09-07,XSHG
1860,10000374.XSHG,0.3194,0.3042,2015-09-07,XSHG
1861,10000377.XSHG,0.2873,0.3027,2015-09-07,XSHG
1862,10000376.XSHG,0.2704,0.2728,2015-09-07,XSHG
1863,10000371.XSHG,0.2692,0.2727,2015-09-07,XSHG
1864,10000370.XSHG,0.2451,0.2577,2015-09-07,XSHG
1865,10000373.XSHG,0.3361,0.3482,2015-09-07,XSHG
1866,10000372.XSHG,0.2983,0.2821,2015-09-07,XSHG
1867,10000274.XSHG,0.707,0.707,2015-09-07,XSHG
1868,10000270.XSHG,0.0493,0.0491,2015-09-07,XSHG
1869,10000271.XSHG,0.0422,0.0442,2015-09-07,XSHG
1870,10000272.XSHG,0.5807,0.6273,2015-09-07,XSHG
1871,10000273.XSHG,,,2015-09-07,XSHG
1872,10000173.XSHG,0.0008,0.0009,2015-09-07,XSHG
1873,10000393.XSHG,0.4166,0.3976,2015-09-07,XSHG
1874,10000279.XSHG,0.0626,0.0641,2015-09-07,XSHG
1875,10000174.XSHG,1.2134,1.2115,2015-09-07,XSHG
1876,10000426.XSHG,0.3845,0.3578,2015-09-07,XSHG
1877,10000289.XSHG,0.0745,0.083,2015-09-07,XSHG
1878,10000288.XSHG,0.0791,0.0917,2015-09-07,XSHG
1879,10000423.XSHG,0.0735,0.0719,2015-09-07,XSHG
1880,10000048.XSHG,0.4064,0.3925,2015-09-07,XSHG
1881,10000047.XSHG,0.0164,0.0115,2015-09-07,XSHG
1882,10000280.XSHG,0.6221,0.5703,2015-09-07,XSHG
1883,10000392.XSHG,0.0847,0.0671,2015-09-07,XSHG
1884,10000285.XSHG,0.0718,0.0721,2015-09-07,XSHG
1885,10000287.XSHG,0.0912,0.0999,2015-09-07,XSHG
1886,10000040.XSHG,0.362,0.3474,2015-09-07,XSHG
1887,10000414.XSHG,0.2032,0.1933,2015-09-07,XSHG
1888,10000415.XSHG,0.1616,0.1562,2015-09-07,XSHG
1889,10000416.XSHG,0.1353,0.1315,2015-09-07,XSHG
1890,10000417.XSHG,0.1002,0.1038,2015-09-07,XSHG
1891,10000410.XSHG,0.1392,0.126,2015-09-07,XSHG
1892,10000411.XSHG,0.153,0.1446,2015-09-07,XSHG
1893,10000412.XSHG,0.1667,0.1547,2015-09-07,XSHG
1894,10000413.XSHG,0.1862,0.1705,2015-09-07,XSHG
1895,10000388.XSHG,0.296,0.2678,2015-09-07,XSHG
1896,10000389.XSHG,0.2886,0.2286,2015-09-07,XSHG
1897,10000418.XSHG,0.2261,0.209,2015-09-07,XSHG
1898,10000419.XSHG,0.2523,0.2395,2015-09-07,XSHG
1899,10000308.XSHG,0.1282,0.1433,2015-09-07,XSHG
1900,10000309.XSHG,0.1134,0.1323,2015-09-07,XSHG
1901,10000390.XSHG,0.059,0.0428,2015-09-07,XSHG
1902,10000149.XSHG,0.0007,0.001,2015-09-07,XSHG
1903,10000391.XSHG,0.0725,0.0563,2015-09-07,XSHG
1904,10000397.XSHG,0.1792,0.1948,2015-09-07,XSHG
1905,10000303.XSHG,0.0957,0.0949,2015-09-07,XSHG
1906,10000304.XSHG,0.0813,0.0831,2015-09-07,XSHG
1907,10000305.XSHG,0.4722,0.4673,2015-09-07,XSHG
1908,10000140.XSHG,0.0007,0.0008,2015-09-07,XSHG
1909,10000141.XSHG,0.8331,0.816,2015-09-07,XSHG
1910,10000080.XSHG,0.5801,0.5883,2015-09-07,XSHG
1911,10000395.XSHG,0.3142,0.3376,2015-09-07,XSHG
1912,10000087.XSHG,0.0018,0.0021,2015-09-07,XSHG
1913,10000400.XSHG,0.4374,0.387,2015-09-07,XSHG
1914,10000072.XSHG,0.5333,0.543,2015-09-07,XSHG
1915,10000071.XSHG,0.0047,0.0036,2015-09-07,XSHG
1916,10000079.XSHG,0.003,0.0024,2015-09-07,XSHG
1917,10000407.XSHG,0.2696,0.2527,2015-09-07,XSHG
1918,10000406.XSHG,0.3076,0.285,2015-09-07,XSHG
1919,10000405.XSHG,0.3466,0.3212,2015-09-07,XSHG
1920,10000404.XSHG,0.2628,0.2588,2015-09-07,XSHG
1921,10000403.XSHG,0.2389,0.26,2015-09-07,XSHG
1922,10000396.XSHG,0.162,0.1725,2015-09-07,XSHG
1923,10000401.XSHG,0.3626,0.3787,2015-09-07,XSHG
1924,10000394.XSHG,0.3751,0.3749,2015-09-07,XSHG
1925,10000399.XSHG,0.4742,0.432,2015-09-07,XSHG
1926,10000398.XSHG,0.2001,0.2171,2015-09-07,XSHG
1927,10000409.XSHG,0.1847,0.184,2015-09-07,XSHG
1928,10000408.XSHG,0.2416,0.2181,2015-09-07,XSHG
1929,10000150.XSHG,0.9273,0.9177,2015-09-07,XSHG
1930,10000319.XSHG,0.1092,0.102,2015-09-07,XSHG
1931,10000157.XSHG,0.0008,0.0009,2015-09-07,XSHG
1932,10000313.XSHG,,,2015-09-07,XSHG
1933,10000158.XSHG,1.0226,1.0155,2015-09-07,XSHG
1934,10000311.XSHG,0.101,0.1084,2015-09-07,XSHG
1935,10000310.XSHG,0.1037,0.1186,2015-09-07,XSHG
1936,10000316.XSHG,,,2015-09-07,XSHG
1937,10000096.XSHG,0.6891,0.6811,2015-09-07,XSHG
1938,10000314.XSHG,0.6218,0.6218,2015-09-07,XSHG
1939,10000064.XSHG,0.501,0.4894,2015-09-07,XSHG
1940,10000063.XSHG,0.0077,0.0051,2015-09-07,XSHG
1941,10000286.XSHG,0.5801,0.5699,2015-09-07,XSHG
1942,10000380.XSHG,0.3649,0.3649,2015-09-07,XSHG
1943,10000240.XSHG,0.8532,0.7622,2015-09-07,XSHG
1944,10000125.XSHG,0.0013,0.0012,2015-09-07,XSHG
1945,10000126.XSHG,0.7837,0.7764,2015-09-07,XSHG
1946,10000088.XSHG,0.6439,0.6286,2015-09-07,XSHG
1947,10000328.XSHG,0.4867,0.4701,2015-09-07,XSHG
1948,10000312.XSHG,0.5494,0.53,2015-09-07,XSHG
1949,10000326.XSHG,0.2102,0.4273,2015-09-07,XSHG
1950,10000327.XSHG,0.1846,0.191,2015-09-07,XSHG
1951,10000325.XSHG,0.1218,0.122,2015-09-07,XSHG
1952,10000322.XSHG,0.5147,0.5182,2015-09-07,XSHG
1953,10000320.XSHG,0.4,0.45,2015-09-07,XSHG
1954,10000321.XSHG,0.1693,0.1724,2015-09-07,XSHG
1955,10000387.XSHG,0.3355,0.3085,2015-09-07,XSHG
1956,10000095.XSHG,0.0017,0.0015,2015-09-07,XSHG
1957,10000315.XSHG,0.6579,0.6579,2015-09-07,XSHG
1958,10000036.XSHG,0.213,0.195,2015-09-07,XSHG
1959,10000037.XSHG,0.249,0.2281,2015-09-07,XSHG
1960,10000034.XSHG,0.0293,0.0242,2015-09-07,XSHG
1961,10000035.XSHG,0.0257,0.0177,2015-09-07,XSHG
1962,10000032.XSHG,0.0526,0.0451,2015-09-07,XSHG
1963,10000033.XSHG,0.04,0.0327,2015-09-07,XSHG
1964,10000031.XSHG,0.078,0.062,2015-09-07,XSHG
1965,10000038.XSHG,0.2851,0.27,2015-09-07,XSHG
1966,10000039.XSHG,0.3188,0.3035,2015-09-07,XSHG
1967,10000331.XSHG,0.1389,0.1372,2015-09-07,XSHG
1968,10000239.XSHG,0.7965,0.7965,2015-09-07,XSHG
1969,10000333.XSHG,0.2011,0.2117,2015-09-07,XSHG
1970,10000332.XSHG,0.3833,0.3612,2015-09-07,XSHG
1971,10000334.XSHG,0.4267,0.4721,2015-09-07,XSHG
1972,10000339.XSHG,0.0978,0.0765,2015-09-07,XSHG
1973,10000139.XSHG,0.0007,0.001,2015-09-07,XSHG
1974,10000237.XSHG,0.0387,0.0397,2015-09-07,XSHG
1975,10000228.XSHG,1.5155,1.6297,2015-09-07,XSHG
1976,10000342.XSHG,0.1618,0.1566,2015-09-07,XSHG
1977,10000103.XSHG,0.0014,0.0016,2015-09-07,XSHG
1978,10000104.XSHG,0.7382,0.7305,2015-09-07,XSHG
1979,10000344.XSHG,0.3411,0.3681,2015-09-07,XSHG
1980,10000345.XSHG,0.2423,0.2338,2015-09-07,XSHG
1981,10000346.XSHG,0.2187,0.2282,2015-09-07,XSHG
1982,10000347.XSHG,0.3922,0.3922,2015-09-07,XSHG
1983,10000340.XSHG,0.1612,0.164,2015-09-07,XSHG
1984,10000341.XSHG,0.1837,0.1775,2015-09-07,XSHG
1985,10000402.XSHG,0.2119,0.2158,2015-09-07,XSHG
1986,10000343.XSHG,0.3354,0.3334,2015-09-07,XSHG
1987,10000348.XSHG,0.4198,0.431,2015-09-07,XSHG
1988,10000226.XSHG,1.5007,1.528,2015-09-07,XSHG
1989,10000225.XSHG,0.0008,0.0003,2015-09-07,XSHG
1990,10000142.XSHG,0.8806,0.8697,2015-09-07,XSHG
1991,10000269.XSHG,0.0554,0.06,2015-09-07,XSHG
1992,10000425.XSHG,0.058,0.0602,2015-09-07,XSHG
1993,10000424.XSHG,0.3561,0.3231,2015-09-07,XSHG
1994,10000307.XSHG,0.1415,0.1467,2015-09-07,XSHG
1995,10000421.XSHG,0.0836,0.0855,2015-09-07,XSHG
1996,10000420.XSHG,0.2828,0.2702,2015-09-07,XSHG
1997,10000306.XSHG,0.5277,0.5092,2015-09-07,XSHG
1998,10000422.XSHG,0.3165,0.2868,2015-09-07,XSHG
1999,10000296.XSHG,,,2015-09-07,XSHG
2000,10000297.XSHG,0.0561,0.0608,2015-09-07,XSHG
2001,10000294.XSHG,0.8118,0.8118,2015-09-07,XSHG
2002,10000295.XSHG,0.9058,0.9058,2015-09-07,XSHG
2003,10000292.XSHG,0.7328,0.7328,2015-09-07,XSHG
2004,10000293.XSHG,,,2015-09-07,XSHG
2005,10000290.XSHG,0.067,0.0681,2015-09-07,XSHG
2006,10000291.XSHG,0.0625,0.064,2015-09-07,XSHG
2007,10000298.XSHG,1.0168,0.93,2015-09-07,XSHG
2008,10000357.XSHG,0.2312,0.1865,2015-09-07,XSHG
2009,10000359.XSHG,0.1627,0.1199,2015-09-07,XSHG
2010,10000358.XSHG,0.1895,0.153,2015-09-07,XSHG
2011,10000238.XSHG,0.0339,0.0357,2015-09-07,XSHG
2012,10000227.XSHG,0.0092,0.011,2015-09-07,XSHG
2013,10000182.XSHG,1.3079,1.3149,2015-09-07,XSHG
2014,10000183.XSHG,0.0222,0.0207,2015-09-07,XSHG
2015,10000181.XSHG,0.0005,0.0006,2015-09-07,XSHG
2016,10000186.XSHG,0.0156,0.0139,2015-09-07,XSHG
2017,10000187.XSHG,0.0132,0.0132,2015-09-07,XSHG
2018,10000184.XSHG,0.019,0.0177,2015-09-07,XSHG
2019,10000185.XSHG,0.0172,0.0159,2015-09-07,XSHG
2020,10000188.XSHG,0.9759,0.989,2015-09-07,XSHG
2021,10000189.XSHG,1.0634,1.0701,2015-09-07,XSHG
2022,10000368.XSHG,0.1904,0.1843,2015-09-08,XSHG
2023,10000369.XSHG,0.2168,0.1781,2015-09-08,XSHG
2024,10000362.XSHG,0.0973,0.0318,2015-09-08,XSHG
2025,10000363.XSHG,0.1156,0.041,2015-09-08,XSHG
2026,10000360.XSHG,0.0958,0.1127,2015-09-08,XSHG
2027,10000361.XSHG,0.0805,0.0227,2015-09-08,XSHG
2028,10000366.XSHG,0.2344,0.2575,2015-09-08,XSHG
2029,10000367.XSHG,0.2089,0.2373,2015-09-08,XSHG
2030,10000364.XSHG,0.1414,0.0558,2015-09-08,XSHG
2031,10000365.XSHG,0.298,0.2839,2015-09-08,XSHG
2032,10000201.XSHG,0.0225,0.0202,2015-09-08,XSHG
2033,10000200.XSHG,1.4871,1.4861,2015-09-08,XSHG
2034,10000203.XSHG,0.0256,0.0243,2015-09-08,XSHG
2035,10000202.XSHG,0.9198,0.9198,2015-09-08,XSHG
2036,10000205.XSHG,0.0291,0.0254,2015-09-08,XSHG
2037,10000204.XSHG,,,2015-09-08,XSHG
2038,10000206.XSHG,0.8502,0.8001,2015-09-08,XSHG
2039,10000165.XSHG,0.0009,0.0005,2015-09-08,XSHG
2040,10000166.XSHG,1.0992,1.038,2015-09-08,XSHG
2041,10000197.XSHG,0.0002,0.0004,2015-09-08,XSHG
2042,10000191.XSHG,1.4088,1.3371,2015-09-08,XSHG
2043,10000190.XSHG,1.1383,1.1334,2015-09-08,XSHG
2044,10000192.XSHG,1.3891,1.3861,2015-09-08,XSHG
2045,10000055.XSHG,0.0083,0.0084,2015-09-08,XSHG
2046,10000056.XSHG,0.4592,0.35,2015-09-08,XSHG
2047,10000199.XSHG,0.0121,0.009,2015-09-08,XSHG
2048,10000198.XSHG,1.4375,1.3546,2015-09-08,XSHG
2049,10000379.XSHG,0.3278,0.3267,2015-09-08,XSHG
2050,10000378.XSHG,0.3395,0.3013,2015-09-08,XSHG
2051,10000375.XSHG,0.2733,0.2916,2015-09-08,XSHG
2052,10000374.XSHG,0.2871,0.3117,2015-09-08,XSHG
2053,10000377.XSHG,0.2986,0.2408,2015-09-08,XSHG
2054,10000376.XSHG,0.2496,0.2488,2015-09-08,XSHG
2055,10000371.XSHG,0.256,0.2181,2015-09-08,XSHG
2056,10000370.XSHG,0.2401,0.1941,2015-09-08,XSHG
2057,10000373.XSHG,0.3166,0.339,2015-09-08,XSHG
2058,10000372.XSHG,0.3101,0.2558,2015-09-08,XSHG
2059,10000274.XSHG,0.6844,0.665,2015-09-08,XSHG
2060,10000270.XSHG,0.0449,0.0429,2015-09-08,XSHG
2061,10000271.XSHG,0.0404,0.0391,2015-09-08,XSHG
2062,10000272.XSHG,0.658,0.5685,2015-09-08,XSHG
2063,10000273.XSHG,0.6437,0.5971,2015-09-08,XSHG
2064,10000173.XSHG,0.0009,0.0003,2015-09-08,XSHG
2065,10000393.XSHG,0.3654,0.3735,2015-09-08,XSHG
2066,10000279.XSHG,0.0587,0.0564,2015-09-08,XSHG
2067,10000174.XSHG,1.2346,1.1787,2015-09-08,XSHG
2068,10000426.XSHG,0.3804,0.2926,2015-09-08,XSHG
2069,10000289.XSHG,0.0759,0.0818,2015-09-08,XSHG
2070,10000288.XSHG,0.0839,0.0886,2015-09-08,XSHG
2071,10000423.XSHG,0.0706,0.074,2015-09-08,XSHG
2072,10000048.XSHG,0.411,0.3107,2015-09-08,XSHG
2073,10000047.XSHG,0.0114,0.0124,2015-09-08,XSHG
2074,10000280.XSHG,0.615,0.5306,2015-09-08,XSHG
2075,10000392.XSHG,0.068,0.02,2015-09-08,XSHG
2076,10000285.XSHG,0.0666,0.0674,2015-09-08,XSHG
2077,10000287.XSHG,0.0914,0.0936,2015-09-08,XSHG
2078,10000040.XSHG,0.3638,0.2677,2015-09-08,XSHG
2079,10000414.XSHG,0.2018,0.119,2015-09-08,XSHG
2080,10000415.XSHG,0.1447,0.1536,2015-09-08,XSHG
2081,10000416.XSHG,0.121,0.1265,2015-09-08,XSHG
2082,10000417.XSHG,0.0954,0.1047,2015-09-08,XSHG
2083,10000410.XSHG,0.131,0.0575,2015-09-08,XSHG
2084,10000411.XSHG,0.1504,0.0691,2015-09-08,XSHG
2085,10000412.XSHG,0.165,0.0839,2015-09-08,XSHG
2086,10000413.XSHG,0.1831,0.102,2015-09-08,XSHG
2087,10000388.XSHG,0.2652,0.3123,2015-09-08,XSHG
2088,10000389.XSHG,0.2278,0.2647,2015-09-08,XSHG
2089,10000418.XSHG,0.2241,0.142,2015-09-08,XSHG
2090,10000419.XSHG,0.2508,0.159,2015-09-08,XSHG
2091,10000308.XSHG,0.1311,0.1368,2015-09-08,XSHG
2092,10000309.XSHG,0.1211,0.1249,2015-09-08,XSHG
2093,10000390.XSHG,0.0435,0.0105,2015-09-08,XSHG
2094,10000149.XSHG,0.001,0.0007,2015-09-08,XSHG
2095,10000391.XSHG,0.057,0.014,2015-09-08,XSHG
2096,10000397.XSHG,0.2,0.1351,2015-09-08,XSHG
2097,10000303.XSHG,0.0868,0.0864,2015-09-08,XSHG
2098,10000304.XSHG,0.076,0.0775,2015-09-08,XSHG
2099,10000305.XSHG,0.505,0.4216,2015-09-08,XSHG
2100,10000140.XSHG,0.001,0.0005,2015-09-08,XSHG
2101,10000141.XSHG,0.82,0.7542,2015-09-08,XSHG
2102,10000080.XSHG,0.5827,0.4995,2015-09-08,XSHG
2103,10000395.XSHG,0.3051,0.3219,2015-09-08,XSHG
2104,10000087.XSHG,0.0022,0.0014,2015-09-08,XSHG
2105,10000400.XSHG,0.3913,0.396,2015-09-08,XSHG
2106,10000072.XSHG,0.373,0.4657,2015-09-08,XSHG
2107,10000071.XSHG,0.0045,0.003,2015-09-08,XSHG
2108,10000079.XSHG,0.0025,0.0017,2015-09-08,XSHG
2109,10000407.XSHG,0.2423,0.25,2015-09-08,XSHG
2110,10000406.XSHG,0.2839,0.2898,2015-09-08,XSHG
2111,10000405.XSHG,0.3205,0.3236,2015-09-08,XSHG
2112,10000404.XSHG,0.2599,0.2314,2015-09-08,XSHG
2113,10000403.XSHG,0.2446,0.2056,2015-09-08,XSHG
2114,10000396.XSHG,0.1701,0.1218,2015-09-08,XSHG
2115,10000401.XSHG,0.3551,0.373,2015-09-08,XSHG
2116,10000394.XSHG,0.3424,0.3399,2015-09-08,XSHG
2117,10000399.XSHG,0.435,0.433,2015-09-08,XSHG
2118,10000398.XSHG,0.21,0.1706,2015-09-08,XSHG
2119,10000409.XSHG,0.1754,0.186,2015-09-08,XSHG
2120,10000408.XSHG,0.2079,0.2143,2015-09-08,XSHG
2121,10000150.XSHG,0.9162,0.8624,2015-09-08,XSHG
2122,10000319.XSHG,0.099,0.1085,2015-09-08,XSHG
2123,10000157.XSHG,0.0009,0.0003,2015-09-08,XSHG
2124,10000313.XSHG,0.6235,0.577,2015-09-08,XSHG
2125,10000158.XSHG,1.0009,0.9292,2015-09-08,XSHG
2126,10000311.XSHG,0.0992,0.1026,2015-09-08,XSHG
2127,10000310.XSHG,0.1085,0.1109,2015-09-08,XSHG
2128,10000316.XSHG,0.644,0.644,2015-09-08,XSHG
2129,10000096.XSHG,0.6859,0.59,2015-09-08,XSHG
2130,10000314.XSHG,0.628,0.58,2015-09-08,XSHG
2131,10000064.XSHG,0.4796,0.4158,2015-09-08,XSHG
2132,10000063.XSHG,0.0059,0.0043,2015-09-08,XSHG
2133,10000286.XSHG,0.54,0.5,2015-09-08,XSHG
2134,10000380.XSHG,0.3508,0.3442,2015-09-08,XSHG
2135,10000240.XSHG,0.7719,0.7719,2015-09-08,XSHG
2136,10000125.XSHG,0.0013,0.0007,2015-09-08,XSHG
2137,10000126.XSHG,0.7758,0.7036,2015-09-08,XSHG
2138,10000088.XSHG,0.6334,0.5496,2015-09-08,XSHG
2139,10000328.XSHG,0.4779,0.4174,2015-09-08,XSHG
2140,10000312.XSHG,0.5178,0.5178,2015-09-08,XSHG
2141,10000326.XSHG,0.2151,0.35,2015-09-08,XSHG
2142,10000327.XSHG,0.1748,0.188,2015-09-08,XSHG
2143,10000325.XSHG,0.113,0.1284,2015-09-08,XSHG
2144,10000322.XSHG,0.5101,0.442,2015-09-08,XSHG
2145,10000320.XSHG,0.4275,0.4109,2015-09-08,XSHG
2146,10000321.XSHG,0.1577,0.17,2015-09-08,XSHG
2147,10000387.XSHG,0.3137,0.3569,2015-09-08,XSHG
2148,10000095.XSHG,0.0017,0.001,2015-09-08,XSHG
2149,10000315.XSHG,0.6448,0.6375,2015-09-08,XSHG
2150,10000036.XSHG,0.1942,0.1106,2015-09-08,XSHG
2151,10000037.XSHG,0.2388,0.1444,2015-09-08,XSHG
2152,10000034.XSHG,0.0231,0.0245,2015-09-08,XSHG
2153,10000035.XSHG,0.0169,0.0185,2015-09-08,XSHG
2154,10000032.XSHG,0.0417,0.0474,2015-09-08,XSHG
2155,10000033.XSHG,0.0322,0.0361,2015-09-08,XSHG
2156,10000031.XSHG,0.0626,0.0664,2015-09-08,XSHG
2157,10000038.XSHG,0.2823,0.1811,2015-09-08,XSHG
2158,10000039.XSHG,0.3202,0.2208,2015-09-08,XSHG
2159,10000331.XSHG,0.1284,0.1433,2015-09-08,XSHG
2160,10000239.XSHG,0.75,0.7395,2015-09-08,XSHG
2161,10000333.XSHG,0.1937,0.2046,2015-09-08,XSHG
2162,10000332.XSHG,0.3936,0.3126,2015-09-08,XSHG
2163,10000334.XSHG,0.4327,0.4327,2015-09-08,XSHG
2164,10000339.XSHG,0.0795,0.085,2015-09-08,XSHG
2165,10000139.XSHG,0.0012,0.0007,2015-09-08,XSHG
2166,10000237.XSHG,0.0363,0.0353,2015-09-08,XSHG
2167,10000228.XSHG,1.59,1.5141,2015-09-08,XSHG
2168,10000342.XSHG,0.1462,0.1601,2015-09-08,XSHG
2169,10000103.XSHG,0.0016,0.0013,2015-09-08,XSHG
2170,10000104.XSHG,0.7353,0.65,2015-09-08,XSHG
2171,10000344.XSHG,0.34,0.29,2015-09-08,XSHG
2172,10000345.XSHG,0.2207,0.2333,2015-09-08,XSHG
2173,10000346.XSHG,0.2088,0.2022,2015-09-08,XSHG
2174,10000347.XSHG,0.41,0.3423,2015-09-08,XSHG
2175,10000340.XSHG,0.1648,0.0837,2015-09-08,XSHG
2176,10000341.XSHG,0.1653,0.1887,2015-09-08,XSHG
2177,10000402.XSHG,0.217,0.1816,2015-09-08,XSHG
2178,10000343.XSHG,0.3345,0.2604,2015-09-08,XSHG
2179,10000348.XSHG,0.416,0.4025,2015-09-08,XSHG
2180,10000226.XSHG,1.4982,1.444,2015-09-08,XSHG
2181,10000225.XSHG,0.0009,0.0002,2015-09-08,XSHG
2182,10000142.XSHG,0.8492,0.8185,2015-09-08,XSHG
2183,10000269.XSHG,0.0549,0.0499,2015-09-08,XSHG
2184,10000425.XSHG,0.0575,0.0606,2015-09-08,XSHG
2185,10000424.XSHG,0.3445,0.2548,2015-09-08,XSHG
2186,10000307.XSHG,0.1399,0.1422,2015-09-08,XSHG
2187,10000421.XSHG,0.0816,0.089,2015-09-08,XSHG
2188,10000420.XSHG,0.2786,0.1908,2015-09-08,XSHG
2189,10000306.XSHG,0.5003,0.4897,2015-09-08,XSHG
2190,10000422.XSHG,0.3098,0.2269,2015-09-08,XSHG
2191,10000296.XSHG,,,2015-09-08,XSHG
2192,10000297.XSHG,0.0569,0.0645,2015-09-08,XSHG
2193,10000294.XSHG,0.7836,0.7836,2015-09-08,XSHG
2194,10000295.XSHG,,,2015-09-08,XSHG
2195,10000292.XSHG,0.73,0.6782,2015-09-08,XSHG
2196,10000293.XSHG,0.7429,0.7395,2015-09-08,XSHG
2197,10000290.XSHG,0.0668,0.0691,2015-09-08,XSHG
2198,10000291.XSHG,0.0612,0.0636,2015-09-08,XSHG
2199,10000298.XSHG,0.9298,0.9,2015-09-08,XSHG
2200,10000357.XSHG,0.1852,0.2195,2015-09-08,XSHG
2201,10000359.XSHG,0.116,0.14,2015-09-08,XSHG
2202,10000358.XSHG,0.1469,0.1793,2015-09-08,XSHG
2203,10000238.XSHG,0.0327,0.03,2015-09-08,XSHG
2204,10000227.XSHG,0.0114,0.0106,2015-09-08,XSHG
2205,10000182.XSHG,1.2791,1.2629,2015-09-08,XSHG
2206,10000183.XSHG,0.0202,0.0192,2015-09-08,XSHG
2207,10000181.XSHG,0.0004,0.0007,2015-09-08,XSHG
2208,10000186.XSHG,0.0136,0.0119,2015-09-08,XSHG
2209,10000187.XSHG,0.0132,0.0113,2015-09-08,XSHG
2210,10000184.XSHG,0.0175,0.0176,2015-09-08,XSHG
2211,10000185.XSHG,0.0159,0.0129,2015-09-08,XSHG
2212,10000188.XSHG,0.9801,0.96,2015-09-08,XSHG
2213,10000189.XSHG,1.0424,1.0375,2015-09-08,XSHG
2214,10000368.XSHG,0.2067,0.21,2015-09-09,XSHG
2215,10000369.XSHG,0.163,0.1148,2015-09-09,XSHG
2216,10000362.XSHG,0.0248,0.0247,2015-09-09,XSHG
2217,10000363.XSHG,0.0373,0.0319,2015-09-09,XSHG
2218,10000360.XSHG,0.1215,0.1267,2015-09-09,XSHG
2219,10000361.XSHG,0.0165,0.0178,2015-09-09,XSHG
2220,10000366.XSHG,0.2633,0.2749,2015-09-09,XSHG
2221,10000367.XSHG,0.2423,0.24,2015-09-09,XSHG
2222,10000364.XSHG,0.0517,0.0473,2015-09-09,XSHG
2223,10000365.XSHG,0.3,0.2923,2015-09-09,XSHG
2224,10000201.XSHG,0.0219,0.02,2015-09-09,XSHG
2225,10000200.XSHG,1.3491,1.3491,2015-09-09,XSHG
2226,10000203.XSHG,0.0253,0.0224,2015-09-09,XSHG
2227,10000202.XSHG,0.9406,0.8141,2015-09-09,XSHG
2228,10000205.XSHG,0.0282,0.0249,2015-09-09,XSHG
2229,10000204.XSHG,0.788,0.8,2015-09-09,XSHG
2230,10000206.XSHG,0.8625,0.7348,2015-09-09,XSHG
2231,10000165.XSHG,0.0003,0.0008,2015-09-09,XSHG
2232,10000166.XSHG,0.997,1.0378,2015-09-09,XSHG
2233,10000197.XSHG,0.0005,0.0004,2015-09-09,XSHG
2234,10000191.XSHG,1.2085,1.1999,2015-09-09,XSHG
2235,10000190.XSHG,1.0586,1.0531,2015-09-09,XSHG
2236,10000192.XSHG,,,2015-09-09,XSHG
2237,10000055.XSHG,0.0095,0.0089,2015-09-09,XSHG
2238,10000056.XSHG,0.3406,0.332,2015-09-09,XSHG
2239,10000199.XSHG,0.01,0.0091,2015-09-09,XSHG
2240,10000198.XSHG,1.14,1.3053,2015-09-09,XSHG
2241,10000379.XSHG,0.2972,0.245,2015-09-09,XSHG
2242,10000378.XSHG,0.2734,0.2138,2015-09-09,XSHG
2243,10000375.XSHG,0.3001,0.3171,2015-09-09,XSHG
2244,10000374.XSHG,0.34,0.3455,2015-09-09,XSHG
2245,10000377.XSHG,0.2388,0.2098,2015-09-09,XSHG
2246,10000376.XSHG,0.2699,0.2814,2015-09-09,XSHG
2247,10000371.XSHG,0.2045,0.1541,2015-09-09,XSHG
2248,10000370.XSHG,0.1877,0.1333,2015-09-09,XSHG
2249,10000373.XSHG,0.3379,0.3576,2015-09-09,XSHG
2250,10000372.XSHG,0.232,0.1752,2015-09-09,XSHG
2251,10000274.XSHG,0.6612,0.595,2015-09-09,XSHG
2252,10000270.XSHG,0.047,0.0459,2015-09-09,XSHG
2253,10000271.XSHG,0.0424,0.0381,2015-09-09,XSHG
2254,10000272.XSHG,0.6,0.4916,2015-09-09,XSHG
2255,10000273.XSHG,0.56,0.5532,2015-09-09,XSHG
2256,10000173.XSHG,0.0005,0.0007,2015-09-09,XSHG
2257,10000393.XSHG,0.4052,0.405,2015-09-09,XSHG
2258,10000279.XSHG,0.0588,0.0612,2015-09-09,XSHG
2259,10000174.XSHG,1.137,1.1138,2015-09-09,XSHG
2260,10000426.XSHG,0.2608,0.2641,2015-09-09,XSHG
2261,10000289.XSHG,0.0827,0.098,2015-09-09,XSHG
2262,10000288.XSHG,0.0909,0.1073,2015-09-09,XSHG
2263,10000423.XSHG,0.077,0.0752,2015-09-09,XSHG
2264,10000048.XSHG,0.2958,0.2813,2015-09-09,XSHG
2265,10000047.XSHG,0.0137,0.0144,2015-09-09,XSHG
2266,10000280.XSHG,0.4788,0.495,2015-09-09,XSHG
2267,10000392.XSHG,0.0167,0.0143,2015-09-09,XSHG
2268,10000285.XSHG,0.0731,0.0719,2015-09-09,XSHG
2269,10000287.XSHG,0.0999,0.1142,2015-09-09,XSHG
2270,10000040.XSHG,0.2518,0.242,2015-09-09,XSHG
2271,10000414.XSHG,0.108,0.0911,2015-09-09,XSHG
2272,10000415.XSHG,0.1609,0.1595,2015-09-09,XSHG
2273,10000416.XSHG,0.1327,0.1332,2015-09-09,XSHG
2274,10000417.XSHG,0.1118,0.1125,2015-09-09,XSHG
2275,10000410.XSHG,0.0486,0.0397,2015-09-09,XSHG
2276,10000411.XSHG,0.0574,0.0504,2015-09-09,XSHG
2277,10000412.XSHG,0.0756,0.0611,2015-09-09,XSHG
2278,10000413.XSHG,0.0828,0.0754,2015-09-09,XSHG
2279,10000388.XSHG,0.3223,0.3439,2015-09-09,XSHG
2280,10000389.XSHG,0.2827,0.296,2015-09-09,XSHG
2281,10000418.XSHG,0.1288,0.1097,2015-09-09,XSHG
2282,10000419.XSHG,0.1526,0.1305,2015-09-09,XSHG
2283,10000308.XSHG,0.1437,0.1635,2015-09-09,XSHG
2284,10000309.XSHG,0.1321,0.1437,2015-09-09,XSHG
2285,10000390.XSHG,0.0094,0.0081,2015-09-09,XSHG
2286,10000149.XSHG,0.0003,0.0008,2015-09-09,XSHG
2287,10000391.XSHG,0.0122,0.0099,2015-09-09,XSHG
2288,10000397.XSHG,0.1285,0.0945,2015-09-09,XSHG
2289,10000303.XSHG,0.0963,0.093,2015-09-09,XSHG
2290,10000304.XSHG,0.0844,0.0768,2015-09-09,XSHG
2291,10000305.XSHG,0.3621,0.35,2015-09-09,XSHG
2292,10000140.XSHG,0.0003,0.0007,2015-09-09,XSHG
2293,10000141.XSHG,0.7007,0.7288,2015-09-09,XSHG
2294,10000080.XSHG,0.46,0.471,2015-09-09,XSHG
2295,10000395.XSHG,0.3879,0.3259,2015-09-09,XSHG
2296,10000087.XSHG,0.0024,0.0015,2015-09-09,XSHG
2297,10000400.XSHG,0.4641,0.4327,2015-09-09,XSHG
2298,10000072.XSHG,0.4339,0.425,2015-09-09,XSHG
2299,10000071.XSHG,0.0035,0.0029,2015-09-09,XSHG
2300,10000079.XSHG,0.0028,0.0019,2015-09-09,XSHG
2301,10000407.XSHG,0.249,0.2611,2015-09-09,XSHG
2302,10000406.XSHG,0.3039,0.305,2015-09-09,XSHG
2303,10000405.XSHG,0.3435,0.3382,2015-09-09,XSHG
2304,10000404.XSHG,0.2165,0.181,2015-09-09,XSHG
2305,10000403.XSHG,0.1787,0.1788,2015-09-09,XSHG
2306,10000396.XSHG,0.11,0.0758,2015-09-09,XSHG
2307,10000401.XSHG,0.382,0.3784,2015-09-09,XSHG
2308,10000394.XSHG,0.3706,0.356,2015-09-09,XSHG
2309,10000399.XSHG,0.4499,0.4599,2015-09-09,XSHG
2310,10000398.XSHG,0.1484,0.1087,2015-09-09,XSHG
2311,10000409.XSHG,0.1914,0.1913,2015-09-09,XSHG
2312,10000408.XSHG,0.2276,0.2251,2015-09-09,XSHG
2313,10000150.XSHG,0.8005,0.8235,2015-09-09,XSHG
2314,10000319.XSHG,0.1149,0.1127,2015-09-09,XSHG
2315,10000157.XSHG,0.0008,0.0005,2015-09-09,XSHG
2316,10000313.XSHG,0.5369,0.4946,2015-09-09,XSHG
2317,10000158.XSHG,0.9195,0.9238,2015-09-09,XSHG
2318,10000311.XSHG,0.1102,0.1172,2015-09-09,XSHG
2319,10000310.XSHG,0.1169,0.13,2015-09-09,XSHG
2320,10000316.XSHG,0.6212,0.6146,2015-09-09,XSHG
2321,10000096.XSHG,0.579,0.5824,2015-09-09,XSHG
2322,10000314.XSHG,0.5697,0.533,2015-09-09,XSHG
2323,10000064.XSHG,0.3865,0.382,2015-09-09,XSHG
2324,10000063.XSHG,0.0057,0.0049,2015-09-09,XSHG
2325,10000286.XSHG,0.4414,0.4499,2015-09-09,XSHG
2326,10000380.XSHG,0.323,0.2771,2015-09-09,XSHG
2327,10000240.XSHG,0.8049,0.6717,2015-09-09,XSHG
2328,10000125.XSHG,0.001,0.0001,2015-09-09,XSHG
2329,10000126.XSHG,0.6702,0.6782,2015-09-09,XSHG
2330,10000088.XSHG,0.5192,0.5264,2015-09-09,XSHG
2331,10000328.XSHG,0.4417,0.3883,2015-09-09,XSHG
2332,10000312.XSHG,0.5046,0.4695,2015-09-09,XSHG
2333,10000326.XSHG,0.3529,0.298,2015-09-09,XSHG
2334,10000327.XSHG,0.1886,0.2034,2015-09-09,XSHG
2335,10000325.XSHG,0.1286,0.1309,2015-09-09,XSHG
2336,10000322.XSHG,0.4729,0.4237,2015-09-09,XSHG
2337,10000320.XSHG,0.376,0.3308,2015-09-09,XSHG
2338,10000321.XSHG,0.1735,0.1823,2015-09-09,XSHG
2339,10000387.XSHG,0.3779,0.3911,2015-09-09,XSHG
2340,10000095.XSHG,0.0019,0.0014,2015-09-09,XSHG
2341,10000315.XSHG,0.5748,0.5748,2015-09-09,XSHG
2342,10000036.XSHG,0.1,0.091,2015-09-09,XSHG
2343,10000037.XSHG,0.1335,0.1224,2015-09-09,XSHG
2344,10000034.XSHG,0.0285,0.0291,2015-09-09,XSHG
2345,10000035.XSHG,0.0235,0.0213,2015-09-09,XSHG
2346,10000032.XSHG,0.0505,0.0546,2015-09-09,XSHG
2347,10000033.XSHG,0.04,0.041,2015-09-09,XSHG
2348,10000031.XSHG,0.079,0.0723,2015-09-09,XSHG
2349,10000038.XSHG,0.17,0.1535,2015-09-09,XSHG
2350,10000039.XSHG,0.2099,0.1947,2015-09-09,XSHG
2351,10000331.XSHG,0.1455,0.143,2015-09-09,XSHG
2352,10000239.XSHG,0.7739,0.65,2015-09-09,XSHG
2353,10000333.XSHG,0.2025,0.225,2015-09-09,XSHG
2354,10000332.XSHG,0.2936,0.2553,2015-09-09,XSHG
2355,10000334.XSHG,0.411,0.3573,2015-09-09,XSHG
2356,10000339.XSHG,0.0958,0.0951,2015-09-09,XSHG
2357,10000139.XSHG,0.0012,0.0008,2015-09-09,XSHG
2358,10000237.XSHG,0.0383,0.0335,2015-09-09,XSHG
2359,10000228.XSHG,1.4788,1.4916,2015-09-09,XSHG
2360,10000342.XSHG,0.1797,0.1698,2015-09-09,XSHG
2361,10000103.XSHG,0.0016,0.0005,2015-09-09,XSHG
2362,10000104.XSHG,0.626,0.63,2015-09-09,XSHG
2363,10000344.XSHG,0.2756,0.2215,2015-09-09,XSHG
2364,10000345.XSHG,0.247,0.2796,2015-09-09,XSHG
2365,10000346.XSHG,0.2194,0.25,2015-09-09,XSHG
2366,10000347.XSHG,0.3517,0.29,2015-09-09,XSHG
2367,10000340.XSHG,0.0799,0.0664,2015-09-09,XSHG
2368,10000341.XSHG,0.2034,0.1863,2015-09-09,XSHG
2369,10000402.XSHG,0.1726,0.1473,2015-09-09,XSHG
2370,10000343.XSHG,0.2406,0.1991,2015-09-09,XSHG
2371,10000348.XSHG,0.381,0.3269,2015-09-09,XSHG
2372,10000226.XSHG,1.3945,1.4173,2015-09-09,XSHG
2373,10000225.XSHG,0.0002,0.0007,2015-09-09,XSHG
2374,10000142.XSHG,0.7584,0.7784,2015-09-09,XSHG
2375,10000269.XSHG,0.0543,0.0527,2015-09-09,XSHG
2376,10000425.XSHG,0.0648,0.0641,2015-09-09,XSHG
2377,10000424.XSHG,0.2505,0.2259,2015-09-09,XSHG
2378,10000307.XSHG,0.1521,0.1744,2015-09-09,XSHG
2379,10000421.XSHG,0.0914,0.0924,2015-09-09,XSHG
2380,10000420.XSHG,0.1804,0.1571,2015-09-09,XSHG
2381,10000306.XSHG,0.4481,0.4035,2015-09-09,XSHG
2382,10000422.XSHG,0.1989,0.1908,2015-09-09,XSHG
2383,10000296.XSHG,0.8144,0.8144,2015-09-09,XSHG
2384,10000297.XSHG,0.0644,0.0784,2015-09-09,XSHG
2385,10000294.XSHG,0.7971,0.7318,2015-09-09,XSHG
2386,10000295.XSHG,0.8288,0.7732,2015-09-09,XSHG
2387,10000292.XSHG,0.6274,0.6503,2015-09-09,XSHG
2388,10000293.XSHG,0.792,0.6902,2015-09-09,XSHG
2389,10000290.XSHG,0.075,0.0904,2015-09-09,XSHG
2390,10000291.XSHG,0.069,0.0823,2015-09-09,XSHG
2391,10000298.XSHG,0.8615,0.8538,2015-09-09,XSHG
2392,10000357.XSHG,0.2304,0.2502,2015-09-09,XSHG
2393,10000359.XSHG,0.1581,0.161,2015-09-09,XSHG
2394,10000358.XSHG,0.1901,0.1994,2015-09-09,XSHG
2395,10000238.XSHG,0.0326,0.0283,2015-09-09,XSHG
2396,10000227.XSHG,0.01,0.0091,2015-09-09,XSHG
2397,10000182.XSHG,1.2,1.2133,2015-09-09,XSHG
2398,10000183.XSHG,0.0205,0.0174,2015-09-09,XSHG
2399,10000181.XSHG,0.0004,0.0007,2015-09-09,XSHG
2400,10000186.XSHG,0.0123,0.0109,2015-09-09,XSHG
2401,10000187.XSHG,0.0106,0.0099,2015-09-09,XSHG
2402,10000184.XSHG,0.0173,0.0158,2015-09-09,XSHG
2403,10000185.XSHG,0.014,0.0126,2015-09-09,XSHG
2404,10000188.XSHG,0.9,0.87,2015-09-09,XSHG
2405,10000189.XSHG,0.9655,0.9339,2015-09-09,XSHG
2406,10000368.XSHG,0.2021,0.1893,2015-09-10,XSHG
2407,10000369.XSHG,0.1186,0.118,2015-09-10,XSHG
2408,10000362.XSHG,0.026,0.0136,2015-09-10,XSHG
2409,10000363.XSHG,0.039,0.0205,2015-09-10,XSHG
2410,10000360.XSHG,0.119,0.1225,2015-09-10,XSHG
2411,10000361.XSHG,0.0195,0.0091,2015-09-10,XSHG
2412,10000366.XSHG,0.242,0.2468,2015-09-10,XSHG
2413,10000367.XSHG,0.2198,0.2168,2015-09-10,XSHG
2414,10000364.XSHG,0.0508,0.0329,2015-09-10,XSHG
2415,10000365.XSHG,0.2864,0.2689,2015-09-10,XSHG
2416,10000201.XSHG,0.0202,0.0189,2015-09-10,XSHG
2417,10000200.XSHG,,,2015-09-10,XSHG
2418,10000203.XSHG,0.0218,0.0218,2015-09-10,XSHG
2419,10000202.XSHG,,,2015-09-10,XSHG
2420,10000205.XSHG,0.0245,0.0226,2015-09-10,XSHG
2421,10000204.XSHG,,,2015-09-10,XSHG
2422,10000206.XSHG,0.7611,0.7286,2015-09-10,XSHG
2423,10000165.XSHG,0.0006,0.0004,2015-09-10,XSHG
2424,10000166.XSHG,1.0272,1.0071,2015-09-10,XSHG
2425,10000197.XSHG,0.0002,0.0004,2015-09-10,XSHG
2426,10000191.XSHG,1.183,1.183,2015-09-10,XSHG
2427,10000190.XSHG,,,2015-09-10,XSHG
2428,10000192.XSHG,1.2661,1.2661,2015-09-10,XSHG
2429,10000055.XSHG,0.008,0.0057,2015-09-10,XSHG
2430,10000056.XSHG,0.3431,0.3305,2015-09-10,XSHG
2431,10000199.XSHG,0.016,0.0088,2015-09-10,XSHG
2432,10000198.XSHG,1.3252,1.3056,2015-09-10,XSHG
2433,10000379.XSHG,,,2015-09-10,XSHG
2434,10000378.XSHG,0.221,0.221,2015-09-10,XSHG
2435,10000375.XSHG,0.3234,0.3234,2015-09-10,XSHG
2436,10000374.XSHG,,,2015-09-10,XSHG
2437,10000377.XSHG,0.1977,0.2047,2015-09-10,XSHG
2438,10000376.XSHG,0.2798,0.2875,2015-09-10,XSHG
2439,10000371.XSHG,0.1665,0.1585,2015-09-10,XSHG
2440,10000370.XSHG,0.1369,0.1383,2015-09-10,XSHG
2441,10000373.XSHG,0.365,0.365,2015-09-10,XSHG
2442,10000372.XSHG,0.1817,0.1795,2015-09-10,XSHG
2443,10000274.XSHG,,,2015-09-10,XSHG
2444,10000270.XSHG,0.0432,0.042,2015-09-10,XSHG
2445,10000271.XSHG,0.0378,0.036,2015-09-10,XSHG
2446,10000272.XSHG,0.5084,0.525,2015-09-10,XSHG
2447,10000273.XSHG,,,2015-09-10,XSHG
2448,10000173.XSHG,0.0005,0.0002,2015-09-10,XSHG
2449,10000393.XSHG,0.4056,0.4016,2015-09-10,XSHG
2450,10000279.XSHG,0.0577,0.0539,2015-09-10,XSHG
2451,10000174.XSHG,1.125,1.1023,2015-09-10,XSHG
2452,10000426.XSHG,0.2731,0.2516,2015-09-10,XSHG
2453,10000289.XSHG,0.0973,0.0881,2015-09-10,XSHG
2454,10000288.XSHG,0.1,0.0968,2015-09-10,XSHG
2455,10000423.XSHG,0.068,0.0669,2015-09-10,XSHG
2456,10000048.XSHG,0.2945,0.2766,2015-09-10,XSHG
2457,10000047.XSHG,0.0119,0.009,2015-09-10,XSHG
2458,10000280.XSHG,,,2015-09-10,XSHG
2459,10000392.XSHG,0.0144,0.0084,2015-09-10,XSHG
2460,10000285.XSHG,0.0672,0.0662,2015-09-10,XSHG
2461,10000287.XSHG,0.114,0.1157,2015-09-10,XSHG
2462,10000040.XSHG,0.252,0.227,2015-09-10,XSHG
2463,10000414.XSHG,0.0943,0.0789,2015-09-10,XSHG
2464,10000415.XSHG,0.1513,0.1468,2015-09-10,XSHG
2465,10000416.XSHG,0.1252,0.1203,2015-09-10,XSHG
2466,10000417.XSHG,0.1065,0.0984,2015-09-10,XSHG
2467,10000410.XSHG,0.0414,0.031,2015-09-10,XSHG
2468,10000411.XSHG,0.0519,0.0419,2015-09-10,XSHG
2469,10000412.XSHG,0.0633,0.051,2015-09-10,XSHG
2470,10000413.XSHG,0.0764,0.0631,2015-09-10,XSHG
2471,10000388.XSHG,0.3302,0.3446,2015-09-10,XSHG
2472,10000389.XSHG,0.2827,0.2987,2015-09-10,XSHG
2473,10000418.XSHG,0.1145,0.0978,2015-09-10,XSHG
2474,10000419.XSHG,0.1384,0.1225,2015-09-10,XSHG
2475,10000308.XSHG,0.1501,0.1577,2015-09-10,XSHG
2476,10000309.XSHG,0.1484,0.1447,2015-09-10,XSHG
2477,10000390.XSHG,0.0075,0.0046,2015-09-10,XSHG
2478,10000149.XSHG,0.0006,0.0003,2015-09-10,XSHG
2479,10000391.XSHG,0.0103,0.005,2015-09-10,XSHG
2480,10000397.XSHG,0.0899,0.0871,2015-09-10,XSHG
2481,10000303.XSHG,0.0887,0.0851,2015-09-10,XSHG
2482,10000304.XSHG,0.078,0.0733,2015-09-10,XSHG
2483,10000305.XSHG,0.3556,0.3556,2015-09-10,XSHG
2484,10000140.XSHG,0.0006,0.0002,2015-09-10,XSHG
2485,10000141.XSHG,0.71,0.7082,2015-09-10,XSHG
2486,10000080.XSHG,0.4842,0.4626,2015-09-10,XSHG
2487,10000395.XSHG,0.3318,0.316,2015-09-10,XSHG
2488,10000087.XSHG,0.0016,0.0007,2015-09-10,XSHG
2489,10000400.XSHG,0.42,0.42,2015-09-10,XSHG
2490,10000072.XSHG,0.4296,0.4233,2015-09-10,XSHG
2491,10000071.XSHG,0.0027,0.0016,2015-09-10,XSHG
2492,10000079.XSHG,0.0018,0.0006,2015-09-10,XSHG
2493,10000407.XSHG,0.2516,0.255,2015-09-10,XSHG
2494,10000406.XSHG,0.2911,0.2924,2015-09-10,XSHG
2495,10000405.XSHG,0.3335,0.3301,2015-09-10,XSHG
2496,10000404.XSHG,0.1721,0.176,2015-09-10,XSHG
2497,10000403.XSHG,0.1636,0.1507,2015-09-10,XSHG
2498,10000396.XSHG,0.0759,0.0743,2015-09-10,XSHG
2499,10000401.XSHG,0.4008,0.3952,2015-09-10,XSHG
2500,10000394.XSHG,0.3682,0.3518,2015-09-10,XSHG
2501,10000399.XSHG,0.4526,0.4552,2015-09-10,XSHG
2502,10000398.XSHG,0.1027,0.1021,2015-09-10,XSHG
2503,10000409.XSHG,0.1811,0.1784,2015-09-10,XSHG
2504,10000408.XSHG,0.2099,0.2112,2015-09-10,XSHG
2505,10000150.XSHG,0.8252,0.8098,2015-09-10,XSHG
2506,10000319.XSHG,0.1031,0.0932,2015-09-10,XSHG
2507,10000157.XSHG,0.0006,0.0004,2015-09-10,XSHG
2508,10000313.XSHG,0.4577,0.4668,2015-09-10,XSHG
2509,10000158.XSHG,0.9262,0.9009,2015-09-10,XSHG
2510,10000311.XSHG,0.1148,0.1148,2015-09-10,XSHG
2511,10000310.XSHG,0.1221,0.1255,2015-09-10,XSHG
2512,10000316.XSHG,,,2015-09-10,XSHG
2513,10000096.XSHG,0.5808,0.5629,2015-09-10,XSHG
2514,10000314.XSHG,0.51,0.51,2015-09-10,XSHG
2515,10000064.XSHG,0.3893,0.37,2015-09-10,XSHG
2516,10000063.XSHG,0.0042,0.0027,2015-09-10,XSHG
2517,10000286.XSHG,0.48,0.4269,2015-09-10,XSHG
2518,10000380.XSHG,0.27,0.27,2015-09-10,XSHG
2519,10000240.XSHG,,,2015-09-10,XSHG
2520,10000125.XSHG,0.0006,0.0002,2015-09-10,XSHG
2521,10000126.XSHG,0.6765,0.6608,2015-09-10,XSHG
2522,10000088.XSHG,0.5329,0.5193,2015-09-10,XSHG
2523,10000328.XSHG,,,2015-09-10,XSHG
2524,10000312.XSHG,,,2015-09-10,XSHG
2525,10000326.XSHG,,,2015-09-10,XSHG
2526,10000327.XSHG,0.205,0.1975,2015-09-10,XSHG
2527,10000325.XSHG,0.1198,0.1127,2015-09-10,XSHG
2528,10000322.XSHG,,,2015-09-10,XSHG
2529,10000320.XSHG,0.2603,0.3195,2015-09-10,XSHG
2530,10000321.XSHG,,,2015-09-10,XSHG
2531,10000387.XSHG,0.3768,0.393,2015-09-10,XSHG
2532,10000095.XSHG,0.0013,0.0013,2015-09-10,XSHG
2533,10000315.XSHG,,,2015-09-10,XSHG
2534,10000036.XSHG,0.0999,0.0748,2015-09-10,XSHG
2535,10000037.XSHG,0.1264,0.1044,2015-09-10,XSHG
2536,10000034.XSHG,0.0253,0.021,2015-09-10,XSHG
2537,10000035.XSHG,0.0111,0.014,2015-09-10,XSHG
2538,10000032.XSHG,0.0515,0.0431,2015-09-10,XSHG
2539,10000033.XSHG,0.0362,0.036,2015-09-10,XSHG
2540,10000031.XSHG,0.0685,0.059,2015-09-10,XSHG
2541,10000038.XSHG,0.1684,0.137,2015-09-10,XSHG
2542,10000039.XSHG,0.2086,0.1819,2015-09-10,XSHG
2543,10000331.XSHG,0.1315,0.1322,2015-09-10,XSHG
2544,10000239.XSHG,,,2015-09-10,XSHG
2545,10000333.XSHG,0.2343,0.2343,2015-09-10,XSHG
2546,10000332.XSHG,0.2558,0.252,2015-09-10,XSHG
2547,10000334.XSHG,,,2015-09-10,XSHG
2548,10000339.XSHG,0.08,0.0815,2015-09-10,XSHG
2549,10000139.XSHG,0.0004,0.0002,2015-09-10,XSHG
2550,10000237.XSHG,0.0321,0.0315,2015-09-10,XSHG
2551,10000228.XSHG,,,2015-09-10,XSHG
2552,10000342.XSHG,0.1554,0.1574,2015-09-10,XSHG
2553,10000103.XSHG,0.0008,0.0003,2015-09-10,XSHG
2554,10000104.XSHG,0.63,0.6222,2015-09-10,XSHG
2555,10000344.XSHG,0.2417,0.2306,2015-09-10,XSHG
2556,10000345.XSHG,0.26,0.2753,2015-09-10,XSHG
2557,10000346.XSHG,0.254,0.252,2015-09-10,XSHG
2558,10000347.XSHG,0.2865,0.3004,2015-09-10,XSHG
2559,10000340.XSHG,0.077,0.0502,2015-09-10,XSHG
2560,10000341.XSHG,0.1766,0.1728,2015-09-10,XSHG
2561,10000402.XSHG,0.1381,0.1284,2015-09-10,XSHG
2562,10000343.XSHG,0.2204,0.203,2015-09-10,XSHG
2563,10000348.XSHG,0.3119,0.3207,2015-09-10,XSHG
2564,10000226.XSHG,1.4253,1.4059,2015-09-10,XSHG
2565,10000225.XSHG,0.0004,0.0001,2015-09-10,XSHG
2566,10000142.XSHG,0.7745,0.755,2015-09-10,XSHG
2567,10000269.XSHG,0.0514,0.0489,2015-09-10,XSHG
2568,10000425.XSHG,0.0567,0.0565,2015-09-10,XSHG
2569,10000424.XSHG,0.2361,0.2177,2015-09-10,XSHG
2570,10000307.XSHG,,,2015-09-10,XSHG
2571,10000421.XSHG,0.0868,0.0832,2015-09-10,XSHG
2572,10000420.XSHG,0.1652,0.1446,2015-09-10,XSHG
2573,10000306.XSHG,0.3985,0.4109,2015-09-10,XSHG
2574,10000422.XSHG,0.1996,0.1824,2015-09-10,XSHG
2575,10000296.XSHG,,,2015-09-10,XSHG
2576,10000297.XSHG,0.08,0.069,2015-09-10,XSHG
2577,10000294.XSHG,0.6912,0.6912,2015-09-10,XSHG
2578,10000295.XSHG,,,2015-09-10,XSHG
2579,10000292.XSHG,0.6192,0.6192,2015-09-10,XSHG
2580,10000293.XSHG,,,2015-09-10,XSHG
2581,10000290.XSHG,0.0901,0.0843,2015-09-10,XSHG
2582,10000291.XSHG,0.0829,0.076,2015-09-10,XSHG
2583,10000298.XSHG,,,2015-09-10,XSHG
2584,10000357.XSHG,0.224,0.2482,2015-09-10,XSHG
2585,10000359.XSHG,0.1509,0.1539,2015-09-10,XSHG
2586,10000358.XSHG,0.1909,0.203,2015-09-10,XSHG
2587,10000238.XSHG,0.0281,0.0265,2015-09-10,XSHG
2588,10000227.XSHG,0.0082,0.0082,2015-09-10,XSHG
2589,10000182.XSHG,1.2252,1.2077,2015-09-10,XSHG
2590,10000183.XSHG,0.0168,0.0163,2015-09-10,XSHG
2591,10000181.XSHG,0.0004,0.0003,2015-09-10,XSHG
2592,10000186.XSHG,0.0103,0.0109,2015-09-10,XSHG
2593,10000187.XSHG,0.0147,0.009,2015-09-10,XSHG
2594,10000184.XSHG,0.0151,0.0142,2015-09-10,XSHG
2595,10000185.XSHG,0.0129,0.0116,2015-09-10,XSHG
2596,10000188.XSHG,0.8736,0.8736,2015-09-10,XSHG
2597,10000189.XSHG,0.98,0.995,2015-09-10,XSHG
2598,10000368.XSHG,0.2073,0.2083,2015-09-11,XSHG
2599,10000369.XSHG,0.12,0.1129,2015-09-11,XSHG
2600,10000362.XSHG,0.0139,0.0105,2015-09-11,XSHG
2601,10000363.XSHG,0.0219,0.0161,2015-09-11,XSHG
2602,10000360.XSHG,0.119,0.118,2015-09-11,XSHG
2603,10000361.XSHG,0.0099,0.0068,2015-09-11,XSHG
2604,10000366.XSHG,0.2588,0.255,2015-09-11,XSHG
2605,10000367.XSHG,0.2339,0.2304,2015-09-11,XSHG
2606,10000364.XSHG,0.0327,0.027,2015-09-11,XSHG
2607,10000365.XSHG,0.293,0.29,2015-09-11,XSHG
2608,10000201.XSHG,0.0188,0.0188,2015-09-11,XSHG
2609,10000200.XSHG,,,2015-09-11,XSHG
2610,10000203.XSHG,0.021,0.0196,2015-09-11,XSHG
2611,10000202.XSHG,0.8269,0.8269,2015-09-11,XSHG
2612,10000205.XSHG,0.0236,0.0211,2015-09-11,XSHG
2613,10000204.XSHG,,,2015-09-11,XSHG
2614,10000206.XSHG,0.7246,0.7246,2015-09-11,XSHG
2615,10000165.XSHG,0.0007,0.0004,2015-09-11,XSHG
2616,10000166.XSHG,1.0009,1.0163,2015-09-11,XSHG
2617,10000197.XSHG,0.0002,0.0005,2015-09-11,XSHG
2618,10000191.XSHG,1.13,1.1713,2015-09-11,XSHG
2619,10000190.XSHG,,,2015-09-11,XSHG
2620,10000192.XSHG,,,2015-09-11,XSHG
2621,10000055.XSHG,0.0056,0.0038,2015-09-11,XSHG
2622,10000056.XSHG,0.3121,0.3191,2015-09-11,XSHG
2623,10000199.XSHG,0.0087,0.0083,2015-09-11,XSHG
2624,10000198.XSHG,1.27,1.3108,2015-09-11,XSHG
2625,10000379.XSHG,0.2411,0.2245,2015-09-11,XSHG
2626,10000378.XSHG,0.221,0.2,2015-09-11,XSHG
2627,10000375.XSHG,,,2015-09-11,XSHG
2628,10000374.XSHG,,,2015-09-11,XSHG
2629,10000377.XSHG,0.1965,0.1768,2015-09-11,XSHG
2630,10000376.XSHG,0.279,0.2911,2015-09-11,XSHG
2631,10000371.XSHG,0.1587,0.1519,2015-09-11,XSHG
2632,10000370.XSHG,0.1357,0.1384,2015-09-11,XSHG
2633,10000373.XSHG,,,2015-09-11,XSHG
2634,10000372.XSHG,0.1728,0.1773,2015-09-11,XSHG
2635,10000274.XSHG,0.5952,0.6246,2015-09-11,XSHG
2636,10000270.XSHG,0.04,0.0395,2015-09-11,XSHG
2637,10000271.XSHG,0.0348,0.034,2015-09-11,XSHG
2638,10000272.XSHG,0.4836,0.51,2015-09-11,XSHG
2639,10000273.XSHG,0.5373,0.5512,2015-09-11,XSHG
2640,10000173.XSHG,0.0005,0.0004,2015-09-11,XSHG
2641,10000393.XSHG,0.4189,0.394,2015-09-11,XSHG
2642,10000279.XSHG,0.0574,0.0546,2015-09-11,XSHG
2643,10000174.XSHG,1.07,1.1165,2015-09-11,XSHG
2644,10000426.XSHG,0.2512,0.2461,2015-09-11,XSHG
2645,10000289.XSHG,0.0801,0.0792,2015-09-11,XSHG
2646,10000288.XSHG,0.0869,0.085,2015-09-11,XSHG
2647,10000423.XSHG,0.0658,0.0663,2015-09-11,XSHG
2648,10000048.XSHG,0.2568,0.2691,2015-09-11,XSHG
2649,10000047.XSHG,0.0089,0.0061,2015-09-11,XSHG
2650,10000280.XSHG,,,2015-09-11,XSHG
2651,10000392.XSHG,0.0074,0.0053,2015-09-11,XSHG
2652,10000285.XSHG,0.0696,0.0668,2015-09-11,XSHG
2653,10000287.XSHG,0.0949,0.0949,2015-09-11,XSHG
2654,10000040.XSHG,0.2148,0.2222,2015-09-11,XSHG
2655,10000414.XSHG,0.0768,0.0752,2015-09-11,XSHG
2656,10000415.XSHG,0.1566,0.1496,2015-09-11,XSHG
2657,10000416.XSHG,0.1217,0.1215,2015-09-11,XSHG
2658,10000417.XSHG,0.1012,0.0988,2015-09-11,XSHG
2659,10000410.XSHG,0.0304,0.0299,2015-09-11,XSHG
2660,10000411.XSHG,0.0394,0.0389,2015-09-11,XSHG
2661,10000412.XSHG,0.0486,0.0476,2015-09-11,XSHG
2662,10000413.XSHG,0.0611,0.0604,2015-09-11,XSHG
2663,10000388.XSHG,0.3436,0.3354,2015-09-11,XSHG
2664,10000389.XSHG,0.2916,0.2871,2015-09-11,XSHG
2665,10000418.XSHG,0.0971,0.0936,2015-09-11,XSHG
2666,10000419.XSHG,0.12,0.1177,2015-09-11,XSHG
2667,10000308.XSHG,0.1527,0.139,2015-09-11,XSHG
2668,10000309.XSHG,0.1398,0.1263,2015-09-11,XSHG
2669,10000390.XSHG,0.005,0.0023,2015-09-11,XSHG
2670,10000149.XSHG,0.0002,0.0005,2015-09-11,XSHG
2671,10000391.XSHG,0.0052,0.004,2015-09-11,XSHG
2672,10000397.XSHG,0.087,0.08,2015-09-11,XSHG
2673,10000303.XSHG,0.0825,0.0899,2015-09-11,XSHG
2674,10000304.XSHG,0.0722,0.0751,2015-09-11,XSHG
2675,10000305.XSHG,0.35,0.35,2015-09-11,XSHG
2676,10000140.XSHG,0.0001,0.0004,2015-09-11,XSHG
2677,10000141.XSHG,0.7,0.7202,2015-09-11,XSHG
2678,10000080.XSHG,0.4431,0.46,2015-09-11,XSHG
2679,10000395.XSHG,0.3272,0.329,2015-09-11,XSHG
2680,10000087.XSHG,0.0009,0.0004,2015-09-11,XSHG
2681,10000400.XSHG,0.4366,0.4193,2015-09-11,XSHG
2682,10000072.XSHG,0.4135,0.4163,2015-09-11,XSHG
2683,10000071.XSHG,0.0019,0.0007,2015-09-11,XSHG
2684,10000079.XSHG,0.0008,0.0002,2015-09-11,XSHG
2685,10000407.XSHG,0.2627,0.2495,2015-09-11,XSHG
2686,10000406.XSHG,0.3035,0.2949,2015-09-11,XSHG
2687,10000405.XSHG,0.3378,0.337,2015-09-11,XSHG
2688,10000404.XSHG,0.1733,0.1608,2015-09-11,XSHG
2689,10000403.XSHG,0.1508,0.1452,2015-09-11,XSHG
2690,10000396.XSHG,0.0726,0.0694,2015-09-11,XSHG
2691,10000401.XSHG,0.3823,0.3823,2015-09-11,XSHG
2692,10000394.XSHG,0.3655,0.3559,2015-09-11,XSHG
2693,10000399.XSHG,0.4631,0.4497,2015-09-11,XSHG
2694,10000398.XSHG,0.0952,0.1013,2015-09-11,XSHG
2695,10000409.XSHG,0.1817,0.178,2015-09-11,XSHG
2696,10000408.XSHG,0.2171,0.211,2015-09-11,XSHG
2697,10000150.XSHG,0.79,0.8153,2015-09-11,XSHG
2698,10000319.XSHG,0.1068,0.102,2015-09-11,XSHG
2699,10000157.XSHG,0.0002,0.0004,2015-09-11,XSHG
2700,10000313.XSHG,0.4589,0.4589,2015-09-11,XSHG
2701,10000158.XSHG,0.9018,0.9148,2015-09-11,XSHG
2702,10000311.XSHG,0.1173,0.1122,2015-09-11,XSHG
2703,10000310.XSHG,0.128,0.1198,2015-09-11,XSHG
2704,10000316.XSHG,,,2015-09-11,XSHG
2705,10000096.XSHG,0.5392,0.5626,2015-09-11,XSHG
2706,10000314.XSHG,,,2015-09-11,XSHG
2707,10000064.XSHG,0.3614,0.3693,2015-09-11,XSHG
2708,10000063.XSHG,0.0027,0.0017,2015-09-11,XSHG
2709,10000286.XSHG,0.4274,0.4135,2015-09-11,XSHG
2710,10000380.XSHG,0.2648,0.2479,2015-09-11,XSHG
2711,10000240.XSHG,0.695,0.6963,2015-09-11,XSHG
2712,10000125.XSHG,0.0001,0.0002,2015-09-11,XSHG
2713,10000126.XSHG,0.6314,0.657,2015-09-11,XSHG
2714,10000088.XSHG,0.5117,0.5132,2015-09-11,XSHG
2715,10000328.XSHG,0.3408,0.3413,2015-09-11,XSHG
2716,10000312.XSHG,,,2015-09-11,XSHG
2717,10000326.XSHG,0.2801,0.2801,2015-09-11,XSHG
2718,10000327.XSHG,0.2018,0.185,2015-09-11,XSHG
2719,10000325.XSHG,0.1117,0.1155,2015-09-11,XSHG
2720,10000322.XSHG,0.3739,0.37,2015-09-11,XSHG
2721,10000320.XSHG,0.31,0.31,2015-09-11,XSHG
2722,10000321.XSHG,0.1841,0.165,2015-09-11,XSHG
2723,10000387.XSHG,0.4001,0.386,2015-09-11,XSHG
2724,10000095.XSHG,0.0011,0.0005,2015-09-11,XSHG
2725,10000315.XSHG,,,2015-09-11,XSHG
2726,10000036.XSHG,0.0729,0.0667,2015-09-11,XSHG
2727,10000037.XSHG,0.1033,0.1011,2015-09-11,XSHG
2728,10000034.XSHG,0.0205,0.0172,2015-09-11,XSHG
2729,10000035.XSHG,0.0141,0.0105,2015-09-11,XSHG
2730,10000032.XSHG,0.0431,0.0402,2015-09-11,XSHG
2731,10000033.XSHG,0.0331,0.0288,2015-09-11,XSHG
2732,10000031.XSHG,0.062,0.0584,2015-09-11,XSHG
2733,10000038.XSHG,0.1406,0.1384,2015-09-11,XSHG
2734,10000039.XSHG,0.1706,0.1792,2015-09-11,XSHG
2735,10000331.XSHG,0.1432,0.1312,2015-09-11,XSHG
2736,10000239.XSHG,0.6418,0.6476,2015-09-11,XSHG
2737,10000333.XSHG,0.2061,0.211,2015-09-11,XSHG
2738,10000332.XSHG,0.25,0.25,2015-09-11,XSHG
2739,10000334.XSHG,0.33,0.33,2015-09-11,XSHG
2740,10000339.XSHG,0.0852,0.086,2015-09-11,XSHG
2741,10000139.XSHG,0.0004,0.0007,2015-09-11,XSHG
2742,10000237.XSHG,0.0304,0.0282,2015-09-11,XSHG
2743,10000228.XSHG,1.3895,1.3895,2015-09-11,XSHG
2744,10000342.XSHG,0.1605,0.161,2015-09-11,XSHG
2745,10000103.XSHG,0.0005,0.0004,2015-09-11,XSHG
2746,10000104.XSHG,0.59,0.6146,2015-09-11,XSHG
2747,10000344.XSHG,0.2297,0.2235,2015-09-11,XSHG
2748,10000345.XSHG,0.25,0.267,2015-09-11,XSHG
2749,10000346.XSHG,0.24,0.2281,2015-09-11,XSHG
2750,10000347.XSHG,0.2895,0.265,2015-09-11,XSHG
2751,10000340.XSHG,0.05,0.046,2015-09-11,XSHG
2752,10000341.XSHG,0.1942,0.1831,2015-09-11,XSHG
2753,10000402.XSHG,0.1357,0.1233,2015-09-11,XSHG
2754,10000343.XSHG,0.2047,0.1965,2015-09-11,XSHG
2755,10000348.XSHG,0.3157,0.3003,2015-09-11,XSHG
2756,10000226.XSHG,1.38,1.3909,2015-09-11,XSHG
2757,10000225.XSHG,0.0005,0.0005,2015-09-11,XSHG
2758,10000142.XSHG,0.7382,0.7567,2015-09-11,XSHG
2759,10000269.XSHG,0.046,0.0442,2015-09-11,XSHG
2760,10000425.XSHG,0.0548,0.0549,2015-09-11,XSHG
2761,10000424.XSHG,0.2112,0.21,2015-09-11,XSHG
2762,10000307.XSHG,0.1667,0.1493,2015-09-11,XSHG
2763,10000421.XSHG,0.0794,0.0821,2015-09-11,XSHG
2764,10000420.XSHG,0.1454,0.1448,2015-09-11,XSHG
2765,10000306.XSHG,,,2015-09-11,XSHG
2766,10000422.XSHG,0.178,0.1731,2015-09-11,XSHG
2767,10000296.XSHG,,,2015-09-11,XSHG
2768,10000297.XSHG,0.0679,0.0602,2015-09-11,XSHG
2769,10000294.XSHG,,,2015-09-11,XSHG
2770,10000295.XSHG,,,2015-09-11,XSHG
2771,10000292.XSHG,,,2015-09-11,XSHG
2772,10000293.XSHG,,,2015-09-11,XSHG
2773,10000290.XSHG,0.0801,0.073,2015-09-11,XSHG
2774,10000291.XSHG,0.0747,0.0655,2015-09-11,XSHG
2775,10000298.XSHG,,,2015-09-11,XSHG
2776,10000357.XSHG,0.2547,0.247,2015-09-11,XSHG
2777,10000359.XSHG,0.1635,0.1514,2015-09-11,XSHG
2778,10000358.XSHG,0.21,0.1919,2015-09-11,XSHG
2779,10000238.XSHG,0.0268,0.0241,2015-09-11,XSHG
2780,10000227.XSHG,0.0082,0.0069,2015-09-11,XSHG
2781,10000182.XSHG,1.18,1.2076,2015-09-11,XSHG
2782,10000183.XSHG,0.0162,0.0151,2015-09-11,XSHG
2783,10000181.XSHG,0.0002,0.0005,2015-09-11,XSHG
2784,10000186.XSHG,0.0106,0.0101,2015-09-11,XSHG
2785,10000187.XSHG,0.0095,0.0092,2015-09-11,XSHG
2786,10000184.XSHG,0.0134,0.0134,2015-09-11,XSHG
2787,10000185.XSHG,0.0113,0.011,2015-09-11,XSHG
2788,10000188.XSHG,0.8989,0.909,2015-09-11,XSHG
2789,10000189.XSHG,0.9532,0.9742,2015-09-11,XSHG
2790,10000368.XSHG,0.2015,0.1898,2015-09-14,XSHG
2791,10000369.XSHG,0.1055,0.1427,2015-09-14,XSHG
2792,10000362.XSHG,0.0085,0.0198,2015-09-14,XSHG
2793,10000363.XSHG,0.0122,0.028,2015-09-14,XSHG
2794,10000360.XSHG,0.1238,0.0846,2015-09-14,XSHG
2795,10000361.XSHG,0.0048,0.013,2015-09-14,XSHG
2796,10000366.XSHG,0.2644,0.249,2015-09-14,XSHG
2797,10000367.XSHG,0.24,0.2149,2015-09-14,XSHG
2798,10000364.XSHG,0.0218,0.0481,2015-09-14,XSHG
2799,10000365.XSHG,0.2999,0.2583,2015-09-14,XSHG
2800,10000201.XSHG,0.0173,0.015,2015-09-14,XSHG
2801,10000200.XSHG,1.4144,1.4144,2015-09-14,XSHG
2802,10000203.XSHG,0.0197,0.0165,2015-09-14,XSHG
2803,10000202.XSHG,,,2015-09-14,XSHG
2804,10000205.XSHG,0.0224,0.0184,2015-09-14,XSHG
2805,10000204.XSHG,0.8249,0.8145,2015-09-14,XSHG
2806,10000206.XSHG,0.7694,0.7966,2015-09-14,XSHG
2807,10000165.XSHG,0.0002,0.0002,2015-09-14,XSHG
2808,10000166.XSHG,0.9989,1.0899,2015-09-14,XSHG
2809,10000197.XSHG,0.0002,0.0001,2015-09-14,XSHG
2810,10000191.XSHG,1.2428,1.2428,2015-09-14,XSHG
2811,10000190.XSHG,1.057,1.1498,2015-09-14,XSHG
2812,10000192.XSHG,1.2346,1.3197,2015-09-14,XSHG
2813,10000055.XSHG,0.0032,0.0019,2015-09-14,XSHG
2814,10000056.XSHG,0.3051,0.3559,2015-09-14,XSHG
2815,10000199.XSHG,0.008,0.0069,2015-09-14,XSHG
2816,10000198.XSHG,1.3,1.3664,2015-09-14,XSHG
2817,10000379.XSHG,0.2144,0.24,2015-09-14,XSHG
2818,10000378.XSHG,0.1883,0.2225,2015-09-14,XSHG
2819,10000375.XSHG,0.2824,0.2924,2015-09-14,XSHG
2820,10000374.XSHG,0.3284,0.316,2015-09-14,XSHG
2821,10000377.XSHG,0.1664,0.2029,2015-09-14,XSHG
2822,10000376.XSHG,0.2626,0.2685,2015-09-14,XSHG
2823,10000371.XSHG,0.1422,0.17,2015-09-14,XSHG
2824,10000370.XSHG,0.1266,0.1565,2015-09-14,XSHG
2825,10000373.XSHG,0.3556,0.3359,2015-09-14,XSHG
2826,10000372.XSHG,0.1671,0.1949,2015-09-14,XSHG
2827,10000274.XSHG,0.6026,0.6203,2015-09-14,XSHG
2828,10000270.XSHG,0.0418,0.0339,2015-09-14,XSHG
2829,10000271.XSHG,0.0357,0.0298,2015-09-14,XSHG
2830,10000272.XSHG,0.5001,0.5408,2015-09-14,XSHG
2831,10000273.XSHG,0.6079,0.6079,2015-09-14,XSHG
2832,10000173.XSHG,0.0003,0.0001,2015-09-14,XSHG
2833,10000393.XSHG,0.4229,0.384,2015-09-14,XSHG
2834,10000279.XSHG,0.0573,0.0503,2015-09-14,XSHG
2835,10000174.XSHG,1.1643,1.1643,2015-09-14,XSHG
2836,10000426.XSHG,0.2345,0.2774,2015-09-14,XSHG
2837,10000289.XSHG,0.0866,0.0776,2015-09-14,XSHG
2838,10000288.XSHG,0.0922,0.0848,2015-09-14,XSHG
2839,10000423.XSHG,0.0679,0.046,2015-09-14,XSHG
2840,10000048.XSHG,0.2495,0.3089,2015-09-14,XSHG
2841,10000047.XSHG,0.0053,0.003,2015-09-14,XSHG
2842,10000280.XSHG,0.4505,0.4886,2015-09-14,XSHG
2843,10000392.XSHG,0.0038,0.0085,2015-09-14,XSHG
2844,10000285.XSHG,0.0668,0.0588,2015-09-14,XSHG
2845,10000287.XSHG,0.1028,0.0921,2015-09-14,XSHG
2846,10000040.XSHG,0.2135,0.2567,2015-09-14,XSHG
2847,10000414.XSHG,0.0707,0.0915,2015-09-14,XSHG
2848,10000415.XSHG,0.1566,0.1163,2015-09-14,XSHG
2849,10000416.XSHG,0.1267,0.0923,2015-09-14,XSHG
2850,10000417.XSHG,0.1036,0.0715,2015-09-14,XSHG
2851,10000410.XSHG,0.0286,0.0373,2015-09-14,XSHG
2852,10000411.XSHG,0.0359,0.0479,2015-09-14,XSHG
2853,10000412.XSHG,0.0447,0.0595,2015-09-14,XSHG
2854,10000413.XSHG,0.0562,0.077,2015-09-14,XSHG
2855,10000388.XSHG,0.3531,0.3,2015-09-14,XSHG
2856,10000389.XSHG,0.2998,0.2508,2015-09-14,XSHG
2857,10000418.XSHG,0.0892,0.1124,2015-09-14,XSHG
2858,10000419.XSHG,0.1088,0.1362,2015-09-14,XSHG
2859,10000308.XSHG,0.1461,0.1373,2015-09-14,XSHG
2860,10000309.XSHG,0.1208,0.1206,2015-09-14,XSHG
2861,10000390.XSHG,0.0021,0.0049,2015-09-14,XSHG
2862,10000149.XSHG,0.0008,0.0001,2015-09-14,XSHG
2863,10000391.XSHG,0.0029,0.0067,2015-09-14,XSHG
2864,10000397.XSHG,0.0756,0.095,2015-09-14,XSHG
2865,10000303.XSHG,0.0868,0.0787,2015-09-14,XSHG
2866,10000304.XSHG,0.0761,0.0675,2015-09-14,XSHG
2867,10000305.XSHG,0.3903,0.401,2015-09-14,XSHG
2868,10000140.XSHG,0.0002,0.0005,2015-09-14,XSHG
2869,10000141.XSHG,0.725,0.765,2015-09-14,XSHG
2870,10000080.XSHG,0.4637,0.5086,2015-09-14,XSHG
2871,10000395.XSHG,0.3386,0.3042,2015-09-14,XSHG
2872,10000087.XSHG,0.0004,0.0006,2015-09-14,XSHG
2873,10000400.XSHG,0.4303,0.4004,2015-09-14,XSHG
2874,10000072.XSHG,0.4023,0.4574,2015-09-14,XSHG
2875,10000071.XSHG,0.0013,0.0003,2015-09-14,XSHG
2876,10000079.XSHG,0.0006,0.0001,2015-09-14,XSHG
2877,10000407.XSHG,0.2658,0.2212,2015-09-14,XSHG
2878,10000406.XSHG,0.3079,0.2535,2015-09-14,XSHG
2879,10000405.XSHG,0.3577,0.295,2015-09-14,XSHG
2880,10000404.XSHG,0.1471,0.1742,2015-09-14,XSHG
2881,10000403.XSHG,0.1329,0.1488,2015-09-14,XSHG
2882,10000396.XSHG,0.0635,0.0809,2015-09-14,XSHG
2883,10000401.XSHG,0.4064,0.3763,2015-09-14,XSHG
2884,10000394.XSHG,0.3805,0.3365,2015-09-14,XSHG
2885,10000399.XSHG,0.4629,0.4216,2015-09-14,XSHG
2886,10000398.XSHG,0.0927,0.1185,2015-09-14,XSHG
2887,10000409.XSHG,0.1878,0.1471,2015-09-14,XSHG
2888,10000408.XSHG,0.2209,0.1831,2015-09-14,XSHG
2889,10000150.XSHG,0.8196,0.8659,2015-09-14,XSHG
2890,10000319.XSHG,0.0992,0.0863,2015-09-14,XSHG
2891,10000157.XSHG,0.0003,0.0001,2015-09-14,XSHG
2892,10000313.XSHG,0.4713,0.4713,2015-09-14,XSHG
2893,10000158.XSHG,0.9332,0.9638,2015-09-14,XSHG
2894,10000311.XSHG,0.1118,0.1029,2015-09-14,XSHG
2895,10000310.XSHG,0.1159,0.1086,2015-09-14,XSHG
2896,10000316.XSHG,0.5225,0.6009,2015-09-14,XSHG
2897,10000096.XSHG,0.5736,0.6257,2015-09-14,XSHG
2898,10000314.XSHG,0.5317,0.527,2015-09-14,XSHG
2899,10000064.XSHG,0.3533,0.4101,2015-09-14,XSHG
2900,10000063.XSHG,0.0018,0.0013,2015-09-14,XSHG
2901,10000286.XSHG,0.4466,0.4911,2015-09-14,XSHG
2902,10000380.XSHG,0.264,0.2676,2015-09-14,XSHG
2903,10000240.XSHG,0.6756,0.7367,2015-09-14,XSHG
2904,10000125.XSHG,0.0005,0.0002,2015-09-14,XSHG
2905,10000126.XSHG,0.651,0.7212,2015-09-14,XSHG
2906,10000088.XSHG,0.5023,0.5548,2015-09-14,XSHG
2907,10000328.XSHG,0.3677,0.3713,2015-09-14,XSHG
2908,10000312.XSHG,0.4367,0.459,2015-09-14,XSHG
2909,10000326.XSHG,0.2906,0.3135,2015-09-14,XSHG
2910,10000327.XSHG,0.2066,0.1838,2015-09-14,XSHG
2911,10000325.XSHG,0.1225,0.1036,2015-09-14,XSHG
2912,10000322.XSHG,0.4061,0.43,2015-09-14,XSHG
2913,10000320.XSHG,0.3382,0.3662,2015-09-14,XSHG
2914,10000321.XSHG,0.1791,0.1687,2015-09-14,XSHG
2915,10000387.XSHG,0.3998,0.3431,2015-09-14,XSHG
2916,10000095.XSHG,0.0007,0.0002,2015-09-14,XSHG
2917,10000315.XSHG,0.5682,0.5682,2015-09-14,XSHG
2918,10000036.XSHG,0.0581,0.0969,2015-09-14,XSHG
2919,10000037.XSHG,0.092,0.1325,2015-09-14,XSHG
2920,10000034.XSHG,0.0173,0.011,2015-09-14,XSHG
2921,10000035.XSHG,0.0106,0.0061,2015-09-14,XSHG
2922,10000032.XSHG,0.0428,0.024,2015-09-14,XSHG
2923,10000033.XSHG,0.03,0.017,2015-09-14,XSHG
2924,10000031.XSHG,0.06,0.0385,2015-09-14,XSHG
2925,10000038.XSHG,0.1269,0.1715,2015-09-14,XSHG
2926,10000039.XSHG,0.169,0.214,2015-09-14,XSHG
2927,10000331.XSHG,0.1342,0.1154,2015-09-14,XSHG
2928,10000239.XSHG,0.629,0.6815,2015-09-14,XSHG
2929,10000333.XSHG,0.226,0.2041,2015-09-14,XSHG
2930,10000332.XSHG,0.2595,0.3032,2015-09-14,XSHG
2931,10000334.XSHG,0.3576,0.3576,2015-09-14,XSHG
2932,10000339.XSHG,0.0876,0.059,2015-09-14,XSHG
2933,10000139.XSHG,0.0007,0.0005,2015-09-14,XSHG
2934,10000237.XSHG,0.0301,0.0271,2015-09-14,XSHG
2935,10000228.XSHG,1.485,1.5218,2015-09-14,XSHG
2936,10000342.XSHG,0.1609,0.1467,2015-09-14,XSHG
2937,10000103.XSHG,0.0007,0.0001,2015-09-14,XSHG
2938,10000104.XSHG,0.6159,0.6607,2015-09-14,XSHG
2939,10000344.XSHG,0.22,0.2702,2015-09-14,XSHG
2940,10000345.XSHG,0.262,0.2488,2015-09-14,XSHG
2941,10000346.XSHG,0.2393,0.2241,2015-09-14,XSHG
2942,10000347.XSHG,0.2743,0.303,2015-09-14,XSHG
2943,10000340.XSHG,0.037,0.065,2015-09-14,XSHG
2944,10000341.XSHG,0.18,0.1589,2015-09-14,XSHG
2945,10000402.XSHG,0.1128,0.1311,2015-09-14,XSHG
2946,10000343.XSHG,0.193,0.2323,2015-09-14,XSHG
2947,10000348.XSHG,0.2989,0.3199,2015-09-14,XSHG
2948,10000226.XSHG,1.4111,1.4437,2015-09-14,XSHG
2949,10000225.XSHG,0.0005,0.0001,2015-09-14,XSHG
2950,10000142.XSHG,0.75,0.8043,2015-09-14,XSHG
2951,10000269.XSHG,0.048,0.0432,2015-09-14,XSHG
2952,10000425.XSHG,0.055,0.0345,2015-09-14,XSHG
2953,10000424.XSHG,0.1999,0.2401,2015-09-14,XSHG
2954,10000307.XSHG,0.163,0.1531,2015-09-14,XSHG
2955,10000421.XSHG,0.0847,0.0578,2015-09-14,XSHG
2956,10000420.XSHG,0.1381,0.1688,2015-09-14,XSHG
2957,10000306.XSHG,0.4287,0.4393,2015-09-14,XSHG
2958,10000422.XSHG,0.165,0.2033,2015-09-14,XSHG
2959,10000296.XSHG,0.792,0.8006,2015-09-14,XSHG
2960,10000297.XSHG,0.0637,0.0598,2015-09-14,XSHG
2961,10000294.XSHG,0.7478,0.7441,2015-09-14,XSHG
2962,10000295.XSHG,0.7941,0.7866,2015-09-14,XSHG
2963,10000292.XSHG,0.6082,0.6244,2015-09-14,XSHG
2964,10000293.XSHG,0.662,0.662,2015-09-14,XSHG
2965,10000290.XSHG,0.0719,0.0712,2015-09-14,XSHG
2966,10000291.XSHG,0.0703,0.0655,2015-09-14,XSHG
2967,10000298.XSHG,0.8726,0.8627,2015-09-14,XSHG
2968,10000357.XSHG,0.2569,0.206,2015-09-14,XSHG
2969,10000359.XSHG,0.1641,0.1182,2015-09-14,XSHG
2970,10000358.XSHG,0.2061,0.16,2015-09-14,XSHG
2971,10000238.XSHG,0.0253,0.0216,2015-09-14,XSHG
2972,10000227.XSHG,0.0061,0.0067,2015-09-14,XSHG
2973,10000182.XSHG,1.2466,1.26,2015-09-14,XSHG
2974,10000183.XSHG,0.0152,0.0136,2015-09-14,XSHG
2975,10000181.XSHG,0.0006,0.0001,2015-09-14,XSHG
2976,10000186.XSHG,0.0095,0.0085,2015-09-14,XSHG
2977,10000187.XSHG,0.0098,0.0072,2015-09-14,XSHG
2978,10000184.XSHG,0.0127,0.0109,2015-09-14,XSHG
2979,10000185.XSHG,0.0107,0.0088,2015-09-14,XSHG
2980,10000188.XSHG,,,2015-09-14,XSHG
2981,10000189.XSHG,1.0527,1.0527,2015-09-14,XSHG
2982,10000368.XSHG,0.1815,0.1722,2015-09-15,XSHG
2983,10000369.XSHG,0.1335,0.1381,2015-09-15,XSHG
2984,10000362.XSHG,0.0198,0.0195,2015-09-15,XSHG
2985,10000363.XSHG,0.027,0.0291,2015-09-15,XSHG
2986,10000360.XSHG,0.0872,0.0835,2015-09-15,XSHG
2987,10000361.XSHG,0.0122,0.0114,2015-09-15,XSHG
2988,10000366.XSHG,0.2346,0.2361,2015-09-15,XSHG
2989,10000367.XSHG,0.2074,0.1973,2015-09-15,XSHG
2990,10000364.XSHG,0.0461,0.045,2015-09-15,XSHG
2991,10000365.XSHG,0.2682,0.2468,2015-09-15,XSHG
2992,10000201.XSHG,0.0149,0.0142,2015-09-15,XSHG
2993,10000200.XSHG,1.3912,1.3997,2015-09-15,XSHG
2994,10000203.XSHG,0.0165,0.0165,2015-09-15,XSHG
2995,10000202.XSHG,0.86,0.9081,2015-09-15,XSHG
2996,10000205.XSHG,0.019,0.0186,2015-09-15,XSHG
2997,10000204.XSHG,0.8052,0.8213,2015-09-15,XSHG
2998,10000206.XSHG,0.7542,0.7542,2015-09-15,XSHG
2999,10000165.XSHG,0.0002,0.0001,2015-09-15,XSHG
3000,10000166.XSHG,1.0429,1.0755,2015-09-15,XSHG
3001,10000197.XSHG,0.0004,0.0002,2015-09-15,XSHG
3002,10000191.XSHG,1.1942,1.2464,2015-09-15,XSHG
3003,10000190.XSHG,1.1,1.148,2015-09-15,XSHG
3004,10000192.XSHG,1.31,1.329,2015-09-15,XSHG
3005,10000055.XSHG,0.0017,0.0004,2015-09-15,XSHG
3006,10000056.XSHG,0.3499,0.358,2015-09-15,XSHG
3007,10000199.XSHG,0.0066,0.0073,2015-09-15,XSHG
3008,10000198.XSHG,1.3532,1.3775,2015-09-15,XSHG
3009,10000379.XSHG,,,2015-09-15,XSHG
3010,10000378.XSHG,0.2108,0.2108,2015-09-15,XSHG
3011,10000375.XSHG,0.2914,0.2914,2015-09-15,XSHG
3012,10000374.XSHG,,,2015-09-15,XSHG
3013,10000377.XSHG,0.1903,0.2095,2015-09-15,XSHG
3014,10000376.XSHG,0.2454,0.2407,2015-09-15,XSHG
3015,10000371.XSHG,0.1855,0.1926,2015-09-15,XSHG
3016,10000370.XSHG,0.1528,0.1599,2015-09-15,XSHG
3017,10000373.XSHG,0.329,0.3111,2015-09-15,XSHG
3018,10000372.XSHG,0.2,0.2175,2015-09-15,XSHG
3019,10000274.XSHG,0.653,0.653,2015-09-15,XSHG
3020,10000270.XSHG,0.0337,0.0339,2015-09-15,XSHG
3021,10000271.XSHG,0.029,0.0288,2015-09-15,XSHG
3022,10000272.XSHG,0.533,0.5487,2015-09-15,XSHG
3023,10000273.XSHG,0.6193,0.6139,2015-09-15,XSHG
3024,10000173.XSHG,0.0002,0.0001,2015-09-15,XSHG
3025,10000393.XSHG,0.37,0.3532,2015-09-15,XSHG
3026,10000279.XSHG,0.0449,0.0452,2015-09-15,XSHG
3027,10000174.XSHG,1.1424,1.1689,2015-09-15,XSHG
3028,10000426.XSHG,0.2908,0.283,2015-09-15,XSHG
3029,10000289.XSHG,,,2015-09-15,XSHG
3030,10000288.XSHG,0.0877,0.0794,2015-09-15,XSHG
3031,10000423.XSHG,0.0457,0.0448,2015-09-15,XSHG
3032,10000048.XSHG,0.2995,0.3155,2015-09-15,XSHG
3033,10000047.XSHG,0.0031,0.0023,2015-09-15,XSHG
3034,10000280.XSHG,0.4969,0.5255,2015-09-15,XSHG
3035,10000392.XSHG,0.0095,0.0075,2015-09-15,XSHG
3036,10000285.XSHG,0.0534,0.052,2015-09-15,XSHG
3037,10000287.XSHG,0.0879,0.0865,2015-09-15,XSHG
3038,10000040.XSHG,0.2587,0.2686,2015-09-15,XSHG
3039,10000414.XSHG,0.093,0.1046,2015-09-15,XSHG
3040,10000415.XSHG,0.1319,0.1224,2015-09-15,XSHG
3041,10000416.XSHG,0.0968,0.0956,2015-09-15,XSHG
3042,10000417.XSHG,0.0726,0.0759,2015-09-15,XSHG
3043,10000410.XSHG,0.0384,0.0515,2015-09-15,XSHG
3044,10000411.XSHG,0.0475,0.063,2015-09-15,XSHG
3045,10000412.XSHG,0.0576,0.0748,2015-09-15,XSHG
3046,10000413.XSHG,0.075,0.0851,2015-09-15,XSHG
3047,10000388.XSHG,0.3204,0.2912,2015-09-15,XSHG
3048,10000389.XSHG,0.2666,0.2439,2015-09-15,XSHG
3049,10000418.XSHG,0.1148,0.1262,2015-09-15,XSHG
3050,10000419.XSHG,0.1401,0.1427,2015-09-15,XSHG
3051,10000308.XSHG,0.1298,0.1353,2015-09-15,XSHG
3052,10000309.XSHG,0.1174,0.1148,2015-09-15,XSHG
3053,10000390.XSHG,0.0049,0.003,2015-09-15,XSHG
3054,10000149.XSHG,0.0001,0.0001,2015-09-15,XSHG
3055,10000391.XSHG,0.0072,0.0058,2015-09-15,XSHG
3056,10000397.XSHG,0.0988,0.1068,2015-09-15,XSHG
3057,10000303.XSHG,0.0725,0.0717,2015-09-15,XSHG
3058,10000304.XSHG,0.0622,0.0603,2015-09-15,XSHG
3059,10000305.XSHG,,,2015-09-15,XSHG
3060,10000140.XSHG,0.0001,0.0004,2015-09-15,XSHG
3061,10000141.XSHG,0.7569,0.7681,2015-09-15,XSHG
3062,10000080.XSHG,0.5085,0.5034,2015-09-15,XSHG
3063,10000395.XSHG,0.3008,0.2781,2015-09-15,XSHG
3064,10000087.XSHG,,,2015-09-15,XSHG
3065,10000400.XSHG,0.4006,0.3658,2015-09-15,XSHG
3066,10000072.XSHG,0.4619,0.4621,2015-09-15,XSHG
3067,10000071.XSHG,0.0012,0.0003,2015-09-15,XSHG
3068,10000079.XSHG,0.0009,0.0001,2015-09-15,XSHG
3069,10000407.XSHG,0.2314,0.2219,2015-09-15,XSHG
3070,10000406.XSHG,0.2834,0.2614,2015-09-15,XSHG
3071,10000405.XSHG,0.32,0.3031,2015-09-15,XSHG
3072,10000404.XSHG,0.1691,0.1873,2015-09-15,XSHG
3073,10000403.XSHG,0.151,0.153,2015-09-15,XSHG
3074,10000396.XSHG,0.0816,0.0868,2015-09-15,XSHG
3075,10000401.XSHG,0.3674,0.339,2015-09-15,XSHG
3076,10000394.XSHG,0.3365,0.3135,2015-09-15,XSHG
3077,10000399.XSHG,0.434,0.3964,2015-09-15,XSHG
3078,10000398.XSHG,0.1155,0.127,2015-09-15,XSHG
3079,10000409.XSHG,0.1698,0.1454,2015-09-15,XSHG
3080,10000408.XSHG,0.1939,0.1837,2015-09-15,XSHG
3081,10000150.XSHG,0.8525,0.8676,2015-09-15,XSHG
3082,10000319.XSHG,0.0858,0.0829,2015-09-15,XSHG
3083,10000157.XSHG,0.0001,0.0001,2015-09-15,XSHG
3084,10000313.XSHG,0.489,0.489,2015-09-15,XSHG
3085,10000158.XSHG,0.9458,0.9739,2015-09-15,XSHG
3086,10000311.XSHG,0.1026,0.0949,2015-09-15,XSHG
3087,10000310.XSHG,0.107,0.1042,2015-09-15,XSHG
3088,10000316.XSHG,0.6081,0.605,2015-09-15,XSHG
3089,10000096.XSHG,0.6072,0.5942,2015-09-15,XSHG
3090,10000314.XSHG,0.523,0.5464,2015-09-15,XSHG
3091,10000064.XSHG,0.4008,0.4106,2015-09-15,XSHG
3092,10000063.XSHG,0.0012,0.0005,2015-09-15,XSHG
3093,10000286.XSHG,0.47,0.4942,2015-09-15,XSHG
3094,10000380.XSHG,0.259,0.259,2015-09-15,XSHG
3095,10000240.XSHG,0.7152,0.758,2015-09-15,XSHG
3096,10000125.XSHG,0.0001,0.0001,2015-09-15,XSHG
3097,10000126.XSHG,0.7091,0.7115,2015-09-15,XSHG
3098,10000088.XSHG,0.5561,0.5492,2015-09-15,XSHG
3099,10000328.XSHG,,,2015-09-15,XSHG
3100,10000312.XSHG,,,2015-09-15,XSHG
3101,10000326.XSHG,0.3247,0.3315,2015-09-15,XSHG
3102,10000327.XSHG,0.1673,0.1671,2015-09-15,XSHG
3103,10000325.XSHG,0.1002,0.101,2015-09-15,XSHG
3104,10000322.XSHG,0.3964,0.4362,2015-09-15,XSHG
3105,10000320.XSHG,0.3657,0.3689,2015-09-15,XSHG
3106,10000321.XSHG,0.1568,0.1519,2015-09-15,XSHG
3107,10000387.XSHG,0.3657,0.3312,2015-09-15,XSHG
3108,10000095.XSHG,0.0002,0.0003,2015-09-15,XSHG
3109,10000315.XSHG,0.548,0.548,2015-09-15,XSHG
3110,10000036.XSHG,0.0969,0.098,2015-09-15,XSHG
3111,10000037.XSHG,0.1371,0.1285,2015-09-15,XSHG
3112,10000034.XSHG,0.0108,0.0078,2015-09-15,XSHG
3113,10000035.XSHG,0.007,0.0046,2015-09-15,XSHG
3114,10000032.XSHG,0.025,0.0225,2015-09-15,XSHG
3115,10000033.XSHG,0.0165,0.0141,2015-09-15,XSHG
3116,10000031.XSHG,0.0399,0.036,2015-09-15,XSHG
3117,10000038.XSHG,0.1714,0.1701,2015-09-15,XSHG
3118,10000039.XSHG,0.2162,0.2233,2015-09-15,XSHG
3119,10000331.XSHG,0.1155,0.1203,2015-09-15,XSHG
3120,10000239.XSHG,0.706,0.706,2015-09-15,XSHG
3121,10000333.XSHG,0.1963,0.188,2015-09-15,XSHG
3122,10000332.XSHG,0.2983,0.3019,2015-09-15,XSHG
3123,10000334.XSHG,0.3397,0.3397,2015-09-15,XSHG
3124,10000339.XSHG,0.0605,0.0544,2015-09-15,XSHG
3125,10000139.XSHG,0.0007,0.0004,2015-09-15,XSHG
3126,10000237.XSHG,0.0249,0.024,2015-09-15,XSHG
3127,10000228.XSHG,1.5185,1.5293,2015-09-15,XSHG
3128,10000342.XSHG,0.1345,0.1318,2015-09-15,XSHG
3129,10000103.XSHG,0.0001,0.0001,2015-09-15,XSHG
3130,10000104.XSHG,0.6592,0.6452,2015-09-15,XSHG
3131,10000344.XSHG,0.26,0.2703,2015-09-15,XSHG
3132,10000345.XSHG,0.231,0.231,2015-09-15,XSHG
3133,10000346.XSHG,0.2211,0.2019,2015-09-15,XSHG
3134,10000347.XSHG,,,2015-09-15,XSHG
3135,10000340.XSHG,0.067,0.0668,2015-09-15,XSHG
3136,10000341.XSHG,0.156,0.1483,2015-09-15,XSHG
3137,10000402.XSHG,0.1306,0.137,2015-09-15,XSHG
3138,10000343.XSHG,0.225,0.2335,2015-09-15,XSHG
3139,10000348.XSHG,0.3185,0.3185,2015-09-15,XSHG
3140,10000226.XSHG,1.45,1.4693,2015-09-15,XSHG
3141,10000225.XSHG,0.0005,0.0001,2015-09-15,XSHG
3142,10000142.XSHG,0.8047,0.794,2015-09-15,XSHG
3143,10000269.XSHG,0.0395,0.0412,2015-09-15,XSHG
3144,10000425.XSHG,0.0354,0.0335,2015-09-15,XSHG
3145,10000424.XSHG,0.2524,0.2449,2015-09-15,XSHG
3146,10000307.XSHG,0.1439,0.1364,2015-09-15,XSHG
3147,10000421.XSHG,0.0603,0.0586,2015-09-15,XSHG
3148,10000420.XSHG,0.181,0.1764,2015-09-15,XSHG
3149,10000306.XSHG,,,2015-09-15,XSHG
3150,10000422.XSHG,0.2149,0.2099,2015-09-15,XSHG
3151,10000296.XSHG,,,2015-09-15,XSHG
3152,10000297.XSHG,0.0565,0.0554,2015-09-15,XSHG
3153,10000294.XSHG,,,2015-09-15,XSHG
3154,10000295.XSHG,0.7881,0.7881,2015-09-15,XSHG
3155,10000292.XSHG,0.6242,0.6592,2015-09-15,XSHG
3156,10000293.XSHG,0.666,0.666,2015-09-15,XSHG
3157,10000290.XSHG,0.0675,0.0675,2015-09-15,XSHG
3158,10000291.XSHG,0.0616,0.0616,2015-09-15,XSHG
3159,10000298.XSHG,0.8744,0.8744,2015-09-15,XSHG
3160,10000357.XSHG,0.2185,0.1976,2015-09-15,XSHG
3161,10000359.XSHG,0.1309,0.1171,2015-09-15,XSHG
3162,10000358.XSHG,0.17,0.1564,2015-09-15,XSHG
3163,10000238.XSHG,0.0217,0.0204,2015-09-15,XSHG
3164,10000227.XSHG,0.0063,0.0068,2015-09-15,XSHG
3165,10000182.XSHG,1.2416,1.244,2015-09-15,XSHG
3166,10000183.XSHG,0.0133,0.0124,2015-09-15,XSHG
3167,10000181.XSHG,0.0001,0.0002,2015-09-15,XSHG
3168,10000186.XSHG,0.0086,0.0079,2015-09-15,XSHG
3169,10000187.XSHG,0.0066,0.0067,2015-09-15,XSHG
3170,10000184.XSHG,0.0111,0.0106,2015-09-15,XSHG
3171,10000185.XSHG,0.0091,0.0087,2015-09-15,XSHG
3172,10000188.XSHG,0.91,0.94,2015-09-15,XSHG
3173,10000189.XSHG,1.0,1.0403,2015-09-15,XSHG
3174,10000368.XSHG,0.18,0.2106,2015-09-16,XSHG
3175,10000369.XSHG,0.1319,0.1072,2015-09-16,XSHG
3176,10000362.XSHG,0.0178,0.0026,2015-09-16,XSHG
3177,10000363.XSHG,0.0297,0.0073,2015-09-16,XSHG
3178,10000360.XSHG,0.0884,0.1407,2015-09-16,XSHG
3179,10000361.XSHG,0.0113,0.0008,2015-09-16,XSHG
3180,10000366.XSHG,0.2391,0.2883,2015-09-16,XSHG
3181,10000367.XSHG,0.1968,0.2354,2015-09-16,XSHG
3182,10000364.XSHG,0.045,0.01,2015-09-16,XSHG
3183,10000365.XSHG,0.269,0.32,2015-09-16,XSHG
3184,10000201.XSHG,0.0149,0.0171,2015-09-16,XSHG
3185,10000200.XSHG,1.3781,1.33,2015-09-16,XSHG
3186,10000203.XSHG,0.0171,0.0203,2015-09-16,XSHG
3187,10000202.XSHG,0.8555,0.8903,2015-09-16,XSHG
3188,10000205.XSHG,0.0197,0.024,2015-09-16,XSHG
3189,10000204.XSHG,0.8138,0.803,2015-09-16,XSHG
3190,10000206.XSHG,0.7701,0.7061,2015-09-16,XSHG
3191,10000165.XSHG,0.0001,0.0001,2015-09-16,XSHG
3192,10000166.XSHG,1.0606,0.9712,2015-09-16,XSHG
3193,10000197.XSHG,0.0001,0.0001,2015-09-16,XSHG
3194,10000191.XSHG,1.2173,1.205,2015-09-16,XSHG
3195,10000190.XSHG,1.112,1.1029,2015-09-16,XSHG
3196,10000192.XSHG,1.2812,1.2665,2015-09-16,XSHG
3197,10000055.XSHG,0.0015,0.0026,2015-09-16,XSHG
3198,10000056.XSHG,0.3425,0.2715,2015-09-16,XSHG
3199,10000199.XSHG,0.0065,0.0071,2015-09-16,XSHG
3200,10000198.XSHG,1.3637,1.295,2015-09-16,XSHG
3201,10000379.XSHG,0.2489,0.2392,2015-09-16,XSHG
3202,10000378.XSHG,0.2201,0.1882,2015-09-16,XSHG
3203,10000375.XSHG,0.3056,0.3122,2015-09-16,XSHG
3204,10000374.XSHG,0.3147,0.3493,2015-09-16,XSHG
3205,10000377.XSHG,0.1925,0.1857,2015-09-16,XSHG
3206,10000376.XSHG,0.2424,0.2985,2015-09-16,XSHG
3207,10000371.XSHG,0.1886,0.1438,2015-09-16,XSHG
3208,10000370.XSHG,0.172,0.1354,2015-09-16,XSHG
3209,10000373.XSHG,0.3522,0.3616,2015-09-16,XSHG
3210,10000372.XSHG,0.215,0.1897,2015-09-16,XSHG
3211,10000274.XSHG,0.633,0.5585,2015-09-16,XSHG
3212,10000270.XSHG,0.0343,0.0441,2015-09-16,XSHG
3213,10000271.XSHG,0.0297,0.038,2015-09-16,XSHG
3214,10000272.XSHG,0.5392,0.502,2015-09-16,XSHG
3215,10000273.XSHG,0.6147,0.5833,2015-09-16,XSHG
3216,10000173.XSHG,0.0001,0.0001,2015-09-16,XSHG
3217,10000393.XSHG,0.3594,0.4299,2015-09-16,XSHG
3218,10000279.XSHG,0.0464,0.063,2015-09-16,XSHG
3219,10000174.XSHG,1.0988,1.0224,2015-09-16,XSHG
3220,10000426.XSHG,0.2747,0.1961,2015-09-16,XSHG
3221,10000289.XSHG,0.0785,0.0831,2015-09-16,XSHG
3222,10000288.XSHG,0.0806,0.0999,2015-09-16,XSHG
3223,10000423.XSHG,0.0446,0.064,2015-09-16,XSHG
3224,10000048.XSHG,0.31,0.2179,2015-09-16,XSHG
3225,10000047.XSHG,0.0028,0.0047,2015-09-16,XSHG
3226,10000280.XSHG,0.5285,0.4207,2015-09-16,XSHG
3227,10000392.XSHG,0.0072,0.0015,2015-09-16,XSHG
3228,10000285.XSHG,0.0536,0.0755,2015-09-16,XSHG
3229,10000287.XSHG,0.1003,0.1003,2015-09-16,XSHG
3230,10000040.XSHG,0.2587,0.1744,2015-09-16,XSHG
3231,10000414.XSHG,0.1014,0.0652,2015-09-16,XSHG
3232,10000415.XSHG,0.1274,0.1759,2015-09-16,XSHG
3233,10000416.XSHG,0.0982,0.1417,2015-09-16,XSHG
3234,10000417.XSHG,0.0769,0.1111,2015-09-16,XSHG
3235,10000410.XSHG,0.0504,0.0342,2015-09-16,XSHG
3236,10000411.XSHG,0.0615,0.0427,2015-09-16,XSHG
3237,10000412.XSHG,0.0726,0.0495,2015-09-16,XSHG
3238,10000413.XSHG,0.0844,0.054,2015-09-16,XSHG
3239,10000388.XSHG,0.3111,0.3757,2015-09-16,XSHG
3240,10000389.XSHG,0.2641,0.3321,2015-09-16,XSHG
3241,10000418.XSHG,0.1209,0.0787,2015-09-16,XSHG
3242,10000419.XSHG,0.1435,0.0951,2015-09-16,XSHG
3243,10000308.XSHG,0.1465,0.1465,2015-09-16,XSHG
3244,10000309.XSHG,0.1108,0.143,2015-09-16,XSHG
3245,10000390.XSHG,0.003,0.0011,2015-09-16,XSHG
3246,10000149.XSHG,0.0001,0.0001,2015-09-16,XSHG
3247,10000391.XSHG,0.0049,0.0015,2015-09-16,XSHG
3248,10000397.XSHG,0.098,0.0816,2015-09-16,XSHG
3249,10000303.XSHG,0.0758,0.1018,2015-09-16,XSHG
3250,10000304.XSHG,0.0626,0.088,2015-09-16,XSHG
3251,10000305.XSHG,0.3825,0.318,2015-09-16,XSHG
3252,10000140.XSHG,0.0001,0.0001,2015-09-16,XSHG
3253,10000141.XSHG,0.7678,0.67,2015-09-16,XSHG
3254,10000080.XSHG,0.4979,0.4077,2015-09-16,XSHG
3255,10000395.XSHG,0.3037,0.355,2015-09-16,XSHG
3256,10000087.XSHG,0.0001,0.0001,2015-09-16,XSHG
3257,10000400.XSHG,0.3966,0.4272,2015-09-16,XSHG
3258,10000072.XSHG,0.4502,0.366,2015-09-16,XSHG
3259,10000071.XSHG,0.0006,0.0002,2015-09-16,XSHG
3260,10000079.XSHG,0.0004,0.0004,2015-09-16,XSHG
3261,10000407.XSHG,0.2354,0.2942,2015-09-16,XSHG
3262,10000406.XSHG,0.2788,0.34,2015-09-16,XSHG
3263,10000405.XSHG,0.3131,0.3797,2015-09-16,XSHG
3264,10000404.XSHG,0.1714,0.1557,2015-09-16,XSHG
3265,10000403.XSHG,0.1487,0.1461,2015-09-16,XSHG
3266,10000396.XSHG,0.0821,0.063,2015-09-16,XSHG
3267,10000401.XSHG,0.3666,0.42,2015-09-16,XSHG
3268,10000394.XSHG,0.3373,0.3934,2015-09-16,XSHG
3269,10000399.XSHG,0.4269,0.4546,2015-09-16,XSHG
3270,10000398.XSHG,0.1162,0.0988,2015-09-16,XSHG
3271,10000409.XSHG,0.1522,0.2101,2015-09-16,XSHG
3272,10000408.XSHG,0.1967,0.248,2015-09-16,XSHG
3273,10000150.XSHG,0.8479,0.7459,2015-09-16,XSHG
3274,10000319.XSHG,0.0894,0.1192,2015-09-16,XSHG
3275,10000157.XSHG,0.0001,0.0001,2015-09-16,XSHG
3276,10000313.XSHG,,,2015-09-16,XSHG
3277,10000158.XSHG,0.9493,0.846,2015-09-16,XSHG
3278,10000311.XSHG,0.0987,0.1043,2015-09-16,XSHG
3279,10000310.XSHG,0.1035,0.1333,2015-09-16,XSHG
3280,10000316.XSHG,,,2015-09-16,XSHG
3281,10000096.XSHG,0.5899,0.5116,2015-09-16,XSHG
3282,10000314.XSHG,,,2015-09-16,XSHG
3283,10000064.XSHG,0.3912,0.3226,2015-09-16,XSHG
3284,10000063.XSHG,0.0006,0.0008,2015-09-16,XSHG
3285,10000286.XSHG,0.48,0.3856,2015-09-16,XSHG
3286,10000380.XSHG,0.2478,0.2478,2015-09-16,XSHG
3287,10000240.XSHG,0.725,0.69,2015-09-16,XSHG
3288,10000125.XSHG,0.0006,0.0001,2015-09-16,XSHG
3289,10000126.XSHG,0.6884,0.6111,2015-09-16,XSHG
3290,10000088.XSHG,0.5456,0.4651,2015-09-16,XSHG
3291,10000328.XSHG,,,2015-09-16,XSHG
3292,10000312.XSHG,,,2015-09-16,XSHG
3293,10000326.XSHG,0.3097,0.2555,2015-09-16,XSHG
3294,10000327.XSHG,0.1919,0.1919,2015-09-16,XSHG
3295,10000325.XSHG,0.0967,0.1267,2015-09-16,XSHG
3296,10000322.XSHG,0.4448,0.368,2015-09-16,XSHG
3297,10000320.XSHG,0.36,0.3092,2015-09-16,XSHG
3298,10000321.XSHG,0.1505,0.1983,2015-09-16,XSHG
3299,10000387.XSHG,0.3488,0.4239,2015-09-16,XSHG
3300,10000095.XSHG,0.0001,0.0001,2015-09-16,XSHG
3301,10000315.XSHG,,,2015-09-16,XSHG
3302,10000036.XSHG,0.0935,0.0357,2015-09-16,XSHG
3303,10000037.XSHG,0.1262,0.0592,2015-09-16,XSHG
3304,10000034.XSHG,0.0088,0.0118,2015-09-16,XSHG
3305,10000035.XSHG,0.005,0.0083,2015-09-16,XSHG
3306,10000032.XSHG,0.0235,0.0394,2015-09-16,XSHG
3307,10000033.XSHG,0.014,0.02,2015-09-16,XSHG
3308,10000031.XSHG,0.038,0.0609,2015-09-16,XSHG
3309,10000038.XSHG,0.1667,0.0883,2015-09-16,XSHG
3310,10000039.XSHG,0.2122,0.1311,2015-09-16,XSHG
3311,10000331.XSHG,0.1148,0.15,2015-09-16,XSHG
3312,10000239.XSHG,0.672,0.67,2015-09-16,XSHG
3313,10000333.XSHG,0.185,0.2215,2015-09-16,XSHG
3314,10000332.XSHG,0.3015,0.2236,2015-09-16,XSHG
3315,10000334.XSHG,0.33,0.31,2015-09-16,XSHG
3316,10000339.XSHG,0.0575,0.095,2015-09-16,XSHG
3317,10000139.XSHG,0.0005,0.0001,2015-09-16,XSHG
3318,10000237.XSHG,0.0258,0.0319,2015-09-16,XSHG
3319,10000228.XSHG,1.4755,1.4176,2015-09-16,XSHG
3320,10000342.XSHG,0.1301,0.1659,2015-09-16,XSHG
3321,10000103.XSHG,0.0001,0.0001,2015-09-16,XSHG
3322,10000104.XSHG,0.6391,0.55,2015-09-16,XSHG
3323,10000344.XSHG,0.2525,0.2206,2015-09-16,XSHG
3324,10000345.XSHG,0.23,0.2542,2015-09-16,XSHG
3325,10000346.XSHG,0.2189,0.23,2015-09-16,XSHG
3326,10000347.XSHG,0.31,0.2696,2015-09-16,XSHG
3327,10000340.XSHG,0.0676,0.0196,2015-09-16,XSHG
3328,10000341.XSHG,0.1477,0.1867,2015-09-16,XSHG
3329,10000402.XSHG,0.1311,0.1129,2015-09-16,XSHG
3330,10000343.XSHG,0.2356,0.188,2015-09-16,XSHG
3331,10000348.XSHG,0.32,0.2834,2015-09-16,XSHG
3332,10000226.XSHG,1.4354,1.395,2015-09-16,XSHG
3333,10000225.XSHG,0.0001,0.0001,2015-09-16,XSHG
3334,10000142.XSHG,0.7897,0.7039,2015-09-16,XSHG
3335,10000269.XSHG,0.0398,0.0503,2015-09-16,XSHG
3336,10000425.XSHG,0.0331,0.0466,2015-09-16,XSHG
3337,10000424.XSHG,0.2373,0.1661,2015-09-16,XSHG
3338,10000307.XSHG,0.1374,0.1884,2015-09-16,XSHG
3339,10000421.XSHG,0.0596,0.0835,2015-09-16,XSHG
3340,10000420.XSHG,0.1713,0.114,2015-09-16,XSHG
3341,10000306.XSHG,0.44,0.4156,2015-09-16,XSHG
3342,10000422.XSHG,0.2038,0.1371,2015-09-16,XSHG
3343,10000296.XSHG,,,2015-09-16,XSHG
3344,10000297.XSHG,0.06,0.0712,2015-09-16,XSHG
3345,10000294.XSHG,,,2015-09-16,XSHG
3346,10000295.XSHG,0.7577,0.7571,2015-09-16,XSHG
3347,10000292.XSHG,0.6244,0.6244,2015-09-16,XSHG
3348,10000293.XSHG,,,2015-09-16,XSHG
3349,10000290.XSHG,0.0698,0.0811,2015-09-16,XSHG
3350,10000291.XSHG,0.0636,0.0726,2015-09-16,XSHG
3351,10000298.XSHG,,,2015-09-16,XSHG
3352,10000357.XSHG,0.215,0.2802,2015-09-16,XSHG
3353,10000359.XSHG,0.1226,0.1865,2015-09-16,XSHG
3354,10000358.XSHG,0.1655,0.2304,2015-09-16,XSHG
3355,10000238.XSHG,0.0218,0.0261,2015-09-16,XSHG
3356,10000227.XSHG,0.0062,0.0073,2015-09-16,XSHG
3357,10000182.XSHG,1.253,1.195,2015-09-16,XSHG
3358,10000183.XSHG,0.0133,0.0155,2015-09-16,XSHG
3359,10000181.XSHG,0.0001,0.0002,2015-09-16,XSHG
3360,10000186.XSHG,0.0079,0.0079,2015-09-16,XSHG
3361,10000187.XSHG,0.0071,0.0075,2015-09-16,XSHG
3362,10000184.XSHG,0.0108,0.0121,2015-09-16,XSHG
3363,10000185.XSHG,0.0086,0.0097,2015-09-16,XSHG
3364,10000188.XSHG,0.9083,0.9098,2015-09-16,XSHG
3365,10000189.XSHG,1.028,1.0387,2015-09-16,XSHG
3366,10000368.XSHG,0.21,0.2162,2015-09-17,XSHG
3367,10000369.XSHG,0.1094,0.1162,2015-09-17,XSHG
3368,10000362.XSHG,0.0031,0.0057,2015-09-17,XSHG
3369,10000363.XSHG,0.0071,0.0089,2015-09-17,XSHG
3370,10000360.XSHG,0.1389,0.11,2015-09-17,XSHG
3371,10000361.XSHG,0.0013,0.0019,2015-09-17,XSHG
3372,10000366.XSHG,0.272,0.27,2015-09-17,XSHG
3373,10000367.XSHG,0.2278,0.241,2015-09-17,XSHG
3374,10000364.XSHG,0.0099,0.0149,2015-09-17,XSHG
3375,10000365.XSHG,0.2981,0.3085,2015-09-17,XSHG
3376,10000201.XSHG,0.0185,0.0149,2015-09-17,XSHG
3377,10000200.XSHG,1.3509,1.33,2015-09-17,XSHG
3378,10000203.XSHG,0.02,0.0181,2015-09-17,XSHG
3379,10000202.XSHG,,,2015-09-17,XSHG
3380,10000205.XSHG,0.0233,0.0213,2015-09-17,XSHG
3381,10000204.XSHG,,,2015-09-17,XSHG
3382,10000206.XSHG,0.7002,0.7,2015-09-17,XSHG
3383,10000165.XSHG,0.0003,0.0002,2015-09-17,XSHG
3384,10000166.XSHG,0.9872,0.9736,2015-09-17,XSHG
3385,10000197.XSHG,0.0003,0.0001,2015-09-17,XSHG
3386,10000191.XSHG,1.1435,1.1555,2015-09-17,XSHG
3387,10000190.XSHG,,,2015-09-17,XSHG
3388,10000192.XSHG,1.253,1.253,2015-09-17,XSHG
3389,10000055.XSHG,0.0026,0.0005,2015-09-17,XSHG
3390,10000056.XSHG,0.2844,0.3008,2015-09-17,XSHG
3391,10000199.XSHG,0.0082,0.0068,2015-09-17,XSHG
3392,10000198.XSHG,1.2831,1.2631,2015-09-17,XSHG
3393,10000379.XSHG,,,2015-09-17,XSHG
3394,10000378.XSHG,,,2015-09-17,XSHG
3395,10000375.XSHG,0.3292,0.3243,2015-09-17,XSHG
3396,10000374.XSHG,,,2015-09-17,XSHG
3397,10000377.XSHG,0.1642,0.157,2015-09-17,XSHG
3398,10000376.XSHG,0.3023,0.2799,2015-09-17,XSHG
3399,10000371.XSHG,0.1445,0.1482,2015-09-17,XSHG
3400,10000370.XSHG,0.13,0.1323,2015-09-17,XSHG
3401,10000373.XSHG,,,2015-09-17,XSHG
3402,10000372.XSHG,0.1647,0.175,2015-09-17,XSHG
3403,10000274.XSHG,0.58,0.5885,2015-09-17,XSHG
3404,10000270.XSHG,0.0428,0.0362,2015-09-17,XSHG
3405,10000271.XSHG,0.0365,0.0341,2015-09-17,XSHG
3406,10000272.XSHG,0.4821,0.4943,2015-09-17,XSHG
3407,10000273.XSHG,,,2015-09-17,XSHG
3408,10000173.XSHG,0.0001,0.0002,2015-09-17,XSHG
3409,10000393.XSHG,0.4403,0.4101,2015-09-17,XSHG
3410,10000279.XSHG,0.0584,0.0511,2015-09-17,XSHG
3411,10000174.XSHG,1.08,1.0987,2015-09-17,XSHG
3412,10000426.XSHG,0.2026,0.2173,2015-09-17,XSHG
3413,10000289.XSHG,0.0796,0.0796,2015-09-17,XSHG
3414,10000288.XSHG,0.0958,0.09,2015-09-17,XSHG
3415,10000423.XSHG,0.0629,0.057,2015-09-17,XSHG
3416,10000048.XSHG,0.2264,0.2537,2015-09-17,XSHG
3417,10000047.XSHG,0.0038,0.0005,2015-09-17,XSHG
3418,10000280.XSHG,0.462,0.4668,2015-09-17,XSHG
3419,10000392.XSHG,0.0022,0.0011,2015-09-17,XSHG
3420,10000285.XSHG,0.0691,0.0651,2015-09-17,XSHG
3421,10000287.XSHG,0.1046,0.0968,2015-09-17,XSHG
3422,10000040.XSHG,0.182,0.2051,2015-09-17,XSHG
3423,10000414.XSHG,0.066,0.0687,2015-09-17,XSHG
3424,10000415.XSHG,0.1705,0.1507,2015-09-17,XSHG
3425,10000416.XSHG,0.137,0.1234,2015-09-17,XSHG
3426,10000417.XSHG,0.1092,0.0975,2015-09-17,XSHG
3427,10000410.XSHG,0.0344,0.0298,2015-09-17,XSHG
3428,10000411.XSHG,0.041,0.0364,2015-09-17,XSHG
3429,10000412.XSHG,0.0479,0.0464,2015-09-17,XSHG
3430,10000413.XSHG,0.0559,0.0558,2015-09-17,XSHG
3431,10000388.XSHG,0.38,0.3455,2015-09-17,XSHG
3432,10000389.XSHG,0.3284,0.2958,2015-09-17,XSHG
3433,10000418.XSHG,0.08,0.087,2015-09-17,XSHG
3434,10000419.XSHG,0.0963,0.1024,2015-09-17,XSHG
3435,10000308.XSHG,0.1505,0.1444,2015-09-17,XSHG
3436,10000309.XSHG,0.1375,0.131,2015-09-17,XSHG
3437,10000390.XSHG,0.0008,0.0004,2015-09-17,XSHG
3438,10000149.XSHG,0.0004,0.0004,2015-09-17,XSHG
3439,10000391.XSHG,0.0013,0.0009,2015-09-17,XSHG
3440,10000397.XSHG,0.081,0.0739,2015-09-17,XSHG
3441,10000303.XSHG,0.0931,0.0862,2015-09-17,XSHG
3442,10000304.XSHG,0.0805,0.0751,2015-09-17,XSHG
3443,10000305.XSHG,0.3224,0.3243,2015-09-17,XSHG
3444,10000140.XSHG,0.0004,0.0001,2015-09-17,XSHG
3445,10000141.XSHG,0.6748,0.6704,2015-09-17,XSHG
3446,10000080.XSHG,0.4306,0.4448,2015-09-17,XSHG
3447,10000395.XSHG,0.3562,0.3501,2015-09-17,XSHG
3448,10000087.XSHG,0.0005,0.0002,2015-09-17,XSHG
3449,10000400.XSHG,0.4432,0.415,2015-09-17,XSHG
3450,10000072.XSHG,0.3813,0.401,2015-09-17,XSHG
3451,10000071.XSHG,0.0005,0.0002,2015-09-17,XSHG
3452,10000079.XSHG,0.0006,0.0002,2015-09-17,XSHG
3453,10000407.XSHG,0.2904,0.2721,2015-09-17,XSHG
3454,10000406.XSHG,0.3356,0.307,2015-09-17,XSHG
3455,10000405.XSHG,0.3809,0.3447,2015-09-17,XSHG
3456,10000404.XSHG,0.1475,0.1398,2015-09-17,XSHG
3457,10000403.XSHG,0.1337,0.1211,2015-09-17,XSHG
3458,10000396.XSHG,0.067,0.0608,2015-09-17,XSHG
3459,10000401.XSHG,0.3821,0.3821,2015-09-17,XSHG
3460,10000394.XSHG,0.3992,0.3736,2015-09-17,XSHG
3461,10000399.XSHG,0.4749,0.4512,2015-09-17,XSHG
3462,10000398.XSHG,0.0947,0.0932,2015-09-17,XSHG
3463,10000409.XSHG,0.2032,0.1908,2015-09-17,XSHG
3464,10000408.XSHG,0.2451,0.221,2015-09-17,XSHG
3465,10000150.XSHG,0.7799,0.7925,2015-09-17,XSHG
3466,10000319.XSHG,0.1091,0.1053,2015-09-17,XSHG
3467,10000157.XSHG,0.0004,0.0004,2015-09-17,XSHG
3468,10000313.XSHG,0.45,0.45,2015-09-17,XSHG
3469,10000158.XSHG,0.88,0.8922,2015-09-17,XSHG
3470,10000311.XSHG,0.1141,0.1067,2015-09-17,XSHG
3471,10000310.XSHG,0.1252,0.1252,2015-09-17,XSHG
3472,10000316.XSHG,0.54,0.54,2015-09-17,XSHG
3473,10000096.XSHG,0.526,0.5324,2015-09-17,XSHG
3474,10000314.XSHG,0.5,0.5022,2015-09-17,XSHG
3475,10000064.XSHG,0.3251,0.3547,2015-09-17,XSHG
3476,10000063.XSHG,0.0008,0.0003,2015-09-17,XSHG
3477,10000286.XSHG,0.3957,0.424,2015-09-17,XSHG
3478,10000380.XSHG,0.2236,0.2262,2015-09-17,XSHG
3479,10000240.XSHG,,,2015-09-17,XSHG
3480,10000125.XSHG,0.0004,0.0001,2015-09-17,XSHG
3481,10000126.XSHG,0.615,0.6318,2015-09-17,XSHG
3482,10000088.XSHG,0.4933,0.483,2015-09-17,XSHG
3483,10000328.XSHG,0.327,0.327,2015-09-17,XSHG
3484,10000312.XSHG,,,2015-09-17,XSHG
3485,10000326.XSHG,0.2678,0.2678,2015-09-17,XSHG
3486,10000327.XSHG,0.2194,0.1928,2015-09-17,XSHG
3487,10000325.XSHG,0.1239,0.1219,2015-09-17,XSHG
3488,10000322.XSHG,0.3602,0.355,2015-09-17,XSHG
3489,10000320.XSHG,0.2816,0.2816,2015-09-17,XSHG
3490,10000321.XSHG,0.1827,0.1723,2015-09-17,XSHG
3491,10000387.XSHG,0.4259,0.3987,2015-09-17,XSHG
3492,10000095.XSHG,0.0005,0.0002,2015-09-17,XSHG
3493,10000315.XSHG,,,2015-09-17,XSHG
3494,10000036.XSHG,0.0362,0.0521,2015-09-17,XSHG
3495,10000037.XSHG,0.0611,0.0809,2015-09-17,XSHG
3496,10000034.XSHG,0.0113,0.008,2015-09-17,XSHG
3497,10000035.XSHG,0.0072,0.0036,2015-09-17,XSHG
3498,10000032.XSHG,0.0458,0.0216,2015-09-17,XSHG
3499,10000033.XSHG,0.0296,0.0123,2015-09-17,XSHG
3500,10000031.XSHG,0.062,0.0444,2015-09-17,XSHG
3501,10000038.XSHG,0.094,0.119,2015-09-17,XSHG
3502,10000039.XSHG,0.1367,0.1622,2015-09-17,XSHG
3503,10000331.XSHG,0.1413,0.1381,2015-09-17,XSHG
3504,10000239.XSHG,0.63,0.63,2015-09-17,XSHG
3505,10000333.XSHG,0.216,0.2126,2015-09-17,XSHG
3506,10000332.XSHG,0.2426,0.228,2015-09-17,XSHG
3507,10000334.XSHG,0.31,0.305,2015-09-17,XSHG
3508,10000339.XSHG,0.0941,0.0719,2015-09-17,XSHG
3509,10000139.XSHG,0.0005,0.0001,2015-09-17,XSHG
3510,10000237.XSHG,0.031,0.0277,2015-09-17,XSHG
3511,10000228.XSHG,1.435,1.4147,2015-09-17,XSHG
3512,10000342.XSHG,0.1602,0.1629,2015-09-17,XSHG
3513,10000103.XSHG,0.0004,0.0001,2015-09-17,XSHG
3514,10000104.XSHG,0.5828,0.5931,2015-09-17,XSHG
3515,10000344.XSHG,0.225,0.2136,2015-09-17,XSHG
3516,10000345.XSHG,0.262,0.2553,2015-09-17,XSHG
3517,10000346.XSHG,0.2454,0.2355,2015-09-17,XSHG
3518,10000347.XSHG,0.2421,0.2691,2015-09-17,XSHG
3519,10000340.XSHG,0.0201,0.0301,2015-09-17,XSHG
3520,10000341.XSHG,0.2002,0.178,2015-09-17,XSHG
3521,10000402.XSHG,0.1138,0.102,2015-09-17,XSHG
3522,10000343.XSHG,0.1728,0.1835,2015-09-17,XSHG
3523,10000348.XSHG,,,2015-09-17,XSHG
3524,10000226.XSHG,1.3809,1.3679,2015-09-17,XSHG
3525,10000225.XSHG,0.0002,0.0001,2015-09-17,XSHG
3526,10000142.XSHG,0.73,0.7309,2015-09-17,XSHG
3527,10000269.XSHG,0.051,0.048,2015-09-17,XSHG
3528,10000425.XSHG,0.046,0.041,2015-09-17,XSHG
3529,10000424.XSHG,0.1693,0.1795,2015-09-17,XSHG
3530,10000307.XSHG,0.165,0.1594,2015-09-17,XSHG
3531,10000421.XSHG,0.0877,0.0728,2015-09-17,XSHG
3532,10000420.XSHG,0.1155,0.1282,2015-09-17,XSHG
3533,10000306.XSHG,0.362,0.362,2015-09-17,XSHG
3534,10000422.XSHG,0.1423,0.1558,2015-09-17,XSHG
3535,10000296.XSHG,,,2015-09-17,XSHG
3536,10000297.XSHG,0.0701,0.0508,2015-09-17,XSHG
3537,10000294.XSHG,0.66,0.66,2015-09-17,XSHG
3538,10000295.XSHG,0.7,0.7,2015-09-17,XSHG
3539,10000292.XSHG,0.57,0.5725,2015-09-17,XSHG
3540,10000293.XSHG,0.61,0.61,2015-09-17,XSHG
3541,10000290.XSHG,0.0741,0.0729,2015-09-17,XSHG
3542,10000291.XSHG,0.073,0.068,2015-09-17,XSHG
3543,10000298.XSHG,0.8001,0.8001,2015-09-17,XSHG
3544,10000357.XSHG,0.2802,0.2412,2015-09-17,XSHG
3545,10000359.XSHG,0.1832,0.1513,2015-09-17,XSHG
3546,10000358.XSHG,0.23,0.2,2015-09-17,XSHG
3547,10000238.XSHG,0.027,0.0237,2015-09-17,XSHG
3548,10000227.XSHG,0.0069,0.0064,2015-09-17,XSHG
3549,10000182.XSHG,1.1825,1.1861,2015-09-17,XSHG
3550,10000183.XSHG,0.0159,0.0141,2015-09-17,XSHG
3551,10000181.XSHG,0.0003,0.0001,2015-09-17,XSHG
3552,10000186.XSHG,0.0086,0.0084,2015-09-17,XSHG
3553,10000187.XSHG,0.0087,0.0075,2015-09-17,XSHG
3554,10000184.XSHG,0.0131,0.0112,2015-09-17,XSHG
3555,10000185.XSHG,0.0108,0.0088,2015-09-17,XSHG
3556,10000188.XSHG,0.7721,0.8379,2015-09-17,XSHG
3557,10000189.XSHG,,,2015-09-17,XSHG
3558,10000368.XSHG,0.2101,0.1994,2015-09-18,XSHG
3559,10000369.XSHG,0.1063,0.0999,2015-09-18,XSHG
3560,10000362.XSHG,0.0058,0.0018,2015-09-18,XSHG
3561,10000363.XSHG,0.0079,0.0039,2015-09-18,XSHG
3562,10000360.XSHG,0.1163,0.103,2015-09-18,XSHG
3563,10000361.XSHG,0.002,0.0007,2015-09-18,XSHG
3564,10000366.XSHG,0.2778,0.27,2015-09-18,XSHG
3565,10000367.XSHG,0.235,0.24,2015-09-18,XSHG
3566,10000364.XSHG,0.0125,0.0093,2015-09-18,XSHG
3567,10000365.XSHG,0.2937,0.32,2015-09-18,XSHG
3568,10000201.XSHG,0.0162,0.0142,2015-09-18,XSHG
3569,10000200.XSHG,1.3328,1.3328,2015-09-18,XSHG
3570,10000203.XSHG,0.0191,0.0174,2015-09-18,XSHG
3571,10000202.XSHG,0.8076,0.8163,2015-09-18,XSHG
3572,10000205.XSHG,0.0226,0.0202,2015-09-18,XSHG
3573,10000204.XSHG,0.7776,0.7776,2015-09-18,XSHG
3574,10000206.XSHG,0.7309,0.7309,2015-09-18,XSHG
3575,10000165.XSHG,0.0002,0.0001,2015-09-18,XSHG
3576,10000166.XSHG,0.9893,1.0196,2015-09-18,XSHG
3577,10000197.XSHG,0.0001,0.0001,2015-09-18,XSHG
3578,10000191.XSHG,1.141,1.141,2015-09-18,XSHG
3579,10000190.XSHG,1.0423,1.0423,2015-09-18,XSHG
3580,10000192.XSHG,1.2412,1.2412,2015-09-18,XSHG
3581,10000055.XSHG,0.001,0.0004,2015-09-18,XSHG
3582,10000056.XSHG,0.295,0.3021,2015-09-18,XSHG
3583,10000199.XSHG,0.0067,0.0061,2015-09-18,XSHG
3584,10000198.XSHG,1.3049,1.3,2015-09-18,XSHG
3585,10000379.XSHG,0.2116,0.1887,2015-09-18,XSHG
3586,10000378.XSHG,0.1791,0.1706,2015-09-18,XSHG
3587,10000375.XSHG,0.3,0.2965,2015-09-18,XSHG
3588,10000374.XSHG,0.3234,0.3215,2015-09-18,XSHG
3589,10000377.XSHG,0.1614,0.1542,2015-09-18,XSHG
3590,10000376.XSHG,0.2694,0.278,2015-09-18,XSHG
3591,10000371.XSHG,0.14,0.1361,2015-09-18,XSHG
3592,10000370.XSHG,0.1211,0.1262,2015-09-18,XSHG
3593,10000373.XSHG,0.3458,0.3473,2015-09-18,XSHG
3594,10000372.XSHG,0.1594,0.1558,2015-09-18,XSHG
3595,10000274.XSHG,0.5543,0.5543,2015-09-18,XSHG
3596,10000270.XSHG,0.0408,0.037,2015-09-18,XSHG
3597,10000271.XSHG,0.0351,0.0314,2015-09-18,XSHG
3598,10000272.XSHG,0.48,0.48,2015-09-18,XSHG
3599,10000273.XSHG,,,2015-09-18,XSHG
3600,10000173.XSHG,0.0001,0.0001,2015-09-18,XSHG
3601,10000393.XSHG,0.4202,0.415,2015-09-18,XSHG
3602,10000279.XSHG,0.0569,0.0534,2015-09-18,XSHG
3603,10000174.XSHG,1.1051,1.11,2015-09-18,XSHG
3604,10000426.XSHG,0.2071,0.2177,2015-09-18,XSHG
3605,10000289.XSHG,0.0806,0.0715,2015-09-18,XSHG
3606,10000288.XSHG,0.0904,0.0803,2015-09-18,XSHG
3607,10000423.XSHG,0.06,0.062,2015-09-18,XSHG
3608,10000048.XSHG,0.2511,0.2567,2015-09-18,XSHG
3609,10000047.XSHG,0.0015,0.0004,2015-09-18,XSHG
3610,10000280.XSHG,0.4657,0.44,2015-09-18,XSHG
3611,10000392.XSHG,0.002,0.0009,2015-09-18,XSHG
3612,10000285.XSHG,0.0677,0.0636,2015-09-18,XSHG
3613,10000287.XSHG,0.1021,0.0916,2015-09-18,XSHG
3614,10000040.XSHG,0.2,0.2055,2015-09-18,XSHG
3615,10000414.XSHG,0.067,0.0655,2015-09-18,XSHG
3616,10000415.XSHG,0.1507,0.1587,2015-09-18,XSHG
3617,10000416.XSHG,0.13,0.125,2015-09-18,XSHG
3618,10000417.XSHG,0.1041,0.1011,2015-09-18,XSHG
3619,10000410.XSHG,0.0286,0.0223,2015-09-18,XSHG
3620,10000411.XSHG,0.0352,0.0307,2015-09-18,XSHG
3621,10000412.XSHG,0.0433,0.0421,2015-09-18,XSHG
3622,10000413.XSHG,0.0569,0.051,2015-09-18,XSHG
3623,10000388.XSHG,0.3505,0.3389,2015-09-18,XSHG
3624,10000389.XSHG,0.2949,0.2889,2015-09-18,XSHG
3625,10000418.XSHG,0.0862,0.0825,2015-09-18,XSHG
3626,10000419.XSHG,0.0899,0.1016,2015-09-18,XSHG
3627,10000308.XSHG,,,2015-09-18,XSHG
3628,10000309.XSHG,,,2015-09-18,XSHG
3629,10000390.XSHG,0.0004,0.0002,2015-09-18,XSHG
3630,10000149.XSHG,0.0003,0.0001,2015-09-18,XSHG
3631,10000391.XSHG,0.0011,0.0003,2015-09-18,XSHG
3632,10000397.XSHG,0.0737,0.0718,2015-09-18,XSHG
3633,10000303.XSHG,0.093,0.0856,2015-09-18,XSHG
3634,10000304.XSHG,0.0794,0.0715,2015-09-18,XSHG
3635,10000305.XSHG,0.3255,0.3247,2015-09-18,XSHG
3636,10000140.XSHG,0.0001,0.0001,2015-09-18,XSHG
3637,10000141.XSHG,0.687,0.702,2015-09-18,XSHG
3638,10000080.XSHG,0.4412,0.4425,2015-09-18,XSHG
3639,10000395.XSHG,0.3514,0.3298,2015-09-18,XSHG
3640,10000087.XSHG,0.0001,0.0001,2015-09-18,XSHG
3641,10000400.XSHG,0.4248,0.3992,2015-09-18,XSHG
3642,10000072.XSHG,0.4038,0.403,2015-09-18,XSHG
3643,10000071.XSHG,0.0001,0.0001,2015-09-18,XSHG
3644,10000079.XSHG,0.0001,0.0002,2015-09-18,XSHG
3645,10000407.XSHG,0.2788,0.2641,2015-09-18,XSHG
3646,10000406.XSHG,0.3146,0.2999,2015-09-18,XSHG
3647,10000405.XSHG,0.3636,0.3443,2015-09-18,XSHG
3648,10000404.XSHG,0.1408,0.1343,2015-09-18,XSHG
3649,10000403.XSHG,0.1228,0.1163,2015-09-18,XSHG
3650,10000396.XSHG,0.06,0.0575,2015-09-18,XSHG
3651,10000401.XSHG,0.3801,0.3788,2015-09-18,XSHG
3652,10000394.XSHG,0.367,0.367,2015-09-18,XSHG
3653,10000399.XSHG,0.4626,0.4529,2015-09-18,XSHG
3654,10000398.XSHG,0.0869,0.0858,2015-09-18,XSHG
3655,10000409.XSHG,0.1934,0.1915,2015-09-18,XSHG
3656,10000408.XSHG,0.2301,0.226,2015-09-18,XSHG
3657,10000150.XSHG,0.7933,0.7826,2015-09-18,XSHG
3658,10000319.XSHG,0.1039,0.1039,2015-09-18,XSHG
3659,10000157.XSHG,0.0001,0.0001,2015-09-18,XSHG
3660,10000313.XSHG,,,2015-09-18,XSHG
3661,10000158.XSHG,0.8996,0.9027,2015-09-18,XSHG
3662,10000311.XSHG,0.1127,0.097,2015-09-18,XSHG
3663,10000310.XSHG,,,2015-09-18,XSHG
3664,10000316.XSHG,0.535,0.54,2015-09-18,XSHG
3665,10000096.XSHG,0.5449,0.5582,2015-09-18,XSHG
3666,10000314.XSHG,0.451,0.451,2015-09-18,XSHG
3667,10000064.XSHG,0.3446,0.36,2015-09-18,XSHG
3668,10000063.XSHG,0.0006,0.0006,2015-09-18,XSHG
3669,10000286.XSHG,0.4217,0.41,2015-09-18,XSHG
3670,10000380.XSHG,0.2136,0.214,2015-09-18,XSHG
3671,10000240.XSHG,0.6741,0.6742,2015-09-18,XSHG
3672,10000125.XSHG,0.0001,0.0001,2015-09-18,XSHG
3673,10000126.XSHG,0.6318,0.6381,2015-09-18,XSHG
3674,10000088.XSHG,0.493,0.5167,2015-09-18,XSHG
3675,10000328.XSHG,,,2015-09-18,XSHG
3676,10000312.XSHG,0.42,0.3828,2015-09-18,XSHG
3677,10000326.XSHG,0.2587,0.2526,2015-09-18,XSHG
3678,10000327.XSHG,0.1839,0.1848,2015-09-18,XSHG
3679,10000325.XSHG,0.128,0.1177,2015-09-18,XSHG
3680,10000322.XSHG,0.3611,0.3622,2015-09-18,XSHG
3681,10000320.XSHG,0.3048,0.2882,2015-09-18,XSHG
3682,10000321.XSHG,0.1723,0.1655,2015-09-18,XSHG
3683,10000387.XSHG,0.438,0.3926,2015-09-18,XSHG
3684,10000095.XSHG,0.0001,0.0002,2015-09-18,XSHG
3685,10000315.XSHG,,,2015-09-18,XSHG
3686,10000036.XSHG,0.0451,0.039,2015-09-18,XSHG
3687,10000037.XSHG,0.0797,0.0688,2015-09-18,XSHG
3688,10000034.XSHG,0.0079,0.003,2015-09-18,XSHG
3689,10000035.XSHG,0.0039,0.0017,2015-09-18,XSHG
3690,10000032.XSHG,0.025,0.0163,2015-09-18,XSHG
3691,10000033.XSHG,0.0154,0.0069,2015-09-18,XSHG
3692,10000031.XSHG,0.0496,0.0316,2015-09-18,XSHG
3693,10000038.XSHG,0.1106,0.1087,2015-09-18,XSHG
3694,10000039.XSHG,0.146,0.164,2015-09-18,XSHG
3695,10000331.XSHG,0.1464,0.138,2015-09-18,XSHG
3696,10000239.XSHG,,,2015-09-18,XSHG
3697,10000333.XSHG,0.2193,0.211,2015-09-18,XSHG
3698,10000332.XSHG,0.238,0.226,2015-09-18,XSHG
3699,10000334.XSHG,0.295,0.295,2015-09-18,XSHG
3700,10000339.XSHG,0.08,0.0606,2015-09-18,XSHG
3701,10000139.XSHG,0.0001,0.0001,2015-09-18,XSHG
3702,10000237.XSHG,0.0293,0.0271,2015-09-18,XSHG
3703,10000228.XSHG,,,2015-09-18,XSHG
3704,10000342.XSHG,0.1602,0.1568,2015-09-18,XSHG
3705,10000103.XSHG,0.0001,0.0001,2015-09-18,XSHG
3706,10000104.XSHG,0.5958,0.5907,2015-09-18,XSHG
3707,10000344.XSHG,0.2218,0.2149,2015-09-18,XSHG
3708,10000345.XSHG,0.251,0.2466,2015-09-18,XSHG
3709,10000346.XSHG,0.2439,0.2446,2015-09-18,XSHG
3710,10000347.XSHG,0.2514,0.2449,2015-09-18,XSHG
3711,10000340.XSHG,0.025,0.017,2015-09-18,XSHG
3712,10000341.XSHG,0.1787,0.1778,2015-09-18,XSHG
3713,10000402.XSHG,0.1023,0.095,2015-09-18,XSHG
3714,10000343.XSHG,0.181,0.1885,2015-09-18,XSHG
3715,10000348.XSHG,0.287,0.287,2015-09-18,XSHG
3716,10000226.XSHG,1.3998,1.3915,2015-09-18,XSHG
3717,10000225.XSHG,0.0002,0.0001,2015-09-18,XSHG
3718,10000142.XSHG,0.7483,0.7514,2015-09-18,XSHG
3719,10000269.XSHG,0.0487,0.0465,2015-09-18,XSHG
3720,10000425.XSHG,0.045,0.049,2015-09-18,XSHG
3721,10000424.XSHG,0.1729,0.1865,2015-09-18,XSHG
3722,10000307.XSHG,0.1588,0.1588,2015-09-18,XSHG
3723,10000421.XSHG,0.0771,0.0779,2015-09-18,XSHG
3724,10000420.XSHG,0.12,0.128,2015-09-18,XSHG
3725,10000306.XSHG,0.37,0.37,2015-09-18,XSHG
3726,10000422.XSHG,0.14,0.1547,2015-09-18,XSHG
3727,10000296.XSHG,0.722,0.722,2015-09-18,XSHG
3728,10000297.XSHG,0.0551,0.051,2015-09-18,XSHG
3729,10000294.XSHG,0.665,0.665,2015-09-18,XSHG
3730,10000295.XSHG,,,2015-09-18,XSHG
3731,10000292.XSHG,0.5579,0.5579,2015-09-18,XSHG
3732,10000293.XSHG,0.5981,0.5981,2015-09-18,XSHG
3733,10000290.XSHG,0.0733,0.0673,2015-09-18,XSHG
3734,10000291.XSHG,0.0675,0.06,2015-09-18,XSHG
3735,10000298.XSHG,0.805,0.8009,2015-09-18,XSHG
3736,10000357.XSHG,0.2626,0.241,2015-09-18,XSHG
3737,10000359.XSHG,0.15,0.1504,2015-09-18,XSHG
3738,10000358.XSHG,0.2065,0.1935,2015-09-18,XSHG
3739,10000238.XSHG,0.0257,0.0224,2015-09-18,XSHG
3740,10000227.XSHG,0.0067,0.0055,2015-09-18,XSHG
3741,10000182.XSHG,1.205,1.2151,2015-09-18,XSHG
3742,10000183.XSHG,0.014,0.012,2015-09-18,XSHG
3743,10000181.XSHG,0.0001,0.0001,2015-09-18,XSHG
3744,10000186.XSHG,0.0076,0.0073,2015-09-18,XSHG
3745,10000187.XSHG,0.0071,0.0063,2015-09-18,XSHG
3746,10000184.XSHG,0.0108,0.0097,2015-09-18,XSHG
3747,10000185.XSHG,0.0088,0.0083,2015-09-18,XSHG
3748,10000188.XSHG,,,2015-09-18,XSHG
3749,10000189.XSHG,0.9448,0.9448,2015-09-18,XSHG
3750,10000368.XSHG,0.1955,0.2062,2015-09-21,XSHG
3751,10000369.XSHG,0.1,0.0905,2015-09-21,XSHG
3752,10000362.XSHG,0.002,0.0002,2015-09-21,XSHG
3753,10000363.XSHG,0.0041,0.0003,2015-09-21,XSHG
3754,10000360.XSHG,0.0988,0.1021,2015-09-21,XSHG
3755,10000361.XSHG,0.0009,0.0001,2015-09-21,XSHG
3756,10000366.XSHG,0.265,0.2666,2015-09-21,XSHG
3757,10000367.XSHG,0.2393,0.24,2015-09-21,XSHG
3758,10000364.XSHG,0.0095,0.0016,2015-09-21,XSHG
3759,10000365.XSHG,0.3008,0.3096,2015-09-21,XSHG
3760,10000201.XSHG,0.0139,0.0129,2015-09-21,XSHG
3761,10000200.XSHG,,,2015-09-21,XSHG
3762,10000203.XSHG,0.0161,0.0151,2015-09-21,XSHG
3763,10000202.XSHG,0.83,0.83,2015-09-21,XSHG
3764,10000205.XSHG,0.0193,0.0175,2015-09-21,XSHG
3765,10000204.XSHG,0.78,0.78,2015-09-21,XSHG
3766,10000206.XSHG,,,2015-09-21,XSHG
3767,10000165.XSHG,0.0001,0.0001,2015-09-21,XSHG
3768,10000166.XSHG,1.0123,1.0026,2015-09-21,XSHG
3769,10000197.XSHG,0.0001,0.0001,2015-09-21,XSHG
3770,10000191.XSHG,,,2015-09-21,XSHG
3771,10000190.XSHG,,,2015-09-21,XSHG
3772,10000192.XSHG,,,2015-09-21,XSHG
3773,10000055.XSHG,0.0001,0.0001,2015-09-21,XSHG
3774,10000056.XSHG,0.305,0.2956,2015-09-21,XSHG
3775,10000199.XSHG,0.0053,0.0047,2015-09-21,XSHG
3776,10000198.XSHG,1.294,1.2945,2015-09-21,XSHG
3777,10000379.XSHG,0.2096,0.2088,2015-09-21,XSHG
3778,10000378.XSHG,0.1896,0.172,2015-09-21,XSHG
3779,10000375.XSHG,0.284,0.3,2015-09-21,XSHG
3780,10000374.XSHG,0.3091,0.3261,2015-09-21,XSHG
3781,10000377.XSHG,0.1705,0.1509,2015-09-21,XSHG
3782,10000376.XSHG,0.2579,0.27,2015-09-21,XSHG
3783,10000371.XSHG,0.1455,0.1283,2015-09-21,XSHG
3784,10000370.XSHG,0.1284,0.1111,2015-09-21,XSHG
3785,10000373.XSHG,0.3343,0.3353,2015-09-21,XSHG
3786,10000372.XSHG,0.1663,0.1504,2015-09-21,XSHG
3787,10000274.XSHG,0.5954,0.5954,2015-09-21,XSHG
3788,10000270.XSHG,0.0372,0.0345,2015-09-21,XSHG
3789,10000271.XSHG,0.0313,0.0295,2015-09-21,XSHG
3790,10000272.XSHG,0.49,0.4802,2015-09-21,XSHG
3791,10000273.XSHG,0.5305,0.5305,2015-09-21,XSHG
3792,10000173.XSHG,0.0001,0.0001,2015-09-21,XSHG
3793,10000393.XSHG,0.39,0.4097,2015-09-21,XSHG
3794,10000279.XSHG,0.0517,0.0509,2015-09-21,XSHG
3795,10000174.XSHG,1.1086,1.105,2015-09-21,XSHG
3796,10000426.XSHG,0.2265,0.2103,2015-09-21,XSHG
3797,10000289.XSHG,0.075,0.063,2015-09-21,XSHG
3798,10000288.XSHG,0.0842,0.0683,2015-09-21,XSHG
3799,10000423.XSHG,0.059,0.0625,2015-09-21,XSHG
3800,10000048.XSHG,0.2679,0.2479,2015-09-21,XSHG
3801,10000047.XSHG,0.0002,0.0001,2015-09-21,XSHG
3802,10000280.XSHG,0.4534,0.428,2015-09-21,XSHG
3803,10000392.XSHG,0.0011,0.0004,2015-09-21,XSHG
3804,10000285.XSHG,0.0599,0.0574,2015-09-21,XSHG
3805,10000287.XSHG,0.0949,0.085,2015-09-21,XSHG
3806,10000040.XSHG,0.2167,0.1976,2015-09-21,XSHG
3807,10000414.XSHG,0.0656,0.0561,2015-09-21,XSHG
3808,10000415.XSHG,0.1487,0.156,2015-09-21,XSHG
3809,10000416.XSHG,0.1012,0.1252,2015-09-21,XSHG
3810,10000417.XSHG,0.0965,0.098,2015-09-21,XSHG
3811,10000410.XSHG,0.0229,0.0169,2015-09-21,XSHG
3812,10000411.XSHG,0.0302,0.0235,2015-09-21,XSHG
3813,10000412.XSHG,0.0425,0.0339,2015-09-21,XSHG
3814,10000413.XSHG,0.0511,0.0436,2015-09-21,XSHG
3815,10000388.XSHG,0.3318,0.3432,2015-09-21,XSHG
3816,10000389.XSHG,0.2838,0.3087,2015-09-21,XSHG
3817,10000418.XSHG,0.0852,0.0747,2015-09-21,XSHG
3818,10000419.XSHG,0.1059,0.0899,2015-09-21,XSHG
3819,10000308.XSHG,0.1302,0.1225,2015-09-21,XSHG
3820,10000309.XSHG,0.1172,0.1109,2015-09-21,XSHG
3821,10000390.XSHG,0.0005,0.0001,2015-09-21,XSHG
3822,10000149.XSHG,0.0001,0.0001,2015-09-21,XSHG
3823,10000391.XSHG,0.0005,0.0001,2015-09-21,XSHG
3824,10000397.XSHG,0.0718,0.0635,2015-09-21,XSHG
3825,10000303.XSHG,0.0834,0.0833,2015-09-21,XSHG
3826,10000304.XSHG,0.07,0.07,2015-09-21,XSHG
3827,10000305.XSHG,0.331,0.3149,2015-09-21,XSHG
3828,10000140.XSHG,0.0001,0.0001,2015-09-21,XSHG
3829,10000141.XSHG,0.708,0.693,2015-09-21,XSHG
3830,10000080.XSHG,0.4602,0.4401,2015-09-21,XSHG
3831,10000395.XSHG,0.3248,0.3252,2015-09-21,XSHG
3832,10000087.XSHG,0.0001,0.0001,2015-09-21,XSHG
3833,10000400.XSHG,,,2015-09-21,XSHG
3834,10000072.XSHG,0.4162,0.4035,2015-09-21,XSHG
3835,10000071.XSHG,0.0001,0.0001,2015-09-21,XSHG
3836,10000079.XSHG,0.0001,0.0001,2015-09-21,XSHG
3837,10000407.XSHG,0.2539,0.2705,2015-09-21,XSHG
3838,10000406.XSHG,0.2888,0.3058,2015-09-21,XSHG
3839,10000405.XSHG,0.3455,0.3523,2015-09-21,XSHG
3840,10000404.XSHG,0.1337,0.1358,2015-09-21,XSHG
3841,10000403.XSHG,0.1155,0.1096,2015-09-21,XSHG
3842,10000396.XSHG,0.0592,0.0509,2015-09-21,XSHG
3843,10000401.XSHG,0.3816,0.3816,2015-09-21,XSHG
3844,10000394.XSHG,0.3573,0.37,2015-09-21,XSHG
3845,10000399.XSHG,0.445,0.4299,2015-09-21,XSHG
3846,10000398.XSHG,0.0846,0.0791,2015-09-21,XSHG
3847,10000409.XSHG,0.1808,0.1935,2015-09-21,XSHG
3848,10000408.XSHG,0.2158,0.2252,2015-09-21,XSHG
3849,10000150.XSHG,0.81,0.7925,2015-09-21,XSHG
3850,10000319.XSHG,0.1017,0.101,2015-09-21,XSHG
3851,10000157.XSHG,0.0001,0.0001,2015-09-21,XSHG
3852,10000313.XSHG,0.4524,0.4524,2015-09-21,XSHG
3853,10000158.XSHG,0.901,0.892,2015-09-21,XSHG
3854,10000311.XSHG,0.1039,0.092,2015-09-21,XSHG
3855,10000310.XSHG,0.1051,0.1,2015-09-21,XSHG
3856,10000316.XSHG,0.5623,0.5581,2015-09-21,XSHG
3857,10000096.XSHG,0.5466,0.5408,2015-09-21,XSHG
3858,10000314.XSHG,0.4899,0.4899,2015-09-21,XSHG
3859,10000064.XSHG,0.3686,0.3486,2015-09-21,XSHG
3860,10000063.XSHG,0.0004,0.0003,2015-09-21,XSHG
3861,10000286.XSHG,0.4033,0.4,2015-09-21,XSHG
3862,10000380.XSHG,0.2396,0.23,2015-09-21,XSHG
3863,10000240.XSHG,,,2015-09-21,XSHG
3864,10000125.XSHG,0.0002,0.0001,2015-09-21,XSHG
3865,10000126.XSHG,0.65,0.6446,2015-09-21,XSHG
3866,10000088.XSHG,0.5236,0.501,2015-09-21,XSHG
3867,10000328.XSHG,0.3557,0.3556,2015-09-21,XSHG
3868,10000312.XSHG,0.4189,0.4118,2015-09-21,XSHG
3869,10000326.XSHG,0.2806,0.2806,2015-09-21,XSHG
3870,10000327.XSHG,0.1782,0.1702,2015-09-21,XSHG
3871,10000325.XSHG,0.113,0.1205,2015-09-21,XSHG
3872,10000322.XSHG,0.3869,0.3869,2015-09-21,XSHG
3873,10000320.XSHG,0.3037,0.2815,2015-09-21,XSHG
3874,10000321.XSHG,0.1612,0.1548,2015-09-21,XSHG
3875,10000387.XSHG,0.3799,0.4,2015-09-21,XSHG
3876,10000095.XSHG,0.0001,0.0001,2015-09-21,XSHG
3877,10000315.XSHG,0.5251,0.4918,2015-09-21,XSHG
3878,10000036.XSHG,0.0396,0.0197,2015-09-21,XSHG
3879,10000037.XSHG,0.0719,0.052,2015-09-21,XSHG
3880,10000034.XSHG,0.0025,0.001,2015-09-21,XSHG
3881,10000035.XSHG,0.0015,0.0007,2015-09-21,XSHG
3882,10000032.XSHG,0.014,0.0088,2015-09-21,XSHG
3883,10000033.XSHG,0.0058,0.002,2015-09-21,XSHG
3884,10000031.XSHG,0.03,0.0268,2015-09-21,XSHG
3885,10000038.XSHG,0.1175,0.0961,2015-09-21,XSHG
3886,10000039.XSHG,0.1664,0.1506,2015-09-21,XSHG
3887,10000331.XSHG,0.1369,0.137,2015-09-21,XSHG
3888,10000239.XSHG,0.6058,0.615,2015-09-21,XSHG
3889,10000333.XSHG,0.1967,0.1961,2015-09-21,XSHG
3890,10000332.XSHG,0.2395,0.2238,2015-09-21,XSHG
3891,10000334.XSHG,0.3265,0.3256,2015-09-21,XSHG
3892,10000339.XSHG,0.058,0.0596,2015-09-21,XSHG
3893,10000139.XSHG,0.0001,0.0001,2015-09-21,XSHG
3894,10000237.XSHG,0.0259,0.0244,2015-09-21,XSHG
3895,10000228.XSHG,1.44,1.44,2015-09-21,XSHG
3896,10000342.XSHG,0.1566,0.1525,2015-09-21,XSHG
3897,10000103.XSHG,0.0001,0.0001,2015-09-21,XSHG
3898,10000104.XSHG,0.61,0.5966,2015-09-21,XSHG
3899,10000344.XSHG,0.222,0.1965,2015-09-21,XSHG
3900,10000345.XSHG,0.2404,0.256,2015-09-21,XSHG
3901,10000346.XSHG,0.2164,0.2299,2015-09-21,XSHG
3902,10000347.XSHG,0.2411,0.2582,2015-09-21,XSHG
3903,10000340.XSHG,0.0176,0.0071,2015-09-21,XSHG
3904,10000341.XSHG,0.172,0.1731,2015-09-21,XSHG
3905,10000402.XSHG,0.0952,0.0866,2015-09-21,XSHG
3906,10000343.XSHG,0.179,0.1699,2015-09-21,XSHG
3907,10000348.XSHG,0.2958,0.2832,2015-09-21,XSHG
3908,10000226.XSHG,1.4045,1.3823,2015-09-21,XSHG
3909,10000225.XSHG,0.0001,0.0001,2015-09-21,XSHG
3910,10000142.XSHG,0.7606,0.74,2015-09-21,XSHG
3911,10000269.XSHG,0.0436,0.0417,2015-09-21,XSHG
3912,10000425.XSHG,0.0451,0.05,2015-09-21,XSHG
3913,10000424.XSHG,0.1938,0.1753,2015-09-21,XSHG
3914,10000307.XSHG,0.1461,0.139,2015-09-21,XSHG
3915,10000421.XSHG,0.0744,0.0759,2015-09-21,XSHG
3916,10000420.XSHG,0.1274,0.1141,2015-09-21,XSHG
3917,10000306.XSHG,0.367,0.367,2015-09-21,XSHG
3918,10000422.XSHG,0.1524,0.1416,2015-09-21,XSHG
3919,10000296.XSHG,0.7657,0.7655,2015-09-21,XSHG
3920,10000297.XSHG,0.052,0.043,2015-09-21,XSHG
3921,10000294.XSHG,0.6805,0.6805,2015-09-21,XSHG
3922,10000295.XSHG,0.7223,0.7222,2015-09-21,XSHG
3923,10000292.XSHG,0.5996,0.5996,2015-09-21,XSHG
3924,10000293.XSHG,0.6399,0.63,2015-09-21,XSHG
3925,10000290.XSHG,0.0682,0.0549,2015-09-21,XSHG
3926,10000291.XSHG,0.0597,0.0505,2015-09-21,XSHG
3927,10000298.XSHG,0.8088,0.8053,2015-09-21,XSHG
3928,10000357.XSHG,0.2362,0.2505,2015-09-21,XSHG
3929,10000359.XSHG,0.143,0.1524,2015-09-21,XSHG
3930,10000358.XSHG,0.1913,0.2036,2015-09-21,XSHG
3931,10000238.XSHG,0.022,0.0196,2015-09-21,XSHG
3932,10000227.XSHG,0.0051,0.0042,2015-09-21,XSHG
3933,10000182.XSHG,1.2035,1.1953,2015-09-21,XSHG
3934,10000183.XSHG,0.0122,0.0111,2015-09-21,XSHG
3935,10000181.XSHG,0.0001,0.0001,2015-09-21,XSHG
3936,10000186.XSHG,0.0064,0.0055,2015-09-21,XSHG
3937,10000187.XSHG,0.0055,0.0052,2015-09-21,XSHG
3938,10000184.XSHG,0.0091,0.0087,2015-09-21,XSHG
3939,10000185.XSHG,0.008,0.0068,2015-09-21,XSHG
3940,10000188.XSHG,0.87,0.87,2015-09-21,XSHG
3941,10000189.XSHG,0.9723,0.9278,2015-09-21,XSHG
3942,10000368.XSHG,0.216,0.2086,2015-09-22,XSHG
3943,10000369.XSHG,0.0867,0.0765,2015-09-22,XSHG
3944,10000362.XSHG,0.0001,0.0001,2015-09-22,XSHG
3945,10000363.XSHG,0.0002,0.0001,2015-09-22,XSHG
3946,10000360.XSHG,0.1117,0.1315,2015-09-22,XSHG
3947,10000361.XSHG,0.0001,0.0001,2015-09-22,XSHG
3948,10000366.XSHG,0.28,0.2818,2015-09-22,XSHG
3949,10000367.XSHG,0.2422,0.2422,2015-09-22,XSHG
3950,10000364.XSHG,0.0023,0.0004,2015-09-22,XSHG
3951,10000365.XSHG,0.3069,0.3044,2015-09-22,XSHG
3952,10000201.XSHG,0.0128,0.0127,2015-09-22,XSHG
3953,10000200.XSHG,,,2015-09-22,XSHG
3954,10000203.XSHG,0.0148,0.0124,2015-09-22,XSHG
3955,10000202.XSHG,,,2015-09-22,XSHG
3956,10000205.XSHG,0.0175,0.0162,2015-09-22,XSHG
3957,10000204.XSHG,0.7259,0.7094,2015-09-22,XSHG
3958,10000206.XSHG,0.6944,0.6803,2015-09-22,XSHG
3959,10000165.XSHG,0.0001,0.0001,2015-09-22,XSHG
3960,10000166.XSHG,0.9881,0.9738,2015-09-22,XSHG
3961,10000197.XSHG,0.0001,0.0001,2015-09-22,XSHG
3962,10000191.XSHG,1.1248,1.1248,2015-09-22,XSHG
3963,10000190.XSHG,,,2015-09-22,XSHG
3964,10000192.XSHG,1.2,1.2,2015-09-22,XSHG
3965,10000055.XSHG,0.0001,0.0001,2015-09-22,XSHG
3966,10000056.XSHG,0.2673,0.26,2015-09-22,XSHG
3967,10000199.XSHG,0.0045,0.0039,2015-09-22,XSHG
3968,10000198.XSHG,1.2554,1.2564,2015-09-22,XSHG
3969,10000379.XSHG,0.1737,0.1737,2015-09-22,XSHG
3970,10000378.XSHG,0.163,0.1531,2015-09-22,XSHG
3971,10000375.XSHG,,,2015-09-22,XSHG
3972,10000374.XSHG,,,2015-09-22,XSHG
3973,10000377.XSHG,0.1416,0.1421,2015-09-22,XSHG
3974,10000376.XSHG,0.2839,0.2839,2015-09-22,XSHG
3975,10000371.XSHG,0.1232,0.1104,2015-09-22,XSHG
3976,10000370.XSHG,0.1058,0.098,2015-09-22,XSHG
3977,10000373.XSHG,0.361,0.3516,2015-09-22,XSHG
3978,10000372.XSHG,0.1414,0.1333,2015-09-22,XSHG
3979,10000274.XSHG,0.5485,0.5283,2015-09-22,XSHG
3980,10000270.XSHG,0.0342,0.0328,2015-09-22,XSHG
3981,10000271.XSHG,0.0296,0.0264,2015-09-22,XSHG
3982,10000272.XSHG,,,2015-09-22,XSHG
3983,10000273.XSHG,0.5025,0.4936,2015-09-22,XSHG
3984,10000173.XSHG,0.0001,0.0001,2015-09-22,XSHG
3985,10000393.XSHG,0.4251,0.4309,2015-09-22,XSHG
3986,10000279.XSHG,0.0546,0.0485,2015-09-22,XSHG
3987,10000174.XSHG,1.0779,1.0575,2015-09-22,XSHG
3988,10000426.XSHG,0.2,0.184,2015-09-22,XSHG
3989,10000289.XSHG,0.065,0.0535,2015-09-22,XSHG
3990,10000288.XSHG,0.0733,0.0589,2015-09-22,XSHG
3991,10000423.XSHG,0.0631,0.0626,2015-09-22,XSHG
3992,10000048.XSHG,0.2408,0.2108,2015-09-22,XSHG
3993,10000047.XSHG,0.0001,0.0001,2015-09-22,XSHG
3994,10000280.XSHG,0.4175,0.4,2015-09-22,XSHG
3995,10000392.XSHG,0.0001,0.0001,2015-09-22,XSHG
3996,10000285.XSHG,0.0632,0.0584,2015-09-22,XSHG
3997,10000287.XSHG,0.0845,0.079,2015-09-22,XSHG
3998,10000040.XSHG,0.1948,0.1564,2015-09-22,XSHG
3999,10000414.XSHG,0.0541,0.0408,2015-09-22,XSHG
4000,10000415.XSHG,0.16,0.16,2015-09-22,XSHG
4001,10000416.XSHG,0.1298,0.1297,2015-09-22,XSHG
4002,10000417.XSHG,0.0996,0.0999,2015-09-22,XSHG
4003,10000410.XSHG,0.0162,0.0126,2015-09-22,XSHG
4004,10000411.XSHG,0.0229,0.0159,2015-09-22,XSHG
4005,10000412.XSHG,0.032,0.022,2015-09-22,XSHG
4006,10000413.XSHG,0.0418,0.0316,2015-09-22,XSHG
4007,10000388.XSHG,0.3301,0.3842,2015-09-22,XSHG
4008,10000389.XSHG,0.3032,0.3328,2015-09-22,XSHG
4009,10000418.XSHG,0.0712,0.055,2015-09-22,XSHG
4010,10000419.XSHG,0.0877,0.0729,2015-09-22,XSHG
4011,10000308.XSHG,0.1277,0.1275,2015-09-22,XSHG
4012,10000309.XSHG,0.1195,0.1195,2015-09-22,XSHG
4013,10000390.XSHG,0.0001,0.0001,2015-09-22,XSHG
4014,10000149.XSHG,0.0001,0.0001,2015-09-22,XSHG
4015,10000391.XSHG,0.0001,0.0001,2015-09-22,XSHG
4016,10000397.XSHG,0.0603,0.0525,2015-09-22,XSHG
4017,10000303.XSHG,0.0829,0.0827,2015-09-22,XSHG
4018,10000304.XSHG,0.0722,0.069,2015-09-22,XSHG
4019,10000305.XSHG,0.3001,0.2945,2015-09-22,XSHG
4020,10000140.XSHG,0.0001,0.0001,2015-09-22,XSHG
4021,10000141.XSHG,0.4669,0.6388,2015-09-22,XSHG
4022,10000080.XSHG,0.4188,0.4024,2015-09-22,XSHG
4023,10000395.XSHG,0.3417,0.3543,2015-09-22,XSHG
4024,10000087.XSHG,0.0001,0.0001,2015-09-22,XSHG
4025,10000400.XSHG,0.4188,0.41,2015-09-22,XSHG
4026,10000072.XSHG,0.3931,0.3615,2015-09-22,XSHG
4027,10000071.XSHG,0.0001,0.0001,2015-09-22,XSHG
4028,10000079.XSHG,0.0001,0.0001,2015-09-22,XSHG
4029,10000407.XSHG,0.2688,0.2825,2015-09-22,XSHG
4030,10000406.XSHG,0.317,0.3279,2015-09-22,XSHG
4031,10000405.XSHG,0.3593,0.3712,2015-09-22,XSHG
4032,10000404.XSHG,0.1256,0.12,2015-09-22,XSHG
4033,10000403.XSHG,0.1079,0.1015,2015-09-22,XSHG
4034,10000396.XSHG,0.05,0.0417,2015-09-22,XSHG
4035,10000401.XSHG,0.3819,0.38,2015-09-22,XSHG
4036,10000394.XSHG,0.3899,0.4012,2015-09-22,XSHG
4037,10000399.XSHG,0.4399,0.45,2015-09-22,XSHG
4038,10000398.XSHG,0.0745,0.0639,2015-09-22,XSHG
4039,10000409.XSHG,0.1954,0.1997,2015-09-22,XSHG
4040,10000408.XSHG,0.2267,0.2339,2015-09-22,XSHG
4041,10000150.XSHG,0.77,0.7388,2015-09-22,XSHG
4042,10000319.XSHG,0.1003,0.1005,2015-09-22,XSHG
4043,10000157.XSHG,0.0001,0.0001,2015-09-22,XSHG
4044,10000313.XSHG,0.3886,0.3888,2015-09-22,XSHG
4045,10000158.XSHG,0.8671,0.8394,2015-09-22,XSHG
4046,10000311.XSHG,0.0963,0.0861,2015-09-22,XSHG
4047,10000310.XSHG,0.1061,0.0976,2015-09-22,XSHG
4048,10000316.XSHG,,,2015-09-22,XSHG
4049,10000096.XSHG,0.533,0.4961,2015-09-22,XSHG
4050,10000314.XSHG,,,2015-09-22,XSHG
4051,10000064.XSHG,0.338,0.308,2015-09-22,XSHG
4052,10000063.XSHG,0.0001,0.0001,2015-09-22,XSHG
4053,10000286.XSHG,0.3683,0.3547,2015-09-22,XSHG
4054,10000380.XSHG,0.2071,0.196,2015-09-22,XSHG
4055,10000240.XSHG,0.6369,0.6332,2015-09-22,XSHG
4056,10000125.XSHG,0.0001,0.0001,2015-09-22,XSHG
4057,10000126.XSHG,0.62,0.592,2015-09-22,XSHG
4058,10000088.XSHG,0.493,0.4571,2015-09-22,XSHG
4059,10000328.XSHG,0.3239,0.3239,2015-09-22,XSHG
4060,10000312.XSHG,,,2015-09-22,XSHG
4061,10000326.XSHG,0.242,0.2335,2015-09-22,XSHG
4062,10000327.XSHG,0.1958,0.1809,2015-09-22,XSHG
4063,10000325.XSHG,0.1147,0.1217,2015-09-22,XSHG
4064,10000322.XSHG,0.3382,0.3382,2015-09-22,XSHG
4065,10000320.XSHG,0.2718,0.2648,2015-09-22,XSHG
4066,10000321.XSHG,0.1797,0.1657,2015-09-22,XSHG
4067,10000387.XSHG,0.3962,0.436,2015-09-22,XSHG
4068,10000095.XSHG,0.0001,0.0001,2015-09-22,XSHG
4069,10000315.XSHG,0.4875,0.4875,2015-09-22,XSHG
4070,10000036.XSHG,0.019,0.0029,2015-09-22,XSHG
4071,10000037.XSHG,0.0517,0.017,2015-09-22,XSHG
4072,10000034.XSHG,0.0014,0.0006,2015-09-22,XSHG
4073,10000035.XSHG,0.0007,0.0008,2015-09-22,XSHG
4074,10000032.XSHG,0.0097,0.0088,2015-09-22,XSHG
4075,10000033.XSHG,0.0015,0.0007,2015-09-22,XSHG
4076,10000031.XSHG,0.0273,0.0381,2015-09-22,XSHG
4077,10000038.XSHG,0.0964,0.0551,2015-09-22,XSHG
4078,10000039.XSHG,0.135,0.1122,2015-09-22,XSHG
4079,10000331.XSHG,0.1351,0.138,2015-09-22,XSHG
4080,10000239.XSHG,0.5946,0.5831,2015-09-22,XSHG
4081,10000333.XSHG,0.2167,0.208,2015-09-22,XSHG
4082,10000332.XSHG,0.213,0.205,2015-09-22,XSHG
4083,10000334.XSHG,0.2864,0.278,2015-09-22,XSHG
4084,10000339.XSHG,0.0651,0.0896,2015-09-22,XSHG
4085,10000139.XSHG,0.0001,0.0001,2015-09-22,XSHG
4086,10000237.XSHG,0.0247,0.0216,2015-09-22,XSHG
4087,10000228.XSHG,1.4214,1.4001,2015-09-22,XSHG
4088,10000342.XSHG,0.1527,0.1639,2015-09-22,XSHG
4089,10000103.XSHG,0.0001,0.0001,2015-09-22,XSHG
4090,10000104.XSHG,0.556,0.5421,2015-09-22,XSHG
4091,10000344.XSHG,0.1889,0.18,2015-09-22,XSHG
4092,10000345.XSHG,0.244,0.244,2015-09-22,XSHG
4093,10000346.XSHG,0.2273,0.2383,2015-09-22,XSHG
4094,10000347.XSHG,0.2337,0.23,2015-09-22,XSHG
4095,10000340.XSHG,0.0065,0.0008,2015-09-22,XSHG
4096,10000341.XSHG,0.1858,0.1812,2015-09-22,XSHG
4097,10000402.XSHG,0.0843,0.0722,2015-09-22,XSHG
4098,10000343.XSHG,0.1635,0.1557,2015-09-22,XSHG
4099,10000348.XSHG,0.2705,0.259,2015-09-22,XSHG
4100,10000226.XSHG,1.3701,1.3667,2015-09-22,XSHG
4101,10000225.XSHG,0.0001,0.0001,2015-09-22,XSHG
4102,10000142.XSHG,0.72,0.7188,2015-09-22,XSHG
4103,10000269.XSHG,0.0431,0.0416,2015-09-22,XSHG
4104,10000425.XSHG,0.0494,0.0499,2015-09-22,XSHG
4105,10000424.XSHG,0.1701,0.1518,2015-09-22,XSHG
4106,10000307.XSHG,0.15,0.1555,2015-09-22,XSHG
4107,10000421.XSHG,0.075,0.0765,2015-09-22,XSHG
4108,10000420.XSHG,0.1111,0.0949,2015-09-22,XSHG
4109,10000306.XSHG,,,2015-09-22,XSHG
4110,10000422.XSHG,0.139,0.12,2015-09-22,XSHG
4111,10000296.XSHG,,,2015-09-22,XSHG
4112,10000297.XSHG,0.045,0.0369,2015-09-22,XSHG
4113,10000294.XSHG,,,2015-09-22,XSHG
4114,10000295.XSHG,0.6489,0.6489,2015-09-22,XSHG
4115,10000292.XSHG,,,2015-09-22,XSHG
4116,10000293.XSHG,,,2015-09-22,XSHG
4117,10000290.XSHG,0.0589,0.0496,2015-09-22,XSHG
4118,10000291.XSHG,0.052,0.0415,2015-09-22,XSHG
4119,10000298.XSHG,0.7585,0.7585,2015-09-22,XSHG
4120,10000357.XSHG,0.2423,0.282,2015-09-22,XSHG
4121,10000359.XSHG,0.1452,0.1851,2015-09-22,XSHG
4122,10000358.XSHG,0.2099,0.2212,2015-09-22,XSHG
4123,10000238.XSHG,0.0206,0.0178,2015-09-22,XSHG
4124,10000227.XSHG,0.0041,0.0029,2015-09-22,XSHG
4125,10000182.XSHG,1.1779,1.154,2015-09-22,XSHG
4126,10000183.XSHG,0.0112,0.0097,2015-09-22,XSHG
4127,10000181.XSHG,0.0001,0.0001,2015-09-22,XSHG
4128,10000186.XSHG,0.0054,0.0055,2015-09-22,XSHG
4129,10000187.XSHG,0.005,0.0047,2015-09-22,XSHG
4130,10000184.XSHG,0.0088,0.008,2015-09-22,XSHG
4131,10000185.XSHG,0.0069,0.0064,2015-09-22,XSHG
4132,10000188.XSHG,0.8328,0.8142,2015-09-22,XSHG
4133,10000189.XSHG,,,2015-09-22,XSHG
4134,10000368.XSHG,0.1973,0.1801,2015-09-23,XSHG
4135,10000369.XSHG,0.0837,0.1011,2015-09-23,XSHG
4136,10000362.XSHG,0.0001,0.0001,2015-09-23,XSHG
4137,10000363.XSHG,0.0001,0.0001,2015-09-23,XSHG
4138,10000360.XSHG,0.0812,0.0728,2015-09-23,XSHG
4139,10000361.XSHG,0.0001,0.0001,2015-09-23,XSHG
4140,10000366.XSHG,0.254,0.2352,2015-09-23,XSHG
4141,10000367.XSHG,0.2438,0.208,2015-09-23,XSHG
4142,10000364.XSHG,0.0003,0.0001,2015-09-23,XSHG
4143,10000365.XSHG,0.292,0.2695,2015-09-23,XSHG
4144,10000201.XSHG,0.0112,0.0104,2015-09-23,XSHG
4145,10000200.XSHG,1.32,1.3314,2015-09-23,XSHG
4146,10000203.XSHG,0.0116,0.013,2015-09-23,XSHG
4147,10000202.XSHG,,,2015-09-23,XSHG
4148,10000205.XSHG,0.0138,0.0144,2015-09-23,XSHG
4149,10000204.XSHG,,,2015-09-23,XSHG
4150,10000206.XSHG,,,2015-09-23,XSHG
4151,10000165.XSHG,0.0001,0.0001,2015-09-23,XSHG
4152,10000166.XSHG,1.0225,1.0086,2015-09-23,XSHG
4153,10000197.XSHG,0.0001,0.0001,2015-09-23,XSHG
4154,10000191.XSHG,1.0099,1.1053,2015-09-23,XSHG
4155,10000190.XSHG,1.039,1.039,2015-09-23,XSHG
4156,10000192.XSHG,0.9843,1.19,2015-09-23,XSHG
4157,10000055.XSHG,0.0001,0.0001,2015-09-23,XSHG
4158,10000056.XSHG,0.3021,0.3119,2015-09-23,XSHG
4159,10000199.XSHG,0.0031,0.0031,2015-09-23,XSHG
4160,10000198.XSHG,1.2996,1.3156,2015-09-23,XSHG
4161,10000379.XSHG,0.181,0.1833,2015-09-23,XSHG
4162,10000378.XSHG,0.1564,0.1653,2015-09-23,XSHG
4163,10000375.XSHG,0.2752,0.276,2015-09-23,XSHG
4164,10000374.XSHG,,,2015-09-23,XSHG
4165,10000377.XSHG,,,2015-09-23,XSHG
4166,10000376.XSHG,0.256,0.256,2015-09-23,XSHG
4167,10000371.XSHG,0.1132,0.1293,2015-09-23,XSHG
4168,10000370.XSHG,0.0957,0.115,2015-09-23,XSHG
4169,10000373.XSHG,0.3411,0.3278,2015-09-23,XSHG
4170,10000372.XSHG,0.1373,0.1546,2015-09-23,XSHG
4171,10000274.XSHG,0.5593,0.5764,2015-09-23,XSHG
4172,10000270.XSHG,0.0293,0.0278,2015-09-23,XSHG
4173,10000271.XSHG,0.0242,0.0233,2015-09-23,XSHG
4174,10000272.XSHG,0.488,0.488,2015-09-23,XSHG
4175,10000273.XSHG,0.5267,0.5471,2015-09-23,XSHG
4176,10000173.XSHG,0.0001,0.0001,2015-09-23,XSHG
4177,10000393.XSHG,0.4048,0.3707,2015-09-23,XSHG
4178,10000279.XSHG,0.0442,0.0401,2015-09-23,XSHG
4179,10000174.XSHG,1.0888,1.1229,2015-09-23,XSHG
4180,10000426.XSHG,0.2033,0.2303,2015-09-23,XSHG
4181,10000289.XSHG,0.0504,0.051,2015-09-23,XSHG
4182,10000288.XSHG,0.0576,0.0576,2015-09-23,XSHG
4183,10000423.XSHG,0.0561,0.0488,2015-09-23,XSHG
4184,10000048.XSHG,0.2513,0.2713,2015-09-23,XSHG
4185,10000047.XSHG,0.0001,0.0001,2015-09-23,XSHG
4186,10000280.XSHG,0.429,0.46,2015-09-23,XSHG
4187,10000392.XSHG,0.0001,0.0001,2015-09-23,XSHG
4188,10000285.XSHG,0.0527,0.0519,2015-09-23,XSHG
4189,10000287.XSHG,0.0724,0.0645,2015-09-23,XSHG
4190,10000040.XSHG,0.2043,0.2257,2015-09-23,XSHG
4191,10000414.XSHG,0.0466,0.0573,2015-09-23,XSHG
4192,10000415.XSHG,0.1507,0.1265,2015-09-23,XSHG
4193,10000416.XSHG,0.1208,0.0994,2015-09-23,XSHG
4194,10000417.XSHG,0.0909,0.0765,2015-09-23,XSHG
4195,10000410.XSHG,0.013,0.0153,2015-09-23,XSHG
4196,10000411.XSHG,0.0165,0.0203,2015-09-23,XSHG
4197,10000412.XSHG,0.0248,0.0288,2015-09-23,XSHG
4198,10000413.XSHG,0.0339,0.0418,2015-09-23,XSHG
4199,10000388.XSHG,0.3585,0.3198,2015-09-23,XSHG
4200,10000389.XSHG,0.308,0.2715,2015-09-23,XSHG
4201,10000418.XSHG,0.0621,0.0763,2015-09-23,XSHG
4202,10000419.XSHG,0.0799,0.1011,2015-09-23,XSHG
4203,10000308.XSHG,0.12,0.1182,2015-09-23,XSHG
4204,10000309.XSHG,0.1093,0.1011,2015-09-23,XSHG
4205,10000390.XSHG,0.0001,0.0001,2015-09-23,XSHG
4206,10000149.XSHG,0.0001,0.0001,2015-09-23,XSHG
4207,10000391.XSHG,0.0001,0.0001,2015-09-23,XSHG
4208,10000397.XSHG,0.0571,0.0612,2015-09-23,XSHG
4209,10000303.XSHG,0.0738,0.07,2015-09-23,XSHG
4210,10000304.XSHG,0.0614,0.059,2015-09-23,XSHG
4211,10000305.XSHG,0.3101,0.3301,2015-09-23,XSHG
4212,10000140.XSHG,0.0001,0.0001,2015-09-23,XSHG
4213,10000141.XSHG,0.6903,0.709,2015-09-23,XSHG
4214,10000080.XSHG,0.4425,0.4817,2015-09-23,XSHG
4215,10000395.XSHG,0.3069,0.2917,2015-09-23,XSHG
4216,10000087.XSHG,0.0001,0.0001,2015-09-23,XSHG
4217,10000400.XSHG,0.3843,0.3948,2015-09-23,XSHG
4218,10000072.XSHG,0.3991,0.4077,2015-09-23,XSHG
4219,10000071.XSHG,0.0001,0.0001,2015-09-23,XSHG
4220,10000079.XSHG,0.0001,0.0001,2015-09-23,XSHG
4221,10000407.XSHG,0.253,0.228,2015-09-23,XSHG
4222,10000406.XSHG,0.2968,0.274,2015-09-23,XSHG
4223,10000405.XSHG,0.3412,0.3159,2015-09-23,XSHG
4224,10000404.XSHG,0.1229,0.13,2015-09-23,XSHG
4225,10000403.XSHG,0.1029,0.1055,2015-09-23,XSHG
4226,10000396.XSHG,0.045,0.0481,2015-09-23,XSHG
4227,10000401.XSHG,0.3738,0.35,2015-09-23,XSHG
4228,10000394.XSHG,0.3513,0.3242,2015-09-23,XSHG
4229,10000399.XSHG,0.4324,0.42,2015-09-23,XSHG
4230,10000398.XSHG,0.0694,0.078,2015-09-23,XSHG
4231,10000409.XSHG,0.1701,0.1575,2015-09-23,XSHG
4232,10000408.XSHG,0.21,0.193,2015-09-23,XSHG
4233,10000150.XSHG,0.773,0.8124,2015-09-23,XSHG
4234,10000319.XSHG,0.0889,0.0826,2015-09-23,XSHG
4235,10000157.XSHG,0.0001,0.0001,2015-09-23,XSHG
4236,10000313.XSHG,,,2015-09-23,XSHG
4237,10000158.XSHG,0.8799,0.9016,2015-09-23,XSHG
4238,10000311.XSHG,0.0829,0.0818,2015-09-23,XSHG
4239,10000310.XSHG,0.0911,0.0875,2015-09-23,XSHG
4240,10000316.XSHG,0.5497,0.5497,2015-09-23,XSHG
4241,10000096.XSHG,0.5445,0.5774,2015-09-23,XSHG
4242,10000314.XSHG,0.4508,0.4508,2015-09-23,XSHG
4243,10000064.XSHG,0.3481,0.3724,2015-09-23,XSHG
4244,10000063.XSHG,0.0001,0.0001,2015-09-23,XSHG
4245,10000286.XSHG,0.3724,0.4218,2015-09-23,XSHG
4246,10000380.XSHG,0.2037,0.2266,2015-09-23,XSHG
4247,10000240.XSHG,0.6627,0.6647,2015-09-23,XSHG
4248,10000125.XSHG,0.0001,0.0001,2015-09-23,XSHG
4249,10000126.XSHG,0.6625,0.66,2015-09-23,XSHG
4250,10000088.XSHG,0.4915,0.5086,2015-09-23,XSHG
4251,10000328.XSHG,,,2015-09-23,XSHG
4252,10000312.XSHG,,,2015-09-23,XSHG
4253,10000326.XSHG,0.2458,0.2728,2015-09-23,XSHG
4254,10000327.XSHG,0.1704,0.1704,2015-09-23,XSHG
4255,10000325.XSHG,0.1059,0.0969,2015-09-23,XSHG
4256,10000322.XSHG,,,2015-09-23,XSHG
4257,10000320.XSHG,0.2704,0.3098,2015-09-23,XSHG
4258,10000321.XSHG,0.1516,0.1402,2015-09-23,XSHG
4259,10000387.XSHG,0.404,0.3628,2015-09-23,XSHG
4260,10000095.XSHG,0.0001,0.0001,2015-09-23,XSHG
4261,10000315.XSHG,,,2015-09-23,XSHG
4262,10000036.XSHG,0.0085,0.004,2015-09-23,XSHG
4263,10000037.XSHG,0.0205,0.065,2015-09-23,XSHG
4264,10000034.XSHG,0.0005,0.0001,2015-09-23,XSHG
4265,10000035.XSHG,0.0006,0.0001,2015-09-23,XSHG
4266,10000032.XSHG,0.004,0.0001,2015-09-23,XSHG
4267,10000033.XSHG,0.0004,0.0001,2015-09-23,XSHG
4268,10000031.XSHG,0.032,0.0001,2015-09-23,XSHG
4269,10000038.XSHG,0.0769,0.1185,2015-09-23,XSHG
4270,10000039.XSHG,0.155,0.1695,2015-09-23,XSHG
4271,10000331.XSHG,0.1256,0.115,2015-09-23,XSHG
4272,10000239.XSHG,0.6273,0.6273,2015-09-23,XSHG
4273,10000333.XSHG,0.1902,0.1855,2015-09-23,XSHG
4274,10000332.XSHG,0.2173,0.2474,2015-09-23,XSHG
4275,10000334.XSHG,0.2914,0.2914,2015-09-23,XSHG
4276,10000339.XSHG,0.0656,0.024,2015-09-23,XSHG
4277,10000139.XSHG,0.0001,0.0001,2015-09-23,XSHG
4278,10000237.XSHG,0.0198,0.0189,2015-09-23,XSHG
4279,10000228.XSHG,1.43,1.4599,2015-09-23,XSHG
4280,10000342.XSHG,0.1492,0.1369,2015-09-23,XSHG
4281,10000103.XSHG,0.0001,0.0001,2015-09-23,XSHG
4282,10000104.XSHG,0.593,0.599,2015-09-23,XSHG
4283,10000344.XSHG,0.1946,0.22,2015-09-23,XSHG
4284,10000345.XSHG,0.232,0.2339,2015-09-23,XSHG
4285,10000346.XSHG,0.2125,0.2051,2015-09-23,XSHG
4286,10000347.XSHG,0.2299,0.2536,2015-09-23,XSHG
4287,10000340.XSHG,0.002,0.0001,2015-09-23,XSHG
4288,10000341.XSHG,0.1674,0.1601,2015-09-23,XSHG
4289,10000402.XSHG,0.0799,0.0873,2015-09-23,XSHG
4290,10000343.XSHG,0.1646,0.1925,2015-09-23,XSHG
4291,10000348.XSHG,0.2762,0.2833,2015-09-23,XSHG
4292,10000226.XSHG,1.3147,1.4019,2015-09-23,XSHG
4293,10000225.XSHG,0.0001,0.0001,2015-09-23,XSHG
4294,10000142.XSHG,0.746,0.76,2015-09-23,XSHG
4295,10000269.XSHG,0.036,0.0341,2015-09-23,XSHG
4296,10000425.XSHG,0.0423,0.0363,2015-09-23,XSHG
4297,10000424.XSHG,0.173,0.1978,2015-09-23,XSHG
4298,10000307.XSHG,0.1343,0.1398,2015-09-23,XSHG
4299,10000421.XSHG,0.0702,0.0576,2015-09-23,XSHG
4300,10000420.XSHG,0.102,0.1257,2015-09-23,XSHG
4301,10000306.XSHG,0.3605,0.3849,2015-09-23,XSHG
4302,10000422.XSHG,0.1275,0.1594,2015-09-23,XSHG
4303,10000296.XSHG,,,2015-09-23,XSHG
4304,10000297.XSHG,0.0342,0.0332,2015-09-23,XSHG
4305,10000294.XSHG,,,2015-09-23,XSHG
4306,10000295.XSHG,,,2015-09-23,XSHG
4307,10000292.XSHG,,,2015-09-23,XSHG
4308,10000293.XSHG,,,2015-09-23,XSHG
4309,10000290.XSHG,0.0455,0.0437,2015-09-23,XSHG
4310,10000291.XSHG,0.04,0.0364,2015-09-23,XSHG
4311,10000298.XSHG,,,2015-09-23,XSHG
4312,10000357.XSHG,0.259,0.2263,2015-09-23,XSHG
4313,10000359.XSHG,0.1324,0.1225,2015-09-23,XSHG
4314,10000358.XSHG,0.1777,0.1708,2015-09-23,XSHG
4315,10000238.XSHG,0.0163,0.0165,2015-09-23,XSHG
4316,10000227.XSHG,0.0023,0.0031,2015-09-23,XSHG
4317,10000182.XSHG,1.1994,1.1994,2015-09-23,XSHG
4318,10000183.XSHG,0.0089,0.0086,2015-09-23,XSHG
4319,10000181.XSHG,0.0001,0.0001,2015-09-23,XSHG
4320,10000186.XSHG,0.0047,0.0044,2015-09-23,XSHG
4321,10000187.XSHG,0.0039,0.0042,2015-09-23,XSHG
4322,10000184.XSHG,0.0071,0.0073,2015-09-23,XSHG
4323,10000185.XSHG,0.0056,0.0057,2015-09-23,XSHG
4324,10000188.XSHG,0.8395,0.8691,2015-09-23,XSHG
4325,10000189.XSHG,0.6886,0.9644,2015-09-23,XSHG
4326,10000368.XSHG,0.1775,0.182,2015-09-24,XSHG
4327,10000369.XSHG,0.0925,0.0924,2015-09-24,XSHG
4328,10000366.XSHG,0.2377,0.2403,2015-09-24,XSHG
4329,10000367.XSHG,0.206,0.2058,2015-09-24,XSHG
4330,10000365.XSHG,0.2725,0.27,2015-09-24,XSHG
4331,10000201.XSHG,0.0105,0.0086,2015-09-24,XSHG
4332,10000200.XSHG,1.3599,1.36,2015-09-24,XSHG
4333,10000203.XSHG,0.0126,0.011,2015-09-24,XSHG
4334,10000202.XSHG,0.827,0.827,2015-09-24,XSHG
4335,10000205.XSHG,0.0148,0.0126,2015-09-24,XSHG
4336,10000204.XSHG,0.7744,0.7744,2015-09-24,XSHG
4337,10000206.XSHG,,,2015-09-24,XSHG
4338,10000191.XSHG,1.1579,1.1576,2015-09-24,XSHG
4339,10000190.XSHG,1.0633,1.0633,2015-09-24,XSHG
4340,10000192.XSHG,1.2685,1.2684,2015-09-24,XSHG
4341,10000199.XSHG,0.0033,0.0028,2015-09-24,XSHG
4342,10000428.XSHG,0.1312,0.13,2015-09-24,XSHG
4343,10000379.XSHG,0.1989,0.1806,2015-09-24,XSHG
4344,10000378.XSHG,,,2015-09-24,XSHG
4345,10000402.XSHG,0.0845,0.0898,2015-09-24,XSHG
4346,10000375.XSHG,0.2883,0.2883,2015-09-24,XSHG
4347,10000374.XSHG,0.3,0.3,2015-09-24,XSHG
4348,10000377.XSHG,0.1427,0.1494,2015-09-24,XSHG
4349,10000376.XSHG,0.2623,0.2623,2015-09-24,XSHG
4350,10000371.XSHG,0.1282,0.1316,2015-09-24,XSHG
4351,10000370.XSHG,0.1093,0.112,2015-09-24,XSHG
4352,10000373.XSHG,,,2015-09-24,XSHG
4353,10000372.XSHG,0.1496,0.1561,2015-09-24,XSHG
4354,10000274.XSHG,,,2015-09-24,XSHG
4355,10000270.XSHG,0.0274,0.0256,2015-09-24,XSHG
4356,10000271.XSHG,0.0235,0.0208,2015-09-24,XSHG
4357,10000272.XSHG,0.4742,0.472,2015-09-24,XSHG
4358,10000273.XSHG,0.5122,0.5551,2015-09-24,XSHG
4359,10000393.XSHG,0.395,0.378,2015-09-24,XSHG
4360,10000279.XSHG,0.0391,0.0382,2015-09-24,XSHG
4361,10000289.XSHG,0.0541,0.0506,2015-09-24,XSHG
4362,10000288.XSHG,0.0618,0.0571,2015-09-24,XSHG
4363,10000280.XSHG,0.4316,0.45,2015-09-24,XSHG
4364,10000285.XSHG,0.0475,0.0443,2015-09-24,XSHG
4365,10000287.XSHG,0.0702,0.0702,2015-09-24,XSHG
4366,10000286.XSHG,0.3931,0.4087,2015-09-24,XSHG
4367,10000414.XSHG,0.0546,0.0474,2015-09-24,XSHG
4368,10000415.XSHG,0.1309,0.1275,2015-09-24,XSHG
4369,10000416.XSHG,0.1026,0.099,2015-09-24,XSHG
4370,10000417.XSHG,0.0805,0.0768,2015-09-24,XSHG
4371,10000410.XSHG,0.0146,0.0129,2015-09-24,XSHG
4372,10000411.XSHG,0.0195,0.0176,2015-09-24,XSHG
4373,10000412.XSHG,0.0276,0.0232,2015-09-24,XSHG
4374,10000413.XSHG,0.0399,0.0345,2015-09-24,XSHG
4375,10000418.XSHG,0.0728,0.0643,2015-09-24,XSHG
4376,10000419.XSHG,0.0964,0.0869,2015-09-24,XSHG
4377,10000308.XSHG,0.1214,0.111,2015-09-24,XSHG
4378,10000309.XSHG,0.109,0.0999,2015-09-24,XSHG
4379,10000397.XSHG,0.0575,0.06,2015-09-24,XSHG
4380,10000303.XSHG,0.0663,0.0635,2015-09-24,XSHG
4381,10000304.XSHG,0.0557,0.0524,2015-09-24,XSHG
4382,10000305.XSHG,0.3197,0.3197,2015-09-24,XSHG
4383,10000306.XSHG,0.358,0.358,2015-09-24,XSHG
4384,10000307.XSHG,0.1377,0.126,2015-09-24,XSHG
4385,10000395.XSHG,0.3101,0.2949,2015-09-24,XSHG
4386,10000394.XSHG,0.3503,0.3306,2015-09-24,XSHG
4387,10000407.XSHG,0.2418,0.236,2015-09-24,XSHG
4388,10000406.XSHG,0.2883,0.2791,2015-09-24,XSHG
4389,10000405.XSHG,0.3255,0.3268,2015-09-24,XSHG
4390,10000404.XSHG,0.1217,0.1208,2015-09-24,XSHG
4391,10000403.XSHG,0.1007,0.1044,2015-09-24,XSHG
4392,10000396.XSHG,0.0459,0.0487,2015-09-24,XSHG
4393,10000401.XSHG,0.3455,0.3455,2015-09-24,XSHG
4394,10000400.XSHG,0.3921,0.38,2015-09-24,XSHG
4395,10000399.XSHG,0.4041,0.416,2015-09-24,XSHG
4396,10000398.XSHG,0.075,0.0743,2015-09-24,XSHG
4397,10000409.XSHG,0.1633,0.1599,2015-09-24,XSHG
4398,10000408.XSHG,0.1997,0.1955,2015-09-24,XSHG
4399,10000319.XSHG,0.0787,0.0778,2015-09-24,XSHG
4400,10000313.XSHG,0.4218,0.42,2015-09-24,XSHG
4401,10000312.XSHG,0.4217,0.4217,2015-09-24,XSHG
4402,10000311.XSHG,0.0848,0.0848,2015-09-24,XSHG
4403,10000310.XSHG,0.0949,0.086,2015-09-24,XSHG
4404,10000316.XSHG,0.5709,0.5709,2015-09-24,XSHG
4405,10000315.XSHG,0.5289,0.4835,2015-09-24,XSHG
4406,10000314.XSHG,0.48,0.4471,2015-09-24,XSHG
4407,10000380.XSHG,0.2329,0.2088,2015-09-24,XSHG
4408,10000240.XSHG,0.6793,0.6801,2015-09-24,XSHG
4409,10000328.XSHG,0.3514,0.3514,2015-09-24,XSHG
4410,10000326.XSHG,0.2539,0.2657,2015-09-24,XSHG
4411,10000327.XSHG,0.1733,0.1699,2015-09-24,XSHG
4412,10000325.XSHG,0.0933,0.0967,2015-09-24,XSHG
4413,10000322.XSHG,0.3669,0.3669,2015-09-24,XSHG
4414,10000320.XSHG,0.2911,0.2968,2015-09-24,XSHG
4415,10000321.XSHG,0.1521,0.1403,2015-09-24,XSHG
4416,10000331.XSHG,0.1102,0.1145,2015-09-24,XSHG
4417,10000239.XSHG,0.6341,0.6341,2015-09-24,XSHG
4418,10000333.XSHG,0.1936,0.1872,2015-09-24,XSHG
4419,10000332.XSHG,0.2264,0.2379,2015-09-24,XSHG
4420,10000334.XSHG,0.3162,0.295,2015-09-24,XSHG
4421,10000237.XSHG,0.0193,0.0173,2015-09-24,XSHG
4422,10000228.XSHG,1.4639,1.4639,2015-09-24,XSHG
4423,10000432.XSHG,0.1113,0.1111,2015-09-24,XSHG
4424,10000433.XSHG,0.142,0.1352,2015-09-24,XSHG
4425,10000430.XSHG,0.0915,0.0898,2015-09-24,XSHG
4426,10000431.XSHG,0.0763,0.0749,2015-09-24,XSHG
4427,10000436.XSHG,0.2279,0.225,2015-09-24,XSHG
4428,10000434.XSHG,0.1652,0.163,2015-09-24,XSHG
4429,10000435.XSHG,0.1947,0.1959,2015-09-24,XSHG
4430,10000344.XSHG,0.2018,0.2052,2015-09-24,XSHG
4431,10000345.XSHG,0.2388,0.2285,2015-09-24,XSHG
4432,10000346.XSHG,0.2151,0.2099,2015-09-24,XSHG
4433,10000347.XSHG,0.2622,0.251,2015-09-24,XSHG
4434,10000341.XSHG,0.1521,0.1516,2015-09-24,XSHG
4435,10000342.XSHG,0.1298,0.1292,2015-09-24,XSHG
4436,10000343.XSHG,0.1761,0.1775,2015-09-24,XSHG
4437,10000348.XSHG,0.2911,0.26,2015-09-24,XSHG
4438,10000227.XSHG,0.0032,0.0031,2015-09-24,XSHG
4439,10000429.XSHG,0.1097,0.1095,2015-09-24,XSHG
4440,10000269.XSHG,0.0327,0.0303,2015-09-24,XSHG
4441,10000425.XSHG,0.037,0.0354,2015-09-24,XSHG
4442,10000424.XSHG,0.1916,0.1826,2015-09-24,XSHG
4443,10000427.XSHG,0.157,0.157,2015-09-24,XSHG
4444,10000426.XSHG,0.22,0.2201,2015-09-24,XSHG
4445,10000421.XSHG,0.0602,0.0584,2015-09-24,XSHG
4446,10000420.XSHG,0.12,0.1146,2015-09-24,XSHG
4447,10000423.XSHG,0.05,0.047,2015-09-24,XSHG
4448,10000422.XSHG,0.1519,0.145,2015-09-24,XSHG
4449,10000296.XSHG,0.7402,0.7508,2015-09-24,XSHG
4450,10000297.XSHG,0.0353,0.0339,2015-09-24,XSHG
4451,10000294.XSHG,,,2015-09-24,XSHG
4452,10000295.XSHG,0.7148,0.7148,2015-09-24,XSHG
4453,10000292.XSHG,0.5603,0.5603,2015-09-24,XSHG
4454,10000293.XSHG,,,2015-09-24,XSHG
4455,10000290.XSHG,0.0474,0.045,2015-09-24,XSHG
4456,10000291.XSHG,0.0402,0.0374,2015-09-24,XSHG
4457,10000298.XSHG,0.7809,0.7943,2015-09-24,XSHG
4458,10000238.XSHG,0.0178,0.0144,2015-09-24,XSHG
4459,10000183.XSHG,0.0088,0.0071,2015-09-24,XSHG
4460,10000186.XSHG,0.0041,0.0036,2015-09-24,XSHG
4461,10000187.XSHG,0.0046,0.0041,2015-09-24,XSHG
4462,10000184.XSHG,0.0071,0.0065,2015-09-24,XSHG
4463,10000185.XSHG,0.0054,0.005,2015-09-24,XSHG
4464,10000188.XSHG,0.8786,0.8786,2015-09-24,XSHG
4465,10000189.XSHG,0.9623,0.9759,2015-09-24,XSHG
4466,10000368.XSHG,0.1623,0.153,2015-09-25,XSHG
4467,10000369.XSHG,0.0765,0.0886,2015-09-25,XSHG
4468,10000366.XSHG,0.232,0.2066,2015-09-25,XSHG
4469,10000367.XSHG,0.1897,0.1897,2015-09-25,XSHG
4470,10000365.XSHG,0.2662,0.245,2015-09-25,XSHG
4471,10000201.XSHG,0.007,0.0067,2015-09-25,XSHG
4472,10000200.XSHG,1.3722,1.3905,2015-09-25,XSHG
4473,10000203.XSHG,0.0102,0.008,2015-09-25,XSHG
4474,10000202.XSHG,0.8425,0.8425,2015-09-25,XSHG
4475,10000205.XSHG,0.0127,0.0092,2015-09-25,XSHG
4476,10000204.XSHG,0.7905,0.7904,2015-09-25,XSHG
4477,10000206.XSHG,0.7366,0.7366,2015-09-25,XSHG
4478,10000191.XSHG,1.1962,1.1935,2015-09-25,XSHG
4479,10000190.XSHG,1.0974,1.0956,2015-09-25,XSHG
4480,10000192.XSHG,1.2642,1.292,2015-09-25,XSHG
4481,10000199.XSHG,0.0028,0.0023,2015-09-25,XSHG
4482,10000428.XSHG,0.1256,0.1161,2015-09-25,XSHG
4483,10000379.XSHG,0.196,0.2012,2015-09-25,XSHG
4484,10000378.XSHG,0.1755,0.171,2015-09-25,XSHG
4485,10000402.XSHG,0.0877,0.0851,2015-09-25,XSHG
4486,10000375.XSHG,0.258,0.258,2015-09-25,XSHG
4487,10000374.XSHG,0.2877,0.2666,2015-09-25,XSHG
4488,10000377.XSHG,0.1393,0.1405,2015-09-25,XSHG
4489,10000376.XSHG,0.2221,0.2201,2015-09-25,XSHG
4490,10000371.XSHG,0.1213,0.1319,2015-09-25,XSHG
4491,10000370.XSHG,0.1136,0.1115,2015-09-25,XSHG
4492,10000373.XSHG,,,2015-09-25,XSHG
4493,10000372.XSHG,0.1493,0.1506,2015-09-25,XSHG
4494,10000274.XSHG,0.6,0.6098,2015-09-25,XSHG
4495,10000270.XSHG,0.0256,0.018,2015-09-25,XSHG
4496,10000271.XSHG,0.0208,0.015,2015-09-25,XSHG
4497,10000272.XSHG,0.5234,0.5226,2015-09-25,XSHG
4498,10000273.XSHG,,,2015-09-25,XSHG
4499,10000393.XSHG,0.3916,0.3556,2015-09-25,XSHG
4500,10000279.XSHG,0.0375,0.0285,2015-09-25,XSHG
4501,10000289.XSHG,0.0529,0.0396,2015-09-25,XSHG
4502,10000288.XSHG,0.0608,0.0445,2015-09-25,XSHG
4503,10000280.XSHG,0.4744,0.4604,2015-09-25,XSHG
4504,10000285.XSHG,0.045,0.0321,2015-09-25,XSHG
4505,10000287.XSHG,0.0717,0.0511,2015-09-25,XSHG
4506,10000286.XSHG,0.43,0.4177,2015-09-25,XSHG
4507,10000414.XSHG,0.0467,0.0437,2015-09-25,XSHG
4508,10000415.XSHG,0.1255,0.101,2015-09-25,XSHG
4509,10000416.XSHG,0.095,0.0758,2015-09-25,XSHG
4510,10000417.XSHG,0.0757,0.0572,2015-09-25,XSHG
4511,10000410.XSHG,0.0128,0.0104,2015-09-25,XSHG
4512,10000411.XSHG,0.0167,0.0143,2015-09-25,XSHG
4513,10000412.XSHG,0.0232,0.02,2015-09-25,XSHG
4514,10000413.XSHG,0.0338,0.0304,2015-09-25,XSHG
4515,10000418.XSHG,0.0638,0.063,2015-09-25,XSHG
4516,10000419.XSHG,0.0876,0.0888,2015-09-25,XSHG
4517,10000308.XSHG,0.101,0.0914,2015-09-25,XSHG
4518,10000309.XSHG,0.094,0.084,2015-09-25,XSHG
4519,10000397.XSHG,0.0562,0.0553,2015-09-25,XSHG
4520,10000303.XSHG,0.0647,0.048,2015-09-25,XSHG
4521,10000304.XSHG,0.05,0.0405,2015-09-25,XSHG
4522,10000305.XSHG,0.3376,0.342,2015-09-25,XSHG
4523,10000306.XSHG,0.39,0.39,2015-09-25,XSHG
4524,10000307.XSHG,0.1229,0.1031,2015-09-25,XSHG
4525,10000395.XSHG,0.2854,0.2697,2015-09-25,XSHG
4526,10000394.XSHG,0.3506,0.3173,2015-09-25,XSHG
4527,10000407.XSHG,0.241,0.2132,2015-09-25,XSHG
4528,10000406.XSHG,0.2843,0.2592,2015-09-25,XSHG
4529,10000405.XSHG,0.33,0.2977,2015-09-25,XSHG
4530,10000404.XSHG,0.1184,0.1197,2015-09-25,XSHG
4531,10000403.XSHG,0.1023,0.101,2015-09-25,XSHG
4532,10000396.XSHG,0.0458,0.0449,2015-09-25,XSHG
4533,10000401.XSHG,0.3372,0.328,2015-09-25,XSHG
4534,10000400.XSHG,0.3652,0.3652,2015-09-25,XSHG
4535,10000399.XSHG,0.4252,0.385,2015-09-25,XSHG
4536,10000398.XSHG,0.0694,0.0696,2015-09-25,XSHG
4537,10000409.XSHG,0.158,0.14,2015-09-25,XSHG
4538,10000408.XSHG,0.1913,0.17,2015-09-25,XSHG
4539,10000319.XSHG,0.0703,0.0679,2015-09-25,XSHG
4540,10000313.XSHG,,,2015-09-25,XSHG
4541,10000312.XSHG,0.3999,0.394,2015-09-25,XSHG
4542,10000311.XSHG,0.0828,0.0635,2015-09-25,XSHG
4543,10000310.XSHG,0.0933,0.0742,2015-09-25,XSHG
4544,10000316.XSHG,,,2015-09-25,XSHG
4545,10000315.XSHG,,,2015-09-25,XSHG
4546,10000314.XSHG,0.47,0.47,2015-09-25,XSHG
4547,10000380.XSHG,0.2266,0.2266,2015-09-25,XSHG
4548,10000240.XSHG,0.6819,0.6976,2015-09-25,XSHG
4549,10000328.XSHG,,,2015-09-25,XSHG
4550,10000326.XSHG,0.2688,0.2762,2015-09-25,XSHG
4551,10000327.XSHG,0.1535,0.1333,2015-09-25,XSHG
4552,10000325.XSHG,0.0908,0.0777,2015-09-25,XSHG
4553,10000322.XSHG,0.37,0.37,2015-09-25,XSHG
4554,10000320.XSHG,0.3011,0.31,2015-09-25,XSHG
4555,10000321.XSHG,0.125,0.12,2015-09-25,XSHG
4556,10000331.XSHG,0.1114,0.0923,2015-09-25,XSHG
4557,10000239.XSHG,0.6454,0.6454,2015-09-25,XSHG
4558,10000333.XSHG,0.1718,0.155,2015-09-25,XSHG
4559,10000332.XSHG,0.2436,0.24,2015-09-25,XSHG
4560,10000334.XSHG,0.2913,0.308,2015-09-25,XSHG
4561,10000237.XSHG,0.0176,0.0123,2015-09-25,XSHG
4562,10000228.XSHG,1.467,1.4894,2015-09-25,XSHG
4563,10000432.XSHG,0.1082,0.1111,2015-09-25,XSHG
4564,10000433.XSHG,0.1361,0.1441,2015-09-25,XSHG
4565,10000430.XSHG,0.0856,0.0756,2015-09-25,XSHG
4566,10000431.XSHG,0.0691,0.0604,2015-09-25,XSHG
4567,10000436.XSHG,0.2238,0.2384,2015-09-25,XSHG
4568,10000434.XSHG,0.1586,0.1654,2015-09-25,XSHG
4569,10000435.XSHG,0.1956,0.2039,2015-09-25,XSHG
4570,10000344.XSHG,0.213,0.2083,2015-09-25,XSHG
4571,10000345.XSHG,0.22,0.192,2015-09-25,XSHG
4572,10000346.XSHG,0.1929,0.17,2015-09-25,XSHG
4573,10000347.XSHG,0.235,0.2521,2015-09-25,XSHG
4574,10000341.XSHG,0.1366,0.1257,2015-09-25,XSHG
4575,10000342.XSHG,0.1223,0.11,2015-09-25,XSHG
4576,10000343.XSHG,0.1756,0.1864,2015-09-25,XSHG
4577,10000348.XSHG,0.27,0.28,2015-09-25,XSHG
4578,10000227.XSHG,0.0028,0.0023,2015-09-25,XSHG
4579,10000429.XSHG,0.1075,0.0941,2015-09-25,XSHG
4580,10000269.XSHG,0.0315,0.0228,2015-09-25,XSHG
4581,10000425.XSHG,0.0354,0.0215,2015-09-25,XSHG
4582,10000424.XSHG,0.185,0.1868,2015-09-25,XSHG
4583,10000427.XSHG,0.1602,0.1399,2015-09-25,XSHG
4584,10000426.XSHG,0.2243,0.2262,2015-09-25,XSHG
4585,10000421.XSHG,0.058,0.0415,2015-09-25,XSHG
4586,10000420.XSHG,0.1152,0.1155,2015-09-25,XSHG
4587,10000423.XSHG,0.047,0.0288,2015-09-25,XSHG
4588,10000422.XSHG,0.1441,0.149,2015-09-25,XSHG
4589,10000296.XSHG,0.7312,0.76,2015-09-25,XSHG
4590,10000297.XSHG,0.0339,0.0237,2015-09-25,XSHG
4591,10000294.XSHG,,,2015-09-25,XSHG
4592,10000295.XSHG,,,2015-09-25,XSHG
4593,10000292.XSHG,,,2015-09-25,XSHG
4594,10000293.XSHG,,,2015-09-25,XSHG
4595,10000290.XSHG,0.045,0.0326,2015-09-25,XSHG
4596,10000291.XSHG,0.0379,0.0276,2015-09-25,XSHG
4597,10000298.XSHG,0.7815,0.7815,2015-09-25,XSHG
4598,10000238.XSHG,0.0149,0.0108,2015-09-25,XSHG
4599,10000183.XSHG,0.0075,0.0055,2015-09-25,XSHG
4600,10000186.XSHG,0.0041,0.0029,2015-09-25,XSHG
4601,10000187.XSHG,0.0038,0.0029,2015-09-25,XSHG
4602,10000184.XSHG,0.006,0.0049,2015-09-25,XSHG
4603,10000185.XSHG,0.0037,0.0035,2015-09-25,XSHG
4604,10000188.XSHG,0.8737,0.9089,2015-09-25,XSHG
4605,10000189.XSHG,0.9973,0.9974,2015-09-25,XSHG
4606,10000368.XSHG,0.1603,0.1432,2015-09-28,XSHG
4607,10000369.XSHG,0.0875,0.0734,2015-09-28,XSHG
4608,10000366.XSHG,0.2195,0.2033,2015-09-28,XSHG
4609,10000367.XSHG,0.1894,0.1693,2015-09-28,XSHG
4610,10000365.XSHG,0.2524,0.2427,2015-09-28,XSHG
4611,10000201.XSHG,0.0066,0.0055,2015-09-28,XSHG
4612,10000200.XSHG,1.3707,1.3707,2015-09-28,XSHG
4613,10000203.XSHG,0.0077,0.007,2015-09-28,XSHG
4614,10000202.XSHG,0.85,0.85,2015-09-28,XSHG
4615,10000205.XSHG,0.009,0.0078,2015-09-28,XSHG
4616,10000204.XSHG,0.8115,0.783,2015-09-28,XSHG
4617,10000206.XSHG,0.7634,0.7381,2015-09-28,XSHG
4618,10000191.XSHG,,,2015-09-28,XSHG
4619,10000190.XSHG,,,2015-09-28,XSHG
4620,10000192.XSHG,,,2015-09-28,XSHG
4621,10000199.XSHG,0.0015,0.0027,2015-09-28,XSHG
4622,10000428.XSHG,0.1123,0.1027,2015-09-28,XSHG
4623,10000379.XSHG,0.1765,0.1765,2015-09-28,XSHG
4624,10000378.XSHG,0.1708,0.1588,2015-09-28,XSHG
4625,10000402.XSHG,0.0841,0.073,2015-09-28,XSHG
4626,10000375.XSHG,,,2015-09-28,XSHG
4627,10000374.XSHG,0.2611,0.2558,2015-09-28,XSHG
4628,10000377.XSHG,0.1467,0.1421,2015-09-28,XSHG
4629,10000376.XSHG,0.2138,0.2111,2015-09-28,XSHG
4630,10000371.XSHG,0.1268,0.1109,2015-09-28,XSHG
4631,10000370.XSHG,0.1026,0.0919,2015-09-28,XSHG
4632,10000373.XSHG,0.281,0.281,2015-09-28,XSHG
4633,10000372.XSHG,0.1486,0.1339,2015-09-28,XSHG
4634,10000274.XSHG,0.6158,0.5945,2015-09-28,XSHG
4635,10000270.XSHG,0.018,0.0165,2015-09-28,XSHG
4636,10000271.XSHG,0.0143,0.0129,2015-09-28,XSHG
4637,10000272.XSHG,,,2015-09-28,XSHG
4638,10000273.XSHG,0.5718,0.5718,2015-09-28,XSHG
4639,10000393.XSHG,0.3628,0.3501,2015-09-28,XSHG
4640,10000279.XSHG,0.0285,0.027,2015-09-28,XSHG
4641,10000289.XSHG,0.0371,0.0332,2015-09-28,XSHG
4642,10000288.XSHG,0.0437,0.0377,2015-09-28,XSHG
4643,10000280.XSHG,,,2015-09-28,XSHG
4644,10000285.XSHG,0.034,0.032,2015-09-28,XSHG
4645,10000287.XSHG,0.0525,0.0475,2015-09-28,XSHG
4646,10000286.XSHG,0.4375,0.41,2015-09-28,XSHG
4647,10000414.XSHG,0.0438,0.0288,2015-09-28,XSHG
4648,10000415.XSHG,0.1033,0.0939,2015-09-28,XSHG
4649,10000416.XSHG,0.0758,0.0684,2015-09-28,XSHG
4650,10000417.XSHG,0.0582,0.0511,2015-09-28,XSHG
4651,10000410.XSHG,0.0087,0.0048,2015-09-28,XSHG
4652,10000411.XSHG,0.0136,0.0063,2015-09-28,XSHG
4653,10000412.XSHG,0.0203,0.0102,2015-09-28,XSHG
4654,10000413.XSHG,0.03,0.0175,2015-09-28,XSHG
4655,10000418.XSHG,0.0628,0.0476,2015-09-28,XSHG
4656,10000419.XSHG,0.0899,0.0704,2015-09-28,XSHG
4657,10000308.XSHG,0.0956,0.091,2015-09-28,XSHG
4658,10000309.XSHG,0.0799,0.0792,2015-09-28,XSHG
4659,10000397.XSHG,0.0565,0.0485,2015-09-28,XSHG
4660,10000303.XSHG,0.051,0.0477,2015-09-28,XSHG
4661,10000304.XSHG,0.0421,0.0377,2015-09-28,XSHG
4662,10000305.XSHG,0.3308,0.33,2015-09-28,XSHG
4663,10000306.XSHG,,,2015-09-28,XSHG
4664,10000307.XSHG,0.1097,0.1002,2015-09-28,XSHG
4665,10000395.XSHG,0.2878,0.272,2015-09-28,XSHG
4666,10000394.XSHG,0.32,0.3034,2015-09-28,XSHG
4667,10000407.XSHG,0.2172,0.2103,2015-09-28,XSHG
4668,10000406.XSHG,0.2622,0.2569,2015-09-28,XSHG
4669,10000405.XSHG,0.3031,0.3031,2015-09-28,XSHG
4670,10000404.XSHG,0.1163,0.1134,2015-09-28,XSHG
4671,10000403.XSHG,0.1006,0.0914,2015-09-28,XSHG
4672,10000396.XSHG,0.0445,0.0333,2015-09-28,XSHG
4673,10000401.XSHG,0.327,0.327,2015-09-28,XSHG
4674,10000400.XSHG,0.3701,0.3701,2015-09-28,XSHG
4675,10000399.XSHG,0.4002,0.376,2015-09-28,XSHG
4676,10000398.XSHG,0.067,0.06,2015-09-28,XSHG
4677,10000409.XSHG,0.1322,0.1247,2015-09-28,XSHG
4678,10000408.XSHG,0.1701,0.168,2015-09-28,XSHG
4679,10000319.XSHG,0.0644,0.0617,2015-09-28,XSHG
4680,10000313.XSHG,0.441,0.441,2015-09-28,XSHG
4681,10000312.XSHG,0.4042,0.4042,2015-09-28,XSHG
4682,10000311.XSHG,0.0615,0.06,2015-09-28,XSHG
4683,10000310.XSHG,0.0716,0.065,2015-09-28,XSHG
4684,10000316.XSHG,,,2015-09-28,XSHG
4685,10000315.XSHG,,,2015-09-28,XSHG
4686,10000314.XSHG,,,2015-09-28,XSHG
4687,10000380.XSHG,0.22,0.2007,2015-09-28,XSHG
4688,10000240.XSHG,0.7131,0.7131,2015-09-28,XSHG
4689,10000328.XSHG,,,2015-09-28,XSHG
4690,10000326.XSHG,0.266,0.2647,2015-09-28,XSHG
4691,10000327.XSHG,0.1427,0.131,2015-09-28,XSHG
4692,10000325.XSHG,0.0784,0.0762,2015-09-28,XSHG
4693,10000322.XSHG,,,2015-09-28,XSHG
4694,10000320.XSHG,0.2994,0.2976,2015-09-28,XSHG
4695,10000321.XSHG,0.1253,0.1155,2015-09-28,XSHG
4696,10000331.XSHG,0.0944,0.0898,2015-09-28,XSHG
4697,10000239.XSHG,,,2015-09-28,XSHG
4698,10000333.XSHG,0.1576,0.1487,2015-09-28,XSHG
4699,10000332.XSHG,0.2322,0.2256,2015-09-28,XSHG
4700,10000334.XSHG,,,2015-09-28,XSHG
4701,10000237.XSHG,0.0129,0.0103,2015-09-28,XSHG
4702,10000438.XSHG,0.0928,0.0646,2015-09-28,XSHG
4703,10000228.XSHG,1.4651,1.4651,2015-09-28,XSHG
4704,10000432.XSHG,0.112,0.0892,2015-09-28,XSHG
4705,10000433.XSHG,0.1386,0.1215,2015-09-28,XSHG
4706,10000430.XSHG,0.0738,0.0644,2015-09-28,XSHG
4707,10000431.XSHG,0.058,0.0523,2015-09-28,XSHG
4708,10000436.XSHG,0.2307,0.222,2015-09-28,XSHG
4709,10000437.XSHG,0.1603,0.1464,2015-09-28,XSHG
4710,10000434.XSHG,0.1665,0.1515,2015-09-28,XSHG
4711,10000435.XSHG,0.2026,0.1849,2015-09-28,XSHG
4712,10000344.XSHG,0.211,0.1912,2015-09-28,XSHG
4713,10000345.XSHG,0.182,0.197,2015-09-28,XSHG
4714,10000346.XSHG,,,2015-09-28,XSHG
4715,10000347.XSHG,0.245,0.2367,2015-09-28,XSHG
4716,10000341.XSHG,0.1355,0.1296,2015-09-28,XSHG
4717,10000342.XSHG,0.1136,0.1077,2015-09-28,XSHG
4718,10000343.XSHG,0.1765,0.165,2015-09-28,XSHG
4719,10000348.XSHG,0.27,0.2548,2015-09-28,XSHG
4720,10000227.XSHG,0.0023,0.0022,2015-09-28,XSHG
4721,10000429.XSHG,0.0916,0.0837,2015-09-28,XSHG
4722,10000269.XSHG,0.0228,0.019,2015-09-28,XSHG
4723,10000425.XSHG,0.0217,0.0175,2015-09-28,XSHG
4724,10000424.XSHG,0.1888,0.1782,2015-09-28,XSHG
4725,10000427.XSHG,0.1363,0.1213,2015-09-28,XSHG
4726,10000426.XSHG,0.2299,0.2174,2015-09-28,XSHG
4727,10000421.XSHG,0.0403,0.036,2015-09-28,XSHG
4728,10000420.XSHG,0.119,0.1037,2015-09-28,XSHG
4729,10000423.XSHG,0.029,0.0259,2015-09-28,XSHG
4730,10000422.XSHG,0.1525,0.1389,2015-09-28,XSHG
4731,10000296.XSHG,,,2015-09-28,XSHG
4732,10000297.XSHG,0.0235,0.022,2015-09-28,XSHG
4733,10000294.XSHG,,,2015-09-28,XSHG
4734,10000295.XSHG,,,2015-09-28,XSHG
4735,10000292.XSHG,,,2015-09-28,XSHG
4736,10000293.XSHG,,,2015-09-28,XSHG
4737,10000290.XSHG,0.0316,0.0272,2015-09-28,XSHG
4738,10000291.XSHG,0.0273,0.024,2015-09-28,XSHG
4739,10000298.XSHG,0.801,0.7862,2015-09-28,XSHG
4740,10000238.XSHG,0.0099,0.0091,2015-09-28,XSHG
4741,10000183.XSHG,0.005,0.0048,2015-09-28,XSHG
4742,10000186.XSHG,0.0021,0.0031,2015-09-28,XSHG
4743,10000187.XSHG,0.0021,0.0027,2015-09-28,XSHG
4744,10000184.XSHG,0.0041,0.0038,2015-09-28,XSHG
4745,10000185.XSHG,0.0035,0.0037,2015-09-28,XSHG
4746,10000188.XSHG,0.8696,0.8696,2015-09-28,XSHG
4747,10000189.XSHG,,,2015-09-28,XSHG
4748,10000368.XSHG,0.0707,0.1159,2015-09-29,XSHG
4749,10000369.XSHG,0.0802,0.0797,2015-09-29,XSHG
4750,10000366.XSHG,0.1896,0.1637,2015-09-29,XSHG
4751,10000367.XSHG,0.1689,0.1404,2015-09-29,XSHG
4752,10000365.XSHG,0.23,0.1937,2015-09-29,XSHG
4753,10000201.XSHG,0.0044,0.0047,2015-09-29,XSHG
4754,10000200.XSHG,1.3963,1.3964,2015-09-29,XSHG
4755,10000203.XSHG,0.0059,0.0055,2015-09-29,XSHG
4756,10000202.XSHG,,,2015-09-29,XSHG
4757,10000205.XSHG,0.0067,0.007,2015-09-29,XSHG
4758,10000204.XSHG,0.806,0.8304,2015-09-29,XSHG
4759,10000206.XSHG,0.7795,0.7795,2015-09-29,XSHG
4760,10000191.XSHG,,,2015-09-29,XSHG
4761,10000190.XSHG,,,2015-09-29,XSHG
4762,10000192.XSHG,1.2928,1.2929,2015-09-29,XSHG
4763,10000199.XSHG,0.0014,0.0027,2015-09-29,XSHG
4764,10000428.XSHG,0.0928,0.0752,2015-09-29,XSHG
4765,10000379.XSHG,,,2015-09-29,XSHG
4766,10000378.XSHG,0.1588,0.1678,2015-09-29,XSHG
4767,10000402.XSHG,0.077,0.0786,2015-09-29,XSHG
4768,10000375.XSHG,0.2296,0.197,2015-09-29,XSHG
4769,10000374.XSHG,0.2327,0.2196,2015-09-29,XSHG
4770,10000377.XSHG,0.1356,0.1461,2015-09-29,XSHG
4771,10000376.XSHG,0.1908,0.18,2015-09-29,XSHG
4772,10000371.XSHG,0.1153,0.1242,2015-09-29,XSHG
4773,10000370.XSHG,0.1109,0.105,2015-09-29,XSHG
4774,10000373.XSHG,0.2745,0.2468,2015-09-29,XSHG
4775,10000372.XSHG,0.14,0.153,2015-09-29,XSHG
4776,10000274.XSHG,0.6221,0.6463,2015-09-29,XSHG
4777,10000270.XSHG,0.0142,0.0121,2015-09-29,XSHG
4778,10000271.XSHG,0.0112,0.01,2015-09-29,XSHG
4779,10000272.XSHG,0.5165,0.5495,2015-09-29,XSHG
4780,10000273.XSHG,0.5853,0.5848,2015-09-29,XSHG
4781,10000393.XSHG,0.348,0.3049,2015-09-29,XSHG
4782,10000279.XSHG,0.0216,0.02,2015-09-29,XSHG
4783,10000289.XSHG,0.031,0.0258,2015-09-29,XSHG
4784,10000288.XSHG,0.0371,0.0282,2015-09-29,XSHG
4785,10000280.XSHG,0.4405,0.4909,2015-09-29,XSHG
4786,10000285.XSHG,0.0278,0.0236,2015-09-29,XSHG
4787,10000287.XSHG,0.0444,0.0352,2015-09-29,XSHG
4788,10000286.XSHG,0.439,0.45,2015-09-29,XSHG
4789,10000414.XSHG,0.0349,0.0431,2015-09-29,XSHG
4790,10000415.XSHG,0.0843,0.0618,2015-09-29,XSHG
4791,10000416.XSHG,0.0596,0.0412,2015-09-29,XSHG
4792,10000417.XSHG,0.0454,0.0285,2015-09-29,XSHG
4793,10000410.XSHG,0.006,0.0072,2015-09-29,XSHG
4794,10000411.XSHG,0.0096,0.0106,2015-09-29,XSHG
4795,10000412.XSHG,0.012,0.016,2015-09-29,XSHG
4796,10000413.XSHG,0.023,0.0268,2015-09-29,XSHG
4797,10000418.XSHG,0.0538,0.0661,2015-09-29,XSHG
4798,10000419.XSHG,0.0756,0.0965,2015-09-29,XSHG
4799,10000308.XSHG,0.0845,0.0698,2015-09-29,XSHG
4800,10000309.XSHG,0.0731,0.0591,2015-09-29,XSHG
4801,10000397.XSHG,0.0462,0.0467,2015-09-29,XSHG
4802,10000303.XSHG,0.0431,0.038,2015-09-29,XSHG
4803,10000304.XSHG,0.0343,0.0295,2015-09-29,XSHG
4804,10000305.XSHG,0.3526,0.3526,2015-09-29,XSHG
4805,10000306.XSHG,0.403,0.403,2015-09-29,XSHG
4806,10000307.XSHG,0.0972,0.0759,2015-09-29,XSHG
4807,10000395.XSHG,0.2707,0.2267,2015-09-29,XSHG
4808,10000394.XSHG,0.3104,0.2701,2015-09-29,XSHG
4809,10000407.XSHG,0.1972,0.1648,2015-09-29,XSHG
4810,10000406.XSHG,0.2439,0.2059,2015-09-29,XSHG
4811,10000405.XSHG,0.2933,0.2542,2015-09-29,XSHG
4812,10000404.XSHG,0.1153,0.1224,2015-09-29,XSHG
4813,10000403.XSHG,0.0986,0.0996,2015-09-29,XSHG
4814,10000396.XSHG,0.0351,0.0366,2015-09-29,XSHG
4815,10000401.XSHG,0.291,0.2791,2015-09-29,XSHG
4816,10000400.XSHG,0.3511,0.3056,2015-09-29,XSHG
4817,10000399.XSHG,0.3865,0.347,2015-09-29,XSHG
4818,10000398.XSHG,0.061,0.061,2015-09-29,XSHG
4819,10000409.XSHG,0.1159,0.0868,2015-09-29,XSHG
4820,10000408.XSHG,0.1592,0.121,2015-09-29,XSHG
4821,10000319.XSHG,0.054,0.0469,2015-09-29,XSHG
4822,10000313.XSHG,0.4442,0.445,2015-09-29,XSHG
4823,10000312.XSHG,0.406,0.406,2015-09-29,XSHG
4824,10000311.XSHG,0.0542,0.0407,2015-09-29,XSHG
4825,10000310.XSHG,0.0626,0.0506,2015-09-29,XSHG
4826,10000316.XSHG,0.5613,0.5613,2015-09-29,XSHG
4827,10000315.XSHG,,,2015-09-29,XSHG
4828,10000314.XSHG,,,2015-09-29,XSHG
4829,10000380.XSHG,0.1996,0.214,2015-09-29,XSHG
4830,10000240.XSHG,0.7104,0.7297,2015-09-29,XSHG
4831,10000328.XSHG,0.3258,0.3226,2015-09-29,XSHG
4832,10000326.XSHG,0.2728,0.2917,2015-09-29,XSHG
4833,10000327.XSHG,0.1226,0.1005,2015-09-29,XSHG
4834,10000325.XSHG,0.0697,0.0573,2015-09-29,XSHG
4835,10000322.XSHG,0.3618,0.3589,2015-09-29,XSHG
4836,10000320.XSHG,0.3124,0.3285,2015-09-29,XSHG
4837,10000321.XSHG,0.1073,0.092,2015-09-29,XSHG
4838,10000331.XSHG,0.0822,0.067,2015-09-29,XSHG
4839,10000239.XSHG,0.66,0.6909,2015-09-29,XSHG
4840,10000333.XSHG,0.1299,0.1164,2015-09-29,XSHG
4841,10000332.XSHG,0.2418,0.252,2015-09-29,XSHG
4842,10000334.XSHG,0.2947,0.2947,2015-09-29,XSHG
4843,10000237.XSHG,0.0092,0.0092,2015-09-29,XSHG
4844,10000438.XSHG,0.0759,0.0854,2015-09-29,XSHG
4845,10000228.XSHG,1.4948,1.5087,2015-09-29,XSHG
4846,10000432.XSHG,0.1013,0.1108,2015-09-29,XSHG
4847,10000433.XSHG,0.1289,0.1399,2015-09-29,XSHG
4848,10000430.XSHG,0.0557,0.0431,2015-09-29,XSHG
4849,10000431.XSHG,0.0438,0.0324,2015-09-29,XSHG
4850,10000436.XSHG,0.235,0.2451,2015-09-29,XSHG
4851,10000437.XSHG,0.1387,0.1136,2015-09-29,XSHG
4852,10000434.XSHG,0.1603,0.178,2015-09-29,XSHG
4853,10000435.XSHG,0.193,0.212,2015-09-29,XSHG
4854,10000344.XSHG,0.2137,0.2237,2015-09-29,XSHG
4855,10000345.XSHG,0.1628,0.156,2015-09-29,XSHG
4856,10000346.XSHG,0.1676,0.1354,2015-09-29,XSHG
4857,10000347.XSHG,0.23,0.241,2015-09-29,XSHG
4858,10000341.XSHG,0.1088,0.1003,2015-09-29,XSHG
4859,10000342.XSHG,0.0985,0.0825,2015-09-29,XSHG
4860,10000343.XSHG,0.165,0.1859,2015-09-29,XSHG
4861,10000348.XSHG,0.259,0.2677,2015-09-29,XSHG
4862,10000227.XSHG,0.0012,0.0022,2015-09-29,XSHG
4863,10000429.XSHG,0.0744,0.059,2015-09-29,XSHG
4864,10000269.XSHG,0.018,0.0161,2015-09-29,XSHG
4865,10000425.XSHG,0.015,0.0092,2015-09-29,XSHG
4866,10000424.XSHG,0.1884,0.2135,2015-09-29,XSHG
4867,10000427.XSHG,0.1144,0.0953,2015-09-29,XSHG
4868,10000426.XSHG,0.235,0.2602,2015-09-29,XSHG
4869,10000421.XSHG,0.0318,0.0183,2015-09-29,XSHG
4870,10000420.XSHG,0.108,0.1342,2015-09-29,XSHG
4871,10000423.XSHG,0.0221,0.014,2015-09-29,XSHG
4872,10000422.XSHG,0.149,0.1714,2015-09-29,XSHG
4873,10000296.XSHG,0.767,0.7797,2015-09-29,XSHG
4874,10000297.XSHG,0.0201,0.0162,2015-09-29,XSHG
4875,10000294.XSHG,,,2015-09-29,XSHG
4876,10000295.XSHG,0.7524,0.7524,2015-09-29,XSHG
4877,10000292.XSHG,,,2015-09-29,XSHG
4878,10000293.XSHG,,,2015-09-29,XSHG
4879,10000290.XSHG,0.0255,0.0214,2015-09-29,XSHG
4880,10000291.XSHG,0.0222,0.0172,2015-09-29,XSHG
4881,10000298.XSHG,0.8391,0.8387,2015-09-29,XSHG
4882,10000238.XSHG,0.0077,0.0079,2015-09-29,XSHG
4883,10000183.XSHG,0.004,0.0044,2015-09-29,XSHG
4884,10000186.XSHG,0.002,0.003,2015-09-29,XSHG
4885,10000187.XSHG,0.0018,0.0032,2015-09-29,XSHG
4886,10000184.XSHG,0.0032,0.0037,2015-09-29,XSHG
4887,10000185.XSHG,0.0026,0.0033,2015-09-29,XSHG
4888,10000188.XSHG,0.905,0.9376,2015-09-29,XSHG
4889,10000189.XSHG,1.0028,1.0236,2015-09-29,XSHG
4890,10000368.XSHG,0.1262,0.1266,2015-09-30,XSHG
4891,10000369.XSHG,0.0787,0.0664,2015-09-30,XSHG
4892,10000366.XSHG,0.178,0.176,2015-09-30,XSHG
4893,10000367.XSHG,0.1526,0.151,2015-09-30,XSHG
4894,10000365.XSHG,0.2106,0.2045,2015-09-30,XSHG
4895,10000201.XSHG,0.0052,0.0049,2015-09-30,XSHG
4896,10000200.XSHG,1.4015,1.4066,2015-09-30,XSHG
4897,10000203.XSHG,0.0057,0.0051,2015-09-30,XSHG
4898,10000202.XSHG,,,2015-09-30,XSHG
4899,10000205.XSHG,0.0067,0.007,2015-09-30,XSHG
4900,10000204.XSHG,0.805,0.805,2015-09-30,XSHG
4901,10000206.XSHG,0.7693,0.754,2015-09-30,XSHG
4902,10000191.XSHG,,,2015-09-30,XSHG
4903,10000190.XSHG,,,2015-09-30,XSHG
4904,10000192.XSHG,1.3006,1.3006,2015-09-30,XSHG
4905,10000199.XSHG,0.0016,0.0017,2015-09-30,XSHG
4906,10000428.XSHG,0.08,0.084,2015-09-30,XSHG
4907,10000379.XSHG,0.1856,0.1645,2015-09-30,XSHG
4908,10000378.XSHG,0.1618,0.1401,2015-09-30,XSHG
4909,10000402.XSHG,0.0775,0.0642,2015-09-30,XSHG
4910,10000375.XSHG,0.2092,0.2047,2015-09-30,XSHG
4911,10000374.XSHG,0.2386,0.23,2015-09-30,XSHG
4912,10000377.XSHG,0.133,0.1188,2015-09-30,XSHG
4913,10000376.XSHG,0.1788,0.1877,2015-09-30,XSHG
4914,10000371.XSHG,0.124,0.1057,2015-09-30,XSHG
4915,10000370.XSHG,0.0998,0.0871,2015-09-30,XSHG
4916,10000373.XSHG,0.2673,0.258,2015-09-30,XSHG
4917,10000372.XSHG,0.1518,0.1363,2015-09-30,XSHG
4918,10000274.XSHG,0.6206,0.6111,2015-09-30,XSHG
4919,10000270.XSHG,0.0139,0.0133,2015-09-30,XSHG
4920,10000271.XSHG,0.0112,0.0102,2015-09-30,XSHG
4921,10000272.XSHG,0.5243,0.5177,2015-09-30,XSHG
4922,10000273.XSHG,0.5528,0.5685,2015-09-30,XSHG
4923,10000393.XSHG,0.3219,0.325,2015-09-30,XSHG
4924,10000279.XSHG,0.021,0.019,2015-09-30,XSHG
4925,10000289.XSHG,0.027,0.0262,2015-09-30,XSHG
4926,10000288.XSHG,0.0316,0.0301,2015-09-30,XSHG
4927,10000280.XSHG,0.4803,0.4667,2015-09-30,XSHG
4928,10000285.XSHG,0.0255,0.0231,2015-09-30,XSHG
4929,10000287.XSHG,0.0377,0.036,2015-09-30,XSHG
4930,10000286.XSHG,0.44,0.43,2015-09-30,XSHG
4931,10000414.XSHG,0.0371,0.0316,2015-09-30,XSHG
4932,10000415.XSHG,0.0701,0.0764,2015-09-30,XSHG
4933,10000416.XSHG,0.0496,0.0512,2015-09-30,XSHG
4934,10000417.XSHG,0.0331,0.0345,2015-09-30,XSHG
4935,10000410.XSHG,0.0055,0.007,2015-09-30,XSHG
4936,10000411.XSHG,0.0092,0.01,2015-09-30,XSHG
4937,10000412.XSHG,0.013,0.015,2015-09-30,XSHG
4938,10000413.XSHG,0.0219,0.0215,2015-09-30,XSHG
4939,10000418.XSHG,0.0581,0.0485,2015-09-30,XSHG
4940,10000419.XSHG,0.087,0.072,2015-09-30,XSHG
4941,10000308.XSHG,0.0707,0.0675,2015-09-30,XSHG
4942,10000309.XSHG,0.0609,0.0615,2015-09-30,XSHG
4943,10000397.XSHG,0.0463,0.0381,2015-09-30,XSHG
4944,10000303.XSHG,0.0399,0.0374,2015-09-30,XSHG
4945,10000304.XSHG,0.0323,0.0303,2015-09-30,XSHG
4946,10000305.XSHG,0.36,0.3394,2015-09-30,XSHG
4947,10000306.XSHG,0.3868,0.3868,2015-09-30,XSHG
4948,10000307.XSHG,0.0817,0.078,2015-09-30,XSHG
4949,10000395.XSHG,0.2444,0.2405,2015-09-30,XSHG
4950,10000394.XSHG,0.2935,0.2829,2015-09-30,XSHG
4951,10000407.XSHG,0.183,0.1892,2015-09-30,XSHG
4952,10000406.XSHG,0.223,0.236,2015-09-30,XSHG
4953,10000405.XSHG,0.2658,0.2836,2015-09-30,XSHG
4954,10000404.XSHG,0.1117,0.1001,2015-09-30,XSHG
4955,10000403.XSHG,0.0887,0.0855,2015-09-30,XSHG
4956,10000396.XSHG,0.0348,0.0293,2015-09-30,XSHG
4957,10000401.XSHG,0.2972,0.2864,2015-09-30,XSHG
4958,10000400.XSHG,0.3267,0.3229,2015-09-30,XSHG
4959,10000399.XSHG,0.3499,0.3557,2015-09-30,XSHG
4960,10000398.XSHG,0.0609,0.0512,2015-09-30,XSHG
4961,10000409.XSHG,0.0981,0.1102,2015-09-30,XSHG
4962,10000408.XSHG,0.1351,0.1485,2015-09-30,XSHG
4963,10000319.XSHG,0.0488,0.0477,2015-09-30,XSHG
4964,10000313.XSHG,,,2015-09-30,XSHG
4965,10000312.XSHG,,,2015-09-30,XSHG
4966,10000311.XSHG,0.0445,0.0438,2015-09-30,XSHG
4967,10000310.XSHG,0.0522,0.0538,2015-09-30,XSHG
4968,10000316.XSHG,,,2015-09-30,XSHG
4969,10000315.XSHG,,,2015-09-30,XSHG
4970,10000314.XSHG,,,2015-09-30,XSHG
4971,10000380.XSHG,0.2134,0.1967,2015-09-30,XSHG
4972,10000240.XSHG,,,2015-09-30,XSHG
4973,10000328.XSHG,,,2015-09-30,XSHG
4974,10000326.XSHG,0.2714,0.2638,2015-09-30,XSHG
4975,10000327.XSHG,0.1079,0.1058,2015-09-30,XSHG
4976,10000325.XSHG,0.0606,0.0595,2015-09-30,XSHG
4977,10000322.XSHG,0.355,0.355,2015-09-30,XSHG
4978,10000320.XSHG,0.31,0.2994,2015-09-30,XSHG
4979,10000321.XSHG,0.094,0.0964,2015-09-30,XSHG
4980,10000331.XSHG,0.0729,0.0723,2015-09-30,XSHG
4981,10000239.XSHG,0.6611,0.6611,2015-09-30,XSHG
4982,10000333.XSHG,0.1235,0.123,2015-09-30,XSHG
4983,10000332.XSHG,0.2348,0.2225,2015-09-30,XSHG
4984,10000334.XSHG,0.2873,0.28,2015-09-30,XSHG
4985,10000237.XSHG,0.0093,0.0083,2015-09-30,XSHG
4986,10000438.XSHG,0.0789,0.0718,2015-09-30,XSHG
4987,10000228.XSHG,1.4888,1.4888,2015-09-30,XSHG
4988,10000432.XSHG,0.1066,0.0965,2015-09-30,XSHG
4989,10000433.XSHG,0.136,0.1234,2015-09-30,XSHG
4990,10000430.XSHG,0.0493,0.0479,2015-09-30,XSHG
4991,10000431.XSHG,0.0376,0.0359,2015-09-30,XSHG
4992,10000436.XSHG,0.2399,0.223,2015-09-30,XSHG
4993,10000437.XSHG,0.1263,0.1308,2015-09-30,XSHG
4994,10000434.XSHG,0.1699,0.1532,2015-09-30,XSHG
4995,10000435.XSHG,0.206,0.1884,2015-09-30,XSHG
4996,10000344.XSHG,0.2087,0.1899,2015-09-30,XSHG
4997,10000345.XSHG,0.1575,0.1582,2015-09-30,XSHG
4998,10000346.XSHG,0.141,0.1399,2015-09-30,XSHG
4999,10000347.XSHG,0.242,0.219,2015-09-30,XSHG
