,code,open,close,date,exchange_code
0,10000139.XSHG,0.3021,0.3234,2015-06-30,XSHG
1,10000201.XSHG,0.3291,0.387,2015-06-30,XSHG
2,10000200.XSHG,0.9634,0.8773,2015-06-30,XSHG
3,10000203.XSHG,0.35,0.431,2015-06-30,XSHG
4,10000202.XSHG,0.4718,0.385,2015-06-30,XSHG
5,10000205.XSHG,0.3424,0.401,2015-06-30,XSHG
6,10000204.XSHG,0.4267,0.3421,2015-06-30,XSHG
7,10000207.XSHG,0.0952,0.1149,2015-06-30,XSHG
8,10000206.XSHG,0.4339,0.3073,2015-06-30,XSHG
9,10000209.XSHG,0.0644,0.0709,2015-06-30,XSHG
10,10000208.XSHG,0.083,0.093,2015-06-30,XSHG
11,10000165.XSHG,0.1928,0.2283,2015-06-30,XSHG
12,10000166.XSHG,0.5724,0.5443,2015-06-30,XSHG
13,10000197.XSHG,0.1598,0.18,2015-06-30,XSHG
14,10000191.XSHG,0.7457,0.6828,2015-06-30,XSHG
15,10000190.XSHG,0.6654,0.5687,2015-06-30,XSHG
16,10000192.XSHG,0.8112,0.8112,2015-06-30,XSHG
17,10000055.XSHG,0.4435,0.5334,2015-06-30,XSHG
18,10000056.XSHG,0.1472,0.116,2015-06-30,XSHG
19,10000199.XSHG,0.2578,0.3502,2015-06-30,XSHG
20,10000198.XSHG,0.8422,0.8048,2015-06-30,XSHG
21,10000274.XSHG,0.2915,0.2305,2015-06-30,XSHG
22,10000275.XSHG,0.2969,0.38,2015-06-30,XSHG
23,10000276.XSHG,0.1089,0.0511,2015-06-30,XSHG
24,10000277.XSHG,0.3653,0.4562,2015-06-30,XSHG
25,10000270.XSHG,0.4328,0.5255,2015-06-30,XSHG
26,10000271.XSHG,0.3997,0.5064,2015-06-30,XSHG
27,10000272.XSHG,0.261,0.19,2015-06-30,XSHG
28,10000273.XSHG,0.291,0.2103,2015-06-30,XSHG
29,10000173.XSHG,0.1741,0.213,2015-06-30,XSHG
30,10000278.XSHG,0.1668,0.116,2015-06-30,XSHG
31,10000279.XSHG,0.4854,0.5992,2015-06-30,XSHG
32,10000174.XSHG,0.7177,0.602,2015-06-30,XSHG
33,10000048.XSHG,0.1222,0.102,2015-06-30,XSHG
34,10000047.XSHG,0.43,0.5211,2015-06-30,XSHG
35,10000280.XSHG,0.2128,0.1689,2015-06-30,XSHG
36,10000040.XSHG,0.1086,0.0826,2015-06-30,XSHG
37,10000267.XSHG,0.236,0.1705,2015-06-30,XSHG
38,10000266.XSHG,0.2094,0.1511,2015-06-30,XSHG
39,10000265.XSHG,0.1882,0.1315,2015-06-30,XSHG
40,10000264.XSHG,0.2572,0.3335,2015-06-30,XSHG
41,10000263.XSHG,0.2834,0.3606,2015-06-30,XSHG
42,10000262.XSHG,0.3072,0.379,2015-06-30,XSHG
43,10000261.XSHG,0.3417,0.4364,2015-06-30,XSHG
44,10000149.XSHG,0.2401,0.3003,2015-06-30,XSHG
45,10000142.XSHG,0.4116,0.32,2015-06-30,XSHG
46,10000269.XSHG,0.4649,0.5556,2015-06-30,XSHG
47,10000141.XSHG,0.3545,0.3008,2015-06-30,XSHG
48,10000072.XSHG,0.2202,0.151,2015-06-30,XSHG
49,10000071.XSHG,0.3416,0.4699,2015-06-30,XSHG
50,10000079.XSHG,0.314,0.4028,2015-06-30,XSHG
51,10000258.XSHG,0.1478,0.0653,2015-06-30,XSHG
52,10000259.XSHG,0.1741,0.0801,2015-06-30,XSHG
53,10000252.XSHG,0.2193,0.2958,2015-06-30,XSHG
54,10000253.XSHG,0.2891,0.2189,2015-06-30,XSHG
55,10000250.XSHG,0.5866,0.4798,2015-06-30,XSHG
56,10000251.XSHG,0.2378,0.3042,2015-06-30,XSHG
57,10000256.XSHG,0.2409,0.3,2015-06-30,XSHG
58,10000257.XSHG,0.2186,0.268,2015-06-30,XSHG
59,10000254.XSHG,0.3124,0.2452,2015-06-30,XSHG
60,10000255.XSHG,0.2677,0.336,2015-06-30,XSHG
61,10000150.XSHG,0.4693,0.346,2015-06-30,XSHG
62,10000157.XSHG,0.2146,0.2567,2015-06-30,XSHG
63,10000158.XSHG,0.5594,0.43,2015-06-30,XSHG
64,10000095.XSHG,0.3277,0.397,2015-06-30,XSHG
65,10000096.XSHG,0.2646,0.2189,2015-06-30,XSHG
66,10000064.XSHG,0.1789,0.14,2015-06-30,XSHG
67,10000063.XSHG,0.3628,0.465,2015-06-30,XSHG
68,10000249.XSHG,0.544,0.3951,2015-06-30,XSHG
69,10000248.XSHG,0.4223,0.3355,2015-06-30,XSHG
70,10000245.XSHG,0.1372,0.1729,2015-06-30,XSHG
71,10000244.XSHG,0.1533,0.1892,2015-06-30,XSHG
72,10000247.XSHG,0.3823,0.3141,2015-06-30,XSHG
73,10000246.XSHG,0.3505,0.2814,2015-06-30,XSHG
74,10000241.XSHG,0.204,0.2607,2015-06-30,XSHG
75,10000240.XSHG,0.3521,0.3045,2015-06-30,XSHG
76,10000243.XSHG,0.1742,0.226,2015-06-30,XSHG
77,10000242.XSHG,0.1896,0.2378,2015-06-30,XSHG
78,10000125.XSHG,0.2872,0.3306,2015-06-30,XSHG
79,10000126.XSHG,0.3094,0.2678,2015-06-30,XSHG
80,10000088.XSHG,0.2447,0.18,2015-06-30,XSHG
81,10000080.XSHG,0.2283,0.1649,2015-06-30,XSHG
82,10000087.XSHG,0.3001,0.415,2015-06-30,XSHG
83,10000036.XSHG,0.054,0.0401,2015-06-30,XSHG
84,10000037.XSHG,0.0593,0.0485,2015-06-30,XSHG
85,10000034.XSHG,0.5289,0.6575,2015-06-30,XSHG
86,10000035.XSHG,0.4835,0.616,2015-06-30,XSHG
87,10000032.XSHG,0.6313,0.7121,2015-06-30,XSHG
88,10000033.XSHG,0.5717,0.6451,2015-06-30,XSHG
89,10000031.XSHG,0.6609,0.7231,2015-06-30,XSHG
90,10000038.XSHG,0.0769,0.0649,2015-06-30,XSHG
91,10000039.XSHG,0.0903,0.0726,2015-06-30,XSHG
92,10000238.XSHG,0.3738,0.4645,2015-06-30,XSHG
93,10000239.XSHG,0.3237,0.2452,2015-06-30,XSHG
94,10000230.XSHG,0.3211,0.2,2015-06-30,XSHG
95,10000231.XSHG,0.2005,0.2436,2015-06-30,XSHG
96,10000232.XSHG,0.171,0.212,2015-06-30,XSHG
97,10000233.XSHG,0.1547,0.1962,2015-06-30,XSHG
98,10000234.XSHG,0.22,0.1241,2015-06-30,XSHG
99,10000235.XSHG,0.2539,0.1473,2015-06-30,XSHG
100,10000236.XSHG,0.283,0.1786,2015-06-30,XSHG
101,10000237.XSHG,0.3852,0.4623,2015-06-30,XSHG
102,10000103.XSHG,0.315,0.3713,2015-06-30,XSHG
103,10000260.XSHG,0.1975,0.1023,2015-06-30,XSHG
104,10000104.XSHG,0.2783,0.2452,2015-06-30,XSHG
105,10000229.XSHG,0.139,0.1746,2015-06-30,XSHG
106,10000228.XSHG,1.0097,0.9668,2015-06-30,XSHG
107,10000223.XSHG,0.032,0.0341,2015-06-30,XSHG
108,10000220.XSHG,0.3831,0.2629,2015-06-30,XSHG
109,10000227.XSHG,0.2309,0.3507,2015-06-30,XSHG
110,10000226.XSHG,0.9688,0.8375,2015-06-30,XSHG
111,10000225.XSHG,0.1446,0.1568,2015-06-30,XSHG
112,10000224.XSHG,0.9107,0.753,2015-06-30,XSHG
113,10000140.XSHG,0.2478,0.2941,2015-06-30,XSHG
114,10000268.XSHG,0.2621,0.1955,2015-06-30,XSHG
115,10000218.XSHG,0.1231,0.1404,2015-06-30,XSHG
116,10000219.XSHG,0.3521,0.2389,2015-06-30,XSHG
117,10000216.XSHG,0.8169,0.6652,2015-06-30,XSHG
118,10000217.XSHG,0.1249,0.1592,2015-06-30,XSHG
119,10000214.XSHG,0.6372,0.5001,2015-06-30,XSHG
120,10000215.XSHG,0.7356,0.5801,2015-06-30,XSHG
121,10000212.XSHG,0.4692,0.34,2015-06-30,XSHG
122,10000213.XSHG,0.5516,0.4117,2015-06-30,XSHG
123,10000210.XSHG,0.0514,0.056,2015-06-30,XSHG
124,10000211.XSHG,0.0415,0.0424,2015-06-30,XSHG
125,10000182.XSHG,0.7687,0.7488,2015-06-30,XSHG
126,10000183.XSHG,0.3306,0.3995,2015-06-30,XSHG
127,10000181.XSHG,0.175,0.2142,2015-06-30,XSHG
128,10000186.XSHG,0.2709,0.3619,2015-06-30,XSHG
129,10000187.XSHG,0.2734,0.35,2015-06-30,XSHG
130,10000184.XSHG,0.3037,0.3788,2015-06-30,XSHG
131,10000185.XSHG,0.2898,0.3507,2015-06-30,XSHG
132,10000188.XSHG,0.4966,0.4147,2015-06-30,XSHG
133,10000189.XSHG,0.5813,0.481,2015-06-30,XSHG
134,10000139.XSHG,0.305,0.2532,2015-07-01,XSHG
135,10000201.XSHG,0.3688,0.3688,2015-07-01,XSHG
136,10000200.XSHG,0.7945,0.8965,2015-07-01,XSHG
137,10000203.XSHG,0.4084,0.373,2015-07-01,XSHG
138,10000202.XSHG,0.4218,0.4218,2015-07-01,XSHG
139,10000205.XSHG,0.4254,0.3641,2015-07-01,XSHG
140,10000204.XSHG,0.3719,0.3719,2015-07-01,XSHG
141,10000207.XSHG,0.1065,0.0732,2015-07-01,XSHG
142,10000206.XSHG,0.3318,0.3497,2015-07-01,XSHG
143,10000209.XSHG,0.0671,0.0444,2015-07-01,XSHG
144,10000208.XSHG,0.0898,0.0589,2015-07-01,XSHG
145,10000165.XSHG,0.238,0.2128,2015-07-01,XSHG
146,10000166.XSHG,0.5443,0.56,2015-07-01,XSHG
147,10000197.XSHG,0.1677,0.1481,2015-07-01,XSHG
148,10000191.XSHG,0.6961,0.6961,2015-07-01,XSHG
149,10000190.XSHG,0.5799,0.66,2015-07-01,XSHG
150,10000192.XSHG,,,2015-07-01,XSHG
151,10000055.XSHG,0.4856,0.47,2015-07-01,XSHG
152,10000056.XSHG,0.1242,0.1315,2015-07-01,XSHG
153,10000199.XSHG,0.3204,0.2951,2015-07-01,XSHG
154,10000198.XSHG,,,2015-07-01,XSHG
155,10000274.XSHG,0.0022,0.3,2015-07-01,XSHG
156,10000275.XSHG,0.366,0.255,2015-07-01,XSHG
157,10000276.XSHG,0.0541,0.0649,2015-07-01,XSHG
158,10000277.XSHG,0.4421,0.3845,2015-07-01,XSHG
159,10000270.XSHG,0.4534,0.4534,2015-07-01,XSHG
160,10000271.XSHG,0.4572,0.4382,2015-07-01,XSHG
161,10000272.XSHG,0.2,0.2361,2015-07-01,XSHG
162,10000273.XSHG,0.21,0.249,2015-07-01,XSHG
163,10000173.XSHG,0.2058,0.1689,2015-07-01,XSHG
164,10000278.XSHG,0.1217,0.1489,2015-07-01,XSHG
165,10000279.XSHG,0.5971,0.5071,2015-07-01,XSHG
166,10000174.XSHG,0.5888,0.61,2015-07-01,XSHG
167,10000048.XSHG,0.1035,0.112,2015-07-01,XSHG
168,10000047.XSHG,0.497,0.4901,2015-07-01,XSHG
169,10000280.XSHG,0.1702,0.2024,2015-07-01,XSHG
170,10000040.XSHG,0.0935,0.1033,2015-07-01,XSHG
171,10000267.XSHG,0.177,0.216,2015-07-01,XSHG
172,10000266.XSHG,0.1563,0.1886,2015-07-01,XSHG
173,10000265.XSHG,0.1376,0.17,2015-07-01,XSHG
174,10000264.XSHG,0.325,0.2768,2015-07-01,XSHG
175,10000263.XSHG,0.3406,0.3019,2015-07-01,XSHG
176,10000262.XSHG,0.3731,0.3277,2015-07-01,XSHG
177,10000261.XSHG,0.4202,0.3515,2015-07-01,XSHG
178,10000149.XSHG,0.2751,0.25,2015-07-01,XSHG
179,10000142.XSHG,0.318,0.3847,2015-07-01,XSHG
180,10000269.XSHG,0.4954,0.48,2015-07-01,XSHG
181,10000141.XSHG,0.3352,0.3668,2015-07-01,XSHG
182,10000072.XSHG,0.1429,0.1763,2015-07-01,XSHG
183,10000071.XSHG,0.4178,0.4044,2015-07-01,XSHG
184,10000079.XSHG,0.4087,0.3687,2015-07-01,XSHG
185,10000258.XSHG,0.0702,0.0892,2015-07-01,XSHG
186,10000259.XSHG,0.0867,0.1098,2015-07-01,XSHG
187,10000252.XSHG,0.2778,0.2377,2015-07-01,XSHG
188,10000253.XSHG,0.2268,0.2607,2015-07-01,XSHG
189,10000250.XSHG,0.48,0.554,2015-07-01,XSHG
190,10000251.XSHG,0.2971,0.2589,2015-07-01,XSHG
191,10000256.XSHG,0.289,0.1991,2015-07-01,XSHG
192,10000257.XSHG,0.2576,0.168,2015-07-01,XSHG
193,10000254.XSHG,0.2502,0.3002,2015-07-01,XSHG
194,10000255.XSHG,0.3236,0.2202,2015-07-01,XSHG
195,10000150.XSHG,0.3509,0.4287,2015-07-01,XSHG
196,10000157.XSHG,0.245,0.2361,2015-07-01,XSHG
197,10000158.XSHG,0.465,0.5312,2015-07-01,XSHG
198,10000095.XSHG,0.3684,0.3237,2015-07-01,XSHG
199,10000096.XSHG,0.2168,0.2486,2015-07-01,XSHG
200,10000064.XSHG,0.13,0.1562,2015-07-01,XSHG
201,10000063.XSHG,0.4636,0.427,2015-07-01,XSHG
202,10000249.XSHG,0.4015,0.4706,2015-07-01,XSHG
203,10000248.XSHG,0.3501,0.3991,2015-07-01,XSHG
204,10000245.XSHG,0.1667,0.1353,2015-07-01,XSHG
205,10000244.XSHG,0.1887,0.1502,2015-07-01,XSHG
206,10000247.XSHG,0.3175,0.3742,2015-07-01,XSHG
207,10000246.XSHG,0.2833,0.3293,2015-07-01,XSHG
208,10000241.XSHG,0.262,0.2175,2015-07-01,XSHG
209,10000240.XSHG,0.3063,0.3276,2015-07-01,XSHG
210,10000243.XSHG,0.2202,0.1824,2015-07-01,XSHG
211,10000242.XSHG,0.2453,0.199,2015-07-01,XSHG
212,10000125.XSHG,0.3409,0.2904,2015-07-01,XSHG
213,10000126.XSHG,0.234,0.3389,2015-07-01,XSHG
214,10000088.XSHG,0.2159,0.2159,2015-07-01,XSHG
215,10000080.XSHG,0.1637,0.2034,2015-07-01,XSHG
216,10000087.XSHG,0.39,0.3501,2015-07-01,XSHG
217,10000036.XSHG,0.0426,0.0521,2015-07-01,XSHG
218,10000037.XSHG,0.0501,0.064,2015-07-01,XSHG
219,10000034.XSHG,0.6101,0.5529,2015-07-01,XSHG
220,10000035.XSHG,0.6013,0.5086,2015-07-01,XSHG
221,10000032.XSHG,0.6849,0.6311,2015-07-01,XSHG
222,10000033.XSHG,0.6128,0.6007,2015-07-01,XSHG
223,10000031.XSHG,0.7448,0.6345,2015-07-01,XSHG
224,10000038.XSHG,0.011,0.0742,2015-07-01,XSHG
225,10000039.XSHG,0.0752,0.09,2015-07-01,XSHG
226,10000238.XSHG,0.4552,0.405,2015-07-01,XSHG
227,10000239.XSHG,0.26,0.3013,2015-07-01,XSHG
228,10000230.XSHG,0.2083,0.2789,2015-07-01,XSHG
229,10000231.XSHG,0.2328,0.1555,2015-07-01,XSHG
230,10000232.XSHG,0.2044,0.1405,2015-07-01,XSHG
231,10000233.XSHG,0.1872,0.1218,2015-07-01,XSHG
232,10000234.XSHG,0.1221,0.1602,2015-07-01,XSHG
233,10000235.XSHG,0.1473,0.1899,2015-07-01,XSHG
234,10000236.XSHG,0.1777,0.2316,2015-07-01,XSHG
235,10000237.XSHG,0.4924,0.435,2015-07-01,XSHG
236,10000103.XSHG,0.3623,0.2963,2015-07-01,XSHG
237,10000260.XSHG,0.099,0.1212,2015-07-01,XSHG
238,10000104.XSHG,0.2578,0.3169,2015-07-01,XSHG
239,10000229.XSHG,0.1665,0.113,2015-07-01,XSHG
240,10000228.XSHG,0.9999,0.9999,2015-07-01,XSHG
241,10000223.XSHG,0.0301,0.0176,2015-07-01,XSHG
242,10000220.XSHG,0.2725,0.3396,2015-07-01,XSHG
243,10000227.XSHG,0.3209,0.28,2015-07-01,XSHG
244,10000226.XSHG,,,2015-07-01,XSHG
245,10000225.XSHG,0.1515,0.1346,2015-07-01,XSHG
246,10000224.XSHG,0.7784,0.8951,2015-07-01,XSHG
247,10000140.XSHG,0.2822,0.2603,2015-07-01,XSHG
248,10000268.XSHG,0.2117,0.2439,2015-07-01,XSHG
249,10000218.XSHG,0.144,0.0958,2015-07-01,XSHG
250,10000219.XSHG,0.2428,0.3217,2015-07-01,XSHG
251,10000216.XSHG,0.699,0.7967,2015-07-01,XSHG
252,10000217.XSHG,0.1487,0.1013,2015-07-01,XSHG
253,10000214.XSHG,0.512,0.6186,2015-07-01,XSHG
254,10000215.XSHG,0.6278,0.7066,2015-07-01,XSHG
255,10000212.XSHG,0.3549,0.441,2015-07-01,XSHG
256,10000213.XSHG,0.4269,0.5278,2015-07-01,XSHG
257,10000210.XSHG,0.0513,0.0335,2015-07-01,XSHG
258,10000211.XSHG,0.0424,0.0227,2015-07-01,XSHG
259,10000182.XSHG,,,2015-07-01,XSHG
260,10000183.XSHG,0.3881,0.3489,2015-07-01,XSHG
261,10000181.XSHG,0.196,0.166,2015-07-01,XSHG
262,10000186.XSHG,0.3311,0.3232,2015-07-01,XSHG
263,10000187.XSHG,0.3203,0.3241,2015-07-01,XSHG
264,10000184.XSHG,0.3224,0.323,2015-07-01,XSHG
265,10000185.XSHG,0.36,0.3363,2015-07-01,XSHG
266,10000188.XSHG,0.403,0.48,2015-07-01,XSHG
267,10000189.XSHG,0.5315,0.5315,2015-07-01,XSHG
268,10000139.XSHG,0.291,0.2539,2015-07-02,XSHG
269,10000201.XSHG,0.3327,0.3216,2015-07-02,XSHG
270,10000200.XSHG,1.0008,0.9005,2015-07-02,XSHG
271,10000203.XSHG,0.3781,0.3526,2015-07-02,XSHG
272,10000202.XSHG,0.4819,0.4819,2015-07-02,XSHG
273,10000205.XSHG,0.3394,0.3582,2015-07-02,XSHG
274,10000204.XSHG,0.3925,0.4223,2015-07-02,XSHG
275,10000207.XSHG,0.0979,0.076,2015-07-02,XSHG
276,10000206.XSHG,0.3421,0.3642,2015-07-02,XSHG
277,10000209.XSHG,0.055,0.0429,2015-07-02,XSHG
278,10000208.XSHG,0.0648,0.0586,2015-07-02,XSHG
279,10000165.XSHG,0.1996,0.1891,2015-07-02,XSHG
280,10000166.XSHG,0.63,0.615,2015-07-02,XSHG
281,10000197.XSHG,0.1577,0.135,2015-07-02,XSHG
282,10000191.XSHG,0.7797,0.7634,2015-07-02,XSHG
283,10000190.XSHG,0.6505,0.6825,2015-07-02,XSHG
284,10000192.XSHG,0.8314,0.8314,2015-07-02,XSHG
285,10000055.XSHG,0.4785,0.4138,2015-07-02,XSHG
286,10000056.XSHG,0.1275,0.1702,2015-07-02,XSHG
287,10000199.XSHG,0.3065,0.2708,2015-07-02,XSHG
288,10000198.XSHG,,,2015-07-02,XSHG
289,10000274.XSHG,0.2745,0.3091,2015-07-02,XSHG
290,10000275.XSHG,0.2996,0.2437,2015-07-02,XSHG
291,10000276.XSHG,0.0513,0.0787,2015-07-02,XSHG
292,10000277.XSHG,0.4101,0.3586,2015-07-02,XSHG
293,10000270.XSHG,0.4386,0.4289,2015-07-02,XSHG
294,10000271.XSHG,0.4181,0.3789,2015-07-02,XSHG
295,10000272.XSHG,0.216,0.2591,2015-07-02,XSHG
296,10000273.XSHG,0.2313,0.2646,2015-07-02,XSHG
297,10000173.XSHG,0.1896,0.1698,2015-07-02,XSHG
298,10000278.XSHG,0.136,0.1602,2015-07-02,XSHG
299,10000279.XSHG,0.5345,0.4684,2015-07-02,XSHG
300,10000174.XSHG,0.6857,0.6857,2015-07-02,XSHG
301,10000048.XSHG,0.1091,0.1198,2015-07-02,XSHG
302,10000047.XSHG,0.5253,0.4005,2015-07-02,XSHG
303,10000280.XSHG,0.1881,0.2216,2015-07-02,XSHG
304,10000040.XSHG,0.0975,0.1068,2015-07-02,XSHG
305,10000267.XSHG,0.1973,0.2453,2015-07-02,XSHG
306,10000266.XSHG,0.1762,0.2188,2015-07-02,XSHG
307,10000265.XSHG,0.154,0.1958,2015-07-02,XSHG
308,10000264.XSHG,0.2958,0.2709,2015-07-02,XSHG
309,10000263.XSHG,0.3213,0.2861,2015-07-02,XSHG
310,10000262.XSHG,0.3479,0.3078,2015-07-02,XSHG
311,10000261.XSHG,0.377,0.3316,2015-07-02,XSHG
312,10000149.XSHG,0.2587,0.2463,2015-07-02,XSHG
313,10000142.XSHG,0.38,0.3806,2015-07-02,XSHG
314,10000269.XSHG,0.4628,0.4152,2015-07-02,XSHG
315,10000141.XSHG,0.3622,0.3467,2015-07-02,XSHG
316,10000072.XSHG,0.1929,0.215,2015-07-02,XSHG
317,10000071.XSHG,0.3941,0.3769,2015-07-02,XSHG
318,10000079.XSHG,0.3862,0.3399,2015-07-02,XSHG
319,10000258.XSHG,0.072,0.1044,2015-07-02,XSHG
320,10000259.XSHG,0.0917,0.13,2015-07-02,XSHG
321,10000252.XSHG,0.2539,0.2293,2015-07-02,XSHG
322,10000253.XSHG,0.2496,0.2894,2015-07-02,XSHG
323,10000250.XSHG,0.5234,0.5783,2015-07-02,XSHG
324,10000251.XSHG,0.2784,0.237,2015-07-02,XSHG
325,10000256.XSHG,0.2342,0.1905,2015-07-02,XSHG
326,10000257.XSHG,0.22,0.1685,2015-07-02,XSHG
327,10000254.XSHG,0.2777,0.3192,2015-07-02,XSHG
328,10000255.XSHG,0.2665,0.2129,2015-07-02,XSHG
329,10000150.XSHG,0.4036,0.5,2015-07-02,XSHG
330,10000157.XSHG,0.2399,0.2196,2015-07-02,XSHG
331,10000158.XSHG,0.486,0.5258,2015-07-02,XSHG
332,10000095.XSHG,0.3458,0.31,2015-07-02,XSHG
333,10000096.XSHG,0.27,0.28,2015-07-02,XSHG
334,10000064.XSHG,0.1491,0.1775,2015-07-02,XSHG
335,10000063.XSHG,0.4131,0.38,2015-07-02,XSHG
336,10000249.XSHG,0.4393,0.5121,2015-07-02,XSHG
337,10000248.XSHG,0.3738,0.458,2015-07-02,XSHG
338,10000245.XSHG,0.148,0.1349,2015-07-02,XSHG
339,10000244.XSHG,0.1703,0.1576,2015-07-02,XSHG
340,10000247.XSHG,0.3344,0.3905,2015-07-02,XSHG
341,10000246.XSHG,0.3027,0.3642,2015-07-02,XSHG
342,10000241.XSHG,0.2347,0.2157,2015-07-02,XSHG
343,10000240.XSHG,0.4049,0.4049,2015-07-02,XSHG
344,10000243.XSHG,0.1998,0.1757,2015-07-02,XSHG
345,10000242.XSHG,0.2165,0.1938,2015-07-02,XSHG
346,10000125.XSHG,0.3036,0.267,2015-07-02,XSHG
347,10000126.XSHG,0.3074,0.34,2015-07-02,XSHG
348,10000088.XSHG,0.2454,0.24,2015-07-02,XSHG
349,10000080.XSHG,0.189,0.2424,2015-07-02,XSHG
350,10000087.XSHG,0.3581,0.32,2015-07-02,XSHG
351,10000036.XSHG,0.0502,0.0553,2015-07-02,XSHG
352,10000037.XSHG,0.0614,0.0653,2015-07-02,XSHG
353,10000034.XSHG,0.513,0.507,2015-07-02,XSHG
354,10000035.XSHG,0.5358,0.5324,2015-07-02,XSHG
355,10000032.XSHG,0.5797,0.5567,2015-07-02,XSHG
356,10000033.XSHG,0.5425,0.536,2015-07-02,XSHG
357,10000031.XSHG,0.6799,0.6008,2015-07-02,XSHG
358,10000038.XSHG,0.0692,0.0768,2015-07-02,XSHG
359,10000039.XSHG,0.0851,0.0893,2015-07-02,XSHG
360,10000238.XSHG,0.363,0.3609,2015-07-02,XSHG
361,10000239.XSHG,0.2864,0.3468,2015-07-02,XSHG
362,10000230.XSHG,0.2339,0.3069,2015-07-02,XSHG
363,10000231.XSHG,0.19,0.1436,2015-07-02,XSHG
364,10000232.XSHG,0.1644,0.1336,2015-07-02,XSHG
365,10000233.XSHG,0.1465,0.1221,2015-07-02,XSHG
366,10000234.XSHG,0.135,0.192,2015-07-02,XSHG
367,10000235.XSHG,0.1689,0.2232,2015-07-02,XSHG
368,10000236.XSHG,0.2004,0.2651,2015-07-02,XSHG
369,10000237.XSHG,0.4003,0.3677,2015-07-02,XSHG
370,10000103.XSHG,0.3194,0.295,2015-07-02,XSHG
371,10000260.XSHG,0.1151,0.157,2015-07-02,XSHG
372,10000104.XSHG,0.2824,0.3149,2015-07-02,XSHG
373,10000229.XSHG,0.14,0.113,2015-07-02,XSHG
374,10000228.XSHG,1.012,1.0,2015-07-02,XSHG
375,10000223.XSHG,0.0221,0.0173,2015-07-02,XSHG
376,10000220.XSHG,0.3366,0.3824,2015-07-02,XSHG
377,10000227.XSHG,0.2996,0.255,2015-07-02,XSHG
378,10000226.XSHG,0.9086,0.98,2015-07-02,XSHG
379,10000225.XSHG,0.1386,0.1233,2015-07-02,XSHG
380,10000224.XSHG,0.8333,0.8996,2015-07-02,XSHG
381,10000140.XSHG,0.2722,0.2144,2015-07-02,XSHG
382,10000268.XSHG,0.2245,0.2603,2015-07-02,XSHG
383,10000218.XSHG,0.12,0.095,2015-07-02,XSHG
384,10000219.XSHG,0.2684,0.336,2015-07-02,XSHG
385,10000216.XSHG,0.7399,0.8224,2015-07-02,XSHG
386,10000217.XSHG,0.12,0.1031,2015-07-02,XSHG
387,10000214.XSHG,0.5498,0.6141,2015-07-02,XSHG
388,10000215.XSHG,0.6478,0.7233,2015-07-02,XSHG
389,10000212.XSHG,0.4157,0.4572,2015-07-02,XSHG
390,10000213.XSHG,0.4685,0.5367,2015-07-02,XSHG
391,10000210.XSHG,0.0351,0.0315,2015-07-02,XSHG
392,10000211.XSHG,0.043,0.0219,2015-07-02,XSHG
393,10000182.XSHG,0.8061,0.8478,2015-07-02,XSHG
394,10000183.XSHG,0.3513,0.2907,2015-07-02,XSHG
395,10000181.XSHG,0.1832,0.1647,2015-07-02,XSHG
396,10000186.XSHG,0.3173,0.2788,2015-07-02,XSHG
397,10000187.XSHG,0.3118,0.2797,2015-07-02,XSHG
398,10000184.XSHG,0.3199,0.2893,2015-07-02,XSHG
399,10000185.XSHG,0.3227,0.2898,2015-07-02,XSHG
400,10000188.XSHG,0.4931,0.53,2015-07-02,XSHG
401,10000189.XSHG,0.586,0.586,2015-07-02,XSHG
402,10000139.XSHG,0.2444,0.2135,2015-07-03,XSHG
403,10000201.XSHG,0.3357,0.2866,2015-07-03,XSHG
404,10000200.XSHG,1.0188,0.9899,2015-07-03,XSHG
405,10000203.XSHG,0.3154,0.2977,2015-07-03,XSHG
406,10000202.XSHG,0.57,0.51,2015-07-03,XSHG
407,10000205.XSHG,0.33,0.3311,2015-07-03,XSHG
408,10000204.XSHG,0.5014,0.4908,2015-07-03,XSHG
409,10000207.XSHG,0.0748,0.0511,2015-07-03,XSHG
410,10000206.XSHG,0.4294,0.4393,2015-07-03,XSHG
411,10000209.XSHG,0.045,0.034,2015-07-03,XSHG
412,10000208.XSHG,0.047,0.0399,2015-07-03,XSHG
413,10000165.XSHG,0.1803,0.1629,2015-07-03,XSHG
414,10000166.XSHG,0.6097,0.67,2015-07-03,XSHG
415,10000197.XSHG,0.1363,0.1205,2015-07-03,XSHG
416,10000191.XSHG,0.8363,0.7892,2015-07-03,XSHG
417,10000190.XSHG,0.6559,0.6918,2015-07-03,XSHG
418,10000192.XSHG,0.8817,0.9,2015-07-03,XSHG
419,10000055.XSHG,0.3901,0.34,2015-07-03,XSHG
420,10000056.XSHG,0.1585,0.1998,2015-07-03,XSHG
421,10000199.XSHG,0.261,0.2541,2015-07-03,XSHG
422,10000198.XSHG,0.8971,0.9182,2015-07-03,XSHG
423,10000274.XSHG,0.38,0.3411,2015-07-03,XSHG
424,10000275.XSHG,0.2437,0.1906,2015-07-03,XSHG
425,10000276.XSHG,0.0855,0.12,2015-07-03,XSHG
426,10000277.XSHG,0.3453,0.2999,2015-07-03,XSHG
427,10000270.XSHG,0.3698,0.3698,2015-07-03,XSHG
428,10000271.XSHG,0.3601,0.3612,2015-07-03,XSHG
429,10000272.XSHG,0.2457,0.3056,2015-07-03,XSHG
430,10000273.XSHG,0.2732,0.3,2015-07-03,XSHG
431,10000173.XSHG,0.167,0.148,2015-07-03,XSHG
432,10000278.XSHG,0.1692,0.2016,2015-07-03,XSHG
433,10000279.XSHG,0.4684,0.4281,2015-07-03,XSHG
434,10000174.XSHG,0.74,0.7604,2015-07-03,XSHG
435,10000048.XSHG,0.1322,0.1716,2015-07-03,XSHG
436,10000047.XSHG,0.4238,0.3825,2015-07-03,XSHG
437,10000280.XSHG,0.2256,0.2621,2015-07-03,XSHG
438,10000040.XSHG,0.1146,0.1441,2015-07-03,XSHG
439,10000267.XSHG,0.2439,0.3035,2015-07-03,XSHG
440,10000266.XSHG,0.2177,0.265,2015-07-03,XSHG
441,10000265.XSHG,0.1954,0.2305,2015-07-03,XSHG
442,10000264.XSHG,0.2486,0.2036,2015-07-03,XSHG
443,10000263.XSHG,0.269,0.2257,2015-07-03,XSHG
444,10000262.XSHG,0.2922,0.2402,2015-07-03,XSHG
445,10000261.XSHG,0.3194,0.2633,2015-07-03,XSHG
446,10000149.XSHG,0.2254,0.2,2015-07-03,XSHG
447,10000142.XSHG,0.4195,0.46,2015-07-03,XSHG
448,10000269.XSHG,0.4,0.4001,2015-07-03,XSHG
449,10000141.XSHG,0.39,0.4743,2015-07-03,XSHG
450,10000072.XSHG,0.2059,0.2523,2015-07-03,XSHG
451,10000071.XSHG,0.355,0.3054,2015-07-03,XSHG
452,10000079.XSHG,0.3533,0.2916,2015-07-03,XSHG
453,10000258.XSHG,0.1106,0.1503,2015-07-03,XSHG
454,10000259.XSHG,0.1372,0.1833,2015-07-03,XSHG
455,10000252.XSHG,0.212,0.1701,2015-07-03,XSHG
456,10000253.XSHG,0.3011,0.3559,2015-07-03,XSHG
457,10000250.XSHG,0.5998,0.6726,2015-07-03,XSHG
458,10000251.XSHG,0.2284,0.1894,2015-07-03,XSHG
459,10000256.XSHG,0.1742,0.145,2015-07-03,XSHG
460,10000257.XSHG,0.154,0.13,2015-07-03,XSHG
461,10000254.XSHG,0.3336,0.4033,2015-07-03,XSHG
462,10000255.XSHG,0.2129,0.17,2015-07-03,XSHG
463,10000150.XSHG,0.4786,0.52,2015-07-03,XSHG
464,10000157.XSHG,0.204,0.1805,2015-07-03,XSHG
465,10000158.XSHG,0.5815,0.5889,2015-07-03,XSHG
466,10000095.XSHG,0.28,0.2666,2015-07-03,XSHG
467,10000096.XSHG,0.358,0.3626,2015-07-03,XSHG
468,10000064.XSHG,0.1812,0.2138,2015-07-03,XSHG
469,10000063.XSHG,0.3699,0.33,2015-07-03,XSHG
470,10000249.XSHG,0.5157,0.5799,2015-07-03,XSHG
471,10000248.XSHG,0.4373,0.5261,2015-07-03,XSHG
472,10000245.XSHG,0.1314,0.1154,2015-07-03,XSHG
473,10000244.XSHG,0.1489,0.1181,2015-07-03,XSHG
474,10000247.XSHG,0.4035,0.4697,2015-07-03,XSHG
475,10000246.XSHG,0.3684,0.4045,2015-07-03,XSHG
476,10000241.XSHG,0.1967,0.1622,2015-07-03,XSHG
477,10000240.XSHG,0.423,0.423,2015-07-03,XSHG
478,10000243.XSHG,0.1704,0.1449,2015-07-03,XSHG
479,10000242.XSHG,0.1823,0.148,2015-07-03,XSHG
480,10000125.XSHG,0.2868,0.2127,2015-07-03,XSHG
481,10000126.XSHG,0.3559,0.43,2015-07-03,XSHG
482,10000088.XSHG,0.2591,0.3,2015-07-03,XSHG
483,10000080.XSHG,0.2794,0.265,2015-07-03,XSHG
484,10000087.XSHG,0.3429,0.2909,2015-07-03,XSHG
485,10000036.XSHG,0.0589,0.0811,2015-07-03,XSHG
486,10000037.XSHG,0.07,0.097,2015-07-03,XSHG
487,10000034.XSHG,0.4972,0.48,2015-07-03,XSHG
488,10000035.XSHG,0.4634,0.4,2015-07-03,XSHG
489,10000032.XSHG,0.536,0.485,2015-07-03,XSHG
490,10000033.XSHG,0.4836,0.5051,2015-07-03,XSHG
491,10000031.XSHG,0.61,0.5372,2015-07-03,XSHG
492,10000038.XSHG,0.0833,0.106,2015-07-03,XSHG
493,10000039.XSHG,0.0982,0.125,2015-07-03,XSHG
494,10000238.XSHG,0.3334,0.3403,2015-07-03,XSHG
495,10000239.XSHG,0.4135,0.375,2015-07-03,XSHG
496,10000230.XSHG,0.3092,0.38,2015-07-03,XSHG
497,10000231.XSHG,0.1384,0.1102,2015-07-03,XSHG
498,10000232.XSHG,0.1242,0.1056,2015-07-03,XSHG
499,10000233.XSHG,0.1165,0.0909,2015-07-03,XSHG
500,10000234.XSHG,0.188,0.2592,2015-07-03,XSHG
501,10000235.XSHG,0.2312,0.294,2015-07-03,XSHG
502,10000236.XSHG,0.2626,0.3411,2015-07-03,XSHG
503,10000237.XSHG,0.388,0.3245,2015-07-03,XSHG
504,10000103.XSHG,0.3457,0.255,2015-07-03,XSHG
505,10000260.XSHG,0.1585,0.2211,2015-07-03,XSHG
506,10000104.XSHG,0.33,0.39,2015-07-03,XSHG
507,10000229.XSHG,0.1071,0.0789,2015-07-03,XSHG
508,10000228.XSHG,1.0448,1.1155,2015-07-03,XSHG
509,10000223.XSHG,0.016,0.0153,2015-07-03,XSHG
510,10000220.XSHG,0.3824,0.4485,2015-07-03,XSHG
511,10000227.XSHG,0.2468,0.225,2015-07-03,XSHG
512,10000226.XSHG,0.9768,1.0547,2015-07-03,XSHG
513,10000225.XSHG,0.1197,0.1066,2015-07-03,XSHG
514,10000224.XSHG,0.9194,0.9836,2015-07-03,XSHG
515,10000140.XSHG,0.2264,0.197,2015-07-03,XSHG
516,10000268.XSHG,0.2704,0.3341,2015-07-03,XSHG
517,10000218.XSHG,0.0952,0.0609,2015-07-03,XSHG
518,10000219.XSHG,0.348,0.4064,2015-07-03,XSHG
519,10000216.XSHG,0.8287,0.9023,2015-07-03,XSHG
520,10000217.XSHG,0.1,0.0729,2015-07-03,XSHG
521,10000214.XSHG,0.653,0.7431,2015-07-03,XSHG
522,10000215.XSHG,0.7398,0.8244,2015-07-03,XSHG
523,10000212.XSHG,0.4735,0.5632,2015-07-03,XSHG
524,10000213.XSHG,0.5568,0.6419,2015-07-03,XSHG
525,10000210.XSHG,0.0315,0.0223,2015-07-03,XSHG
526,10000211.XSHG,0.0244,0.0172,2015-07-03,XSHG
527,10000182.XSHG,0.7988,0.7838,2015-07-03,XSHG
528,10000183.XSHG,0.2509,0.2873,2015-07-03,XSHG
529,10000181.XSHG,0.1532,0.1354,2015-07-03,XSHG
530,10000186.XSHG,0.2727,0.2611,2015-07-03,XSHG
531,10000187.XSHG,0.2674,0.2573,2015-07-03,XSHG
532,10000184.XSHG,0.2609,0.275,2015-07-03,XSHG
533,10000185.XSHG,0.2734,0.2827,2015-07-03,XSHG
534,10000188.XSHG,0.4641,0.599,2015-07-03,XSHG
535,10000189.XSHG,0.5182,0.6556,2015-07-03,XSHG
536,10000139.XSHG,0.3542,0.3063,2015-07-06,XSHG
537,10000201.XSHG,0.3757,0.3702,2015-07-06,XSHG
538,10000200.XSHG,,,2015-07-06,XSHG
539,10000203.XSHG,0.4352,0.4341,2015-07-06,XSHG
540,10000202.XSHG,0.4076,0.4675,2015-07-06,XSHG
541,10000205.XSHG,0.4158,0.4403,2015-07-06,XSHG
542,10000204.XSHG,0.376,0.4652,2015-07-06,XSHG
543,10000207.XSHG,0.1198,0.0587,2015-07-06,XSHG
544,10000206.XSHG,0.4077,0.3948,2015-07-06,XSHG
545,10000209.XSHG,0.0645,0.0334,2015-07-06,XSHG
546,10000208.XSHG,0.0764,0.0429,2015-07-06,XSHG
547,10000165.XSHG,0.237,0.225,2015-07-06,XSHG
548,10000166.XSHG,0.6404,0.6404,2015-07-06,XSHG
549,10000197.XSHG,0.1999,0.145,2015-07-06,XSHG
550,10000191.XSHG,0.8386,0.7947,2015-07-06,XSHG
551,10000190.XSHG,0.6875,0.6875,2015-07-06,XSHG
552,10000192.XSHG,0.8539,0.8482,2015-07-06,XSHG
553,10000055.XSHG,0.4575,0.4077,2015-07-06,XSHG
554,10000056.XSHG,0.1197,0.1555,2015-07-06,XSHG
555,10000199.XSHG,0.3125,0.28,2015-07-06,XSHG
556,10000198.XSHG,0.8722,0.8722,2015-07-06,XSHG
557,10000274.XSHG,0.2657,0.353,2015-07-06,XSHG
558,10000275.XSHG,0.3689,0.265,2015-07-06,XSHG
559,10000276.XSHG,0.0396,0.0609,2015-07-06,XSHG
560,10000277.XSHG,0.4525,0.3948,2015-07-06,XSHG
561,10000270.XSHG,0.3911,0.5158,2015-07-06,XSHG
562,10000271.XSHG,0.387,0.4899,2015-07-06,XSHG
563,10000272.XSHG,0.3131,0.3027,2015-07-06,XSHG
564,10000273.XSHG,0.2931,0.3405,2015-07-06,XSHG
565,10000173.XSHG,0.19,0.2005,2015-07-06,XSHG
566,10000278.XSHG,0.1187,0.1708,2015-07-06,XSHG
567,10000279.XSHG,0.575,0.5759,2015-07-06,XSHG
568,10000174.XSHG,0.7235,0.72,2015-07-06,XSHG
569,10000048.XSHG,0.1029,0.1226,2015-07-06,XSHG
570,10000047.XSHG,0.518,0.4898,2015-07-06,XSHG
571,10000280.XSHG,0.1842,0.2472,2015-07-06,XSHG
572,10000283.XSHG,0.3545,0.4306,2015-07-06,XSHG
573,10000282.XSHG,0.0302,0.0486,2015-07-06,XSHG
574,10000285.XSHG,0.4623,0.55,2015-07-06,XSHG
575,10000284.XSHG,0.1021,0.1328,2015-07-06,XSHG
576,10000040.XSHG,0.0888,0.111,2015-07-06,XSHG
577,10000267.XSHG,0.1769,0.2129,2015-07-06,XSHG
578,10000266.XSHG,0.1559,0.2021,2015-07-06,XSHG
579,10000265.XSHG,0.1365,0.1812,2015-07-06,XSHG
580,10000264.XSHG,0.2695,0.2783,2015-07-06,XSHG
581,10000263.XSHG,0.3651,0.3236,2015-07-06,XSHG
582,10000262.XSHG,0.3071,0.3085,2015-07-06,XSHG
583,10000261.XSHG,0.4214,0.3542,2015-07-06,XSHG
584,10000149.XSHG,0.3128,0.2509,2015-07-06,XSHG
585,10000142.XSHG,0.3434,0.4495,2015-07-06,XSHG
586,10000269.XSHG,0.5101,0.53,2015-07-06,XSHG
587,10000141.XSHG,0.3135,0.37,2015-07-06,XSHG
588,10000281.XSHG,0.3852,0.324,2015-07-06,XSHG
589,10000072.XSHG,0.1589,0.1988,2015-07-06,XSHG
590,10000071.XSHG,0.3271,0.3599,2015-07-06,XSHG
591,10000079.XSHG,0.3749,0.3431,2015-07-06,XSHG
592,10000258.XSHG,0.05,0.0769,2015-07-06,XSHG
593,10000259.XSHG,0.0788,0.1,2015-07-06,XSHG
594,10000252.XSHG,0.2954,0.2466,2015-07-06,XSHG
595,10000253.XSHG,0.2236,0.3008,2015-07-06,XSHG
596,10000250.XSHG,0.4826,0.5685,2015-07-06,XSHG
597,10000251.XSHG,0.25,0.2638,2015-07-06,XSHG
598,10000256.XSHG,0.33,0.201,2015-07-06,XSHG
599,10000257.XSHG,0.35,0.182,2015-07-06,XSHG
600,10000254.XSHG,0.25,0.3214,2015-07-06,XSHG
601,10000255.XSHG,0.3155,0.2308,2015-07-06,XSHG
602,10000150.XSHG,0.3741,0.3914,2015-07-06,XSHG
603,10000157.XSHG,0.278,0.2323,2015-07-06,XSHG
604,10000158.XSHG,0.4383,0.5582,2015-07-06,XSHG
605,10000095.XSHG,0.2764,0.3616,2015-07-06,XSHG
606,10000096.XSHG,0.372,0.2836,2015-07-06,XSHG
607,10000064.XSHG,0.1386,0.1518,2015-07-06,XSHG
608,10000063.XSHG,0.5183,0.4685,2015-07-06,XSHG
609,10000286.XSHG,0.1685,0.2397,2015-07-06,XSHG
610,10000249.XSHG,0.4083,0.4944,2015-07-06,XSHG
611,10000248.XSHG,0.3396,0.4224,2015-07-06,XSHG
612,10000245.XSHG,0.1762,0.1489,2015-07-06,XSHG
613,10000244.XSHG,0.2038,0.1742,2015-07-06,XSHG
614,10000247.XSHG,0.308,0.3914,2015-07-06,XSHG
615,10000246.XSHG,0.2781,0.3558,2015-07-06,XSHG
616,10000241.XSHG,0.276,0.2243,2015-07-06,XSHG
617,10000240.XSHG,0.3165,0.4195,2015-07-06,XSHG
618,10000243.XSHG,0.2361,0.1901,2015-07-06,XSHG
619,10000242.XSHG,0.2569,0.2174,2015-07-06,XSHG
620,10000125.XSHG,0.3253,0.3052,2015-07-06,XSHG
621,10000126.XSHG,0.3992,0.3561,2015-07-06,XSHG
622,10000088.XSHG,0.2056,0.2472,2015-07-06,XSHG
623,10000080.XSHG,0.1815,0.2351,2015-07-06,XSHG
624,10000087.XSHG,0.3232,0.33,2015-07-06,XSHG
625,10000036.XSHG,0.0454,0.0455,2015-07-06,XSHG
626,10000037.XSHG,0.0512,0.059,2015-07-06,XSHG
627,10000034.XSHG,0.4849,0.5003,2015-07-06,XSHG
628,10000035.XSHG,0.5506,0.5369,2015-07-06,XSHG
629,10000032.XSHG,0.68,0.6552,2015-07-06,XSHG
630,10000033.XSHG,0.62,0.6198,2015-07-06,XSHG
631,10000031.XSHG,0.7742,0.67,2015-07-06,XSHG
632,10000038.XSHG,0.03,0.0696,2015-07-06,XSHG
633,10000039.XSHG,0.0765,0.0811,2015-07-06,XSHG
634,10000238.XSHG,0.4374,0.4488,2015-07-06,XSHG
635,10000239.XSHG,0.2873,0.3472,2015-07-06,XSHG
636,10000230.XSHG,0.1892,0.2503,2015-07-06,XSHG
637,10000231.XSHG,0.215,0.159,2015-07-06,XSHG
638,10000232.XSHG,0.32,0.1352,2015-07-06,XSHG
639,10000233.XSHG,0.2133,0.1252,2015-07-06,XSHG
640,10000234.XSHG,0.103,0.1551,2015-07-06,XSHG
641,10000235.XSHG,0.1274,0.1891,2015-07-06,XSHG
642,10000236.XSHG,0.2001,0.2196,2015-07-06,XSHG
643,10000237.XSHG,0.3899,0.4892,2015-07-06,XSHG
644,10000103.XSHG,0.34,0.3191,2015-07-06,XSHG
645,10000260.XSHG,0.0861,0.1306,2015-07-06,XSHG
646,10000104.XSHG,0.3355,0.2904,2015-07-06,XSHG
647,10000229.XSHG,0.234,0.1096,2015-07-06,XSHG
648,10000228.XSHG,,,2015-07-06,XSHG
649,10000223.XSHG,0.0385,0.0129,2015-07-06,XSHG
650,10000220.XSHG,0.2604,0.3257,2015-07-06,XSHG
651,10000227.XSHG,0.2997,0.285,2015-07-06,XSHG
652,10000226.XSHG,0.9784,0.8971,2015-07-06,XSHG
653,10000225.XSHG,0.1755,0.1247,2015-07-06,XSHG
654,10000224.XSHG,0.7859,0.8662,2015-07-06,XSHG
655,10000140.XSHG,0.3323,0.2784,2015-07-06,XSHG
656,10000268.XSHG,0.1991,0.2586,2015-07-06,XSHG
657,10000218.XSHG,0.141,0.0872,2015-07-06,XSHG
658,10000219.XSHG,0.2231,0.2959,2015-07-06,XSHG
659,10000216.XSHG,0.6781,0.7734,2015-07-06,XSHG
660,10000217.XSHG,0.1521,0.1,2015-07-06,XSHG
661,10000214.XSHG,0.5099,0.5357,2015-07-06,XSHG
662,10000215.XSHG,0.5948,0.6742,2015-07-06,XSHG
663,10000212.XSHG,0.3387,0.4066,2015-07-06,XSHG
664,10000213.XSHG,0.423,0.4924,2015-07-06,XSHG
665,10000210.XSHG,0.0414,0.0213,2015-07-06,XSHG
666,10000211.XSHG,0.0385,0.015,2015-07-06,XSHG
667,10000182.XSHG,0.7723,0.8249,2015-07-06,XSHG
668,10000183.XSHG,0.3973,0.374,2015-07-06,XSHG
669,10000181.XSHG,0.1498,0.1624,2015-07-06,XSHG
670,10000186.XSHG,0.2796,0.3037,2015-07-06,XSHG
671,10000187.XSHG,0.41,0.3,2015-07-06,XSHG
672,10000184.XSHG,0.3299,0.3698,2015-07-06,XSHG
673,10000185.XSHG,0.3301,0.3332,2015-07-06,XSHG
674,10000188.XSHG,0.5995,0.5018,2015-07-06,XSHG
675,10000189.XSHG,0.6084,0.64,2015-07-06,XSHG
676,10000139.XSHG,0.2775,0.3,2015-07-07,XSHG
677,10000201.XSHG,0.335,0.3818,2015-07-07,XSHG
678,10000200.XSHG,1.0184,0.881,2015-07-07,XSHG
679,10000203.XSHG,0.418,0.403,2015-07-07,XSHG
680,10000202.XSHG,0.5139,0.4739,2015-07-07,XSHG
681,10000205.XSHG,0.4085,0.4065,2015-07-07,XSHG
682,10000204.XSHG,0.5058,0.4474,2015-07-07,XSHG
683,10000207.XSHG,0.0515,0.049,2015-07-07,XSHG
684,10000206.XSHG,0.4035,0.385,2015-07-07,XSHG
685,10000209.XSHG,0.0271,0.0188,2015-07-07,XSHG
686,10000208.XSHG,0.0429,0.0277,2015-07-07,XSHG
687,10000165.XSHG,0.2059,0.2038,2015-07-07,XSHG
688,10000166.XSHG,0.6633,0.5225,2015-07-07,XSHG
689,10000197.XSHG,0.1527,0.1346,2015-07-07,XSHG
690,10000191.XSHG,0.8111,0.7134,2015-07-07,XSHG
691,10000190.XSHG,0.6768,0.6464,2015-07-07,XSHG
692,10000192.XSHG,0.8414,0.804,2015-07-07,XSHG
693,10000055.XSHG,0.4989,0.4796,2015-07-07,XSHG
694,10000056.XSHG,0.1523,0.1365,2015-07-07,XSHG
695,10000199.XSHG,0.2809,0.2668,2015-07-07,XSHG
696,10000198.XSHG,0.865,0.8,2015-07-07,XSHG
697,10000274.XSHG,0.3655,0.3371,2015-07-07,XSHG
698,10000275.XSHG,0.247,0.2639,2015-07-07,XSHG
699,10000276.XSHG,0.0723,0.0407,2015-07-07,XSHG
700,10000277.XSHG,0.3642,0.3927,2015-07-07,XSHG
701,10000270.XSHG,0.4903,0.4803,2015-07-07,XSHG
702,10000271.XSHG,0.4336,0.475,2015-07-07,XSHG
703,10000272.XSHG,0.2659,0.271,2015-07-07,XSHG
704,10000273.XSHG,0.3042,0.31,2015-07-07,XSHG
705,10000173.XSHG,0.1797,0.1791,2015-07-07,XSHG
706,10000278.XSHG,0.1699,0.1257,2015-07-07,XSHG
707,10000279.XSHG,0.5269,0.5201,2015-07-07,XSHG
708,10000174.XSHG,0.7118,0.6474,2015-07-07,XSHG
709,10000048.XSHG,0.1313,0.1128,2015-07-07,XSHG
710,10000047.XSHG,0.4858,0.5084,2015-07-07,XSHG
711,10000280.XSHG,0.2463,0.2471,2015-07-07,XSHG
712,10000283.XSHG,0.3939,0.4194,2015-07-07,XSHG
713,10000282.XSHG,0.0586,0.03,2015-07-07,XSHG
714,10000285.XSHG,0.5324,0.5525,2015-07-07,XSHG
715,10000284.XSHG,0.1421,0.1031,2015-07-07,XSHG
716,10000040.XSHG,0.1164,0.0958,2015-07-07,XSHG
717,10000267.XSHG,0.239,0.19,2015-07-07,XSHG
718,10000266.XSHG,0.2162,0.1582,2015-07-07,XSHG
719,10000265.XSHG,0.1879,0.1449,2015-07-07,XSHG
720,10000264.XSHG,0.265,0.2788,2015-07-07,XSHG
721,10000263.XSHG,0.29,0.3083,2015-07-07,XSHG
722,10000262.XSHG,0.32,0.3422,2015-07-07,XSHG
723,10000261.XSHG,0.3365,0.3628,2015-07-07,XSHG
724,10000149.XSHG,0.2278,0.2465,2015-07-07,XSHG
725,10000142.XSHG,0.397,0.397,2015-07-07,XSHG
726,10000269.XSHG,0.4534,0.5007,2015-07-07,XSHG
727,10000141.XSHG,0.3304,0.3232,2015-07-07,XSHG
728,10000281.XSHG,0.28,0.2997,2015-07-07,XSHG
729,10000072.XSHG,0.2002,0.16,2015-07-07,XSHG
730,10000071.XSHG,0.3962,0.4212,2015-07-07,XSHG
731,10000079.XSHG,0.4281,0.3866,2015-07-07,XSHG
732,10000258.XSHG,0.0928,0.0537,2015-07-07,XSHG
733,10000259.XSHG,0.116,0.0713,2015-07-07,XSHG
734,10000252.XSHG,0.232,0.2313,2015-07-07,XSHG
735,10000253.XSHG,0.2807,0.2301,2015-07-07,XSHG
736,10000250.XSHG,0.607,0.4856,2015-07-07,XSHG
737,10000251.XSHG,0.2489,0.2595,2015-07-07,XSHG
738,10000256.XSHG,0.1899,0.1945,2015-07-07,XSHG
739,10000257.XSHG,0.1597,0.1714,2015-07-07,XSHG
740,10000254.XSHG,0.3297,0.273,2015-07-07,XSHG
741,10000255.XSHG,0.2164,0.2232,2015-07-07,XSHG
742,10000150.XSHG,0.4355,0.4355,2015-07-07,XSHG
743,10000157.XSHG,0.2189,0.2247,2015-07-07,XSHG
744,10000158.XSHG,0.5648,0.48,2015-07-07,XSHG
745,10000095.XSHG,0.3308,0.3485,2015-07-07,XSHG
746,10000096.XSHG,0.2733,0.2592,2015-07-07,XSHG
747,10000064.XSHG,0.1647,0.1603,2015-07-07,XSHG
748,10000063.XSHG,0.4279,0.4344,2015-07-07,XSHG
749,10000286.XSHG,0.2499,0.23,2015-07-07,XSHG
750,10000249.XSHG,0.4813,0.43,2015-07-07,XSHG
751,10000248.XSHG,0.4192,0.3685,2015-07-07,XSHG
752,10000245.XSHG,0.1384,0.1229,2015-07-07,XSHG
753,10000244.XSHG,0.1624,0.151,2015-07-07,XSHG
754,10000247.XSHG,0.3972,0.325,2015-07-07,XSHG
755,10000246.XSHG,0.3629,0.3038,2015-07-07,XSHG
756,10000241.XSHG,0.2162,0.2213,2015-07-07,XSHG
757,10000240.XSHG,0.3737,0.4045,2015-07-07,XSHG
758,10000243.XSHG,0.19,0.186,2015-07-07,XSHG
759,10000242.XSHG,0.2019,0.2048,2015-07-07,XSHG
760,10000125.XSHG,0.28,0.3163,2015-07-07,XSHG
761,10000126.XSHG,0.3,0.3069,2015-07-07,XSHG
762,10000088.XSHG,0.2425,0.2329,2015-07-07,XSHG
763,10000080.XSHG,0.2052,0.2021,2015-07-07,XSHG
764,10000087.XSHG,0.3752,0.3604,2015-07-07,XSHG
765,10000036.XSHG,0.0488,0.044,2015-07-07,XSHG
766,10000037.XSHG,0.0641,0.056,2015-07-07,XSHG
767,10000034.XSHG,0.5407,0.5607,2015-07-07,XSHG
768,10000035.XSHG,0.5024,0.5397,2015-07-07,XSHG
769,10000032.XSHG,0.6398,0.6899,2015-07-07,XSHG
770,10000033.XSHG,0.5363,0.5865,2015-07-07,XSHG
771,10000031.XSHG,0.666,0.675,2015-07-07,XSHG
772,10000038.XSHG,0.0781,0.0662,2015-07-07,XSHG
773,10000039.XSHG,0.0922,0.0792,2015-07-07,XSHG
774,10000238.XSHG,0.4347,0.4084,2015-07-07,XSHG
775,10000239.XSHG,0.3966,0.3437,2015-07-07,XSHG
776,10000230.XSHG,0.2703,0.2206,2015-07-07,XSHG
777,10000231.XSHG,0.1511,0.1447,2015-07-07,XSHG
778,10000232.XSHG,0.128,0.125,2015-07-07,XSHG
779,10000233.XSHG,0.11,0.1067,2015-07-07,XSHG
780,10000234.XSHG,0.167,0.119,2015-07-07,XSHG
781,10000235.XSHG,0.2015,0.1429,2015-07-07,XSHG
782,10000236.XSHG,0.2348,0.1787,2015-07-07,XSHG
783,10000237.XSHG,0.4631,0.505,2015-07-07,XSHG
784,10000103.XSHG,0.3105,0.3068,2015-07-07,XSHG
785,10000260.XSHG,0.145,0.0949,2015-07-07,XSHG
786,10000104.XSHG,0.2688,0.2817,2015-07-07,XSHG
787,10000229.XSHG,0.0972,0.0902,2015-07-07,XSHG
788,10000228.XSHG,1.0913,0.9781,2015-07-07,XSHG
789,10000223.XSHG,0.0128,0.0052,2015-07-07,XSHG
790,10000220.XSHG,0.3488,0.2822,2015-07-07,XSHG
791,10000227.XSHG,0.2671,0.255,2015-07-07,XSHG
792,10000226.XSHG,0.9355,0.8557,2015-07-07,XSHG
793,10000225.XSHG,0.1157,0.0989,2015-07-07,XSHG
794,10000224.XSHG,0.899,0.8303,2015-07-07,XSHG
795,10000140.XSHG,0.2847,0.2882,2015-07-07,XSHG
796,10000268.XSHG,0.2686,0.2097,2015-07-07,XSHG
797,10000218.XSHG,0.077,0.0664,2015-07-07,XSHG
798,10000219.XSHG,0.3081,0.2521,2015-07-07,XSHG
799,10000216.XSHG,0.7817,0.7253,2015-07-07,XSHG
800,10000217.XSHG,0.0854,0.082,2015-07-07,XSHG
801,10000214.XSHG,0.6086,0.5512,2015-07-07,XSHG
802,10000215.XSHG,0.6912,0.638,2015-07-07,XSHG
803,10000212.XSHG,0.4282,0.362,2015-07-07,XSHG
804,10000213.XSHG,0.5119,0.4564,2015-07-07,XSHG
805,10000210.XSHG,0.0195,0.0131,2015-07-07,XSHG
806,10000211.XSHG,0.0154,0.0075,2015-07-07,XSHG
807,10000182.XSHG,0.7875,0.6918,2015-07-07,XSHG
808,10000183.XSHG,0.3402,0.3809,2015-07-07,XSHG
809,10000181.XSHG,0.1733,0.1541,2015-07-07,XSHG
810,10000186.XSHG,0.3,0.298,2015-07-07,XSHG
811,10000187.XSHG,0.3001,0.2773,2015-07-07,XSHG
812,10000184.XSHG,0.35,0.3366,2015-07-07,XSHG
813,10000185.XSHG,0.3404,0.338,2015-07-07,XSHG
814,10000188.XSHG,0.5122,0.4899,2015-07-07,XSHG
815,10000189.XSHG,0.6217,0.5587,2015-07-07,XSHG
816,10000139.XSHG,0.2863,0.1714,2015-07-08,XSHG
817,10000201.XSHG,0.3277,0.3236,2015-07-08,XSHG
818,10000200.XSHG,,,2015-07-08,XSHG
819,10000203.XSHG,0.3399,0.3219,2015-07-08,XSHG
820,10000202.XSHG,0.5198,0.579,2015-07-08,XSHG
821,10000205.XSHG,0.3529,0.3379,2015-07-08,XSHG
822,10000204.XSHG,0.4892,0.544,2015-07-08,XSHG
823,10000207.XSHG,0.04,0.013,2015-07-08,XSHG
824,10000206.XSHG,0.4617,0.4626,2015-07-08,XSHG
825,10000209.XSHG,0.0137,0.008,2015-07-08,XSHG
826,10000208.XSHG,0.027,0.0072,2015-07-08,XSHG
827,10000165.XSHG,0.1767,0.1071,2015-07-08,XSHG
828,10000166.XSHG,0.6214,0.6216,2015-07-08,XSHG
829,10000197.XSHG,0.1262,0.0699,2015-07-08,XSHG
830,10000191.XSHG,0.7761,0.8196,2015-07-08,XSHG
831,10000190.XSHG,0.7015,0.7177,2015-07-08,XSHG
832,10000192.XSHG,0.9164,0.9179,2015-07-08,XSHG
833,10000055.XSHG,0.3952,0.3356,2015-07-08,XSHG
834,10000056.XSHG,0.1736,0.2128,2015-07-08,XSHG
835,10000199.XSHG,0.256,0.182,2015-07-08,XSHG
836,10000198.XSHG,0.8766,0.878,2015-07-08,XSHG
837,10000274.XSHG,0.37,0.4033,2015-07-08,XSHG
838,10000275.XSHG,0.2231,0.1159,2015-07-08,XSHG
839,10000276.XSHG,0.0585,0.18,2015-07-08,XSHG
840,10000277.XSHG,0.2917,0.2539,2015-07-08,XSHG
841,10000270.XSHG,0.4086,0.4333,2015-07-08,XSHG
842,10000271.XSHG,0.3903,0.424,2015-07-08,XSHG
843,10000272.XSHG,0.3078,0.3193,2015-07-08,XSHG
844,10000273.XSHG,0.3418,0.3499,2015-07-08,XSHG
845,10000173.XSHG,0.1544,0.0951,2015-07-08,XSHG
846,10000278.XSHG,0.169,0.2155,2015-07-08,XSHG
847,10000279.XSHG,0.4477,0.4992,2015-07-08,XSHG
848,10000174.XSHG,0.7033,0.7139,2015-07-08,XSHG
849,10000048.XSHG,0.1513,0.1734,2015-07-08,XSHG
850,10000047.XSHG,0.4225,0.362,2015-07-08,XSHG
851,10000280.XSHG,0.2681,0.28,2015-07-08,XSHG
852,10000283.XSHG,0.318,0.3114,2015-07-08,XSHG
853,10000282.XSHG,0.065,0.16,2015-07-08,XSHG
854,10000285.XSHG,0.4737,0.4695,2015-07-08,XSHG
855,10000284.XSHG,0.125,0.1997,2015-07-08,XSHG
856,10000040.XSHG,0.1309,0.1534,2015-07-08,XSHG
857,10000267.XSHG,0.2714,0.3,2015-07-08,XSHG
858,10000266.XSHG,0.2398,0.2553,2015-07-08,XSHG
859,10000265.XSHG,0.1749,0.2359,2015-07-08,XSHG
860,10000264.XSHG,0.225,0.17,2015-07-08,XSHG
861,10000263.XSHG,0.2466,0.2082,2015-07-08,XSHG
862,10000262.XSHG,0.2448,0.2317,2015-07-08,XSHG
863,10000261.XSHG,0.2673,0.254,2015-07-08,XSHG
864,10000149.XSHG,0.2038,0.1506,2015-07-08,XSHG
865,10000142.XSHG,0.4382,0.4728,2015-07-08,XSHG
866,10000269.XSHG,0.4449,0.53,2015-07-08,XSHG
867,10000141.XSHG,0.4041,0.414,2015-07-08,XSHG
868,10000281.XSHG,0.2276,0.1262,2015-07-08,XSHG
869,10000072.XSHG,0.195,0.2604,2015-07-08,XSHG
870,10000071.XSHG,0.3457,0.2866,2015-07-08,XSHG
871,10000079.XSHG,0.3233,0.2783,2015-07-08,XSHG
872,10000258.XSHG,0.0903,0.1761,2015-07-08,XSHG
873,10000259.XSHG,0.0982,0.1922,2015-07-08,XSHG
874,10000252.XSHG,0.1726,0.143,2015-07-08,XSHG
875,10000253.XSHG,0.338,0.4087,2015-07-08,XSHG
876,10000250.XSHG,0.6335,0.658,2015-07-08,XSHG
877,10000251.XSHG,0.2116,0.1563,2015-07-08,XSHG
878,10000256.XSHG,0.1611,0.0818,2015-07-08,XSHG
879,10000257.XSHG,0.1336,0.0573,2015-07-08,XSHG
880,10000254.XSHG,0.3707,0.3714,2015-07-08,XSHG
881,10000255.XSHG,0.19,0.093,2015-07-08,XSHG
882,10000150.XSHG,0.4751,0.5202,2015-07-08,XSHG
883,10000157.XSHG,0.1793,0.1496,2015-07-08,XSHG
884,10000158.XSHG,0.5459,0.5928,2015-07-08,XSHG
885,10000095.XSHG,0.2829,0.2449,2015-07-08,XSHG
886,10000096.XSHG,0.3081,0.3501,2015-07-08,XSHG
887,10000064.XSHG,0.1974,0.2373,2015-07-08,XSHG
888,10000063.XSHG,0.3696,0.3105,2015-07-08,XSHG
889,10000286.XSHG,0.2496,0.305,2015-07-08,XSHG
890,10000249.XSHG,0.5534,0.5813,2015-07-08,XSHG
891,10000248.XSHG,0.4769,0.503,2015-07-08,XSHG
892,10000245.XSHG,0.0995,0.0585,2015-07-08,XSHG
893,10000244.XSHG,0.1351,0.075,2015-07-08,XSHG
894,10000247.XSHG,0.4402,0.4613,2015-07-08,XSHG
895,10000246.XSHG,0.4048,0.4277,2015-07-08,XSHG
896,10000241.XSHG,0.1727,0.13,2015-07-08,XSHG
897,10000240.XSHG,0.4391,0.4852,2015-07-08,XSHG
898,10000243.XSHG,0.17,0.0966,2015-07-08,XSHG
899,10000242.XSHG,0.1458,0.1121,2015-07-08,XSHG
900,10000125.XSHG,0.2478,0.1775,2015-07-08,XSHG
901,10000126.XSHG,0.3709,0.439,2015-07-08,XSHG
902,10000088.XSHG,0.2783,0.3261,2015-07-08,XSHG
903,10000080.XSHG,0.2499,0.25,2015-07-08,XSHG
904,10000087.XSHG,0.3024,0.2429,2015-07-08,XSHG
905,10000036.XSHG,0.0577,0.0879,2015-07-08,XSHG
906,10000037.XSHG,0.0694,0.0999,2015-07-08,XSHG
907,10000034.XSHG,0.4822,0.4061,2015-07-08,XSHG
908,10000035.XSHG,0.4515,0.3698,2015-07-08,XSHG
909,10000032.XSHG,0.6574,0.479,2015-07-08,XSHG
910,10000033.XSHG,0.5147,0.4482,2015-07-08,XSHG
911,10000031.XSHG,0.6002,0.4889,2015-07-08,XSHG
912,10000038.XSHG,0.0818,0.12,2015-07-08,XSHG
913,10000039.XSHG,0.0965,0.14,2015-07-08,XSHG
914,10000238.XSHG,0.3668,0.3531,2015-07-08,XSHG
915,10000239.XSHG,0.4022,0.435,2015-07-08,XSHG
916,10000230.XSHG,0.2805,0.4113,2015-07-08,XSHG
917,10000231.XSHG,0.0999,0.046,2015-07-08,XSHG
918,10000232.XSHG,0.0969,0.0347,2015-07-08,XSHG
919,10000233.XSHG,0.0755,0.031,2015-07-08,XSHG
920,10000234.XSHG,0.1666,0.2867,2015-07-08,XSHG
921,10000235.XSHG,0.1843,0.3058,2015-07-08,XSHG
922,10000236.XSHG,0.219,0.3437,2015-07-08,XSHG
923,10000237.XSHG,0.3903,0.38,2015-07-08,XSHG
924,10000103.XSHG,0.2648,0.2,2015-07-08,XSHG
925,10000260.XSHG,0.1236,0.2593,2015-07-08,XSHG
926,10000104.XSHG,0.3389,0.3744,2015-07-08,XSHG
927,10000229.XSHG,0.0673,0.0308,2015-07-08,XSHG
928,10000228.XSHG,,,2015-07-08,XSHG
929,10000223.XSHG,0.004,0.0031,2015-07-08,XSHG
930,10000220.XSHG,0.31,0.531,2015-07-08,XSHG
931,10000227.XSHG,0.225,0.1866,2015-07-08,XSHG
932,10000226.XSHG,0.9383,0.94,2015-07-08,XSHG
933,10000225.XSHG,0.0949,0.0599,2015-07-08,XSHG
934,10000224.XSHG,0.9179,1.0664,2015-07-08,XSHG
935,10000140.XSHG,0.2236,0.1501,2015-07-08,XSHG
936,10000268.XSHG,0.3069,0.3239,2015-07-08,XSHG
937,10000218.XSHG,0.06,0.02,2015-07-08,XSHG
938,10000219.XSHG,0.331,0.4423,2015-07-08,XSHG
939,10000216.XSHG,0.8377,0.9944,2015-07-08,XSHG
940,10000217.XSHG,0.0633,0.022,2015-07-08,XSHG
941,10000214.XSHG,0.6445,0.7332,2015-07-08,XSHG
942,10000215.XSHG,0.7405,0.8536,2015-07-08,XSHG
943,10000212.XSHG,0.4596,0.62,2015-07-08,XSHG
944,10000213.XSHG,0.5507,0.6513,2015-07-08,XSHG
945,10000210.XSHG,0.0092,0.006,2015-07-08,XSHG
946,10000211.XSHG,0.0053,0.005,2015-07-08,XSHG
947,10000182.XSHG,0.7839,0.7839,2015-07-08,XSHG
948,10000183.XSHG,0.3163,0.2963,2015-07-08,XSHG
949,10000181.XSHG,0.1254,0.08,2015-07-08,XSHG
950,10000186.XSHG,0.2598,0.2378,2015-07-08,XSHG
951,10000187.XSHG,0.2446,0.2432,2015-07-08,XSHG
952,10000184.XSHG,0.2953,0.2843,2015-07-08,XSHG
953,10000185.XSHG,0.2839,0.2564,2015-07-08,XSHG
954,10000188.XSHG,0.5587,0.6091,2015-07-08,XSHG
955,10000189.XSHG,0.6283,0.6861,2015-07-08,XSHG
956,10000139.XSHG,0.1605,0.2615,2015-07-09,XSHG
957,10000201.XSHG,0.2961,0.3511,2015-07-09,XSHG
958,10000200.XSHG,0.9947,0.8863,2015-07-09,XSHG
959,10000203.XSHG,0.2945,0.4229,2015-07-09,XSHG
960,10000202.XSHG,0.5801,0.46,2015-07-09,XSHG
961,10000205.XSHG,0.3092,0.4101,2015-07-09,XSHG
962,10000204.XSHG,0.5437,0.4306,2015-07-09,XSHG
963,10000207.XSHG,0.021,0.0478,2015-07-09,XSHG
964,10000206.XSHG,0.508,0.3702,2015-07-09,XSHG
965,10000209.XSHG,0.0075,0.0159,2015-07-09,XSHG
966,10000208.XSHG,0.0075,0.0325,2015-07-09,XSHG
967,10000165.XSHG,0.098,0.1636,2015-07-09,XSHG
968,10000166.XSHG,0.678,0.505,2015-07-09,XSHG
969,10000197.XSHG,0.064,0.0878,2015-07-09,XSHG
970,10000191.XSHG,0.8384,0.6684,2015-07-09,XSHG
971,10000190.XSHG,0.7621,0.6413,2015-07-09,XSHG
972,10000192.XSHG,0.916,0.7946,2015-07-09,XSHG
973,10000055.XSHG,0.2906,0.4515,2015-07-09,XSHG
974,10000056.XSHG,0.2264,0.1346,2015-07-09,XSHG
975,10000199.XSHG,0.1736,0.2188,2015-07-09,XSHG
976,10000198.XSHG,0.9467,0.7399,2015-07-09,XSHG
977,10000274.XSHG,0.4088,0.289,2015-07-09,XSHG
978,10000275.XSHG,0.106,0.2651,2015-07-09,XSHG
979,10000276.XSHG,0.1726,0.0555,2015-07-09,XSHG
980,10000277.XSHG,0.2201,0.38,2015-07-09,XSHG
981,10000270.XSHG,0.3289,0.5685,2015-07-09,XSHG
982,10000271.XSHG,0.3371,0.4917,2015-07-09,XSHG
983,10000272.XSHG,0.345,0.2799,2015-07-09,XSHG
984,10000273.XSHG,0.3786,0.302,2015-07-09,XSHG
985,10000173.XSHG,0.087,0.1298,2015-07-09,XSHG
986,10000278.XSHG,0.2245,0.13,2015-07-09,XSHG
987,10000279.XSHG,0.3626,0.569,2015-07-09,XSHG
988,10000174.XSHG,0.7814,0.6309,2015-07-09,XSHG
989,10000048.XSHG,0.1894,0.11,2015-07-09,XSHG
990,10000047.XSHG,0.3138,0.5298,2015-07-09,XSHG
991,10000280.XSHG,0.3085,0.24,2015-07-09,XSHG
992,10000283.XSHG,0.2438,0.4264,2015-07-09,XSHG
993,10000282.XSHG,0.1529,0.048,2015-07-09,XSHG
994,10000285.XSHG,0.4052,0.6504,2015-07-09,XSHG
995,10000284.XSHG,0.2152,0.111,2015-07-09,XSHG
996,10000040.XSHG,0.169,0.1028,2015-07-09,XSHG
997,10000267.XSHG,0.3289,0.1872,2015-07-09,XSHG
998,10000266.XSHG,0.297,0.1603,2015-07-09,XSHG
999,10000265.XSHG,0.2669,0.145,2015-07-09,XSHG
1000,10000264.XSHG,0.1551,0.2732,2015-07-09,XSHG
1001,10000263.XSHG,0.1694,0.283,2015-07-09,XSHG
1002,10000262.XSHG,0.1851,0.3135,2015-07-09,XSHG
1003,10000261.XSHG,0.2025,0.345,2015-07-09,XSHG
1004,10000149.XSHG,0.1374,0.2133,2015-07-09,XSHG
1005,10000142.XSHG,0.51,0.3454,2015-07-09,XSHG
1006,10000269.XSHG,0.3951,0.5927,2015-07-09,XSHG
1007,10000141.XSHG,0.474,0.3084,2015-07-09,XSHG
1008,10000281.XSHG,0.11,0.3298,2015-07-09,XSHG
1009,10000072.XSHG,0.2511,0.16,2015-07-09,XSHG
1010,10000071.XSHG,0.2509,0.4201,2015-07-09,XSHG
1011,10000079.XSHG,0.232,0.4199,2015-07-09,XSHG
1012,10000258.XSHG,0.18,0.0674,2015-07-09,XSHG
1013,10000259.XSHG,0.2123,0.0804,2015-07-09,XSHG
1014,10000252.XSHG,0.1263,0.2045,2015-07-09,XSHG
1015,10000253.XSHG,0.3972,0.2403,2015-07-09,XSHG
1016,10000250.XSHG,0.7133,0.4644,2015-07-09,XSHG
1017,10000251.XSHG,0.1423,0.2278,2015-07-09,XSHG
1018,10000256.XSHG,0.07,0.2084,2015-07-09,XSHG
1019,10000257.XSHG,0.08,0.1619,2015-07-09,XSHG
1020,10000254.XSHG,0.4333,0.2496,2015-07-09,XSHG
1021,10000255.XSHG,0.0779,0.2273,2015-07-09,XSHG
1022,10000150.XSHG,0.5468,0.399,2015-07-09,XSHG
1023,10000157.XSHG,0.1212,0.1919,2015-07-09,XSHG
1024,10000158.XSHG,0.6227,0.42,2015-07-09,XSHG
1025,10000095.XSHG,0.1985,0.3556,2015-07-09,XSHG
1026,10000096.XSHG,0.3717,0.2377,2015-07-09,XSHG
1027,10000064.XSHG,0.2525,0.1472,2015-07-09,XSHG
1028,10000063.XSHG,0.2716,0.4699,2015-07-09,XSHG
1029,10000286.XSHG,0.2979,0.27,2015-07-09,XSHG
1030,10000249.XSHG,0.6295,0.4154,2015-07-09,XSHG
1031,10000248.XSHG,0.5484,0.3469,2015-07-09,XSHG
1032,10000245.XSHG,0.077,0.09,2015-07-09,XSHG
1033,10000244.XSHG,0.0734,0.1108,2015-07-09,XSHG
1034,10000247.XSHG,0.5091,0.3212,2015-07-09,XSHG
1035,10000246.XSHG,0.4707,0.2848,2015-07-09,XSHG
1036,10000241.XSHG,0.1154,0.196,2015-07-09,XSHG
1037,10000240.XSHG,0.4737,0.373,2015-07-09,XSHG
1038,10000243.XSHG,0.0927,0.1438,2015-07-09,XSHG
1039,10000242.XSHG,0.1076,0.1699,2015-07-09,XSHG
1040,10000125.XSHG,0.1704,0.2949,2015-07-09,XSHG
1041,10000126.XSHG,0.4388,0.3076,2015-07-09,XSHG
1042,10000088.XSHG,0.3398,0.2252,2015-07-09,XSHG
1043,10000080.XSHG,0.3093,0.1876,2015-07-09,XSHG
1044,10000087.XSHG,0.2148,0.385,2015-07-09,XSHG
1045,10000036.XSHG,0.1,0.0682,2015-07-09,XSHG
1046,10000037.XSHG,0.11,0.0661,2015-07-09,XSHG
1047,10000034.XSHG,0.364,0.5807,2015-07-09,XSHG
1048,10000035.XSHG,0.3385,0.55,2015-07-09,XSHG
1049,10000032.XSHG,0.4199,0.711,2015-07-09,XSHG
1050,10000033.XSHG,0.3992,0.5978,2015-07-09,XSHG
1051,10000031.XSHG,0.4507,0.71,2015-07-09,XSHG
1052,10000038.XSHG,0.132,0.0799,2015-07-09,XSHG
1053,10000039.XSHG,0.1525,0.088,2015-07-09,XSHG
1054,10000238.XSHG,0.3231,0.4023,2015-07-09,XSHG
1055,10000239.XSHG,0.4401,0.3122,2015-07-09,XSHG
1056,10000230.XSHG,0.4273,0.2203,2015-07-09,XSHG
1057,10000231.XSHG,0.0517,0.1381,2015-07-09,XSHG
1058,10000232.XSHG,0.0479,0.1154,2015-07-09,XSHG
1059,10000233.XSHG,0.0322,0.1057,2015-07-09,XSHG
1060,10000234.XSHG,0.28,0.1299,2015-07-09,XSHG
1061,10000235.XSHG,0.3367,0.1489,2015-07-09,XSHG
1062,10000236.XSHG,0.3744,0.178,2015-07-09,XSHG
1063,10000237.XSHG,0.3242,0.4485,2015-07-09,XSHG
1064,10000103.XSHG,0.1841,0.2877,2015-07-09,XSHG
1065,10000260.XSHG,0.2432,0.0978,2015-07-09,XSHG
1066,10000104.XSHG,0.4047,0.2548,2015-07-09,XSHG
1067,10000229.XSHG,0.03,0.0935,2015-07-09,XSHG
1068,10000228.XSHG,1.0744,0.9399,2015-07-09,XSHG
1069,10000223.XSHG,0.0032,0.0099,2015-07-09,XSHG
1070,10000220.XSHG,0.5599,0.2963,2015-07-09,XSHG
1071,10000227.XSHG,0.1667,0.1914,2015-07-09,XSHG
1072,10000226.XSHG,1.0311,0.8069,2015-07-09,XSHG
1073,10000225.XSHG,0.0548,0.0709,2015-07-09,XSHG
1074,10000224.XSHG,1.0864,0.8587,2015-07-09,XSHG
1075,10000140.XSHG,0.1464,0.2534,2015-07-09,XSHG
1076,10000268.XSHG,0.3623,0.2145,2015-07-09,XSHG
1077,10000218.XSHG,0.023,0.0698,2015-07-09,XSHG
1078,10000219.XSHG,0.4621,0.2437,2015-07-09,XSHG
1079,10000216.XSHG,0.9798,0.73,2015-07-09,XSHG
1080,10000217.XSHG,0.0256,0.0785,2015-07-09,XSHG
1081,10000214.XSHG,0.7837,0.5301,2015-07-09,XSHG
1082,10000215.XSHG,0.8888,0.6333,2015-07-09,XSHG
1083,10000212.XSHG,0.6075,0.3651,2015-07-09,XSHG
1084,10000213.XSHG,0.7,0.463,2015-07-09,XSHG
1085,10000210.XSHG,0.004,0.0094,2015-07-09,XSHG
1086,10000211.XSHG,0.004,0.0094,2015-07-09,XSHG
1087,10000182.XSHG,0.8634,0.709,2015-07-09,XSHG
1088,10000183.XSHG,0.2809,0.3481,2015-07-09,XSHG
1089,10000181.XSHG,0.0701,0.1159,2015-07-09,XSHG
1090,10000186.XSHG,0.2176,0.2774,2015-07-09,XSHG
1091,10000187.XSHG,0.1973,0.2723,2015-07-09,XSHG
1092,10000184.XSHG,0.2601,0.338,2015-07-09,XSHG
1093,10000185.XSHG,0.2393,0.3035,2015-07-09,XSHG
1094,10000188.XSHG,0.6148,0.4926,2015-07-09,XSHG
1095,10000189.XSHG,0.6872,0.554,2015-07-09,XSHG
1096,10000139.XSHG,0.254,0.2941,2015-07-10,XSHG
1097,10000201.XSHG,0.3513,0.465,2015-07-10,XSHG
1098,10000200.XSHG,0.8344,0.735,2015-07-10,XSHG
1099,10000203.XSHG,0.387,0.454,2015-07-10,XSHG
1100,10000202.XSHG,0.4454,0.379,2015-07-10,XSHG
1101,10000205.XSHG,0.3852,0.4905,2015-07-10,XSHG
1102,10000204.XSHG,0.4133,0.36,2015-07-10,XSHG
1103,10000207.XSHG,0.0478,0.0611,2015-07-10,XSHG
1104,10000206.XSHG,0.382,0.3335,2015-07-10,XSHG
1105,10000209.XSHG,0.0173,0.0265,2015-07-10,XSHG
1106,10000208.XSHG,0.0277,0.045,2015-07-10,XSHG
1107,10000165.XSHG,0.1531,0.1727,2015-07-10,XSHG
1108,10000166.XSHG,0.5016,0.4506,2015-07-10,XSHG
1109,10000197.XSHG,0.0887,0.1079,2015-07-10,XSHG
1110,10000191.XSHG,0.6864,0.5475,2015-07-10,XSHG
1111,10000190.XSHG,0.615,0.52,2015-07-10,XSHG
1112,10000192.XSHG,0.7597,0.66,2015-07-10,XSHG
1113,10000055.XSHG,0.4687,0.59,2015-07-10,XSHG
1114,10000056.XSHG,0.1345,0.1097,2015-07-10,XSHG
1115,10000199.XSHG,0.2128,0.2498,2015-07-10,XSHG
1116,10000198.XSHG,0.7448,0.668,2015-07-10,XSHG
1117,10000274.XSHG,0.2971,0.2642,2015-07-10,XSHG
1118,10000275.XSHG,0.2651,0.3503,2015-07-10,XSHG
1119,10000276.XSHG,0.0524,0.0279,2015-07-10,XSHG
1120,10000277.XSHG,0.3595,0.449,2015-07-10,XSHG
1121,10000270.XSHG,0.4933,0.5905,2015-07-10,XSHG
1122,10000271.XSHG,0.4515,0.5688,2015-07-10,XSHG
1123,10000272.XSHG,0.2569,0.2436,2015-07-10,XSHG
1124,10000273.XSHG,0.2763,0.26,2015-07-10,XSHG
1125,10000173.XSHG,0.1291,0.148,2015-07-10,XSHG
1126,10000278.XSHG,0.1366,0.0922,2015-07-10,XSHG
1127,10000279.XSHG,0.5301,0.6793,2015-07-10,XSHG
1128,10000174.XSHG,0.5837,0.5342,2015-07-10,XSHG
1129,10000048.XSHG,0.1187,0.0928,2015-07-10,XSHG
1130,10000047.XSHG,0.5028,0.6208,2015-07-10,XSHG
1131,10000280.XSHG,0.25,0.224,2015-07-10,XSHG
1132,10000283.XSHG,0.3911,0.5042,2015-07-10,XSHG
1133,10000282.XSHG,0.0406,0.0208,2015-07-10,XSHG
1134,10000285.XSHG,0.5655,0.6748,2015-07-10,XSHG
1135,10000284.XSHG,0.1192,0.0801,2015-07-10,XSHG
1136,10000040.XSHG,0.1062,0.086,2015-07-10,XSHG
1137,10000267.XSHG,0.1952,0.1457,2015-07-10,XSHG
1138,10000266.XSHG,0.1744,0.1186,2015-07-10,XSHG
1139,10000265.XSHG,0.1553,0.107,2015-07-10,XSHG
1140,10000264.XSHG,0.2659,0.3296,2015-07-10,XSHG
1141,10000263.XSHG,0.2657,0.34,2015-07-10,XSHG
1142,10000262.XSHG,0.2948,0.3741,2015-07-10,XSHG
1143,10000261.XSHG,0.3255,0.4175,2015-07-10,XSHG
1144,10000149.XSHG,0.2161,0.2512,2015-07-10,XSHG
1145,10000142.XSHG,0.3453,0.2888,2015-07-10,XSHG
1146,10000269.XSHG,0.5173,0.6861,2015-07-10,XSHG
1147,10000141.XSHG,0.3144,0.2398,2015-07-10,XSHG
1148,10000281.XSHG,0.3251,0.396,2015-07-10,XSHG
1149,10000072.XSHG,0.1691,0.1309,2015-07-10,XSHG
1150,10000071.XSHG,0.4041,0.5345,2015-07-10,XSHG
1151,10000079.XSHG,0.3842,0.4811,2015-07-10,XSHG
1152,10000258.XSHG,0.0616,0.0381,2015-07-10,XSHG
1153,10000259.XSHG,0.0815,0.046,2015-07-10,XSHG
1154,10000252.XSHG,0.2077,0.2718,2015-07-10,XSHG
1155,10000253.XSHG,0.2393,0.1726,2015-07-10,XSHG
1156,10000250.XSHG,0.497,0.4144,2015-07-10,XSHG
1157,10000251.XSHG,0.2278,0.2838,2015-07-10,XSHG
1158,10000256.XSHG,0.2084,0.27,2015-07-10,XSHG
1159,10000257.XSHG,0.1619,0.2303,2015-07-10,XSHG
1160,10000254.XSHG,0.2679,0.1952,2015-07-10,XSHG
1161,10000255.XSHG,0.2293,0.3086,2015-07-10,XSHG
1162,10000150.XSHG,0.3755,0.3229,2015-07-10,XSHG
1163,10000157.XSHG,0.1852,0.2137,2015-07-10,XSHG
1164,10000158.XSHG,0.4364,0.3749,2015-07-10,XSHG
1165,10000095.XSHG,0.3254,0.415,2015-07-10,XSHG
1166,10000096.XSHG,0.2356,0.1767,2015-07-10,XSHG
1167,10000064.XSHG,0.1512,0.1079,2015-07-10,XSHG
1168,10000063.XSHG,0.4358,0.5491,2015-07-10,XSHG
1169,10000286.XSHG,0.2246,0.2005,2015-07-10,XSHG
1170,10000249.XSHG,0.4229,0.3396,2015-07-10,XSHG
1171,10000248.XSHG,0.3548,0.2838,2015-07-10,XSHG
1172,10000245.XSHG,0.09,0.1187,2015-07-10,XSHG
1173,10000244.XSHG,0.0958,0.1461,2015-07-10,XSHG
1174,10000247.XSHG,0.3235,0.254,2015-07-10,XSHG
1175,10000246.XSHG,0.2949,0.2298,2015-07-10,XSHG
1176,10000241.XSHG,0.1907,0.235,2015-07-10,XSHG
1177,10000240.XSHG,0.3515,0.3515,2015-07-10,XSHG
1178,10000243.XSHG,0.1441,0.199,2015-07-10,XSHG
1179,10000242.XSHG,0.1699,0.21,2015-07-10,XSHG
1180,10000125.XSHG,0.2785,0.3495,2015-07-10,XSHG
1181,10000126.XSHG,0.288,0.215,2015-07-10,XSHG
1182,10000088.XSHG,0.2107,0.1641,2015-07-10,XSHG
1183,10000080.XSHG,0.1887,0.1491,2015-07-10,XSHG
1184,10000087.XSHG,0.3523,0.4469,2015-07-10,XSHG
1185,10000036.XSHG,0.063,0.0472,2015-07-10,XSHG
1186,10000037.XSHG,0.0712,0.055,2015-07-10,XSHG
1187,10000034.XSHG,0.5719,0.7077,2015-07-10,XSHG
1188,10000035.XSHG,0.539,0.6225,2015-07-10,XSHG
1189,10000032.XSHG,0.6506,0.7253,2015-07-10,XSHG
1190,10000033.XSHG,0.6104,0.6943,2015-07-10,XSHG
1191,10000031.XSHG,0.6918,0.8487,2015-07-10,XSHG
1192,10000038.XSHG,0.0812,0.0612,2015-07-10,XSHG
1193,10000039.XSHG,0.0929,0.0719,2015-07-10,XSHG
1194,10000238.XSHG,0.4062,0.4854,2015-07-10,XSHG
1195,10000239.XSHG,0.3218,0.2749,2015-07-10,XSHG
1196,10000230.XSHG,0.22,0.1507,2015-07-10,XSHG
1197,10000231.XSHG,0.1381,0.1927,2015-07-10,XSHG
1198,10000232.XSHG,0.1154,0.1752,2015-07-10,XSHG
1199,10000233.XSHG,0.1001,0.1555,2015-07-10,XSHG
1200,10000234.XSHG,0.1182,0.0772,2015-07-10,XSHG
1201,10000235.XSHG,0.1488,0.0944,2015-07-10,XSHG
1202,10000236.XSHG,0.1856,0.1229,2015-07-10,XSHG
1203,10000237.XSHG,0.4283,0.5745,2015-07-10,XSHG
1204,10000103.XSHG,0.2975,0.3836,2015-07-10,XSHG
1205,10000260.XSHG,0.1009,0.0606,2015-07-10,XSHG
1206,10000104.XSHG,0.2598,0.2136,2015-07-10,XSHG
1207,10000229.XSHG,0.0891,0.1304,2015-07-10,XSHG
1208,10000228.XSHG,0.9104,0.8188,2015-07-10,XSHG
1209,10000223.XSHG,0.0045,0.0072,2015-07-10,XSHG
1210,10000220.XSHG,0.2953,0.2036,2015-07-10,XSHG
1211,10000227.XSHG,0.1913,0.2339,2015-07-10,XSHG
1212,10000226.XSHG,0.8271,0.7293,2015-07-10,XSHG
1213,10000225.XSHG,0.025,0.0921,2015-07-10,XSHG
1214,10000224.XSHG,0.8311,0.7201,2015-07-10,XSHG
1215,10000140.XSHG,0.2363,0.2918,2015-07-10,XSHG
1216,10000268.XSHG,0.2169,0.1561,2015-07-10,XSHG
1217,10000218.XSHG,0.0721,0.0878,2015-07-10,XSHG
1218,10000219.XSHG,0.2561,0.177,2015-07-10,XSHG
1219,10000216.XSHG,0.7386,0.6216,2015-07-10,XSHG
1220,10000217.XSHG,0.0797,0.1059,2015-07-10,XSHG
1221,10000214.XSHG,0.5571,0.4353,2015-07-10,XSHG
1222,10000215.XSHG,0.6472,0.5226,2015-07-10,XSHG
1223,10000212.XSHG,0.3778,0.28,2015-07-10,XSHG
1224,10000213.XSHG,0.4687,0.3471,2015-07-10,XSHG
1225,10000210.XSHG,0.0127,0.0174,2015-07-10,XSHG
1226,10000211.XSHG,0.0073,0.0112,2015-07-10,XSHG
1227,10000182.XSHG,0.6573,0.5922,2015-07-10,XSHG
1228,10000183.XSHG,0.34,0.4151,2015-07-10,XSHG
1229,10000181.XSHG,0.1082,0.1358,2015-07-10,XSHG
1230,10000186.XSHG,0.2653,0.3145,2015-07-10,XSHG
1231,10000187.XSHG,0.2537,0.2695,2015-07-10,XSHG
1232,10000184.XSHG,0.3171,0.3433,2015-07-10,XSHG
1233,10000185.XSHG,0.297,0.3181,2015-07-10,XSHG
1234,10000188.XSHG,0.4781,0.4393,2015-07-10,XSHG
1235,10000189.XSHG,0.5454,0.4676,2015-07-10,XSHG
1236,10000139.XSHG,0.2723,0.2954,2015-07-13,XSHG
1237,10000201.XSHG,0.4179,0.4165,2015-07-13,XSHG
1238,10000200.XSHG,0.7805,0.716,2015-07-13,XSHG
1239,10000203.XSHG,0.4308,0.4215,2015-07-13,XSHG
1240,10000202.XSHG,0.3861,0.3861,2015-07-13,XSHG
1241,10000205.XSHG,0.41,0.44,2015-07-13,XSHG
1242,10000204.XSHG,0.3692,0.3764,2015-07-13,XSHG
1243,10000207.XSHG,0.0414,0.0301,2015-07-13,XSHG
1244,10000206.XSHG,0.3447,0.3448,2015-07-13,XSHG
1245,10000209.XSHG,0.0196,0.0081,2015-07-13,XSHG
1246,10000208.XSHG,0.0388,0.0164,2015-07-13,XSHG
1247,10000165.XSHG,0.1731,0.1713,2015-07-13,XSHG
1248,10000166.XSHG,0.4624,0.4723,2015-07-13,XSHG
1249,10000197.XSHG,0.0987,0.1,2015-07-13,XSHG
1250,10000191.XSHG,0.6,0.5709,2015-07-13,XSHG
1251,10000190.XSHG,0.54,0.5055,2015-07-13,XSHG
1252,10000192.XSHG,0.705,0.6363,2015-07-13,XSHG
1253,10000055.XSHG,0.5357,0.5357,2015-07-13,XSHG
1254,10000056.XSHG,0.1008,0.1,2015-07-13,XSHG
1255,10000199.XSHG,0.2506,0.25,2015-07-13,XSHG
1256,10000198.XSHG,0.6953,0.6951,2015-07-13,XSHG
1257,10000274.XSHG,,,2015-07-13,XSHG
1258,10000275.XSHG,0.3226,0.3112,2015-07-13,XSHG
1259,10000276.XSHG,0.0326,0.0203,2015-07-13,XSHG
1260,10000277.XSHG,0.4253,0.41,2015-07-13,XSHG
1261,10000270.XSHG,0.5394,0.5548,2015-07-13,XSHG
1262,10000271.XSHG,0.5216,0.5022,2015-07-13,XSHG
1263,10000272.XSHG,0.2281,0.2281,2015-07-13,XSHG
1264,10000273.XSHG,,,2015-07-13,XSHG
1265,10000173.XSHG,0.146,0.1439,2015-07-13,XSHG
1266,10000278.XSHG,0.101,0.0888,2015-07-13,XSHG
1267,10000279.XSHG,0.5553,0.622,2015-07-13,XSHG
1268,10000174.XSHG,0.5288,0.5205,2015-07-13,XSHG
1269,10000048.XSHG,0.0987,0.0893,2015-07-13,XSHG
1270,10000047.XSHG,0.568,0.5493,2015-07-13,XSHG
1271,10000280.XSHG,0.2102,0.2102,2015-07-13,XSHG
1272,10000283.XSHG,0.4624,0.445,2015-07-13,XSHG
1273,10000282.XSHG,0.0243,0.0134,2015-07-13,XSHG
1274,10000285.XSHG,0.6355,0.6725,2015-07-13,XSHG
1275,10000284.XSHG,0.0864,0.0775,2015-07-13,XSHG
1276,10000040.XSHG,0.0898,0.0749,2015-07-13,XSHG
1277,10000267.XSHG,0.1505,0.147,2015-07-13,XSHG
1278,10000266.XSHG,0.1322,0.1279,2015-07-13,XSHG
1279,10000265.XSHG,0.1104,0.1083,2015-07-13,XSHG
1280,10000264.XSHG,0.2924,0.2947,2015-07-13,XSHG
1281,10000263.XSHG,0.3229,0.315,2015-07-13,XSHG
1282,10000262.XSHG,0.3551,0.3399,2015-07-13,XSHG
1283,10000261.XSHG,0.389,0.3852,2015-07-13,XSHG
1284,10000149.XSHG,0.2512,0.248,2015-07-13,XSHG
1285,10000142.XSHG,0.3336,0.3026,2015-07-13,XSHG
1286,10000269.XSHG,0.6246,0.5861,2015-07-13,XSHG
1287,10000141.XSHG,0.2981,0.2701,2015-07-13,XSHG
1288,10000281.XSHG,0.39,0.3585,2015-07-13,XSHG
1289,10000072.XSHG,0.1444,0.14,2015-07-13,XSHG
1290,10000071.XSHG,0.4742,0.4874,2015-07-13,XSHG
1291,10000079.XSHG,0.1699,0.4287,2015-07-13,XSHG
1292,10000258.XSHG,0.0433,0.0281,2015-07-13,XSHG
1293,10000259.XSHG,0.056,0.04,2015-07-13,XSHG
1294,10000252.XSHG,0.2379,0.2369,2015-07-13,XSHG
1295,10000253.XSHG,0.1902,0.186,2015-07-13,XSHG
1296,10000250.XSHG,0.427,0.4291,2015-07-13,XSHG
1297,10000251.XSHG,0.2633,0.26,2015-07-13,XSHG
1298,10000256.XSHG,0.2442,0.2339,2015-07-13,XSHG
1299,10000257.XSHG,0.2089,0.2004,2015-07-13,XSHG
1300,10000254.XSHG,0.2132,0.215,2015-07-13,XSHG
1301,10000255.XSHG,0.2836,0.2774,2015-07-13,XSHG
1302,10000150.XSHG,0.3554,0.3067,2015-07-13,XSHG
1303,10000157.XSHG,0.2094,0.1923,2015-07-13,XSHG
1304,10000158.XSHG,0.3791,0.38,2015-07-13,XSHG
1305,10000095.XSHG,0.3635,0.357,2015-07-13,XSHG
1306,10000096.XSHG,0.193,0.2085,2015-07-13,XSHG
1307,10000064.XSHG,0.1271,0.1134,2015-07-13,XSHG
1308,10000063.XSHG,0.4718,0.5065,2015-07-13,XSHG
1309,10000286.XSHG,0.2105,0.194,2015-07-13,XSHG
1310,10000249.XSHG,0.3567,0.3576,2015-07-13,XSHG
1311,10000248.XSHG,0.2969,0.2945,2015-07-13,XSHG
1312,10000245.XSHG,0.1087,0.1093,2015-07-13,XSHG
1313,10000244.XSHG,0.15,0.1399,2015-07-13,XSHG
1314,10000247.XSHG,0.2659,0.263,2015-07-13,XSHG
1315,10000246.XSHG,0.24,0.244,2015-07-13,XSHG
1316,10000241.XSHG,0.2134,0.215,2015-07-13,XSHG
1317,10000240.XSHG,0.343,0.3148,2015-07-13,XSHG
1318,10000243.XSHG,0.177,0.1746,2015-07-13,XSHG
1319,10000242.XSHG,0.1914,0.1945,2015-07-13,XSHG
1320,10000125.XSHG,0.31,0.2918,2015-07-13,XSHG
1321,10000126.XSHG,0.2349,0.25,2015-07-13,XSHG
1322,10000088.XSHG,0.1659,0.1777,2015-07-13,XSHG
1323,10000080.XSHG,0.1628,0.1467,2015-07-13,XSHG
1324,10000087.XSHG,0.4089,0.3968,2015-07-13,XSHG
1325,10000036.XSHG,0.0513,0.0439,2015-07-13,XSHG
1326,10000037.XSHG,0.0593,0.051,2015-07-13,XSHG
1327,10000034.XSHG,0.6009,0.6676,2015-07-13,XSHG
1328,10000035.XSHG,0.6,0.5917,2015-07-13,XSHG
1329,10000032.XSHG,0.7159,0.6933,2015-07-13,XSHG
1330,10000033.XSHG,0.6638,0.6517,2015-07-13,XSHG
1331,10000031.XSHG,0.7766,0.738,2015-07-13,XSHG
1332,10000038.XSHG,0.0664,0.057,2015-07-13,XSHG
1333,10000039.XSHG,0.078,0.069,2015-07-13,XSHG
1334,10000238.XSHG,0.4687,0.4751,2015-07-13,XSHG
1335,10000239.XSHG,0.3155,0.2642,2015-07-13,XSHG
1336,10000230.XSHG,0.1648,0.1476,2015-07-13,XSHG
1337,10000231.XSHG,0.189,0.1664,2015-07-13,XSHG
1338,10000232.XSHG,0.1603,0.14,2015-07-13,XSHG
1339,10000233.XSHG,0.1265,0.112,2015-07-13,XSHG
1340,10000234.XSHG,0.0814,0.0717,2015-07-13,XSHG
1341,10000235.XSHG,0.1099,0.0918,2015-07-13,XSHG
1342,10000236.XSHG,0.135,0.1182,2015-07-13,XSHG
1343,10000237.XSHG,0.5154,0.5189,2015-07-13,XSHG
1344,10000103.XSHG,0.2962,0.3287,2015-07-13,XSHG
1345,10000260.XSHG,0.0714,0.0537,2015-07-13,XSHG
1346,10000104.XSHG,0.2088,0.212,2015-07-13,XSHG
1347,10000229.XSHG,0.1299,0.0906,2015-07-13,XSHG
1348,10000228.XSHG,0.818,0.832,2015-07-13,XSHG
1349,10000223.XSHG,0.007,0.0012,2015-07-13,XSHG
1350,10000220.XSHG,0.2285,0.2134,2015-07-13,XSHG
1351,10000227.XSHG,0.23,0.2142,2015-07-13,XSHG
1352,10000226.XSHG,0.8188,0.7523,2015-07-13,XSHG
1353,10000225.XSHG,0.0965,0.081,2015-07-13,XSHG
1354,10000224.XSHG,0.7118,0.7473,2015-07-13,XSHG
1355,10000140.XSHG,0.3099,0.2649,2015-07-13,XSHG
1356,10000268.XSHG,0.1695,0.1617,2015-07-13,XSHG
1357,10000218.XSHG,0.0779,0.0546,2015-07-13,XSHG
1358,10000219.XSHG,0.16,0.1793,2015-07-13,XSHG
1359,10000216.XSHG,0.6571,0.639,2015-07-13,XSHG
1360,10000217.XSHG,0.106,0.0728,2015-07-13,XSHG
1361,10000214.XSHG,0.473,0.46,2015-07-13,XSHG
1362,10000215.XSHG,0.5601,0.5455,2015-07-13,XSHG
1363,10000212.XSHG,0.2996,0.2888,2015-07-13,XSHG
1364,10000213.XSHG,0.3871,0.3683,2015-07-13,XSHG
1365,10000210.XSHG,0.0149,0.006,2015-07-13,XSHG
1366,10000211.XSHG,0.0099,0.0025,2015-07-13,XSHG
1367,10000182.XSHG,0.6037,0.5855,2015-07-13,XSHG
1368,10000183.XSHG,0.3608,0.408,2015-07-13,XSHG
1369,10000181.XSHG,0.1207,0.1233,2015-07-13,XSHG
1370,10000186.XSHG,0.2801,0.2994,2015-07-13,XSHG
1371,10000187.XSHG,0.2654,0.28,2015-07-13,XSHG
1372,10000184.XSHG,0.3243,0.3243,2015-07-13,XSHG
1373,10000185.XSHG,0.3,0.3244,2015-07-13,XSHG
1374,10000188.XSHG,0.4588,0.3885,2015-07-13,XSHG
1375,10000189.XSHG,0.4623,0.4424,2015-07-13,XSHG
1376,10000139.XSHG,0.2623,0.2327,2015-07-14,XSHG
1377,10000201.XSHG,0.4257,0.3543,2015-07-14,XSHG
1378,10000200.XSHG,0.7819,0.7797,2015-07-14,XSHG
1379,10000203.XSHG,0.41,0.35,2015-07-14,XSHG
1380,10000202.XSHG,0.4299,0.4301,2015-07-14,XSHG
1381,10000205.XSHG,0.4791,0.3871,2015-07-14,XSHG
1382,10000204.XSHG,0.3999,0.3999,2015-07-14,XSHG
1383,10000207.XSHG,0.0234,0.009,2015-07-14,XSHG
1384,10000206.XSHG,0.3383,0.3607,2015-07-14,XSHG
1385,10000209.XSHG,0.0078,0.0033,2015-07-14,XSHG
1386,10000208.XSHG,0.0118,0.0042,2015-07-14,XSHG
1387,10000165.XSHG,0.1583,0.1189,2015-07-14,XSHG
1388,10000166.XSHG,0.5081,0.4967,2015-07-14,XSHG
1389,10000197.XSHG,0.0923,0.0716,2015-07-14,XSHG
1390,10000191.XSHG,0.6106,0.6709,2015-07-14,XSHG
1391,10000190.XSHG,0.5648,0.6067,2015-07-14,XSHG
1392,10000192.XSHG,0.7059,0.7644,2015-07-14,XSHG
1393,10000055.XSHG,0.4547,0.4232,2015-07-14,XSHG
1394,10000056.XSHG,0.1114,0.115,2015-07-14,XSHG
1395,10000199.XSHG,0.2353,0.2201,2015-07-14,XSHG
1396,10000198.XSHG,0.7026,0.8172,2015-07-14,XSHG
1397,10000274.XSHG,0.2827,0.2966,2015-07-14,XSHG
1398,10000275.XSHG,0.2787,0.2044,2015-07-14,XSHG
1399,10000276.XSHG,0.0246,0.0149,2015-07-14,XSHG
1400,10000277.XSHG,0.3794,0.3141,2015-07-14,XSHG
1401,10000270.XSHG,0.5164,0.4785,2015-07-14,XSHG
1402,10000271.XSHG,0.467,0.4318,2015-07-14,XSHG
1403,10000272.XSHG,0.2489,0.2609,2015-07-14,XSHG
1404,10000273.XSHG,,,2015-07-14,XSHG
1405,10000173.XSHG,0.1336,0.1108,2015-07-14,XSHG
1406,10000278.XSHG,0.1028,0.1081,2015-07-14,XSHG
1407,10000279.XSHG,0.6387,0.5368,2015-07-14,XSHG
1408,10000174.XSHG,0.5818,0.6286,2015-07-14,XSHG
1409,10000048.XSHG,0.0973,0.0961,2015-07-14,XSHG
1410,10000047.XSHG,0.5177,0.4337,2015-07-14,XSHG
1411,10000280.XSHG,0.2267,0.235,2015-07-14,XSHG
1412,10000283.XSHG,0.4164,0.346,2015-07-14,XSHG
1413,10000282.XSHG,0.0151,0.0078,2015-07-14,XSHG
1414,10000285.XSHG,0.6465,0.5893,2015-07-14,XSHG
1415,10000284.XSHG,0.0864,0.0892,2015-07-14,XSHG
1416,10000040.XSHG,0.0869,0.0865,2015-07-14,XSHG
1417,10000267.XSHG,0.1601,0.1763,2015-07-14,XSHG
1418,10000266.XSHG,0.1385,0.1427,2015-07-14,XSHG
1419,10000265.XSHG,0.1193,0.1213,2015-07-14,XSHG
1420,10000264.XSHG,0.2599,0.2085,2015-07-14,XSHG
1421,10000263.XSHG,0.2876,0.235,2015-07-14,XSHG
1422,10000262.XSHG,0.3159,0.2552,2015-07-14,XSHG
1423,10000261.XSHG,0.3478,0.285,2015-07-14,XSHG
1424,10000149.XSHG,0.2262,0.1839,2015-07-14,XSHG
1425,10000142.XSHG,0.3326,0.3327,2015-07-14,XSHG
1426,10000269.XSHG,0.5833,0.5064,2015-07-14,XSHG
1427,10000141.XSHG,0.2793,0.3174,2015-07-14,XSHG
1428,10000281.XSHG,0.3175,0.2366,2015-07-14,XSHG
1429,10000072.XSHG,0.1486,0.153,2015-07-14,XSHG
1430,10000071.XSHG,0.4388,0.3591,2015-07-14,XSHG
1431,10000079.XSHG,0.3707,0.3371,2015-07-14,XSHG
1432,10000258.XSHG,0.0369,0.0276,2015-07-14,XSHG
1433,10000259.XSHG,0.0484,0.043,2015-07-14,XSHG
1434,10000252.XSHG,0.2115,0.1708,2015-07-14,XSHG
1435,10000253.XSHG,0.2692,0.2254,2015-07-14,XSHG
1436,10000250.XSHG,0.4631,0.5072,2015-07-14,XSHG
1437,10000251.XSHG,0.2349,0.1865,2015-07-14,XSHG
1438,10000256.XSHG,0.208,0.1281,2015-07-14,XSHG
1439,10000257.XSHG,0.1716,0.1003,2015-07-14,XSHG
1440,10000254.XSHG,0.2344,0.2605,2015-07-14,XSHG
1441,10000255.XSHG,0.2431,0.1617,2015-07-14,XSHG
1442,10000150.XSHG,0.3,0.378,2015-07-14,XSHG
1443,10000157.XSHG,0.1801,0.1501,2015-07-14,XSHG
1444,10000158.XSHG,0.4005,0.4253,2015-07-14,XSHG
1445,10000095.XSHG,0.3079,0.2835,2015-07-14,XSHG
1446,10000096.XSHG,0.22,0.225,2015-07-14,XSHG
1447,10000064.XSHG,0.1268,0.1338,2015-07-14,XSHG
1448,10000063.XSHG,0.4694,0.3741,2015-07-14,XSHG
1449,10000286.XSHG,0.212,0.2084,2015-07-14,XSHG
1450,10000249.XSHG,0.3904,0.413,2015-07-14,XSHG
1451,10000248.XSHG,0.3228,0.3536,2015-07-14,XSHG
1452,10000245.XSHG,0.0964,0.065,2015-07-14,XSHG
1453,10000244.XSHG,0.1207,0.083,2015-07-14,XSHG
1454,10000247.XSHG,0.2915,0.3168,2015-07-14,XSHG
1455,10000246.XSHG,0.2622,0.288,2015-07-14,XSHG
1456,10000241.XSHG,0.1855,0.145,2015-07-14,XSHG
1457,10000240.XSHG,0.343,0.3431,2015-07-14,XSHG
1458,10000243.XSHG,0.1524,0.1148,2015-07-14,XSHG
1459,10000242.XSHG,0.1693,0.1349,2015-07-14,XSHG
1460,10000125.XSHG,0.2714,0.2361,2015-07-14,XSHG
1461,10000126.XSHG,0.2803,0.2832,2015-07-14,XSHG
1462,10000088.XSHG,0.1948,0.2096,2015-07-14,XSHG
1463,10000080.XSHG,0.1627,0.1715,2015-07-14,XSHG
1464,10000087.XSHG,0.3395,0.3083,2015-07-14,XSHG
1465,10000036.XSHG,0.0469,0.0481,2015-07-14,XSHG
1466,10000037.XSHG,0.0544,0.0557,2015-07-14,XSHG
1467,10000034.XSHG,0.617,0.5177,2015-07-14,XSHG
1468,10000035.XSHG,0.523,0.5118,2015-07-14,XSHG
1469,10000032.XSHG,0.6574,0.5735,2015-07-14,XSHG
1470,10000033.XSHG,0.5991,0.5584,2015-07-14,XSHG
1471,10000031.XSHG,0.7716,0.6122,2015-07-14,XSHG
1472,10000038.XSHG,0.0618,0.0616,2015-07-14,XSHG
1473,10000039.XSHG,0.0738,0.07,2015-07-14,XSHG
1474,10000238.XSHG,0.4384,0.4078,2015-07-14,XSHG
1475,10000239.XSHG,0.3043,0.301,2015-07-14,XSHG
1476,10000230.XSHG,0.1653,0.2043,2015-07-14,XSHG
1477,10000231.XSHG,0.1423,0.0781,2015-07-14,XSHG
1478,10000232.XSHG,0.115,0.0591,2015-07-14,XSHG
1479,10000233.XSHG,0.1003,0.0451,2015-07-14,XSHG
1480,10000234.XSHG,0.0882,0.095,2015-07-14,XSHG
1481,10000235.XSHG,0.1073,0.1259,2015-07-14,XSHG
1482,10000236.XSHG,0.1355,0.161,2015-07-14,XSHG
1483,10000237.XSHG,0.4928,0.4467,2015-07-14,XSHG
1484,10000103.XSHG,0.293,0.2541,2015-07-14,XSHG
1485,10000260.XSHG,0.0665,0.0692,2015-07-14,XSHG
1486,10000104.XSHG,0.23,0.26,2015-07-14,XSHG
1487,10000229.XSHG,0.0892,0.031,2015-07-14,XSHG
1488,10000228.XSHG,0.8662,0.865,2015-07-14,XSHG
1489,10000223.XSHG,0.0012,0.0007,2015-07-14,XSHG
1490,10000220.XSHG,0.2389,0.292,2015-07-14,XSHG
1491,10000227.XSHG,0.2099,0.1944,2015-07-14,XSHG
1492,10000226.XSHG,0.8233,0.8614,2015-07-14,XSHG
1493,10000225.XSHG,0.0749,0.0599,2015-07-14,XSHG
1494,10000224.XSHG,0.7977,0.8648,2015-07-14,XSHG
1495,10000140.XSHG,0.2404,0.1884,2015-07-14,XSHG
1496,10000268.XSHG,0.1827,0.204,2015-07-14,XSHG
1497,10000218.XSHG,0.0371,0.0196,2015-07-14,XSHG
1498,10000219.XSHG,0.2015,0.24,2015-07-14,XSHG
1499,10000216.XSHG,0.6733,0.7599,2015-07-14,XSHG
1500,10000217.XSHG,0.0626,0.0234,2015-07-14,XSHG
1501,10000214.XSHG,0.4874,0.5566,2015-07-14,XSHG
1502,10000215.XSHG,0.5752,0.6587,2015-07-14,XSHG
1503,10000212.XSHG,0.3181,0.3824,2015-07-14,XSHG
1504,10000213.XSHG,0.4035,0.4589,2015-07-14,XSHG
1505,10000210.XSHG,0.0047,0.0016,2015-07-14,XSHG
1506,10000211.XSHG,0.0025,0.0012,2015-07-14,XSHG
1507,10000182.XSHG,0.6632,0.6918,2015-07-14,XSHG
1508,10000183.XSHG,0.3681,0.315,2015-07-14,XSHG
1509,10000181.XSHG,0.1103,0.0998,2015-07-14,XSHG
1510,10000186.XSHG,0.2503,0.2489,2015-07-14,XSHG
1511,10000187.XSHG,0.2553,0.2333,2015-07-14,XSHG
1512,10000184.XSHG,0.3295,0.3295,2015-07-14,XSHG
1513,10000185.XSHG,0.2968,0.2593,2015-07-14,XSHG
1514,10000188.XSHG,0.4166,0.5065,2015-07-14,XSHG
1515,10000189.XSHG,0.4744,0.4936,2015-07-14,XSHG
1516,10000139.XSHG,0.2191,0.1903,2015-07-15,XSHG
1517,10000201.XSHG,0.328,0.3,2015-07-15,XSHG
1518,10000200.XSHG,0.8053,0.885,2015-07-15,XSHG
1519,10000203.XSHG,0.3401,0.3187,2015-07-15,XSHG
1520,10000202.XSHG,0.46,0.45,2015-07-15,XSHG
1521,10000205.XSHG,0.36,0.34,2015-07-15,XSHG
1522,10000204.XSHG,0.4293,0.4293,2015-07-15,XSHG
1523,10000207.XSHG,0.0087,0.0038,2015-07-15,XSHG
1524,10000206.XSHG,0.4054,0.3711,2015-07-15,XSHG
1525,10000209.XSHG,0.0035,0.0007,2015-07-15,XSHG
1526,10000208.XSHG,0.0052,0.0011,2015-07-15,XSHG
1527,10000165.XSHG,0.1112,0.1064,2015-07-15,XSHG
1528,10000166.XSHG,0.5028,0.5428,2015-07-15,XSHG
1529,10000197.XSHG,0.0676,0.059,2015-07-15,XSHG
1530,10000191.XSHG,,,2015-07-15,XSHG
1531,10000190.XSHG,0.6277,0.628,2015-07-15,XSHG
1532,10000192.XSHG,0.8043,0.7755,2015-07-15,XSHG
1533,10000055.XSHG,0.3803,0.366,2015-07-15,XSHG
1534,10000056.XSHG,0.1248,0.1159,2015-07-15,XSHG
1535,10000199.XSHG,0.1966,0.1919,2015-07-15,XSHG
1536,10000198.XSHG,0.76,0.8351,2015-07-15,XSHG
1537,10000274.XSHG,0.3227,0.3227,2015-07-15,XSHG
1538,10000275.XSHG,0.1892,0.1585,2015-07-15,XSHG
1539,10000276.XSHG,0.0187,0.0111,2015-07-15,XSHG
1540,10000277.XSHG,0.3023,0.2615,2015-07-15,XSHG
1541,10000270.XSHG,0.432,0.432,2015-07-15,XSHG
1542,10000271.XSHG,0.3571,0.4059,2015-07-15,XSHG
1543,10000272.XSHG,0.2405,0.2655,2015-07-15,XSHG
1544,10000273.XSHG,0.2821,0.29,2015-07-15,XSHG
1545,10000173.XSHG,0.1074,0.0858,2015-07-15,XSHG
1546,10000278.XSHG,0.116,0.0955,2015-07-15,XSHG
1547,10000279.XSHG,0.4468,0.5057,2015-07-15,XSHG
1548,10000174.XSHG,0.5744,0.6313,2015-07-15,XSHG
1549,10000048.XSHG,0.1043,0.0956,2015-07-15,XSHG
1550,10000047.XSHG,0.5038,0.4009,2015-07-15,XSHG
1551,10000280.XSHG,0.2522,0.2475,2015-07-15,XSHG
1552,10000283.XSHG,0.3342,0.2905,2015-07-15,XSHG
1553,10000282.XSHG,0.0105,0.0071,2015-07-15,XSHG
1554,10000285.XSHG,0.4675,0.5014,2015-07-15,XSHG
1555,10000284.XSHG,0.0953,0.078,2015-07-15,XSHG
1556,10000040.XSHG,0.0939,0.081,2015-07-15,XSHG
1557,10000267.XSHG,0.1812,0.1733,2015-07-15,XSHG
1558,10000266.XSHG,0.1556,0.1437,2015-07-15,XSHG
1559,10000265.XSHG,0.1317,0.1219,2015-07-15,XSHG
1560,10000264.XSHG,0.1982,0.1529,2015-07-15,XSHG
1561,10000263.XSHG,0.2199,0.1749,2015-07-15,XSHG
1562,10000262.XSHG,0.2483,0.2,2015-07-15,XSHG
1563,10000261.XSHG,0.2727,0.2252,2015-07-15,XSHG
1564,10000149.XSHG,0.1905,0.1587,2015-07-15,XSHG
1565,10000142.XSHG,0.3461,0.391,2015-07-15,XSHG
1566,10000269.XSHG,0.4778,0.45,2015-07-15,XSHG
1567,10000141.XSHG,0.3068,0.3281,2015-07-15,XSHG
1568,10000281.XSHG,0.2499,0.195,2015-07-15,XSHG
1569,10000072.XSHG,0.1666,0.155,2015-07-15,XSHG
1570,10000071.XSHG,0.3253,0.3245,2015-07-15,XSHG
1571,10000079.XSHG,0.3062,0.2788,2015-07-15,XSHG
1572,10000258.XSHG,0.032,0.0215,2015-07-15,XSHG
1573,10000259.XSHG,0.0508,0.0361,2015-07-15,XSHG
1574,10000252.XSHG,0.1626,0.1211,2015-07-15,XSHG
1575,10000253.XSHG,0.2351,0.2417,2015-07-15,XSHG
1576,10000250.XSHG,0.52,0.5448,2015-07-15,XSHG
1577,10000251.XSHG,0.1783,0.1375,2015-07-15,XSHG
1578,10000256.XSHG,0.12,0.0889,2015-07-15,XSHG
1579,10000257.XSHG,0.0925,0.0584,2015-07-15,XSHG
1580,10000254.XSHG,0.271,0.2637,2015-07-15,XSHG
1581,10000255.XSHG,0.1516,0.1176,2015-07-15,XSHG
1582,10000150.XSHG,0.4101,0.3701,2015-07-15,XSHG
1583,10000157.XSHG,0.1387,0.1277,2015-07-15,XSHG
1584,10000158.XSHG,0.41,0.49,2015-07-15,XSHG
1585,10000095.XSHG,0.2714,0.2468,2015-07-15,XSHG
1586,10000096.XSHG,0.2204,0.2585,2015-07-15,XSHG
1587,10000064.XSHG,0.1452,0.1383,2015-07-15,XSHG
1588,10000063.XSHG,0.3569,0.3421,2015-07-15,XSHG
1589,10000286.XSHG,0.2222,0.21,2015-07-15,XSHG
1590,10000249.XSHG,0.438,0.4636,2015-07-15,XSHG
1591,10000248.XSHG,0.355,0.3827,2015-07-15,XSHG
1592,10000245.XSHG,0.062,0.0552,2015-07-15,XSHG
1593,10000244.XSHG,0.0805,0.068,2015-07-15,XSHG
1594,10000247.XSHG,0.3285,0.3409,2015-07-15,XSHG
1595,10000246.XSHG,0.2911,0.3058,2015-07-15,XSHG
1596,10000241.XSHG,0.1392,0.1093,2015-07-15,XSHG
1597,10000240.XSHG,0.3699,0.3701,2015-07-15,XSHG
1598,10000243.XSHG,0.113,0.085,2015-07-15,XSHG
1599,10000242.XSHG,0.1236,0.0979,2015-07-15,XSHG
1600,10000125.XSHG,0.238,0.1998,2015-07-15,XSHG
1601,10000126.XSHG,0.2898,0.315,2015-07-15,XSHG
1602,10000088.XSHG,0.1847,0.21,2015-07-15,XSHG
1603,10000080.XSHG,0.1863,0.1912,2015-07-15,XSHG
1604,10000087.XSHG,0.3021,0.2701,2015-07-15,XSHG
1605,10000036.XSHG,0.0489,0.0351,2015-07-15,XSHG
1606,10000037.XSHG,0.0604,0.0442,2015-07-15,XSHG
1607,10000034.XSHG,0.5121,0.459,2015-07-15,XSHG
1608,10000035.XSHG,0.4503,0.4357,2015-07-15,XSHG
1609,10000032.XSHG,0.529,0.5461,2015-07-15,XSHG
1610,10000033.XSHG,0.5699,0.5077,2015-07-15,XSHG
1611,10000031.XSHG,0.6122,0.585,2015-07-15,XSHG
1612,10000038.XSHG,0.0665,0.0535,2015-07-15,XSHG
1613,10000039.XSHG,0.076,0.0659,2015-07-15,XSHG
1614,10000238.XSHG,,,2015-07-15,XSHG
1615,10000239.XSHG,0.3268,0.3462,2015-07-15,XSHG
1616,10000230.XSHG,0.2143,0.2183,2015-07-15,XSHG
1617,10000231.XSHG,0.08,0.0404,2015-07-15,XSHG
1618,10000232.XSHG,0.0521,0.03,2015-07-15,XSHG
1619,10000233.XSHG,0.0469,0.022,2015-07-15,XSHG
1620,10000234.XSHG,0.1047,0.0935,2015-07-15,XSHG
1621,10000235.XSHG,0.1321,0.1349,2015-07-15,XSHG
1622,10000236.XSHG,0.1723,0.181,2015-07-15,XSHG
1623,10000237.XSHG,0.384,0.36,2015-07-15,XSHG
1624,10000103.XSHG,0.2361,0.2268,2015-07-15,XSHG
1625,10000260.XSHG,0.0728,0.0606,2015-07-15,XSHG
1626,10000104.XSHG,0.276,0.2598,2015-07-15,XSHG
1627,10000229.XSHG,0.0297,0.0155,2015-07-15,XSHG
1628,10000228.XSHG,0.9361,0.975,2015-07-15,XSHG
1629,10000223.XSHG,0.0018,0.001,2015-07-15,XSHG
1630,10000220.XSHG,0.2984,0.3093,2015-07-15,XSHG
1631,10000227.XSHG,0.1832,0.1689,2015-07-15,XSHG
1632,10000226.XSHG,0.8342,0.8776,2015-07-15,XSHG
1633,10000225.XSHG,0.0654,0.0443,2015-07-15,XSHG
1634,10000224.XSHG,0.8986,0.8931,2015-07-15,XSHG
1635,10000140.XSHG,0.1788,0.1707,2015-07-15,XSHG
1636,10000268.XSHG,0.2134,0.2097,2015-07-15,XSHG
1637,10000218.XSHG,0.016,0.0091,2015-07-15,XSHG
1638,10000219.XSHG,0.255,0.272,2015-07-15,XSHG
1639,10000216.XSHG,0.7476,0.7961,2015-07-15,XSHG
1640,10000217.XSHG,0.0214,0.012,2015-07-15,XSHG
1641,10000214.XSHG,0.586,0.5953,2015-07-15,XSHG
1642,10000215.XSHG,0.6752,0.6896,2015-07-15,XSHG
1643,10000212.XSHG,0.3882,0.403,2015-07-15,XSHG
1644,10000213.XSHG,0.484,0.4922,2015-07-15,XSHG
1645,10000210.XSHG,0.001,0.0005,2015-07-15,XSHG
1646,10000211.XSHG,0.0005,0.0015,2015-07-15,XSHG
1647,10000182.XSHG,0.6243,0.671,2015-07-15,XSHG
1648,10000183.XSHG,0.2987,0.3005,2015-07-15,XSHG
1649,10000181.XSHG,0.0898,0.0701,2015-07-15,XSHG
1650,10000186.XSHG,0.2124,0.2299,2015-07-15,XSHG
1651,10000187.XSHG,0.2144,0.2056,2015-07-15,XSHG
1652,10000184.XSHG,0.2997,0.2698,2015-07-15,XSHG
1653,10000185.XSHG,0.259,0.2381,2015-07-15,XSHG
1654,10000188.XSHG,0.47,0.4733,2015-07-15,XSHG
1655,10000189.XSHG,0.5581,0.5479,2015-07-15,XSHG
1656,10000139.XSHG,0.177,0.1699,2015-07-16,XSHG
1657,10000201.XSHG,0.2788,0.2589,2015-07-16,XSHG
1658,10000200.XSHG,0.8303,0.8742,2015-07-16,XSHG
1659,10000203.XSHG,0.2941,0.2731,2015-07-16,XSHG
1660,10000202.XSHG,0.4204,0.4196,2015-07-16,XSHG
1661,10000205.XSHG,0.3172,0.2957,2015-07-16,XSHG
1662,10000204.XSHG,0.4037,0.4164,2015-07-16,XSHG
1663,10000207.XSHG,0.0028,0.002,2015-07-16,XSHG
1664,10000206.XSHG,0.3803,0.3605,2015-07-16,XSHG
1665,10000209.XSHG,0.001,0.0004,2015-07-16,XSHG
1666,10000208.XSHG,0.001,0.0005,2015-07-16,XSHG
1667,10000165.XSHG,0.0997,0.084,2015-07-16,XSHG
1668,10000166.XSHG,0.5456,0.523,2015-07-16,XSHG
1669,10000197.XSHG,0.0519,0.0444,2015-07-16,XSHG
1670,10000191.XSHG,0.6729,0.673,2015-07-16,XSHG
1671,10000190.XSHG,0.5978,0.5858,2015-07-16,XSHG
1672,10000192.XSHG,0.7863,0.7926,2015-07-16,XSHG
1673,10000055.XSHG,0.3992,0.359,2015-07-16,XSHG
1674,10000056.XSHG,0.116,0.1001,2015-07-16,XSHG
1675,10000199.XSHG,0.1976,0.1407,2015-07-16,XSHG
1676,10000198.XSHG,0.8188,0.7548,2015-07-16,XSHG
1677,10000274.XSHG,,,2015-07-16,XSHG
1678,10000275.XSHG,0.1649,0.1833,2015-07-16,XSHG
1679,10000276.XSHG,0.0112,0.0047,2015-07-16,XSHG
1680,10000277.XSHG,0.2498,0.2444,2015-07-16,XSHG
1681,10000270.XSHG,0.3847,0.3841,2015-07-16,XSHG
1682,10000271.XSHG,0.3801,0.3801,2015-07-16,XSHG
1683,10000272.XSHG,0.252,0.2525,2015-07-16,XSHG
1684,10000273.XSHG,0.29,0.2771,2015-07-16,XSHG
1685,10000173.XSHG,0.0781,0.0685,2015-07-16,XSHG
1686,10000278.XSHG,0.0989,0.0828,2015-07-16,XSHG
1687,10000279.XSHG,0.4565,0.4741,2015-07-16,XSHG
1688,10000174.XSHG,0.5908,0.6393,2015-07-16,XSHG
1689,10000048.XSHG,0.103,0.0848,2015-07-16,XSHG
1690,10000047.XSHG,0.4504,0.37,2015-07-16,XSHG
1691,10000280.XSHG,0.23,0.2288,2015-07-16,XSHG
1692,10000283.XSHG,0.2795,0.2716,2015-07-16,XSHG
1693,10000282.XSHG,0.0079,0.0019,2015-07-16,XSHG
1694,10000285.XSHG,0.4888,0.4718,2015-07-16,XSHG
1695,10000284.XSHG,0.0808,0.0671,2015-07-16,XSHG
1696,10000040.XSHG,0.0795,0.0695,2015-07-16,XSHG
1697,10000267.XSHG,0.1779,0.153,2015-07-16,XSHG
1698,10000266.XSHG,0.149,0.1275,2015-07-16,XSHG
1699,10000265.XSHG,0.124,0.1034,2015-07-16,XSHG
1700,10000264.XSHG,0.1519,0.1368,2015-07-16,XSHG
1701,10000263.XSHG,0.1722,0.157,2015-07-16,XSHG
1702,10000262.XSHG,0.1961,0.1825,2015-07-16,XSHG
1703,10000261.XSHG,0.2195,0.21,2015-07-16,XSHG
1704,10000149.XSHG,0.1503,0.1268,2015-07-16,XSHG
1705,10000142.XSHG,0.3823,0.3716,2015-07-16,XSHG
1706,10000269.XSHG,,,2015-07-16,XSHG
1707,10000141.XSHG,0.343,0.3314,2015-07-16,XSHG
1708,10000281.XSHG,0.2003,0.2307,2015-07-16,XSHG
1709,10000072.XSHG,0.16,0.146,2015-07-16,XSHG
1710,10000071.XSHG,0.28,0.2685,2015-07-16,XSHG
1711,10000079.XSHG,0.2887,0.2494,2015-07-16,XSHG
1712,10000258.XSHG,0.021,0.0103,2015-07-16,XSHG
1713,10000259.XSHG,0.0365,0.0196,2015-07-16,XSHG
1714,10000252.XSHG,0.1208,0.1003,2015-07-16,XSHG
1715,10000253.XSHG,0.2479,0.2149,2015-07-16,XSHG
1716,10000250.XSHG,0.5635,0.5373,2015-07-16,XSHG
1717,10000251.XSHG,0.1347,0.1145,2015-07-16,XSHG
1718,10000256.XSHG,0.0864,0.1009,2015-07-16,XSHG
1719,10000257.XSHG,0.0529,0.0678,2015-07-16,XSHG
1720,10000254.XSHG,0.2736,0.2479,2015-07-16,XSHG
1721,10000255.XSHG,0.1222,0.141,2015-07-16,XSHG
1722,10000150.XSHG,0.397,0.3751,2015-07-16,XSHG
1723,10000157.XSHG,0.1185,0.1032,2015-07-16,XSHG
1724,10000158.XSHG,0.486,0.4858,2015-07-16,XSHG
1725,10000095.XSHG,0.2131,0.2001,2015-07-16,XSHG
1726,10000096.XSHG,0.2652,0.2446,2015-07-16,XSHG
1727,10000064.XSHG,0.1334,0.1222,2015-07-16,XSHG
1728,10000063.XSHG,0.346,0.321,2015-07-16,XSHG
1729,10000286.XSHG,0.2138,0.1945,2015-07-16,XSHG
1730,10000249.XSHG,0.4778,0.4478,2015-07-16,XSHG
1731,10000248.XSHG,0.3943,0.3626,2015-07-16,XSHG
1732,10000245.XSHG,0.053,0.0366,2015-07-16,XSHG
1733,10000244.XSHG,0.0655,0.0473,2015-07-16,XSHG
1734,10000247.XSHG,0.3513,0.3229,2015-07-16,XSHG
1735,10000246.XSHG,0.3127,0.2882,2015-07-16,XSHG
1736,10000241.XSHG,0.1095,0.0886,2015-07-16,XSHG
1737,10000240.XSHG,0.3486,0.3365,2015-07-16,XSHG
1738,10000243.XSHG,0.0851,0.0654,2015-07-16,XSHG
1739,10000242.XSHG,0.0967,0.0758,2015-07-16,XSHG
1740,10000125.XSHG,0.1922,0.1731,2015-07-16,XSHG
1741,10000126.XSHG,0.2847,0.2879,2015-07-16,XSHG
1742,10000088.XSHG,0.2099,0.1946,2015-07-16,XSHG
1743,10000080.XSHG,0.1833,0.1709,2015-07-16,XSHG
1744,10000087.XSHG,0.2596,0.228,2015-07-16,XSHG
1745,10000036.XSHG,0.0366,0.0285,2015-07-16,XSHG
1746,10000037.XSHG,0.0452,0.0344,2015-07-16,XSHG
1747,10000034.XSHG,0.4621,0.43,2015-07-16,XSHG
1748,10000035.XSHG,0.4001,0.4007,2015-07-16,XSHG
1749,10000032.XSHG,0.5103,0.53,2015-07-16,XSHG
1750,10000033.XSHG,0.535,0.47,2015-07-16,XSHG
1751,10000031.XSHG,0.5516,0.5644,2015-07-16,XSHG
1752,10000038.XSHG,0.0654,0.0421,2015-07-16,XSHG
1753,10000039.XSHG,0.048,0.0535,2015-07-16,XSHG
1754,10000238.XSHG,0.3729,0.3478,2015-07-16,XSHG
1755,10000239.XSHG,0.3357,0.3055,2015-07-16,XSHG
1756,10000230.XSHG,0.2264,0.184,2015-07-16,XSHG
1757,10000231.XSHG,0.0398,0.0453,2015-07-16,XSHG
1758,10000232.XSHG,0.0286,0.0293,2015-07-16,XSHG
1759,10000233.XSHG,0.0213,0.0181,2015-07-16,XSHG
1760,10000234.XSHG,0.0969,0.0646,2015-07-16,XSHG
1761,10000235.XSHG,0.1374,0.1025,2015-07-16,XSHG
1762,10000236.XSHG,0.1861,0.1351,2015-07-16,XSHG
1763,10000237.XSHG,0.3659,0.3384,2015-07-16,XSHG
1764,10000103.XSHG,0.2246,0.182,2015-07-16,XSHG
1765,10000260.XSHG,0.066,0.0381,2015-07-16,XSHG
1766,10000104.XSHG,0.2441,0.266,2015-07-16,XSHG
1767,10000229.XSHG,0.0152,0.0114,2015-07-16,XSHG
1768,10000228.XSHG,0.9557,0.9558,2015-07-16,XSHG
1769,10000223.XSHG,0.0003,0.0003,2015-07-16,XSHG
1770,10000220.XSHG,0.3095,0.2732,2015-07-16,XSHG
1771,10000227.XSHG,0.1788,0.1163,2015-07-16,XSHG
1772,10000226.XSHG,0.8589,0.8589,2015-07-16,XSHG
1773,10000225.XSHG,0.0435,0.0342,2015-07-16,XSHG
1774,10000224.XSHG,0.9134,0.8702,2015-07-16,XSHG
1775,10000140.XSHG,0.1457,0.1376,2015-07-16,XSHG
1776,10000268.XSHG,0.2109,0.1794,2015-07-16,XSHG
1777,10000218.XSHG,0.0084,0.0034,2015-07-16,XSHG
1778,10000219.XSHG,0.2822,0.2316,2015-07-16,XSHG
1779,10000216.XSHG,0.817,0.7731,2015-07-16,XSHG
1780,10000217.XSHG,0.0117,0.0078,2015-07-16,XSHG
1781,10000214.XSHG,0.6074,0.5735,2015-07-16,XSHG
1782,10000215.XSHG,0.7119,0.6705,2015-07-16,XSHG
1783,10000212.XSHG,0.3999,0.3691,2015-07-16,XSHG
1784,10000213.XSHG,0.5033,0.4751,2015-07-16,XSHG
1785,10000210.XSHG,0.0008,0.0003,2015-07-16,XSHG
1786,10000211.XSHG,0.0008,0.0005,2015-07-16,XSHG
1787,10000182.XSHG,0.6961,0.6812,2015-07-16,XSHG
1788,10000183.XSHG,0.281,0.2397,2015-07-16,XSHG
1789,10000181.XSHG,0.0701,0.0605,2015-07-16,XSHG
1790,10000186.XSHG,0.2183,0.1788,2015-07-16,XSHG
1791,10000187.XSHG,0.2597,0.1544,2015-07-16,XSHG
1792,10000184.XSHG,0.2471,0.2212,2015-07-16,XSHG
1793,10000185.XSHG,0.23,0.1956,2015-07-16,XSHG
1794,10000188.XSHG,,,2015-07-16,XSHG
1795,10000189.XSHG,,,2015-07-16,XSHG
1796,10000139.XSHG,0.1729,0.1625,2015-07-17,XSHG
1797,10000201.XSHG,0.2809,0.2879,2015-07-17,XSHG
1798,10000200.XSHG,0.7992,0.8006,2015-07-17,XSHG
1799,10000203.XSHG,0.2963,0.3018,2015-07-17,XSHG
1800,10000202.XSHG,,,2015-07-17,XSHG
1801,10000205.XSHG,0.3208,0.3259,2015-07-17,XSHG
1802,10000204.XSHG,,,2015-07-17,XSHG
1803,10000207.XSHG,0.002,0.0014,2015-07-17,XSHG
1804,10000206.XSHG,0.3485,0.3485,2015-07-17,XSHG
1805,10000209.XSHG,0.0004,0.0003,2015-07-17,XSHG
1806,10000208.XSHG,0.0007,0.0002,2015-07-17,XSHG
1807,10000165.XSHG,0.0955,0.0866,2015-07-17,XSHG
1808,10000166.XSHG,0.5764,0.5019,2015-07-17,XSHG
1809,10000197.XSHG,0.0494,0.0438,2015-07-17,XSHG
1810,10000191.XSHG,0.6507,0.6507,2015-07-17,XSHG
1811,10000190.XSHG,0.5495,0.5495,2015-07-17,XSHG
1812,10000192.XSHG,0.7211,0.7263,2015-07-17,XSHG
1813,10000055.XSHG,0.366,0.3836,2015-07-17,XSHG
1814,10000056.XSHG,0.1035,0.0798,2015-07-17,XSHG
1815,10000199.XSHG,0.1527,0.1471,2015-07-17,XSHG
1816,10000198.XSHG,0.7401,0.7401,2015-07-17,XSHG
1817,10000274.XSHG,0.2953,0.2764,2015-07-17,XSHG
1818,10000275.XSHG,0.2042,0.2375,2015-07-17,XSHG
1819,10000276.XSHG,0.0044,0.0004,2015-07-17,XSHG
1820,10000277.XSHG,0.2551,0.29,2015-07-17,XSHG
1821,10000270.XSHG,0.4167,0.4147,2015-07-17,XSHG
1822,10000271.XSHG,0.3947,0.3959,2015-07-17,XSHG
1823,10000272.XSHG,0.24,0.2288,2015-07-17,XSHG
1824,10000273.XSHG,0.2308,0.2292,2015-07-17,XSHG
1825,10000173.XSHG,0.0743,0.0777,2015-07-17,XSHG
1826,10000278.XSHG,0.0815,0.0559,2015-07-17,XSHG
1827,10000279.XSHG,0.4775,0.5039,2015-07-17,XSHG
1828,10000174.XSHG,,,2015-07-17,XSHG
1829,10000048.XSHG,0.0855,0.069,2015-07-17,XSHG
1830,10000047.XSHG,0.4002,0.4002,2015-07-17,XSHG
1831,10000280.XSHG,0.2203,0.1901,2015-07-17,XSHG
1832,10000283.XSHG,0.284,0.3263,2015-07-17,XSHG
1833,10000282.XSHG,0.0013,0.0006,2015-07-17,XSHG
1834,10000285.XSHG,0.4971,0.5044,2015-07-17,XSHG
1835,10000284.XSHG,0.0662,0.0446,2015-07-17,XSHG
1836,10000040.XSHG,0.0696,0.0559,2015-07-17,XSHG
1837,10000267.XSHG,0.1457,0.1108,2015-07-17,XSHG
1838,10000266.XSHG,0.1252,0.09,2015-07-17,XSHG
1839,10000265.XSHG,0.0996,0.0723,2015-07-17,XSHG
1840,10000264.XSHG,0.15,0.1555,2015-07-17,XSHG
1841,10000263.XSHG,0.1642,0.1828,2015-07-17,XSHG
1842,10000262.XSHG,0.1908,0.2116,2015-07-17,XSHG
1843,10000261.XSHG,0.2227,0.2451,2015-07-17,XSHG
1844,10000149.XSHG,0.1376,0.141,2015-07-17,XSHG
1845,10000142.XSHG,0.3363,0.3028,2015-07-17,XSHG
1846,10000269.XSHG,0.4491,0.4549,2015-07-17,XSHG
1847,10000141.XSHG,0.31,0.2733,2015-07-17,XSHG
1848,10000281.XSHG,0.2523,0.2945,2015-07-17,XSHG
1849,10000072.XSHG,0.147,0.1184,2015-07-17,XSHG
1850,10000071.XSHG,0.2981,0.29,2015-07-17,XSHG
1851,10000079.XSHG,0.2706,0.2885,2015-07-17,XSHG
1852,10000258.XSHG,0.0092,0.0025,2015-07-17,XSHG
1853,10000259.XSHG,0.0163,0.0071,2015-07-17,XSHG
1854,10000252.XSHG,0.1049,0.1107,2015-07-17,XSHG
1855,10000253.XSHG,0.2,0.161,2015-07-17,XSHG
1856,10000250.XSHG,0.5094,0.4489,2015-07-17,XSHG
1857,10000251.XSHG,0.1259,0.1354,2015-07-17,XSHG
1858,10000256.XSHG,0.112,0.152,2015-07-17,XSHG
1859,10000257.XSHG,0.0769,0.1,2015-07-17,XSHG
1860,10000254.XSHG,0.2382,0.1848,2015-07-17,XSHG
1861,10000255.XSHG,0.1577,0.1933,2015-07-17,XSHG
1862,10000150.XSHG,0.3585,0.3288,2015-07-17,XSHG
1863,10000157.XSHG,0.1163,0.109,2015-07-17,XSHG
1864,10000158.XSHG,0.4415,0.4415,2015-07-17,XSHG
1865,10000095.XSHG,0.2274,0.2434,2015-07-17,XSHG
1866,10000096.XSHG,0.2273,0.1802,2015-07-17,XSHG
1867,10000064.XSHG,0.1244,0.098,2015-07-17,XSHG
1868,10000063.XSHG,0.3337,0.3464,2015-07-17,XSHG
1869,10000286.XSHG,0.2,0.1685,2015-07-17,XSHG
1870,10000249.XSHG,0.4338,0.3688,2015-07-17,XSHG
1871,10000248.XSHG,0.3628,0.2835,2015-07-17,XSHG
1872,10000245.XSHG,0.0382,0.0314,2015-07-17,XSHG
1873,10000244.XSHG,0.0509,0.0455,2015-07-17,XSHG
1874,10000247.XSHG,0.3157,0.2549,2015-07-17,XSHG
1875,10000246.XSHG,0.2771,0.2216,2015-07-17,XSHG
1876,10000241.XSHG,0.0927,0.09,2015-07-17,XSHG
1877,10000240.XSHG,,,2015-07-17,XSHG
1878,10000243.XSHG,0.0684,0.0652,2015-07-17,XSHG
1879,10000242.XSHG,0.0792,0.081,2015-07-17,XSHG
1880,10000125.XSHG,0.1875,0.1998,2015-07-17,XSHG
1881,10000126.XSHG,0.2905,0.25,2015-07-17,XSHG
1882,10000088.XSHG,0.1988,0.1652,2015-07-17,XSHG
1883,10000080.XSHG,0.1724,0.1386,2015-07-17,XSHG
1884,10000087.XSHG,0.2474,0.259,2015-07-17,XSHG
1885,10000036.XSHG,0.03,0.0211,2015-07-17,XSHG
1886,10000037.XSHG,0.0364,0.0278,2015-07-17,XSHG
1887,10000034.XSHG,0.4666,0.4831,2015-07-17,XSHG
1888,10000035.XSHG,0.4348,0.4412,2015-07-17,XSHG
1889,10000032.XSHG,0.5647,0.5658,2015-07-17,XSHG
1890,10000033.XSHG,0.51,0.54,2015-07-17,XSHG
1891,10000031.XSHG,0.6087,0.6097,2015-07-17,XSHG
1892,10000038.XSHG,0.0427,0.0366,2015-07-17,XSHG
1893,10000039.XSHG,0.0559,0.0432,2015-07-17,XSHG
1894,10000238.XSHG,0.3524,0.3514,2015-07-17,XSHG
1895,10000239.XSHG,0.3276,0.289,2015-07-17,XSHG
1896,10000230.XSHG,0.1732,0.1199,2015-07-17,XSHG
1897,10000231.XSHG,0.0509,0.073,2015-07-17,XSHG
1898,10000232.XSHG,0.0315,0.0483,2015-07-17,XSHG
1899,10000233.XSHG,0.0197,0.03,2015-07-17,XSHG
1900,10000234.XSHG,0.0596,0.0261,2015-07-17,XSHG
1901,10000235.XSHG,0.0853,0.047,2015-07-17,XSHG
1902,10000236.XSHG,0.1301,0.08,2015-07-17,XSHG
1903,10000237.XSHG,0.3672,0.3653,2015-07-17,XSHG
1904,10000103.XSHG,0.2002,0.2165,2015-07-17,XSHG
1905,10000260.XSHG,0.0318,0.0125,2015-07-17,XSHG
1906,10000104.XSHG,0.258,0.2237,2015-07-17,XSHG
1907,10000229.XSHG,0.0128,0.015,2015-07-17,XSHG
1908,10000228.XSHG,0.8781,0.8801,2015-07-17,XSHG
1909,10000223.XSHG,0.0004,0.0002,2015-07-17,XSHG
1910,10000220.XSHG,0.2629,0.2077,2015-07-17,XSHG
1911,10000227.XSHG,0.1263,0.1095,2015-07-17,XSHG
1912,10000226.XSHG,0.8512,0.8118,2015-07-17,XSHG
1913,10000225.XSHG,0.0381,0.0335,2015-07-17,XSHG
1914,10000224.XSHG,0.8563,0.8037,2015-07-17,XSHG
1915,10000140.XSHG,0.156,0.1586,2015-07-17,XSHG
1916,10000268.XSHG,0.1734,0.1335,2015-07-17,XSHG
1917,10000218.XSHG,0.0052,0.004,2015-07-17,XSHG
1918,10000219.XSHG,0.218,0.1613,2015-07-17,XSHG
1919,10000216.XSHG,0.765,0.7184,2015-07-17,XSHG
1920,10000217.XSHG,0.0096,0.0082,2015-07-17,XSHG
1921,10000214.XSHG,0.5473,0.5096,2015-07-17,XSHG
1922,10000215.XSHG,0.6567,0.6182,2015-07-17,XSHG
1923,10000212.XSHG,0.3469,0.3113,2015-07-17,XSHG
1924,10000213.XSHG,0.449,0.3993,2015-07-17,XSHG
1925,10000210.XSHG,0.0001,0.0004,2015-07-17,XSHG
1926,10000211.XSHG,0.0001,0.0003,2015-07-17,XSHG
1927,10000182.XSHG,0.6278,0.6278,2015-07-17,XSHG
1928,10000183.XSHG,0.2601,0.2611,2015-07-17,XSHG
1929,10000181.XSHG,0.0599,0.0523,2015-07-17,XSHG
1930,10000186.XSHG,0.194,0.1841,2015-07-17,XSHG
1931,10000187.XSHG,0.1721,0.1632,2015-07-17,XSHG
1932,10000184.XSHG,0.24,0.2325,2015-07-17,XSHG
1933,10000185.XSHG,0.2122,0.2087,2015-07-17,XSHG
1934,10000188.XSHG,,,2015-07-17,XSHG
1935,10000189.XSHG,,,2015-07-17,XSHG
1936,10000139.XSHG,0.1719,0.1279,2015-07-20,XSHG
1937,10000201.XSHG,0.2979,0.2381,2015-07-20,XSHG
1938,10000200.XSHG,0.868,0.868,2015-07-20,XSHG
1939,10000203.XSHG,0.3193,0.2641,2015-07-20,XSHG
1940,10000202.XSHG,0.4314,0.4226,2015-07-20,XSHG
1941,10000205.XSHG,0.3415,0.295,2015-07-20,XSHG
1942,10000204.XSHG,,,2015-07-20,XSHG
1943,10000207.XSHG,0.0028,0.0004,2015-07-20,XSHG
1944,10000206.XSHG,0.363,0.3565,2015-07-20,XSHG
1945,10000209.XSHG,0.0001,0.0003,2015-07-20,XSHG
1946,10000208.XSHG,0.0003,0.0001,2015-07-20,XSHG
1947,10000165.XSHG,0.0854,0.0555,2015-07-20,XSHG
1948,10000166.XSHG,0.5159,0.5314,2015-07-20,XSHG
1949,10000197.XSHG,0.0435,0.0239,2015-07-20,XSHG
1950,10000191.XSHG,0.6785,0.697,2015-07-20,XSHG
1951,10000190.XSHG,0.6006,0.6246,2015-07-20,XSHG
1952,10000192.XSHG,0.72,0.72,2015-07-20,XSHG
1953,10000055.XSHG,0.3899,0.3359,2015-07-20,XSHG
1954,10000056.XSHG,0.0798,0.087,2015-07-20,XSHG
1955,10000199.XSHG,0.1493,0.1177,2015-07-20,XSHG
1956,10000198.XSHG,0.75,0.7736,2015-07-20,XSHG
1957,10000274.XSHG,0.2699,0.2834,2015-07-20,XSHG
1958,10000275.XSHG,0.2446,0.2028,2015-07-20,XSHG
1959,10000276.XSHG,0.0008,0.0002,2015-07-20,XSHG
1960,10000277.XSHG,0.2804,0.2252,2015-07-20,XSHG
1961,10000270.XSHG,0.4379,0.3614,2015-07-20,XSHG
1962,10000271.XSHG,0.4121,0.34,2015-07-20,XSHG
1963,10000272.XSHG,0.2297,0.23,2015-07-20,XSHG
1964,10000273.XSHG,0.2586,0.2627,2015-07-20,XSHG
1965,10000173.XSHG,0.0723,0.0422,2015-07-20,XSHG
1966,10000278.XSHG,0.0564,0.0683,2015-07-20,XSHG
1967,10000279.XSHG,0.4955,0.4043,2015-07-20,XSHG
1968,10000174.XSHG,0.585,0.614,2015-07-20,XSHG
1969,10000048.XSHG,0.0676,0.0761,2015-07-20,XSHG
1970,10000047.XSHG,0.425,0.358,2015-07-20,XSHG
1971,10000280.XSHG,0.2139,0.205,2015-07-20,XSHG
1972,10000283.XSHG,0.3281,0.2614,2015-07-20,XSHG
1973,10000282.XSHG,0.0013,0.0003,2015-07-20,XSHG
1974,10000285.XSHG,0.5189,0.44,2015-07-20,XSHG
1975,10000284.XSHG,0.0449,0.0545,2015-07-20,XSHG
1976,10000040.XSHG,0.0524,0.0572,2015-07-20,XSHG
1977,10000267.XSHG,0.108,0.1366,2015-07-20,XSHG
1978,10000266.XSHG,0.088,0.1089,2015-07-20,XSHG
1979,10000265.XSHG,0.0709,0.0889,2015-07-20,XSHG
1980,10000264.XSHG,0.1555,0.11,2015-07-20,XSHG
1981,10000263.XSHG,0.1839,0.131,2015-07-20,XSHG
1982,10000262.XSHG,0.2142,0.1619,2015-07-20,XSHG
1983,10000261.XSHG,0.2492,0.1909,2015-07-20,XSHG
1984,10000149.XSHG,0.1377,0.0979,2015-07-20,XSHG
1985,10000142.XSHG,0.3212,0.335,2015-07-20,XSHG
1986,10000269.XSHG,0.4649,0.4097,2015-07-20,XSHG
1987,10000141.XSHG,0.2845,0.3097,2015-07-20,XSHG
1988,10000281.XSHG,0.2934,0.2488,2015-07-20,XSHG
1989,10000072.XSHG,0.1178,0.1273,2015-07-20,XSHG
1990,10000071.XSHG,0.3147,0.25,2015-07-20,XSHG
1991,10000079.XSHG,0.2914,0.2112,2015-07-20,XSHG
1992,10000258.XSHG,0.0025,0.0014,2015-07-20,XSHG
1993,10000259.XSHG,0.0052,0.0032,2015-07-20,XSHG
1994,10000252.XSHG,0.1133,0.0733,2015-07-20,XSHG
1995,10000253.XSHG,0.1567,0.1969,2015-07-20,XSHG
1996,10000250.XSHG,0.4613,0.52,2015-07-20,XSHG
1997,10000251.XSHG,0.1354,0.0929,2015-07-20,XSHG
1998,10000256.XSHG,0.1526,0.103,2015-07-20,XSHG
1999,10000257.XSHG,0.1125,0.0642,2015-07-20,XSHG
2000,10000254.XSHG,0.1857,0.2242,2015-07-20,XSHG
2001,10000255.XSHG,0.1991,0.1548,2015-07-20,XSHG
2002,10000150.XSHG,0.3565,0.3521,2015-07-20,XSHG
2003,10000157.XSHG,0.1086,0.0785,2015-07-20,XSHG
2004,10000158.XSHG,0.42,0.45,2015-07-20,XSHG
2005,10000095.XSHG,0.237,0.1717,2015-07-20,XSHG
2006,10000096.XSHG,0.192,0.2084,2015-07-20,XSHG
2007,10000064.XSHG,0.0978,0.1123,2015-07-20,XSHG
2008,10000063.XSHG,0.3528,0.2964,2015-07-20,XSHG
2009,10000286.XSHG,0.1693,0.179,2015-07-20,XSHG
2010,10000249.XSHG,0.3719,0.4298,2015-07-20,XSHG
2011,10000248.XSHG,0.2901,0.342,2015-07-20,XSHG
2012,10000245.XSHG,0.0327,0.024,2015-07-20,XSHG
2013,10000244.XSHG,0.0459,0.0313,2015-07-20,XSHG
2014,10000247.XSHG,0.2526,0.2968,2015-07-20,XSHG
2015,10000246.XSHG,0.2177,0.269,2015-07-20,XSHG
2016,10000241.XSHG,0.094,0.0621,2015-07-20,XSHG
2017,10000240.XSHG,0.3299,0.3186,2015-07-20,XSHG
2018,10000243.XSHG,0.0664,0.0433,2015-07-20,XSHG
2019,10000242.XSHG,0.0795,0.0526,2015-07-20,XSHG
2020,10000125.XSHG,0.1916,0.1339,2015-07-20,XSHG
2021,10000126.XSHG,0.2532,0.27,2015-07-20,XSHG
2022,10000088.XSHG,0.1649,0.1891,2015-07-20,XSHG
2023,10000080.XSHG,0.1404,0.1514,2015-07-20,XSHG
2024,10000087.XSHG,0.2634,0.192,2015-07-20,XSHG
2025,10000036.XSHG,0.021,0.0215,2015-07-20,XSHG
2026,10000037.XSHG,0.0281,0.0275,2015-07-20,XSHG
2027,10000034.XSHG,0.5019,0.4099,2015-07-20,XSHG
2028,10000035.XSHG,0.4628,0.3901,2015-07-20,XSHG
2029,10000032.XSHG,0.5911,0.499,2015-07-20,XSHG
2030,10000033.XSHG,0.5521,0.4634,2015-07-20,XSHG
2031,10000031.XSHG,0.6314,0.54,2015-07-20,XSHG
2032,10000038.XSHG,0.0356,0.035,2015-07-20,XSHG
2033,10000039.XSHG,0.0442,0.0447,2015-07-20,XSHG
2034,10000238.XSHG,0.3641,0.2871,2015-07-20,XSHG
2035,10000239.XSHG,0.2939,0.3183,2015-07-20,XSHG
2036,10000230.XSHG,0.1235,0.1476,2015-07-20,XSHG
2037,10000231.XSHG,0.0703,0.0357,2015-07-20,XSHG
2038,10000232.XSHG,0.0473,0.0249,2015-07-20,XSHG
2039,10000233.XSHG,0.0258,0.0068,2015-07-20,XSHG
2040,10000234.XSHG,0.0266,0.0344,2015-07-20,XSHG
2041,10000235.XSHG,0.0478,0.0635,2015-07-20,XSHG
2042,10000236.XSHG,0.0828,0.103,2015-07-20,XSHG
2043,10000237.XSHG,0.3876,0.3089,2015-07-20,XSHG
2044,10000103.XSHG,0.2131,0.1545,2015-07-20,XSHG
2045,10000260.XSHG,0.0115,0.0138,2015-07-20,XSHG
2046,10000104.XSHG,0.2217,0.2336,2015-07-20,XSHG
2047,10000229.XSHG,0.0132,0.0023,2015-07-20,XSHG
2048,10000228.XSHG,0.9386,0.9386,2015-07-20,XSHG
2049,10000223.XSHG,0.0001,0.0001,2015-07-20,XSHG
2050,10000220.XSHG,0.2118,0.2489,2015-07-20,XSHG
2051,10000227.XSHG,0.117,0.0963,2015-07-20,XSHG
2052,10000226.XSHG,0.8597,0.8934,2015-07-20,XSHG
2053,10000225.XSHG,0.0302,0.0187,2015-07-20,XSHG
2054,10000224.XSHG,0.834,0.8649,2015-07-20,XSHG
2055,10000140.XSHG,0.1535,0.112,2015-07-20,XSHG
2056,10000268.XSHG,0.1308,0.1581,2015-07-20,XSHG
2057,10000218.XSHG,0.0034,0.0005,2015-07-20,XSHG
2058,10000219.XSHG,0.1668,0.1959,2015-07-20,XSHG
2059,10000216.XSHG,0.7234,0.7634,2015-07-20,XSHG
2060,10000217.XSHG,0.0074,0.0006,2015-07-20,XSHG
2061,10000214.XSHG,0.5109,0.5654,2015-07-20,XSHG
2062,10000215.XSHG,0.6239,0.6655,2015-07-20,XSHG
2063,10000212.XSHG,0.3188,0.362,2015-07-20,XSHG
2064,10000213.XSHG,0.4055,0.4634,2015-07-20,XSHG
2065,10000210.XSHG,0.0001,0.0001,2015-07-20,XSHG
2066,10000211.XSHG,0.0001,0.0001,2015-07-20,XSHG
2067,10000182.XSHG,0.64,0.6939,2015-07-20,XSHG
2068,10000183.XSHG,0.2791,0.248,2015-07-20,XSHG
2069,10000181.XSHG,0.0546,0.0319,2015-07-20,XSHG
2070,10000186.XSHG,0.1901,0.1502,2015-07-20,XSHG
2071,10000187.XSHG,0.1708,0.1354,2015-07-20,XSHG
2072,10000184.XSHG,0.2439,0.2026,2015-07-20,XSHG
2073,10000185.XSHG,0.2135,0.1638,2015-07-20,XSHG
2074,10000188.XSHG,0.4501,0.455,2015-07-20,XSHG
2075,10000189.XSHG,0.5188,0.5265,2015-07-20,XSHG
2076,10000139.XSHG,0.1195,0.1072,2015-07-21,XSHG
2077,10000201.XSHG,0.2059,0.2131,2015-07-21,XSHG
2078,10000200.XSHG,0.7835,0.8681,2015-07-21,XSHG
2079,10000203.XSHG,0.3266,0.2299,2015-07-21,XSHG
2080,10000202.XSHG,0.4604,0.4236,2015-07-21,XSHG
2081,10000205.XSHG,0.2963,0.2448,2015-07-21,XSHG
2082,10000204.XSHG,0.3867,0.3867,2015-07-21,XSHG
2083,10000207.XSHG,0.0001,0.0001,2015-07-21,XSHG
2084,10000206.XSHG,0.3614,0.345,2015-07-21,XSHG
2085,10000209.XSHG,0.0001,0.0001,2015-07-21,XSHG
2086,10000208.XSHG,0.0006,0.0001,2015-07-21,XSHG
2087,10000165.XSHG,0.0558,0.05,2015-07-21,XSHG
2088,10000166.XSHG,0.555,0.5534,2015-07-21,XSHG
2089,10000197.XSHG,0.0248,0.023,2015-07-21,XSHG
2090,10000191.XSHG,,,2015-07-21,XSHG
2091,10000190.XSHG,0.5961,0.5961,2015-07-21,XSHG
2092,10000192.XSHG,0.7348,0.7348,2015-07-21,XSHG
2093,10000055.XSHG,0.3111,0.2818,2015-07-21,XSHG
2094,10000056.XSHG,0.0906,0.084,2015-07-21,XSHG
2095,10000199.XSHG,0.1165,0.0998,2015-07-21,XSHG
2096,10000198.XSHG,0.8279,0.81,2015-07-21,XSHG
2097,10000274.XSHG,0.3395,0.27,2015-07-21,XSHG
2098,10000275.XSHG,0.1977,0.1763,2015-07-21,XSHG
2099,10000276.XSHG,0.0001,0.0002,2015-07-21,XSHG
2100,10000277.XSHG,0.2147,0.2142,2015-07-21,XSHG
2101,10000270.XSHG,0.3609,0.3365,2015-07-21,XSHG
2102,10000271.XSHG,0.2736,0.3071,2015-07-21,XSHG
2103,10000272.XSHG,0.1404,0.2286,2015-07-21,XSHG
2104,10000273.XSHG,0.16,0.25,2015-07-21,XSHG
2105,10000173.XSHG,0.0434,0.0379,2015-07-21,XSHG
2106,10000278.XSHG,0.0718,0.0706,2015-07-21,XSHG
2107,10000279.XSHG,0.4,0.3879,2015-07-21,XSHG
2108,10000174.XSHG,0.6342,0.6387,2015-07-21,XSHG
2109,10000048.XSHG,0.0728,0.0677,2015-07-21,XSHG
2110,10000047.XSHG,0.3076,0.3318,2015-07-21,XSHG
2111,10000280.XSHG,0.2225,0.195,2015-07-21,XSHG
2112,10000283.XSHG,0.2562,0.24,2015-07-21,XSHG
2113,10000282.XSHG,0.0001,0.0001,2015-07-21,XSHG
2114,10000285.XSHG,0.4313,0.4178,2015-07-21,XSHG
2115,10000284.XSHG,0.0562,0.0542,2015-07-21,XSHG
2116,10000040.XSHG,0.0586,0.0527,2015-07-21,XSHG
2117,10000267.XSHG,0.1416,0.1403,2015-07-21,XSHG
2118,10000266.XSHG,0.1129,0.1119,2015-07-21,XSHG
2119,10000265.XSHG,0.0919,0.0925,2015-07-21,XSHG
2120,10000264.XSHG,0.1,0.109,2015-07-21,XSHG
2121,10000263.XSHG,0.1229,0.1289,2015-07-21,XSHG
2122,10000262.XSHG,0.1519,0.1529,2015-07-21,XSHG
2123,10000261.XSHG,0.182,0.1836,2015-07-21,XSHG
2124,10000149.XSHG,0.09,0.0838,2015-07-21,XSHG
2125,10000142.XSHG,0.3507,0.3507,2015-07-21,XSHG
2126,10000269.XSHG,0.38,0.3539,2015-07-21,XSHG
2127,10000141.XSHG,0.3163,0.2908,2015-07-21,XSHG
2128,10000281.XSHG,0.2413,0.24,2015-07-21,XSHG
2129,10000072.XSHG,0.1231,0.132,2015-07-21,XSHG
2130,10000071.XSHG,0.2418,0.2377,2015-07-21,XSHG
2131,10000079.XSHG,0.1974,0.1968,2015-07-21,XSHG
2132,10000258.XSHG,0.0013,0.0002,2015-07-21,XSHG
2133,10000259.XSHG,0.0032,0.0001,2015-07-21,XSHG
2134,10000252.XSHG,0.0684,0.0759,2015-07-21,XSHG
2135,10000253.XSHG,0.204,0.205,2015-07-21,XSHG
2136,10000250.XSHG,0.5312,0.5281,2015-07-21,XSHG
2137,10000251.XSHG,0.0846,0.0866,2015-07-21,XSHG
2138,10000256.XSHG,0.1035,0.0802,2015-07-21,XSHG
2139,10000257.XSHG,0.0582,0.0436,2015-07-21,XSHG
2140,10000254.XSHG,0.2341,0.2368,2015-07-21,XSHG
2141,10000255.XSHG,0.1465,0.13,2015-07-21,XSHG
2142,10000150.XSHG,0.3881,0.3709,2015-07-21,XSHG
2143,10000157.XSHG,0.0729,0.0642,2015-07-21,XSHG
2144,10000158.XSHG,0.4899,0.4459,2015-07-21,XSHG
2145,10000095.XSHG,0.1651,0.1603,2015-07-21,XSHG
2146,10000096.XSHG,0.2091,0.2098,2015-07-21,XSHG
2147,10000064.XSHG,0.1074,0.1036,2015-07-21,XSHG
2148,10000063.XSHG,0.2784,0.2478,2015-07-21,XSHG
2149,10000286.XSHG,0.1813,0.175,2015-07-21,XSHG
2150,10000249.XSHG,0.4528,0.4336,2015-07-21,XSHG
2151,10000248.XSHG,0.3543,0.3519,2015-07-21,XSHG
2152,10000245.XSHG,0.0232,0.02,2015-07-21,XSHG
2153,10000244.XSHG,0.0277,0.0277,2015-07-21,XSHG
2154,10000247.XSHG,0.31,0.3113,2015-07-21,XSHG
2155,10000246.XSHG,0.2713,0.2763,2015-07-21,XSHG
2156,10000241.XSHG,0.0615,0.0605,2015-07-21,XSHG
2157,10000240.XSHG,0.3233,0.3174,2015-07-21,XSHG
2158,10000243.XSHG,0.0406,0.0395,2015-07-21,XSHG
2159,10000242.XSHG,0.0461,0.0489,2015-07-21,XSHG
2160,10000125.XSHG,0.1312,0.1168,2015-07-21,XSHG
2161,10000126.XSHG,0.2724,0.2567,2015-07-21,XSHG
2162,10000088.XSHG,0.1773,0.1713,2015-07-21,XSHG
2163,10000080.XSHG,0.1519,0.148,2015-07-21,XSHG
2164,10000087.XSHG,0.1922,0.1729,2015-07-21,XSHG
2165,10000036.XSHG,0.0213,0.0188,2015-07-21,XSHG
2166,10000037.XSHG,0.0283,0.0246,2015-07-21,XSHG
2167,10000034.XSHG,0.4201,0.4044,2015-07-21,XSHG
2168,10000035.XSHG,0.3637,0.3645,2015-07-21,XSHG
2169,10000032.XSHG,0.507,0.4723,2015-07-21,XSHG
2170,10000033.XSHG,0.4641,0.449,2015-07-21,XSHG
2171,10000031.XSHG,0.5444,0.53,2015-07-21,XSHG
2172,10000038.XSHG,0.0353,0.0316,2015-07-21,XSHG
2173,10000039.XSHG,0.0448,0.0403,2015-07-21,XSHG
2174,10000238.XSHG,0.3121,0.2682,2015-07-21,XSHG
2175,10000239.XSHG,0.2889,0.2946,2015-07-21,XSHG
2176,10000230.XSHG,0.17,0.1557,2015-07-21,XSHG
2177,10000231.XSHG,0.0306,0.0148,2015-07-21,XSHG
2178,10000232.XSHG,0.02,0.0057,2015-07-21,XSHG
2179,10000233.XSHG,0.0059,0.0009,2015-07-21,XSHG
2180,10000234.XSHG,0.0385,0.02,2015-07-21,XSHG
2181,10000235.XSHG,0.0641,0.0549,2015-07-21,XSHG
2182,10000236.XSHG,0.1108,0.0991,2015-07-21,XSHG
2183,10000237.XSHG,0.3335,0.289,2015-07-21,XSHG
2184,10000103.XSHG,0.1454,0.1397,2015-07-21,XSHG
2185,10000260.XSHG,0.0174,0.0052,2015-07-21,XSHG
2186,10000104.XSHG,0.2392,0.2345,2015-07-21,XSHG
2187,10000229.XSHG,0.0018,0.0004,2015-07-21,XSHG
2188,10000228.XSHG,1.0122,0.9251,2015-07-21,XSHG
2189,10000223.XSHG,0.0001,0.0001,2015-07-21,XSHG
2190,10000220.XSHG,0.2562,0.2501,2015-07-21,XSHG
2191,10000227.XSHG,0.099,0.0835,2015-07-21,XSHG
2192,10000226.XSHG,0.9055,0.9201,2015-07-21,XSHG
2193,10000225.XSHG,0.017,0.0187,2015-07-21,XSHG
2194,10000224.XSHG,0.8627,0.8428,2015-07-21,XSHG
2195,10000140.XSHG,0.1052,0.094,2015-07-21,XSHG
2196,10000268.XSHG,0.167,0.1658,2015-07-21,XSHG
2197,10000218.XSHG,0.0003,0.0001,2015-07-21,XSHG
2198,10000219.XSHG,0.1959,0.205,2015-07-21,XSHG
2199,10000216.XSHG,0.7782,0.7542,2015-07-21,XSHG
2200,10000217.XSHG,0.0009,0.0006,2015-07-21,XSHG
2201,10000214.XSHG,0.5625,0.545,2015-07-21,XSHG
2202,10000215.XSHG,0.6647,0.6641,2015-07-21,XSHG
2203,10000212.XSHG,0.3779,0.354,2015-07-21,XSHG
2204,10000213.XSHG,0.4664,0.4551,2015-07-21,XSHG
2205,10000210.XSHG,0.0001,0.0001,2015-07-21,XSHG
2206,10000211.XSHG,0.0003,0.0001,2015-07-21,XSHG
2207,10000182.XSHG,0.7386,0.695,2015-07-21,XSHG
2208,10000183.XSHG,0.2259,0.1977,2015-07-21,XSHG
2209,10000181.XSHG,0.0331,0.03,2015-07-21,XSHG
2210,10000186.XSHG,0.1506,0.1287,2015-07-21,XSHG
2211,10000187.XSHG,0.0819,0.1088,2015-07-21,XSHG
2212,10000184.XSHG,0.1481,0.1643,2015-07-21,XSHG
2213,10000185.XSHG,0.1695,0.1475,2015-07-21,XSHG
2214,10000188.XSHG,0.47,0.454,2015-07-21,XSHG
2215,10000189.XSHG,,,2015-07-21,XSHG
2216,10000139.XSHG,0.0791,0.0817,2015-07-22,XSHG
2217,10000201.XSHG,0.2058,0.1599,2015-07-22,XSHG
2218,10000200.XSHG,,,2015-07-22,XSHG
2219,10000203.XSHG,0.2224,0.171,2015-07-22,XSHG
2220,10000202.XSHG,,,2015-07-22,XSHG
2221,10000205.XSHG,0.2386,0.2038,2015-07-22,XSHG
2222,10000204.XSHG,0.4101,0.4101,2015-07-22,XSHG
2223,10000207.XSHG,0.0001,0.0001,2015-07-22,XSHG
2224,10000206.XSHG,0.3473,0.3701,2015-07-22,XSHG
2225,10000209.XSHG,0.0001,0.0001,2015-07-22,XSHG
2226,10000208.XSHG,0.0001,0.0001,2015-07-22,XSHG
2227,10000165.XSHG,0.0429,0.0339,2015-07-22,XSHG
2228,10000166.XSHG,0.5884,0.5826,2015-07-22,XSHG
2229,10000197.XSHG,0.0246,0.0163,2015-07-22,XSHG
2230,10000191.XSHG,0.6942,0.6942,2015-07-22,XSHG
2231,10000190.XSHG,,,2015-07-22,XSHG
2232,10000192.XSHG,0.82,0.826,2015-07-22,XSHG
2233,10000055.XSHG,0.2908,0.2365,2015-07-22,XSHG
2234,10000056.XSHG,0.0924,0.0861,2015-07-22,XSHG
2235,10000199.XSHG,0.0981,0.0749,2015-07-22,XSHG
2236,10000198.XSHG,0.8343,0.8544,2015-07-22,XSHG
2237,10000274.XSHG,0.2952,0.288,2015-07-22,XSHG
2238,10000275.XSHG,0.1972,0.1667,2015-07-22,XSHG
2239,10000276.XSHG,0.0001,0.0001,2015-07-22,XSHG
2240,10000277.XSHG,0.2098,0.1825,2015-07-22,XSHG
2241,10000270.XSHG,0.3234,0.2579,2015-07-22,XSHG
2242,10000271.XSHG,0.3018,0.2582,2015-07-22,XSHG
2243,10000272.XSHG,0.2277,0.2277,2015-07-22,XSHG
2244,10000273.XSHG,0.25,0.25,2015-07-22,XSHG
2245,10000173.XSHG,0.0341,0.0259,2015-07-22,XSHG
2246,10000278.XSHG,0.0722,0.0603,2015-07-22,XSHG
2247,10000279.XSHG,0.3652,0.304,2015-07-22,XSHG
2248,10000174.XSHG,0.6985,0.6755,2015-07-22,XSHG
2249,10000048.XSHG,0.0699,0.0724,2015-07-22,XSHG
2250,10000047.XSHG,0.3257,0.271,2015-07-22,XSHG
2251,10000280.XSHG,0.2022,0.2022,2015-07-22,XSHG
2252,10000283.XSHG,0.2453,0.2084,2015-07-22,XSHG
2253,10000282.XSHG,0.0001,0.0001,2015-07-22,XSHG
2254,10000285.XSHG,0.3968,0.3315,2015-07-22,XSHG
2255,10000284.XSHG,0.0539,0.0433,2015-07-22,XSHG
2256,10000040.XSHG,0.0557,0.0512,2015-07-22,XSHG
2257,10000267.XSHG,0.1438,0.134,2015-07-22,XSHG
2258,10000266.XSHG,0.115,0.1079,2015-07-22,XSHG
2259,10000265.XSHG,0.0939,0.0814,2015-07-22,XSHG
2260,10000264.XSHG,0.105,0.0778,2015-07-22,XSHG
2261,10000263.XSHG,0.1244,0.0994,2015-07-22,XSHG
2262,10000262.XSHG,0.1472,0.1194,2015-07-22,XSHG
2263,10000261.XSHG,0.1798,0.149,2015-07-22,XSHG
2264,10000149.XSHG,0.0818,0.0551,2015-07-22,XSHG
2265,10000142.XSHG,0.3255,0.3575,2015-07-22,XSHG
2266,10000269.XSHG,0.3461,0.3,2015-07-22,XSHG
2267,10000141.XSHG,0.3014,0.3096,2015-07-22,XSHG
2268,10000281.XSHG,0.2445,0.1995,2015-07-22,XSHG
2269,10000072.XSHG,0.1316,0.1297,2015-07-22,XSHG
2270,10000071.XSHG,0.2043,0.1902,2015-07-22,XSHG
2271,10000079.XSHG,0.1804,0.1521,2015-07-22,XSHG
2272,10000258.XSHG,0.0001,0.0002,2015-07-22,XSHG
2273,10000259.XSHG,0.0005,0.0001,2015-07-22,XSHG
2274,10000252.XSHG,0.0707,0.0526,2015-07-22,XSHG
2275,10000253.XSHG,0.205,0.1998,2015-07-22,XSHG
2276,10000250.XSHG,0.5329,0.5532,2015-07-22,XSHG
2277,10000251.XSHG,0.0848,0.065,2015-07-22,XSHG
2278,10000256.XSHG,0.0979,0.0501,2015-07-22,XSHG
2279,10000257.XSHG,0.053,0.002,2015-07-22,XSHG
2280,10000254.XSHG,0.2352,0.236,2015-07-22,XSHG
2281,10000255.XSHG,0.1448,0.108,2015-07-22,XSHG
2282,10000150.XSHG,0.4092,0.4037,2015-07-22,XSHG
2283,10000157.XSHG,0.0583,0.0429,2015-07-22,XSHG
2284,10000158.XSHG,0.47,0.4888,2015-07-22,XSHG
2285,10000095.XSHG,0.1485,0.1128,2015-07-22,XSHG
2286,10000096.XSHG,0.21,0.2119,2015-07-22,XSHG
2287,10000064.XSHG,0.1117,0.104,2015-07-22,XSHG
2288,10000063.XSHG,0.2595,0.2084,2015-07-22,XSHG
2289,10000286.XSHG,0.1785,0.1784,2015-07-22,XSHG
2290,10000249.XSHG,0.4463,0.4469,2015-07-22,XSHG
2291,10000248.XSHG,0.3557,0.3622,2015-07-22,XSHG
2292,10000245.XSHG,0.0193,0.0132,2015-07-22,XSHG
2293,10000244.XSHG,0.027,0.0189,2015-07-22,XSHG
2294,10000247.XSHG,0.3199,0.3194,2015-07-22,XSHG
2295,10000246.XSHG,0.2776,0.275,2015-07-22,XSHG
2296,10000241.XSHG,0.0582,0.0442,2015-07-22,XSHG
2297,10000240.XSHG,0.3475,0.3327,2015-07-22,XSHG
2298,10000243.XSHG,0.0387,0.0256,2015-07-22,XSHG
2299,10000242.XSHG,0.0481,0.0336,2015-07-22,XSHG
2300,10000125.XSHG,0.1135,0.0828,2015-07-22,XSHG
2301,10000126.XSHG,0.2719,0.2787,2015-07-22,XSHG
2302,10000088.XSHG,0.1822,0.1821,2015-07-22,XSHG
2303,10000080.XSHG,0.1559,0.1678,2015-07-22,XSHG
2304,10000087.XSHG,0.1558,0.1323,2015-07-22,XSHG
2305,10000036.XSHG,0.0218,0.0161,2015-07-22,XSHG
2306,10000037.XSHG,0.0236,0.023,2015-07-22,XSHG
2307,10000034.XSHG,0.4028,0.3548,2015-07-22,XSHG
2308,10000035.XSHG,0.3635,0.3229,2015-07-22,XSHG
2309,10000032.XSHG,0.4756,0.4386,2015-07-22,XSHG
2310,10000033.XSHG,0.4454,0.394,2015-07-22,XSHG
2311,10000031.XSHG,0.535,0.464,2015-07-22,XSHG
2312,10000038.XSHG,0.0327,0.0296,2015-07-22,XSHG
2313,10000039.XSHG,0.043,0.0401,2015-07-22,XSHG
2314,10000238.XSHG,0.2563,0.2181,2015-07-22,XSHG
2315,10000239.XSHG,0.3044,0.3042,2015-07-22,XSHG
2316,10000230.XSHG,0.1532,0.1838,2015-07-22,XSHG
2317,10000231.XSHG,0.023,0.0001,2015-07-22,XSHG
2318,10000232.XSHG,0.0053,0.0001,2015-07-22,XSHG
2319,10000233.XSHG,0.0004,0.0001,2015-07-22,XSHG
2320,10000234.XSHG,0.0206,0.03,2015-07-22,XSHG
2321,10000235.XSHG,0.0586,0.0858,2015-07-22,XSHG
2322,10000236.XSHG,0.1023,0.1354,2015-07-22,XSHG
2323,10000237.XSHG,0.2821,0.2163,2015-07-22,XSHG
2324,10000103.XSHG,0.1348,0.1016,2015-07-22,XSHG
2325,10000260.XSHG,0.005,0.0005,2015-07-22,XSHG
2326,10000104.XSHG,0.235,0.243,2015-07-22,XSHG
2327,10000229.XSHG,0.0003,0.0001,2015-07-22,XSHG
2328,10000228.XSHG,1.0138,1.0138,2015-07-22,XSHG
2329,10000223.XSHG,0.0001,0.0001,2015-07-22,XSHG
2330,10000220.XSHG,0.2539,0.283,2015-07-22,XSHG
2331,10000227.XSHG,0.0817,0.0601,2015-07-22,XSHG
2332,10000226.XSHG,0.912,0.9457,2015-07-22,XSHG
2333,10000225.XSHG,0.0189,0.0145,2015-07-22,XSHG
2334,10000224.XSHG,0.8403,0.9114,2015-07-22,XSHG
2335,10000140.XSHG,0.0804,0.06,2015-07-22,XSHG
2336,10000268.XSHG,0.1723,0.1629,2015-07-22,XSHG
2337,10000218.XSHG,0.0001,0.0001,2015-07-22,XSHG
2338,10000219.XSHG,0.202,0.234,2015-07-22,XSHG
2339,10000216.XSHG,0.765,0.8054,2015-07-22,XSHG
2340,10000217.XSHG,0.0009,0.0001,2015-07-22,XSHG
2341,10000214.XSHG,0.5706,0.5667,2015-07-22,XSHG
2342,10000215.XSHG,0.6803,0.6974,2015-07-22,XSHG
2343,10000212.XSHG,0.3501,0.3887,2015-07-22,XSHG
2344,10000213.XSHG,0.4598,0.4805,2015-07-22,XSHG
2345,10000210.XSHG,0.0001,0.0001,2015-07-22,XSHG
2346,10000211.XSHG,0.0001,0.0001,2015-07-22,XSHG
2347,10000182.XSHG,0.7452,0.7615,2015-07-22,XSHG
2348,10000183.XSHG,0.191,0.1598,2015-07-22,XSHG
2349,10000181.XSHG,0.0275,0.0196,2015-07-22,XSHG
2350,10000186.XSHG,0.1263,0.0896,2015-07-22,XSHG
2351,10000187.XSHG,0.1105,0.0797,2015-07-22,XSHG
2352,10000184.XSHG,0.1664,0.1381,2015-07-22,XSHG
2353,10000185.XSHG,0.1427,0.1027,2015-07-22,XSHG
2354,10000188.XSHG,0.5172,0.5172,2015-07-22,XSHG
2355,10000189.XSHG,0.4927,0.5026,2015-07-22,XSHG
2356,10000201.XSHG,0.1724,0.1685,2015-07-23,XSHG
2357,10000200.XSHG,0.8488,0.8488,2015-07-23,XSHG
2358,10000203.XSHG,0.18,0.1811,2015-07-23,XSHG
2359,10000202.XSHG,0.4231,0.3907,2015-07-23,XSHG
2360,10000205.XSHG,0.1822,0.198,2015-07-23,XSHG
2361,10000204.XSHG,0.3671,0.3566,2015-07-23,XSHG
2362,10000206.XSHG,0.3451,0.33,2015-07-23,XSHG
2363,10000165.XSHG,0.0327,0.035,2015-07-23,XSHG
2364,10000166.XSHG,0.6383,0.4807,2015-07-23,XSHG
2365,10000197.XSHG,0.0163,0.014,2015-07-23,XSHG
2366,10000191.XSHG,0.7093,0.7093,2015-07-23,XSHG
2367,10000190.XSHG,0.6235,0.5624,2015-07-23,XSHG
2368,10000192.XSHG,0.8018,0.8004,2015-07-23,XSHG
2369,10000055.XSHG,0.2481,0.3,2015-07-23,XSHG
2370,10000056.XSHG,0.0889,0.0555,2015-07-23,XSHG
2371,10000199.XSHG,0.07,0.0666,2015-07-23,XSHG
2372,10000198.XSHG,0.8868,0.7672,2015-07-23,XSHG
2373,10000274.XSHG,0.2584,0.2426,2015-07-23,XSHG
2374,10000277.XSHG,0.1772,0.2332,2015-07-23,XSHG
2375,10000270.XSHG,0.3006,0.2979,2015-07-23,XSHG
2376,10000271.XSHG,0.2582,0.26,2015-07-23,XSHG
2377,10000272.XSHG,0.2155,0.2,2015-07-23,XSHG
2378,10000273.XSHG,0.24,0.2118,2015-07-23,XSHG
2379,10000173.XSHG,0.0251,0.027,2015-07-23,XSHG
2380,10000278.XSHG,0.0599,0.0333,2015-07-23,XSHG
2381,10000279.XSHG,0.3557,0.3584,2015-07-23,XSHG
2382,10000174.XSHG,0.6517,0.5867,2015-07-23,XSHG
2383,10000289.XSHG,0.3103,0.3101,2015-07-23,XSHG
2384,10000288.XSHG,0.3319,0.34,2015-07-23,XSHG
2385,10000048.XSHG,0.0704,0.0405,2015-07-23,XSHG
2386,10000047.XSHG,0.2816,0.3395,2015-07-23,XSHG
2387,10000280.XSHG,0.19,0.1766,2015-07-23,XSHG
2388,10000283.XSHG,0.211,0.272,2015-07-23,XSHG
2389,10000285.XSHG,0.3495,0.3763,2015-07-23,XSHG
2390,10000284.XSHG,0.043,0.0227,2015-07-23,XSHG
2391,10000287.XSHG,0.3576,0.3825,2015-07-23,XSHG
2392,10000040.XSHG,0.0532,0.03,2015-07-23,XSHG
2393,10000267.XSHG,0.1336,0.0808,2015-07-23,XSHG
2394,10000266.XSHG,0.1045,0.0617,2015-07-23,XSHG
2395,10000265.XSHG,0.08,0.0468,2015-07-23,XSHG
2396,10000264.XSHG,0.0779,0.1025,2015-07-23,XSHG
2397,10000263.XSHG,0.098,0.1301,2015-07-23,XSHG
2398,10000262.XSHG,0.1188,0.16,2015-07-23,XSHG
2399,10000261.XSHG,0.1478,0.1952,2015-07-23,XSHG
2400,10000149.XSHG,0.0576,0.0725,2015-07-23,XSHG
2401,10000142.XSHG,0.3426,0.287,2015-07-23,XSHG
2402,10000140.XSHG,0.0641,0.0811,2015-07-23,XSHG
2403,10000141.XSHG,0.2908,0.2583,2015-07-23,XSHG
2404,10000072.XSHG,0.1329,0.0894,2015-07-23,XSHG
2405,10000071.XSHG,0.1885,0.226,2015-07-23,XSHG
2406,10000079.XSHG,0.159,0.1953,2015-07-23,XSHG
2407,10000252.XSHG,0.0521,0.061,2015-07-23,XSHG
2408,10000253.XSHG,0.1993,0.1272,2015-07-23,XSHG
2409,10000250.XSHG,0.5315,0.4581,2015-07-23,XSHG
2410,10000251.XSHG,0.0601,0.0809,2015-07-23,XSHG
2411,10000254.XSHG,0.2344,0.1624,2015-07-23,XSHG
2412,10000150.XSHG,0.415,0.3236,2015-07-23,XSHG
2413,10000157.XSHG,0.0418,0.0506,2015-07-23,XSHG
2414,10000158.XSHG,0.4849,0.403,2015-07-23,XSHG
2415,10000095.XSHG,0.118,0.148,2015-07-23,XSHG
2416,10000096.XSHG,0.2066,0.1612,2015-07-23,XSHG
2417,10000064.XSHG,0.1096,0.0684,2015-07-23,XSHG
2418,10000063.XSHG,0.218,0.26,2015-07-23,XSHG
2419,10000286.XSHG,0.1728,0.15,2015-07-23,XSHG
2420,10000249.XSHG,0.4395,0.3625,2015-07-23,XSHG
2421,10000248.XSHG,0.3507,0.2777,2015-07-23,XSHG
2422,10000245.XSHG,0.0127,0.0114,2015-07-23,XSHG
2423,10000244.XSHG,0.0181,0.0176,2015-07-23,XSHG
2424,10000247.XSHG,0.3089,0.2374,2015-07-23,XSHG
2425,10000246.XSHG,0.2698,0.1969,2015-07-23,XSHG
2426,10000241.XSHG,0.045,0.05,2015-07-23,XSHG
2427,10000240.XSHG,0.3146,0.296,2015-07-23,XSHG
2428,10000243.XSHG,0.0263,0.0275,2015-07-23,XSHG
2429,10000242.XSHG,0.0335,0.0376,2015-07-23,XSHG
2430,10000125.XSHG,0.0864,0.1091,2015-07-23,XSHG
2431,10000126.XSHG,0.2671,0.2225,2015-07-23,XSHG
2432,10000088.XSHG,0.1806,0.1374,2015-07-23,XSHG
2433,10000080.XSHG,0.159,0.109,2015-07-23,XSHG
2434,10000087.XSHG,0.1375,0.1716,2015-07-23,XSHG
2435,10000036.XSHG,0.016,0.0094,2015-07-23,XSHG
2436,10000037.XSHG,0.0222,0.0111,2015-07-23,XSHG
2437,10000034.XSHG,0.3564,0.4232,2015-07-23,XSHG
2438,10000035.XSHG,0.3177,0.3815,2015-07-23,XSHG
2439,10000032.XSHG,0.4407,0.5096,2015-07-23,XSHG
2440,10000033.XSHG,0.3974,0.4639,2015-07-23,XSHG
2441,10000031.XSHG,0.4858,0.5488,2015-07-23,XSHG
2442,10000038.XSHG,0.0299,0.0151,2015-07-23,XSHG
2443,10000039.XSHG,0.037,0.021,2015-07-23,XSHG
2444,10000238.XSHG,0.2207,0.214,2015-07-23,XSHG
2445,10000239.XSHG,0.2826,0.2658,2015-07-23,XSHG
2446,10000139.XSHG,0.0755,0.0919,2015-07-23,XSHG
2447,10000237.XSHG,0.2258,0.2473,2015-07-23,XSHG
2448,10000103.XSHG,0.1017,0.1273,2015-07-23,XSHG
2449,10000104.XSHG,0.2233,0.1905,2015-07-23,XSHG
2450,10000228.XSHG,0.9771,0.9706,2015-07-23,XSHG
2451,10000227.XSHG,0.059,0.05,2015-07-23,XSHG
2452,10000226.XSHG,0.9352,0.8659,2015-07-23,XSHG
2453,10000225.XSHG,0.0138,0.0112,2015-07-23,XSHG
2454,10000269.XSHG,0.29,0.3265,2015-07-23,XSHG
2455,10000268.XSHG,0.1526,0.1039,2015-07-23,XSHG
2456,10000296.XSHG,0.4196,0.3998,2015-07-23,XSHG
2457,10000294.XSHG,0.36,0.3176,2015-07-23,XSHG
2458,10000295.XSHG,0.3893,0.3555,2015-07-23,XSHG
2459,10000292.XSHG,0.3027,0.2661,2015-07-23,XSHG
2460,10000293.XSHG,0.3308,0.2999,2015-07-23,XSHG
2461,10000290.XSHG,0.2916,0.2851,2015-07-23,XSHG
2462,10000291.XSHG,0.24,0.28,2015-07-23,XSHG
2463,10000182.XSHG,0.7916,0.6829,2015-07-23,XSHG
2464,10000183.XSHG,0.1674,0.1575,2015-07-23,XSHG
2465,10000181.XSHG,0.0199,0.0191,2015-07-23,XSHG
2466,10000186.XSHG,0.0871,0.0901,2015-07-23,XSHG
2467,10000187.XSHG,0.0756,0.0747,2015-07-23,XSHG
2468,10000184.XSHG,0.1262,0.1369,2015-07-23,XSHG
2469,10000185.XSHG,0.1045,0.1065,2015-07-23,XSHG
2470,10000188.XSHG,0.45,0.4216,2015-07-23,XSHG
2471,10000189.XSHG,0.5368,0.5011,2015-07-23,XSHG
2472,10000201.XSHG,0.165,0.1703,2015-07-24,XSHG
2473,10000200.XSHG,0.8388,0.8645,2015-07-24,XSHG
2474,10000203.XSHG,0.173,0.1714,2015-07-24,XSHG
2475,10000202.XSHG,0.3953,0.3953,2015-07-24,XSHG
2476,10000205.XSHG,0.2013,0.1901,2015-07-24,XSHG
2477,10000204.XSHG,0.3582,0.3761,2015-07-24,XSHG
2478,10000206.XSHG,0.3101,0.32,2015-07-24,XSHG
2479,10000165.XSHG,0.0361,0.0307,2015-07-24,XSHG
2480,10000166.XSHG,0.4888,0.5308,2015-07-24,XSHG
2481,10000197.XSHG,0.0143,0.0136,2015-07-24,XSHG
2482,10000191.XSHG,0.65,0.6885,2015-07-24,XSHG
2483,10000190.XSHG,0.6,0.595,2015-07-24,XSHG
2484,10000192.XSHG,0.76,0.7585,2015-07-24,XSHG
2485,10000055.XSHG,0.31,0.2548,2015-07-24,XSHG
2486,10000056.XSHG,0.0525,0.059,2015-07-24,XSHG
2487,10000199.XSHG,0.0637,0.0586,2015-07-24,XSHG
2488,10000198.XSHG,0.7522,0.8221,2015-07-24,XSHG
2489,10000274.XSHG,0.2435,0.2435,2015-07-24,XSHG
2490,10000277.XSHG,0.2438,0.1831,2015-07-24,XSHG
2491,10000270.XSHG,0.2842,0.2662,2015-07-24,XSHG
2492,10000271.XSHG,0.256,0.2506,2015-07-24,XSHG
2493,10000272.XSHG,0.1799,0.1909,2015-07-24,XSHG
2494,10000273.XSHG,0.2058,0.215,2015-07-24,XSHG
2495,10000173.XSHG,0.0269,0.023,2015-07-24,XSHG
2496,10000278.XSHG,0.0312,0.0393,2015-07-24,XSHG
2497,10000279.XSHG,0.3451,0.32,2015-07-24,XSHG
2498,10000174.XSHG,0.5881,0.6308,2015-07-24,XSHG
2499,10000289.XSHG,0.3051,0.3067,2015-07-24,XSHG
2500,10000288.XSHG,0.3117,0.3189,2015-07-24,XSHG
2501,10000048.XSHG,0.0397,0.0457,2015-07-24,XSHG
2502,10000047.XSHG,0.34,0.2901,2015-07-24,XSHG
2503,10000280.XSHG,0.1712,0.1676,2015-07-24,XSHG
2504,10000283.XSHG,0.2801,0.212,2015-07-24,XSHG
2505,10000285.XSHG,0.3768,0.3499,2015-07-24,XSHG
2506,10000284.XSHG,0.0216,0.027,2015-07-24,XSHG
2507,10000287.XSHG,0.3301,0.3386,2015-07-24,XSHG
2508,10000040.XSHG,0.0292,0.0339,2015-07-24,XSHG
2509,10000267.XSHG,0.0779,0.1092,2015-07-24,XSHG
2510,10000266.XSHG,0.0591,0.08,2015-07-24,XSHG
2511,10000265.XSHG,0.0438,0.0606,2015-07-24,XSHG
2512,10000264.XSHG,0.104,0.0738,2015-07-24,XSHG
2513,10000263.XSHG,0.1319,0.0958,2015-07-24,XSHG
2514,10000262.XSHG,0.1621,0.1172,2015-07-24,XSHG
2515,10000261.XSHG,0.2009,0.1497,2015-07-24,XSHG
2516,10000149.XSHG,0.0696,0.0563,2015-07-24,XSHG
2517,10000142.XSHG,0.2941,0.3148,2015-07-24,XSHG
2518,10000140.XSHG,0.079,0.0633,2015-07-24,XSHG
2519,10000141.XSHG,0.2635,0.2802,2015-07-24,XSHG
2520,10000072.XSHG,0.0865,0.1001,2015-07-24,XSHG
2521,10000071.XSHG,0.2363,0.1911,2015-07-24,XSHG
2522,10000079.XSHG,0.2025,0.1637,2015-07-24,XSHG
2523,10000252.XSHG,0.061,0.0456,2015-07-24,XSHG
2524,10000253.XSHG,0.1268,0.1713,2015-07-24,XSHG
2525,10000250.XSHG,0.4513,0.5193,2015-07-24,XSHG
2526,10000251.XSHG,0.0823,0.0576,2015-07-24,XSHG
2527,10000254.XSHG,0.1568,0.208,2015-07-24,XSHG
2528,10000150.XSHG,0.3223,0.3573,2015-07-24,XSHG
2529,10000157.XSHG,0.0489,0.0423,2015-07-24,XSHG
2530,10000158.XSHG,0.4127,0.455,2015-07-24,XSHG
2531,10000095.XSHG,0.1501,0.1217,2015-07-24,XSHG
2532,10000096.XSHG,0.1593,0.1734,2015-07-24,XSHG
2533,10000064.XSHG,0.0682,0.0758,2015-07-24,XSHG
2534,10000063.XSHG,0.2721,0.2203,2015-07-24,XSHG
2535,10000286.XSHG,0.1416,0.148,2015-07-24,XSHG
2536,10000249.XSHG,0.371,0.43,2015-07-24,XSHG
2537,10000248.XSHG,0.2705,0.3387,2015-07-24,XSHG
2538,10000245.XSHG,0.0117,0.0108,2015-07-24,XSHG
2539,10000244.XSHG,0.0178,0.0161,2015-07-24,XSHG
2540,10000247.XSHG,0.23,0.2922,2015-07-24,XSHG
2541,10000246.XSHG,0.1911,0.2488,2015-07-24,XSHG
2542,10000241.XSHG,0.0498,0.0358,2015-07-24,XSHG
2543,10000240.XSHG,0.2866,0.3083,2015-07-24,XSHG
2544,10000243.XSHG,0.0284,0.0214,2015-07-24,XSHG
2545,10000242.XSHG,0.0372,0.0271,2015-07-24,XSHG
2546,10000125.XSHG,0.1082,0.0884,2015-07-24,XSHG
2547,10000126.XSHG,0.2124,0.2436,2015-07-24,XSHG
2548,10000088.XSHG,0.13,0.1435,2015-07-24,XSHG
2549,10000080.XSHG,0.1048,0.119,2015-07-24,XSHG
2550,10000087.XSHG,0.1751,0.1417,2015-07-24,XSHG
2551,10000036.XSHG,0.009,0.01,2015-07-24,XSHG
2552,10000037.XSHG,0.0108,0.0119,2015-07-24,XSHG
2553,10000034.XSHG,0.4233,0.3672,2015-07-24,XSHG
2554,10000035.XSHG,0.3857,0.3341,2015-07-24,XSHG
2555,10000032.XSHG,0.522,0.4621,2015-07-24,XSHG
2556,10000033.XSHG,0.4763,0.4074,2015-07-24,XSHG
2557,10000031.XSHG,0.567,0.515,2015-07-24,XSHG
2558,10000038.XSHG,0.015,0.0163,2015-07-24,XSHG
2559,10000039.XSHG,0.0212,0.0241,2015-07-24,XSHG
2560,10000238.XSHG,0.2065,0.212,2015-07-24,XSHG
2561,10000239.XSHG,0.2693,0.2735,2015-07-24,XSHG
2562,10000139.XSHG,0.0926,0.0758,2015-07-24,XSHG
2563,10000237.XSHG,0.2383,0.2244,2015-07-24,XSHG
2564,10000103.XSHG,0.1265,0.1042,2015-07-24,XSHG
2565,10000104.XSHG,0.1797,0.2056,2015-07-24,XSHG
2566,10000228.XSHG,0.9134,0.9482,2015-07-24,XSHG
2567,10000227.XSHG,0.0538,0.048,2015-07-24,XSHG
2568,10000226.XSHG,0.8908,0.9193,2015-07-24,XSHG
2569,10000225.XSHG,0.0115,0.0102,2015-07-24,XSHG
2570,10000269.XSHG,0.3117,0.2978,2015-07-24,XSHG
2571,10000268.XSHG,0.1004,0.1389,2015-07-24,XSHG
2572,10000296.XSHG,0.2953,0.3898,2015-07-24,XSHG
2573,10000297.XSHG,0.249,0.2404,2015-07-24,XSHG
2574,10000294.XSHG,0.2708,0.3227,2015-07-24,XSHG
2575,10000295.XSHG,0.2846,0.3318,2015-07-24,XSHG
2576,10000292.XSHG,0.2288,0.275,2015-07-24,XSHG
2577,10000293.XSHG,0.2525,0.2988,2015-07-24,XSHG
2578,10000290.XSHG,0.2596,0.2911,2015-07-24,XSHG
2579,10000291.XSHG,0.2702,0.2854,2015-07-24,XSHG
2580,10000298.XSHG,0.43,0.4261,2015-07-24,XSHG
2581,10000182.XSHG,0.6739,0.7201,2015-07-24,XSHG
2582,10000183.XSHG,0.1539,0.1444,2015-07-24,XSHG
2583,10000181.XSHG,0.0196,0.0162,2015-07-24,XSHG
2584,10000186.XSHG,0.0894,0.0811,2015-07-24,XSHG
2585,10000187.XSHG,0.075,0.0639,2015-07-24,XSHG
2586,10000184.XSHG,0.1225,0.125,2015-07-24,XSHG
2587,10000185.XSHG,0.1033,0.0993,2015-07-24,XSHG
2588,10000188.XSHG,0.43,0.43,2015-07-24,XSHG
2589,10000189.XSHG,,,2015-07-24,XSHG
2590,10000201.XSHG,0.1531,0.0937,2015-07-27,XSHG
2591,10000200.XSHG,0.8881,0.9813,2015-07-27,XSHG
2592,10000203.XSHG,0.15,0.1093,2015-07-27,XSHG
2593,10000202.XSHG,0.44,0.5503,2015-07-27,XSHG
2594,10000205.XSHG,0.1773,0.1198,2015-07-27,XSHG
2595,10000204.XSHG,0.3928,0.5108,2015-07-27,XSHG
2596,10000206.XSHG,0.3498,0.4515,2015-07-27,XSHG
2597,10000165.XSHG,0.0279,0.0131,2015-07-27,XSHG
2598,10000166.XSHG,0.5565,0.7323,2015-07-27,XSHG
2599,10000197.XSHG,0.0129,0.0058,2015-07-27,XSHG
2600,10000191.XSHG,0.7443,0.8372,2015-07-27,XSHG
2601,10000190.XSHG,0.65,0.6914,2015-07-27,XSHG
2602,10000192.XSHG,0.8275,0.9496,2015-07-27,XSHG
2603,10000055.XSHG,0.2565,0.1227,2015-07-27,XSHG
2604,10000056.XSHG,0.062,0.1457,2015-07-27,XSHG
2605,10000199.XSHG,0.058,0.0413,2015-07-27,XSHG
2606,10000198.XSHG,0.8207,1.0079,2015-07-27,XSHG
2607,10000274.XSHG,0.247,0.3565,2015-07-27,XSHG
2608,10000277.XSHG,0.1747,0.0668,2015-07-27,XSHG
2609,10000270.XSHG,0.2331,0.1673,2015-07-27,XSHG
2610,10000271.XSHG,0.214,0.1526,2015-07-27,XSHG
2611,10000272.XSHG,0.2058,0.2858,2015-07-27,XSHG
2612,10000273.XSHG,0.2269,0.3249,2015-07-27,XSHG
2613,10000173.XSHG,0.0212,0.0106,2015-07-27,XSHG
2614,10000278.XSHG,0.0451,0.1511,2015-07-27,XSHG
2615,10000279.XSHG,0.3204,0.1992,2015-07-27,XSHG
2616,10000174.XSHG,0.6473,0.8213,2015-07-27,XSHG
2617,10000289.XSHG,0.3003,0.2124,2015-07-27,XSHG
2618,10000288.XSHG,0.3044,0.2449,2015-07-27,XSHG
2619,10000048.XSHG,0.0475,0.1149,2015-07-27,XSHG
2620,10000047.XSHG,0.2924,0.1474,2015-07-27,XSHG
2621,10000280.XSHG,0.1714,0.2696,2015-07-27,XSHG
2622,10000283.XSHG,0.21,0.0844,2015-07-27,XSHG
2623,10000285.XSHG,0.3345,0.2258,2015-07-27,XSHG
2624,10000284.XSHG,0.03,0.1224,2015-07-27,XSHG
2625,10000287.XSHG,0.3097,0.2449,2015-07-27,XSHG
2626,10000040.XSHG,0.0355,0.0925,2015-07-27,XSHG
2627,10000267.XSHG,0.1114,0.2585,2015-07-27,XSHG
2628,10000266.XSHG,0.0858,0.2118,2015-07-27,XSHG
2629,10000265.XSHG,0.0631,0.1734,2015-07-27,XSHG
2630,10000264.XSHG,0.0674,0.0267,2015-07-27,XSHG
2631,10000263.XSHG,0.0901,0.0328,2015-07-27,XSHG
2632,10000262.XSHG,0.1103,0.0405,2015-07-27,XSHG
2633,10000261.XSHG,0.1414,0.052,2015-07-27,XSHG
2634,10000149.XSHG,0.0533,0.025,2015-07-27,XSHG
2635,10000142.XSHG,0.3084,0.5054,2015-07-27,XSHG
2636,10000140.XSHG,0.0604,0.0284,2015-07-27,XSHG
2637,10000141.XSHG,0.2738,0.4485,2015-07-27,XSHG
2638,10000072.XSHG,0.1,0.2147,2015-07-27,XSHG
2639,10000071.XSHG,0.1938,0.0858,2015-07-27,XSHG
2640,10000079.XSHG,0.1521,0.0743,2015-07-27,XSHG
2641,10000252.XSHG,0.0417,0.0156,2015-07-27,XSHG
2642,10000253.XSHG,0.1745,0.366,2015-07-27,XSHG
2643,10000250.XSHG,0.5279,0.7354,2015-07-27,XSHG
2644,10000251.XSHG,0.0542,0.0199,2015-07-27,XSHG
2645,10000254.XSHG,0.2175,0.3921,2015-07-27,XSHG
2646,10000150.XSHG,0.3712,0.536,2015-07-27,XSHG
2647,10000157.XSHG,0.0389,0.0171,2015-07-27,XSHG
2648,10000158.XSHG,0.4599,0.6263,2015-07-27,XSHG
2649,10000095.XSHG,0.1164,0.0519,2015-07-27,XSHG
2650,10000096.XSHG,0.1835,0.3212,2015-07-27,XSHG
2651,10000064.XSHG,0.0804,0.1761,2015-07-27,XSHG
2652,10000063.XSHG,0.2238,0.11,2015-07-27,XSHG
2653,10000286.XSHG,0.151,0.2434,2015-07-27,XSHG
2654,10000249.XSHG,0.4335,0.6367,2015-07-27,XSHG
2655,10000248.XSHG,0.3425,0.5388,2015-07-27,XSHG
2656,10000245.XSHG,0.0099,0.0042,2015-07-27,XSHG
2657,10000244.XSHG,0.0132,0.0066,2015-07-27,XSHG
2658,10000247.XSHG,0.3002,0.4898,2015-07-27,XSHG
2659,10000246.XSHG,0.2593,0.4413,2015-07-27,XSHG
2660,10000241.XSHG,0.0323,0.0124,2015-07-27,XSHG
2661,10000240.XSHG,0.3257,0.3938,2015-07-27,XSHG
2662,10000243.XSHG,0.0195,0.0067,2015-07-27,XSHG
2663,10000242.XSHG,0.0252,0.0099,2015-07-27,XSHG
2664,10000125.XSHG,0.0844,0.0377,2015-07-27,XSHG
2665,10000126.XSHG,0.2499,0.4019,2015-07-27,XSHG
2666,10000088.XSHG,0.1521,0.28,2015-07-27,XSHG
2667,10000080.XSHG,0.1269,0.239,2015-07-27,XSHG
2668,10000087.XSHG,0.1359,0.061,2015-07-27,XSHG
2669,10000036.XSHG,0.01,0.0302,2015-07-27,XSHG
2670,10000037.XSHG,0.0124,0.0387,2015-07-27,XSHG
2671,10000034.XSHG,0.3726,0.1992,2015-07-27,XSHG
2672,10000035.XSHG,0.3318,0.1737,2015-07-27,XSHG
2673,10000032.XSHG,0.4625,0.2734,2015-07-27,XSHG
2674,10000033.XSHG,0.4165,0.2314,2015-07-27,XSHG
2675,10000031.XSHG,0.5098,0.3079,2015-07-27,XSHG
2676,10000038.XSHG,0.0174,0.057,2015-07-27,XSHG
2677,10000039.XSHG,0.0251,0.0748,2015-07-27,XSHG
2678,10000238.XSHG,0.1873,0.1253,2015-07-27,XSHG
2679,10000239.XSHG,0.2963,0.3924,2015-07-27,XSHG
2680,10000139.XSHG,0.0723,0.0317,2015-07-27,XSHG
2681,10000237.XSHG,0.2056,0.1428,2015-07-27,XSHG
2682,10000103.XSHG,0.0992,0.0451,2015-07-27,XSHG
2683,10000104.XSHG,0.2167,0.3607,2015-07-27,XSHG
2684,10000228.XSHG,0.9848,1.1311,2015-07-27,XSHG
2685,10000227.XSHG,0.048,0.033,2015-07-27,XSHG
2686,10000226.XSHG,0.9115,1.1008,2015-07-27,XSHG
2687,10000225.XSHG,0.0098,0.0061,2015-07-27,XSHG
2688,10000269.XSHG,0.2606,0.1948,2015-07-27,XSHG
2689,10000268.XSHG,0.138,0.3209,2015-07-27,XSHG
2690,10000296.XSHG,0.386,0.4728,2015-07-27,XSHG
2691,10000297.XSHG,0.2125,0.1618,2015-07-27,XSHG
2692,10000294.XSHG,0.363,0.418,2015-07-27,XSHG
2693,10000295.XSHG,0.3545,0.4838,2015-07-27,XSHG
2694,10000292.XSHG,0.2811,0.3442,2015-07-27,XSHG
2695,10000293.XSHG,0.3012,0.378,2015-07-27,XSHG
2696,10000290.XSHG,0.255,0.2005,2015-07-27,XSHG
2697,10000291.XSHG,0.2287,0.1932,2015-07-27,XSHG
2698,10000298.XSHG,0.4717,0.5184,2015-07-27,XSHG
2699,10000182.XSHG,0.744,0.9372,2015-07-27,XSHG
2700,10000183.XSHG,0.1321,0.0859,2015-07-27,XSHG
2701,10000181.XSHG,0.0156,0.0051,2015-07-27,XSHG
2702,10000186.XSHG,0.0809,0.0537,2015-07-27,XSHG
2703,10000187.XSHG,0.065,0.0451,2015-07-27,XSHG
2704,10000184.XSHG,0.1144,0.0745,2015-07-27,XSHG
2705,10000185.XSHG,0.09,0.0658,2015-07-27,XSHG
2706,10000188.XSHG,0.449,0.5931,2015-07-27,XSHG
2707,10000189.XSHG,0.5089,0.6783,2015-07-27,XSHG
2708,10000201.XSHG,0.0865,0.12,2015-07-28,XSHG
2709,10000200.XSHG,1.055,0.9971,2015-07-28,XSHG
2710,10000203.XSHG,0.0982,0.1392,2015-07-28,XSHG
2711,10000202.XSHG,0.5849,0.5772,2015-07-28,XSHG
2712,10000205.XSHG,0.1085,0.1467,2015-07-28,XSHG
2713,10000204.XSHG,0.5076,0.4841,2015-07-28,XSHG
2714,10000206.XSHG,,,2015-07-28,XSHG
2715,10000165.XSHG,0.0132,0.0193,2015-07-28,XSHG
2716,10000166.XSHG,0.7616,0.7425,2015-07-28,XSHG
2717,10000197.XSHG,0.0089,0.0115,2015-07-28,XSHG
2718,10000191.XSHG,0.8689,0.8739,2015-07-28,XSHG
2719,10000190.XSHG,0.7502,0.7211,2015-07-28,XSHG
2720,10000192.XSHG,0.9798,0.935,2015-07-28,XSHG
2721,10000055.XSHG,0.1118,0.1518,2015-07-28,XSHG
2722,10000056.XSHG,0.165,0.1684,2015-07-28,XSHG
2723,10000199.XSHG,0.0378,0.0508,2015-07-28,XSHG
2724,10000198.XSHG,1.0507,1.0319,2015-07-28,XSHG
2725,10000274.XSHG,0.3597,0.3629,2015-07-28,XSHG
2726,10000277.XSHG,0.0627,0.0829,2015-07-28,XSHG
2727,10000270.XSHG,0.1601,0.1884,2015-07-28,XSHG
2728,10000271.XSHG,0.1396,0.1708,2015-07-28,XSHG
2729,10000272.XSHG,0.313,0.2835,2015-07-28,XSHG
2730,10000273.XSHG,0.345,0.3389,2015-07-28,XSHG
2731,10000173.XSHG,0.0099,0.0165,2015-07-28,XSHG
2732,10000278.XSHG,0.1721,0.164,2015-07-28,XSHG
2733,10000279.XSHG,0.1864,0.225,2015-07-28,XSHG
2734,10000174.XSHG,0.8542,0.8399,2015-07-28,XSHG
2735,10000289.XSHG,0.2,0.228,2015-07-28,XSHG
2736,10000288.XSHG,0.2175,0.2308,2015-07-28,XSHG
2737,10000048.XSHG,0.1366,0.1438,2015-07-28,XSHG
2738,10000047.XSHG,0.1352,0.1711,2015-07-28,XSHG
2739,10000280.XSHG,0.2621,0.2783,2015-07-28,XSHG
2740,10000283.XSHG,0.08,0.1065,2015-07-28,XSHG
2741,10000285.XSHG,0.2066,0.2484,2015-07-28,XSHG
2742,10000284.XSHG,0.139,0.1338,2015-07-28,XSHG
2743,10000287.XSHG,0.2308,0.261,2015-07-28,XSHG
2744,10000040.XSHG,0.129,0.1191,2015-07-28,XSHG
2745,10000267.XSHG,0.2841,0.266,2015-07-28,XSHG
2746,10000266.XSHG,0.2439,0.2325,2015-07-28,XSHG
2747,10000265.XSHG,0.2038,0.1933,2015-07-28,XSHG
2748,10000264.XSHG,0.0273,0.0313,2015-07-28,XSHG
2749,10000263.XSHG,0.036,0.0417,2015-07-28,XSHG
2750,10000262.XSHG,0.0417,0.0532,2015-07-28,XSHG
2751,10000261.XSHG,0.05,0.0672,2015-07-28,XSHG
2752,10000149.XSHG,0.0251,0.0348,2015-07-28,XSHG
2753,10000300.XSHG,0.11,0.1271,2015-07-28,XSHG
2754,10000301.XSHG,0.0851,0.083,2015-07-28,XSHG
2755,10000302.XSHG,0.1092,0.1075,2015-07-28,XSHG
2756,10000303.XSHG,0.2532,0.3237,2015-07-28,XSHG
2757,10000304.XSHG,0.229,0.2972,2015-07-28,XSHG
2758,10000305.XSHG,0.1774,0.1941,2015-07-28,XSHG
2759,10000140.XSHG,0.0268,0.0414,2015-07-28,XSHG
2760,10000141.XSHG,0.4678,0.4721,2015-07-28,XSHG
2761,10000072.XSHG,0.2299,0.232,2015-07-28,XSHG
2762,10000071.XSHG,0.0801,0.1138,2015-07-28,XSHG
2763,10000079.XSHG,0.0679,0.0983,2015-07-28,XSHG
2764,10000252.XSHG,0.018,0.019,2015-07-28,XSHG
2765,10000253.XSHG,0.3833,0.3495,2015-07-28,XSHG
2766,10000250.XSHG,0.75,0.7171,2015-07-28,XSHG
2767,10000251.XSHG,0.0224,0.0247,2015-07-28,XSHG
2768,10000254.XSHG,0.4109,0.3893,2015-07-28,XSHG
2769,10000150.XSHG,0.5684,0.5546,2015-07-28,XSHG
2770,10000157.XSHG,0.0181,0.0257,2015-07-28,XSHG
2771,10000313.XSHG,0.2885,0.2509,2015-07-28,XSHG
2772,10000312.XSHG,0.2243,0.2487,2015-07-28,XSHG
2773,10000311.XSHG,0.2407,0.2842,2015-07-28,XSHG
2774,10000310.XSHG,0.2588,0.3126,2015-07-28,XSHG
2775,10000316.XSHG,0.3672,0.3598,2015-07-28,XSHG
2776,10000096.XSHG,0.3423,0.3341,2015-07-28,XSHG
2777,10000314.XSHG,0.2975,0.2976,2015-07-28,XSHG
2778,10000064.XSHG,0.1963,0.1997,2015-07-28,XSHG
2779,10000063.XSHG,0.0997,0.1311,2015-07-28,XSHG
2780,10000286.XSHG,0.25,0.2348,2015-07-28,XSHG
2781,10000249.XSHG,0.6994,0.6206,2015-07-28,XSHG
2782,10000248.XSHG,0.5642,0.5324,2015-07-28,XSHG
2783,10000245.XSHG,0.0046,0.0071,2015-07-28,XSHG
2784,10000244.XSHG,0.0063,0.0074,2015-07-28,XSHG
2785,10000247.XSHG,0.5032,0.485,2015-07-28,XSHG
2786,10000246.XSHG,0.4622,0.4345,2015-07-28,XSHG
2787,10000241.XSHG,0.0149,0.0146,2015-07-28,XSHG
2788,10000240.XSHG,0.4273,0.4634,2015-07-28,XSHG
2789,10000243.XSHG,0.0086,0.0096,2015-07-28,XSHG
2790,10000242.XSHG,0.0113,0.0109,2015-07-28,XSHG
2791,10000125.XSHG,0.0346,0.0567,2015-07-28,XSHG
2792,10000126.XSHG,0.4251,0.4131,2015-07-28,XSHG
2793,10000088.XSHG,0.3031,0.2981,2015-07-28,XSHG
2794,10000158.XSHG,0.663,0.6496,2015-07-28,XSHG
2795,10000080.XSHG,0.2657,0.261,2015-07-28,XSHG
2796,10000087.XSHG,0.0576,0.0837,2015-07-28,XSHG
2797,10000095.XSHG,0.0489,0.0716,2015-07-28,XSHG
2798,10000315.XSHG,0.352,0.3081,2015-07-28,XSHG
2799,10000036.XSHG,0.039,0.0507,2015-07-28,XSHG
2800,10000037.XSHG,0.054,0.0613,2015-07-28,XSHG
2801,10000034.XSHG,0.1912,0.2246,2015-07-28,XSHG
2802,10000035.XSHG,0.1655,0.2123,2015-07-28,XSHG
2803,10000032.XSHG,0.2608,0.2868,2015-07-28,XSHG
2804,10000033.XSHG,0.2182,0.2516,2015-07-28,XSHG
2805,10000031.XSHG,0.3079,0.3409,2015-07-28,XSHG
2806,10000038.XSHG,0.07,0.0777,2015-07-28,XSHG
2807,10000039.XSHG,0.0892,0.0988,2015-07-28,XSHG
2808,10000238.XSHG,0.1146,0.1405,2015-07-28,XSHG
2809,10000239.XSHG,0.402,0.38,2015-07-28,XSHG
2810,10000139.XSHG,0.0306,0.0483,2015-07-28,XSHG
2811,10000237.XSHG,0.1286,0.1526,2015-07-28,XSHG
2812,10000308.XSHG,0.3182,0.3334,2015-07-28,XSHG
2813,10000309.XSHG,0.2727,0.3308,2015-07-28,XSHG
2814,10000103.XSHG,0.0417,0.0643,2015-07-28,XSHG
2815,10000104.XSHG,0.3832,0.374,2015-07-28,XSHG
2816,10000228.XSHG,1.1016,1.1041,2015-07-28,XSHG
2817,10000227.XSHG,0.0312,0.0411,2015-07-28,XSHG
2818,10000226.XSHG,1.1496,1.1202,2015-07-28,XSHG
2819,10000225.XSHG,0.0047,0.0089,2015-07-28,XSHG
2820,10000142.XSHG,0.5349,0.5028,2015-07-28,XSHG
2821,10000306.XSHG,0.2219,0.2149,2015-07-28,XSHG
2822,10000268.XSHG,0.3233,0.3072,2015-07-28,XSHG
2823,10000296.XSHG,0.5548,0.4903,2015-07-28,XSHG
2824,10000297.XSHG,0.1671,0.19,2015-07-28,XSHG
2825,10000294.XSHG,0.4747,0.425,2015-07-28,XSHG
2826,10000295.XSHG,0.5082,0.4514,2015-07-28,XSHG
2827,10000292.XSHG,0.4165,0.3918,2015-07-28,XSHG
2828,10000293.XSHG,0.4047,0.4203,2015-07-28,XSHG
2829,10000290.XSHG,0.1753,0.2016,2015-07-28,XSHG
2830,10000291.XSHG,0.1755,0.2058,2015-07-28,XSHG
2831,10000298.XSHG,0.6066,0.5596,2015-07-28,XSHG
2832,10000299.XSHG,0.1272,0.156,2015-07-28,XSHG
2833,10000269.XSHG,0.1742,0.2296,2015-07-28,XSHG
2834,10000307.XSHG,0.3659,0.3485,2015-07-28,XSHG
2835,10000182.XSHG,0.9423,0.9363,2015-07-28,XSHG
2836,10000183.XSHG,0.0809,0.1126,2015-07-28,XSHG
2837,10000181.XSHG,0.0057,0.0133,2015-07-28,XSHG
2838,10000186.XSHG,0.0512,0.0657,2015-07-28,XSHG
2839,10000187.XSHG,0.0426,0.0587,2015-07-28,XSHG
2840,10000184.XSHG,0.0696,0.0872,2015-07-28,XSHG
2841,10000185.XSHG,0.0602,0.082,2015-07-28,XSHG
2842,10000188.XSHG,0.6243,0.6173,2015-07-28,XSHG
2843,10000189.XSHG,0.7227,0.662,2015-07-28,XSHG
2844,10000201.XSHG,0.1234,0.1234,2015-07-29,XSHG
2845,10000200.XSHG,1.0337,1.0126,2015-07-29,XSHG
2846,10000203.XSHG,0.1274,0.1421,2015-07-29,XSHG
2847,10000202.XSHG,0.57,0.578,2015-07-29,XSHG
2848,10000205.XSHG,0.1275,0.1476,2015-07-29,XSHG
2849,10000204.XSHG,0.54,0.54,2015-07-29,XSHG
2850,10000206.XSHG,0.4459,0.453,2015-07-29,XSHG
2851,10000165.XSHG,0.0205,0.0225,2015-07-29,XSHG
2852,10000166.XSHG,0.7126,0.7103,2015-07-29,XSHG
2853,10000197.XSHG,0.011,0.0106,2015-07-29,XSHG
2854,10000191.XSHG,,,2015-07-29,XSHG
2855,10000190.XSHG,,,2015-07-29,XSHG
2856,10000192.XSHG,0.9848,0.9848,2015-07-29,XSHG
2857,10000055.XSHG,0.1589,0.1796,2015-07-29,XSHG
2858,10000056.XSHG,0.1642,0.1605,2015-07-29,XSHG
2859,10000199.XSHG,0.0495,0.0529,2015-07-29,XSHG
2860,10000198.XSHG,1.0076,1.0335,2015-07-29,XSHG
2861,10000274.XSHG,0.398,0.3932,2015-07-29,XSHG
2862,10000277.XSHG,0.0898,0.104,2015-07-29,XSHG
2863,10000270.XSHG,0.1797,0.2084,2015-07-29,XSHG
2864,10000271.XSHG,0.1641,0.1912,2015-07-29,XSHG
2865,10000272.XSHG,0.2936,0.2936,2015-07-29,XSHG
2866,10000273.XSHG,0.32,0.32,2015-07-29,XSHG
2867,10000173.XSHG,0.0169,0.0171,2015-07-29,XSHG
2868,10000278.XSHG,0.155,0.141,2015-07-29,XSHG
2869,10000279.XSHG,0.2572,0.2399,2015-07-29,XSHG
2870,10000174.XSHG,0.8143,0.8056,2015-07-29,XSHG
2871,10000289.XSHG,,,2015-07-29,XSHG
2872,10000288.XSHG,0.2299,0.2464,2015-07-29,XSHG
2873,10000048.XSHG,0.1399,0.1322,2015-07-29,XSHG
2874,10000047.XSHG,0.1814,0.2056,2015-07-29,XSHG
2875,10000280.XSHG,0.285,0.2533,2015-07-29,XSHG
2876,10000283.XSHG,0.114,0.1297,2015-07-29,XSHG
2877,10000285.XSHG,0.2397,0.2768,2015-07-29,XSHG
2878,10000284.XSHG,0.1206,0.1157,2015-07-29,XSHG
2879,10000287.XSHG,,,2015-07-29,XSHG
2880,10000040.XSHG,0.1155,0.1139,2015-07-29,XSHG
2881,10000267.XSHG,0.2551,0.2471,2015-07-29,XSHG
2882,10000266.XSHG,0.2207,0.2001,2015-07-29,XSHG
2883,10000265.XSHG,0.186,0.1675,2015-07-29,XSHG
2884,10000264.XSHG,0.035,0.0389,2015-07-29,XSHG
2885,10000263.XSHG,0.0441,0.0512,2015-07-29,XSHG
2886,10000262.XSHG,0.0567,0.0649,2015-07-29,XSHG
2887,10000261.XSHG,0.0729,0.0793,2015-07-29,XSHG
2888,10000149.XSHG,0.0366,0.042,2015-07-29,XSHG
2889,10000300.XSHG,0.1319,0.1562,2015-07-29,XSHG
2890,10000301.XSHG,0.0787,0.0753,2015-07-29,XSHG
2891,10000302.XSHG,0.1004,0.0944,2015-07-29,XSHG
2892,10000303.XSHG,0.2782,0.3042,2015-07-29,XSHG
2893,10000304.XSHG,0.2696,0.29,2015-07-29,XSHG
2894,10000305.XSHG,0.1999,0.1799,2015-07-29,XSHG
2895,10000140.XSHG,0.0428,0.0494,2015-07-29,XSHG
2896,10000141.XSHG,0.4565,0.4384,2015-07-29,XSHG
2897,10000072.XSHG,0.22,0.2238,2015-07-29,XSHG
2898,10000071.XSHG,0.1185,0.1334,2015-07-29,XSHG
2899,10000079.XSHG,0.1025,0.1099,2015-07-29,XSHG
2900,10000252.XSHG,0.0203,0.0232,2015-07-29,XSHG
2901,10000253.XSHG,0.3368,0.32,2015-07-29,XSHG
2902,10000250.XSHG,0.71,0.6858,2015-07-29,XSHG
2903,10000251.XSHG,0.0284,0.0311,2015-07-29,XSHG
2904,10000254.XSHG,0.3357,0.3578,2015-07-29,XSHG
2905,10000150.XSHG,0.5618,0.5408,2015-07-29,XSHG
2906,10000157.XSHG,0.0272,0.0299,2015-07-29,XSHG
2907,10000313.XSHG,0.278,0.2709,2015-07-29,XSHG
2908,10000312.XSHG,0.2307,0.223,2015-07-29,XSHG
2909,10000311.XSHG,0.2856,0.2856,2015-07-29,XSHG
2910,10000310.XSHG,,,2015-07-29,XSHG
2911,10000316.XSHG,0.3122,0.33,2015-07-29,XSHG
2912,10000096.XSHG,0.3494,0.3351,2015-07-29,XSHG
2913,10000314.XSHG,0.2686,0.302,2015-07-29,XSHG
2914,10000064.XSHG,0.1931,0.1878,2015-07-29,XSHG
2915,10000063.XSHG,0.1369,0.1492,2015-07-29,XSHG
2916,10000286.XSHG,0.2499,0.23,2015-07-29,XSHG
2917,10000249.XSHG,0.6127,0.5912,2015-07-29,XSHG
2918,10000248.XSHG,0.5132,0.5026,2015-07-29,XSHG
2919,10000245.XSHG,0.0054,0.0063,2015-07-29,XSHG
2920,10000244.XSHG,0.0071,0.0075,2015-07-29,XSHG
2921,10000247.XSHG,0.4696,0.4607,2015-07-29,XSHG
2922,10000246.XSHG,0.4207,0.4041,2015-07-29,XSHG
2923,10000241.XSHG,0.0161,0.0176,2015-07-29,XSHG
2924,10000240.XSHG,0.4601,0.4601,2015-07-29,XSHG
2925,10000243.XSHG,0.01,0.0111,2015-07-29,XSHG
2926,10000242.XSHG,0.0118,0.0125,2015-07-29,XSHG
2927,10000125.XSHG,0.0576,0.0647,2015-07-29,XSHG
2928,10000126.XSHG,0.4286,0.3986,2015-07-29,XSHG
2929,10000088.XSHG,0.302,0.2974,2015-07-29,XSHG
2930,10000158.XSHG,0.626,0.6403,2015-07-29,XSHG
2931,10000080.XSHG,0.2572,0.2515,2015-07-29,XSHG
2932,10000087.XSHG,0.089,0.098,2015-07-29,XSHG
2933,10000095.XSHG,0.0753,0.0875,2015-07-29,XSHG
2934,10000315.XSHG,0.2843,0.2843,2015-07-29,XSHG
2935,10000036.XSHG,0.0478,0.0508,2015-07-29,XSHG
2936,10000037.XSHG,0.059,0.0624,2015-07-29,XSHG
2937,10000034.XSHG,0.2376,0.2663,2015-07-29,XSHG
2938,10000035.XSHG,0.2123,0.2457,2015-07-29,XSHG
2939,10000032.XSHG,0.2795,0.3489,2015-07-29,XSHG
2940,10000033.XSHG,0.266,0.3522,2015-07-29,XSHG
2941,10000031.XSHG,0.3499,0.3559,2015-07-29,XSHG
2942,10000038.XSHG,0.0742,0.0788,2015-07-29,XSHG
2943,10000039.XSHG,0.0942,0.0936,2015-07-29,XSHG
2944,10000238.XSHG,0.138,0.1499,2015-07-29,XSHG
2945,10000239.XSHG,0.3781,0.3792,2015-07-29,XSHG
2946,10000139.XSHG,0.05,0.0576,2015-07-29,XSHG
2947,10000237.XSHG,0.16,0.1874,2015-07-29,XSHG
2948,10000308.XSHG,,,2015-07-29,XSHG
2949,10000309.XSHG,,,2015-07-29,XSHG
2950,10000103.XSHG,0.0664,0.0734,2015-07-29,XSHG
2951,10000104.XSHG,0.3761,0.3584,2015-07-29,XSHG
2952,10000228.XSHG,,,2015-07-29,XSHG
2953,10000227.XSHG,0.0439,0.0401,2015-07-29,XSHG
2954,10000226.XSHG,1.1369,1.1062,2015-07-29,XSHG
2955,10000225.XSHG,0.0098,0.0094,2015-07-29,XSHG
2956,10000142.XSHG,0.4904,0.4876,2015-07-29,XSHG
2957,10000306.XSHG,,,2015-07-29,XSHG
2958,10000268.XSHG,0.295,0.2762,2015-07-29,XSHG
2959,10000296.XSHG,0.521,0.5101,2015-07-29,XSHG
2960,10000297.XSHG,,,2015-07-29,XSHG
2961,10000294.XSHG,0.4502,0.4391,2015-07-29,XSHG
2962,10000295.XSHG,0.4701,0.4701,2015-07-29,XSHG
2963,10000292.XSHG,0.3479,0.36,2015-07-29,XSHG
2964,10000293.XSHG,,,2015-07-29,XSHG
2965,10000290.XSHG,0.2276,0.2198,2015-07-29,XSHG
2966,10000291.XSHG,,,2015-07-29,XSHG
2967,10000298.XSHG,0.5265,0.5265,2015-07-29,XSHG
2968,10000299.XSHG,0.1654,0.186,2015-07-29,XSHG
2969,10000269.XSHG,,,2015-07-29,XSHG
2970,10000307.XSHG,0.3535,0.3894,2015-07-29,XSHG
2971,10000182.XSHG,0.9444,0.9322,2015-07-29,XSHG
2972,10000183.XSHG,0.1029,0.109,2015-07-29,XSHG
2973,10000181.XSHG,0.0136,0.0137,2015-07-29,XSHG
2974,10000186.XSHG,0.0635,0.0711,2015-07-29,XSHG
2975,10000187.XSHG,0.0617,0.061,2015-07-29,XSHG
2976,10000184.XSHG,0.0909,0.099,2015-07-29,XSHG
2977,10000185.XSHG,0.0839,0.0804,2015-07-29,XSHG
2978,10000188.XSHG,0.62,0.619,2015-07-29,XSHG
2979,10000189.XSHG,,,2015-07-29,XSHG
2980,10000201.XSHG,0.121,0.0974,2015-07-30,XSHG
2981,10000200.XSHG,1.0053,1.0481,2015-07-30,XSHG
2982,10000203.XSHG,0.1398,0.1069,2015-07-30,XSHG
2983,10000202.XSHG,,,2015-07-30,XSHG
2984,10000205.XSHG,0.1366,0.1167,2015-07-30,XSHG
2985,10000204.XSHG,,,2015-07-30,XSHG
2986,10000206.XSHG,,,2015-07-30,XSHG
2987,10000165.XSHG,0.0218,0.0111,2015-07-30,XSHG
2988,10000166.XSHG,0.7261,0.8163,2015-07-30,XSHG
2989,10000197.XSHG,0.0104,0.0048,2015-07-30,XSHG
2990,10000191.XSHG,0.8921,0.8921,2015-07-30,XSHG
2991,10000190.XSHG,,,2015-07-30,XSHG
2992,10000192.XSHG,0.944,0.9587,2015-07-30,XSHG
2993,10000055.XSHG,0.1772,0.1078,2015-07-30,XSHG
2994,10000056.XSHG,0.1614,0.2129,2015-07-30,XSHG
2995,10000199.XSHG,0.0532,0.0438,2015-07-30,XSHG
2996,10000198.XSHG,0.9964,1.0674,2015-07-30,XSHG
2997,10000274.XSHG,0.3644,0.4099,2015-07-30,XSHG
2998,10000277.XSHG,0.1043,0.055,2015-07-30,XSHG
2999,10000270.XSHG,0.1904,0.1696,2015-07-30,XSHG
3000,10000271.XSHG,0.177,0.1567,2015-07-30,XSHG
3001,10000272.XSHG,0.289,0.308,2015-07-30,XSHG
3002,10000273.XSHG,0.3794,0.3794,2015-07-30,XSHG
3003,10000173.XSHG,0.0165,0.0083,2015-07-30,XSHG
3004,10000278.XSHG,0.141,0.2117,2015-07-30,XSHG
3005,10000279.XSHG,0.2398,0.2132,2015-07-30,XSHG
3006,10000174.XSHG,0.8262,0.8894,2015-07-30,XSHG
3007,10000289.XSHG,0.2132,0.2132,2015-07-30,XSHG
3008,10000288.XSHG,,,2015-07-30,XSHG
3009,10000048.XSHG,0.1348,0.1894,2015-07-30,XSHG
3010,10000047.XSHG,0.2017,0.1352,2015-07-30,XSHG
3011,10000280.XSHG,0.2681,0.3052,2015-07-30,XSHG
3012,10000283.XSHG,0.1287,0.07,2015-07-30,XSHG
3013,10000285.XSHG,0.278,0.22,2015-07-30,XSHG
3014,10000284.XSHG,0.1199,0.1702,2015-07-30,XSHG
3015,10000287.XSHG,0.2499,0.2499,2015-07-30,XSHG
3016,10000040.XSHG,0.1133,0.1598,2015-07-30,XSHG
3017,10000267.XSHG,0.25,0.3276,2015-07-30,XSHG
3018,10000266.XSHG,0.2161,0.282,2015-07-30,XSHG
3019,10000265.XSHG,0.1837,0.2448,2015-07-30,XSHG
3020,10000264.XSHG,0.0381,0.0181,2015-07-30,XSHG
3021,10000263.XSHG,0.0484,0.026,2015-07-30,XSHG
3022,10000262.XSHG,0.0623,0.0333,2015-07-30,XSHG
3023,10000261.XSHG,0.0799,0.04,2015-07-30,XSHG
3024,10000149.XSHG,0.0436,0.0208,2015-07-30,XSHG
3025,10000300.XSHG,0.1497,0.0894,2015-07-30,XSHG
3026,10000301.XSHG,0.0772,0.114,2015-07-30,XSHG
3027,10000302.XSHG,0.0937,0.14,2015-07-30,XSHG
3028,10000303.XSHG,0.3049,0.2544,2015-07-30,XSHG
3029,10000304.XSHG,0.271,0.26,2015-07-30,XSHG
3030,10000305.XSHG,0.1783,0.2098,2015-07-30,XSHG
3031,10000140.XSHG,0.0474,0.0238,2015-07-30,XSHG
3032,10000141.XSHG,0.4327,0.5226,2015-07-30,XSHG
3033,10000072.XSHG,0.2291,0.2722,2015-07-30,XSHG
3034,10000071.XSHG,0.1269,0.0804,2015-07-30,XSHG
3035,10000079.XSHG,0.1096,0.068,2015-07-30,XSHG
3036,10000252.XSHG,0.0223,0.0114,2015-07-30,XSHG
3037,10000253.XSHG,0.3384,0.4104,2015-07-30,XSHG
3038,10000250.XSHG,0.7099,0.795,2015-07-30,XSHG
3039,10000251.XSHG,0.0333,0.0151,2015-07-30,XSHG
3040,10000254.XSHG,0.372,0.4566,2015-07-30,XSHG
3041,10000150.XSHG,0.5339,0.6169,2015-07-30,XSHG
3042,10000157.XSHG,0.0288,0.0147,2015-07-30,XSHG
3043,10000313.XSHG,0.2632,0.2892,2015-07-30,XSHG
3044,10000312.XSHG,0.2201,0.273,2015-07-30,XSHG
3045,10000311.XSHG,0.3153,0.2669,2015-07-30,XSHG
3046,10000310.XSHG,0.3314,0.301,2015-07-30,XSHG
3047,10000316.XSHG,0.3581,0.3581,2015-07-30,XSHG
3048,10000096.XSHG,0.3352,0.4012,2015-07-30,XSHG
3049,10000314.XSHG,0.2801,0.33,2015-07-30,XSHG
3050,10000064.XSHG,0.1996,0.2481,2015-07-30,XSHG
3051,10000063.XSHG,0.1458,0.0953,2015-07-30,XSHG
3052,10000286.XSHG,0.241,0.295,2015-07-30,XSHG
3053,10000249.XSHG,0.6182,0.7059,2015-07-30,XSHG
3054,10000248.XSHG,0.5225,0.6076,2015-07-30,XSHG
3055,10000245.XSHG,0.0046,0.0041,2015-07-30,XSHG
3056,10000244.XSHG,0.0065,0.0043,2015-07-30,XSHG
3057,10000247.XSHG,0.4719,0.5595,2015-07-30,XSHG
3058,10000246.XSHG,0.4269,0.5019,2015-07-30,XSHG
3059,10000241.XSHG,0.017,0.0098,2015-07-30,XSHG
3060,10000240.XSHG,0.42,0.4472,2015-07-30,XSHG
3061,10000243.XSHG,0.0107,0.0071,2015-07-30,XSHG
3062,10000242.XSHG,0.0124,0.0067,2015-07-30,XSHG
3063,10000125.XSHG,0.0614,0.0342,2015-07-30,XSHG
3064,10000126.XSHG,0.4153,0.4701,2015-07-30,XSHG
3065,10000088.XSHG,0.2982,0.3546,2015-07-30,XSHG
3066,10000158.XSHG,0.6327,0.7183,2015-07-30,XSHG
3067,10000080.XSHG,0.2637,0.31,2015-07-30,XSHG
3068,10000087.XSHG,0.0957,0.0567,2015-07-30,XSHG
3069,10000095.XSHG,0.0835,0.0485,2015-07-30,XSHG
3070,10000315.XSHG,0.3207,0.3207,2015-07-30,XSHG
3071,10000036.XSHG,0.0505,0.0717,2015-07-30,XSHG
3072,10000037.XSHG,0.0625,0.0865,2015-07-30,XSHG
3073,10000034.XSHG,0.2565,0.1719,2015-07-30,XSHG
3074,10000035.XSHG,0.2283,0.1553,2015-07-30,XSHG
3075,10000032.XSHG,0.3317,0.2348,2015-07-30,XSHG
3076,10000033.XSHG,0.2922,0.2001,2015-07-30,XSHG
3077,10000031.XSHG,0.3559,0.2743,2015-07-30,XSHG
3078,10000038.XSHG,0.0772,0.1101,2015-07-30,XSHG
3079,10000039.XSHG,0.0941,0.1338,2015-07-30,XSHG
3080,10000238.XSHG,0.1504,0.121,2015-07-30,XSHG
3081,10000239.XSHG,0.4284,0.4284,2015-07-30,XSHG
3082,10000139.XSHG,0.0544,0.0288,2015-07-30,XSHG
3083,10000237.XSHG,0.1434,0.1434,2015-07-30,XSHG
3084,10000308.XSHG,0.3803,0.3302,2015-07-30,XSHG
3085,10000309.XSHG,0.3552,0.3231,2015-07-30,XSHG
3086,10000103.XSHG,0.0705,0.0406,2015-07-30,XSHG
3087,10000104.XSHG,0.3752,0.4528,2015-07-30,XSHG
3088,10000228.XSHG,1.141,1.1409,2015-07-30,XSHG
3089,10000227.XSHG,0.0432,0.0327,2015-07-30,XSHG
3090,10000226.XSHG,1.1001,1.2056,2015-07-30,XSHG
3091,10000225.XSHG,0.009,0.0055,2015-07-30,XSHG
3092,10000142.XSHG,0.4701,0.5695,2015-07-30,XSHG
3093,10000306.XSHG,0.22,0.22,2015-07-30,XSHG
3094,10000268.XSHG,0.2935,0.3615,2015-07-30,XSHG
3095,10000296.XSHG,,,2015-07-30,XSHG
3096,10000297.XSHG,0.1804,0.1739,2015-07-30,XSHG
3097,10000294.XSHG,0.4064,0.4594,2015-07-30,XSHG
3098,10000295.XSHG,0.4931,0.5094,2015-07-30,XSHG
3099,10000292.XSHG,0.3602,0.404,2015-07-30,XSHG
3100,10000293.XSHG,0.4256,0.4256,2015-07-30,XSHG
3101,10000290.XSHG,0.1883,0.188,2015-07-30,XSHG
3102,10000291.XSHG,0.1827,0.1827,2015-07-30,XSHG
3103,10000298.XSHG,0.5604,0.5655,2015-07-30,XSHG
3104,10000299.XSHG,0.1888,0.103,2015-07-30,XSHG
3105,10000269.XSHG,0.2135,0.1851,2015-07-30,XSHG
3106,10000307.XSHG,0.3994,0.3611,2015-07-30,XSHG
3107,10000182.XSHG,0.8998,0.9634,2015-07-30,XSHG
3108,10000183.XSHG,0.1051,0.0879,2015-07-30,XSHG
3109,10000181.XSHG,0.0132,0.0063,2015-07-30,XSHG
3110,10000186.XSHG,0.0652,0.0574,2015-07-30,XSHG
3111,10000187.XSHG,0.06,0.049,2015-07-30,XSHG
3112,10000184.XSHG,0.0999,0.0758,2015-07-30,XSHG
3113,10000185.XSHG,0.0809,0.07,2015-07-30,XSHG
3114,10000188.XSHG,0.6,0.621,2015-07-30,XSHG
3115,10000189.XSHG,0.7034,0.7034,2015-07-30,XSHG
3116,10000201.XSHG,0.0944,0.0973,2015-07-31,XSHG
3117,10000200.XSHG,1.0869,1.0887,2015-07-31,XSHG
3118,10000203.XSHG,0.1039,0.101,2015-07-31,XSHG
3119,10000202.XSHG,0.5818,0.5818,2015-07-31,XSHG
3120,10000205.XSHG,0.1147,0.116,2015-07-31,XSHG
3121,10000204.XSHG,0.5477,0.5384,2015-07-31,XSHG
3122,10000206.XSHG,0.4881,0.5017,2015-07-31,XSHG
3123,10000165.XSHG,0.0115,0.0125,2015-07-31,XSHG
3124,10000166.XSHG,0.7973,0.8119,2015-07-31,XSHG
3125,10000197.XSHG,0.005,0.005,2015-07-31,XSHG
3126,10000191.XSHG,0.899,0.955,2015-07-31,XSHG
3127,10000190.XSHG,0.7422,0.8128,2015-07-31,XSHG
3128,10000192.XSHG,,,2015-07-31,XSHG
3129,10000055.XSHG,0.1133,0.1178,2015-07-31,XSHG
3130,10000056.XSHG,0.2109,0.2011,2015-07-31,XSHG
3131,10000199.XSHG,0.041,0.0392,2015-07-31,XSHG
3132,10000198.XSHG,1.0865,1.1061,2015-07-31,XSHG
3133,10000274.XSHG,0.4046,0.3777,2015-07-31,XSHG
3134,10000277.XSHG,0.0579,0.059,2015-07-31,XSHG
3135,10000270.XSHG,0.1702,0.1718,2015-07-31,XSHG
3136,10000271.XSHG,0.1542,0.1439,2015-07-31,XSHG
3137,10000272.XSHG,0.3292,0.34,2015-07-31,XSHG
3138,10000273.XSHG,0.3585,0.368,2015-07-31,XSHG
3139,10000173.XSHG,0.0088,0.0099,2015-07-31,XSHG
3140,10000278.XSHG,0.2036,0.1796,2015-07-31,XSHG
3141,10000279.XSHG,0.1886,0.19,2015-07-31,XSHG
3142,10000174.XSHG,0.8958,0.9162,2015-07-31,XSHG
3143,10000289.XSHG,,,2015-07-31,XSHG
3144,10000288.XSHG,,,2015-07-31,XSHG
3145,10000048.XSHG,0.1921,0.1718,2015-07-31,XSHG
3146,10000047.XSHG,0.1339,0.1375,2015-07-31,XSHG
3147,10000280.XSHG,0.2933,0.2923,2015-07-31,XSHG
3148,10000283.XSHG,0.071,0.0747,2015-07-31,XSHG
3149,10000285.XSHG,0.2255,0.205,2015-07-31,XSHG
3150,10000284.XSHG,0.1703,0.1529,2015-07-31,XSHG
3151,10000287.XSHG,0.2461,0.2461,2015-07-31,XSHG
3152,10000040.XSHG,0.1615,0.1445,2015-07-31,XSHG
3153,10000267.XSHG,0.3123,0.3119,2015-07-31,XSHG
3154,10000266.XSHG,0.2786,0.2689,2015-07-31,XSHG
3155,10000265.XSHG,0.2393,0.2244,2015-07-31,XSHG
3156,10000264.XSHG,0.0194,0.0219,2015-07-31,XSHG
3157,10000263.XSHG,0.0269,0.0283,2015-07-31,XSHG
3158,10000262.XSHG,0.0346,0.035,2015-07-31,XSHG
3159,10000261.XSHG,0.0436,0.0455,2015-07-31,XSHG
3160,10000149.XSHG,0.0216,0.0241,2015-07-31,XSHG
3161,10000300.XSHG,0.0924,0.093,2015-07-31,XSHG
3162,10000301.XSHG,0.1145,0.0948,2015-07-31,XSHG
3163,10000302.XSHG,0.1382,0.1234,2015-07-31,XSHG
3164,10000303.XSHG,0.2496,0.251,2015-07-31,XSHG
3165,10000304.XSHG,0.223,0.23,2015-07-31,XSHG
3166,10000305.XSHG,0.2135,0.2096,2015-07-31,XSHG
3167,10000140.XSHG,0.0248,0.0266,2015-07-31,XSHG
3168,10000141.XSHG,0.5155,0.5349,2015-07-31,XSHG
3169,10000087.XSHG,0.0596,0.061,2015-07-31,XSHG
3170,10000072.XSHG,0.2784,0.277,2015-07-31,XSHG
3171,10000071.XSHG,0.0798,0.0817,2015-07-31,XSHG
3172,10000079.XSHG,0.0708,0.0701,2015-07-31,XSHG
3173,10000252.XSHG,0.0122,0.0135,2015-07-31,XSHG
3174,10000253.XSHG,0.4011,0.4008,2015-07-31,XSHG
3175,10000250.XSHG,0.7823,0.7924,2015-07-31,XSHG
3176,10000251.XSHG,0.0159,0.018,2015-07-31,XSHG
3177,10000254.XSHG,0.4459,0.4482,2015-07-31,XSHG
3178,10000150.XSHG,0.6045,0.6279,2015-07-31,XSHG
3179,10000319.XSHG,0.2719,0.3027,2015-07-31,XSHG
3180,10000318.XSHG,0.0884,0.0718,2015-07-31,XSHG
3181,10000157.XSHG,0.0152,0.0168,2015-07-31,XSHG
3182,10000313.XSHG,0.2906,0.3083,2015-07-31,XSHG
3183,10000312.XSHG,0.2655,0.2701,2015-07-31,XSHG
3184,10000311.XSHG,0.2636,0.2715,2015-07-31,XSHG
3185,10000310.XSHG,0.2617,0.2826,2015-07-31,XSHG
3186,10000317.XSHG,0.1466,0.1622,2015-07-31,XSHG
3187,10000316.XSHG,0.3977,0.3977,2015-07-31,XSHG
3188,10000096.XSHG,0.3912,0.3937,2015-07-31,XSHG
3189,10000314.XSHG,0.3171,0.3405,2015-07-31,XSHG
3190,10000064.XSHG,0.2443,0.24,2015-07-31,XSHG
3191,10000063.XSHG,0.095,0.0948,2015-07-31,XSHG
3192,10000286.XSHG,0.2912,0.2905,2015-07-31,XSHG
3193,10000249.XSHG,0.684,0.69,2015-07-31,XSHG
3194,10000248.XSHG,0.5864,0.5906,2015-07-31,XSHG
3195,10000245.XSHG,0.004,0.0033,2015-07-31,XSHG
3196,10000244.XSHG,0.0049,0.0041,2015-07-31,XSHG
3197,10000247.XSHG,0.5386,0.5397,2015-07-31,XSHG
3198,10000246.XSHG,0.4919,0.4922,2015-07-31,XSHG
3199,10000241.XSHG,0.01,0.0109,2015-07-31,XSHG
3200,10000240.XSHG,0.4738,0.4785,2015-07-31,XSHG
3201,10000243.XSHG,0.0075,0.007,2015-07-31,XSHG
3202,10000242.XSHG,0.007,0.0081,2015-07-31,XSHG
3203,10000125.XSHG,0.0356,0.0377,2015-07-31,XSHG
3204,10000126.XSHG,0.473,0.4865,2015-07-31,XSHG
3205,10000088.XSHG,0.352,0.3561,2015-07-31,XSHG
3206,10000158.XSHG,0.7183,0.7218,2015-07-31,XSHG
3207,10000080.XSHG,0.3144,0.3008,2015-07-31,XSHG
3208,10000322.XSHG,0.2376,0.2496,2015-07-31,XSHG
3209,10000320.XSHG,0.195,0.195,2015-07-31,XSHG
3210,10000321.XSHG,0.3438,0.3438,2015-07-31,XSHG
3211,10000095.XSHG,0.0505,0.055,2015-07-31,XSHG
3212,10000315.XSHG,0.3342,0.3342,2015-07-31,XSHG
3213,10000036.XSHG,0.075,0.0715,2015-07-31,XSHG
3214,10000037.XSHG,0.0856,0.082,2015-07-31,XSHG
3215,10000034.XSHG,0.1768,0.1795,2015-07-31,XSHG
3216,10000035.XSHG,0.1576,0.1546,2015-07-31,XSHG
3217,10000032.XSHG,0.2428,0.2375,2015-07-31,XSHG
3218,10000033.XSHG,0.2041,0.2136,2015-07-31,XSHG
3219,10000031.XSHG,0.2748,0.28,2015-07-31,XSHG
3220,10000038.XSHG,0.1057,0.1036,2015-07-31,XSHG
3221,10000039.XSHG,0.1284,0.1212,2015-07-31,XSHG
3222,10000238.XSHG,0.1265,0.1235,2015-07-31,XSHG
3223,10000239.XSHG,0.4649,0.4241,2015-07-31,XSHG
3224,10000139.XSHG,0.03,0.0299,2015-07-31,XSHG
3225,10000237.XSHG,0.1397,0.1411,2015-07-31,XSHG
3226,10000308.XSHG,0.2993,0.3272,2015-07-31,XSHG
3227,10000309.XSHG,0.281,0.3079,2015-07-31,XSHG
3228,10000103.XSHG,0.0422,0.044,2015-07-31,XSHG
3229,10000104.XSHG,0.4315,0.4385,2015-07-31,XSHG
3230,10000228.XSHG,1.1894,1.189,2015-07-31,XSHG
3231,10000227.XSHG,0.0341,0.032,2015-07-31,XSHG
3232,10000226.XSHG,1.1919,1.1999,2015-07-31,XSHG
3233,10000225.XSHG,0.0053,0.0065,2015-07-31,XSHG
3234,10000142.XSHG,0.5584,0.5802,2015-07-31,XSHG
3235,10000269.XSHG,0.1875,0.1915,2015-07-31,XSHG
3236,10000268.XSHG,0.3572,0.3554,2015-07-31,XSHG
3237,10000306.XSHG,0.2337,0.2337,2015-07-31,XSHG
3238,10000296.XSHG,,,2015-07-31,XSHG
3239,10000297.XSHG,0.1695,0.1544,2015-07-31,XSHG
3240,10000294.XSHG,,,2015-07-31,XSHG
3241,10000295.XSHG,0.5002,0.5002,2015-07-31,XSHG
3242,10000292.XSHG,,,2015-07-31,XSHG
3243,10000293.XSHG,,,2015-07-31,XSHG
3244,10000290.XSHG,,,2015-07-31,XSHG
3245,10000291.XSHG,0.1825,0.1825,2015-07-31,XSHG
3246,10000298.XSHG,0.6,0.5801,2015-07-31,XSHG
3247,10000299.XSHG,0.1153,0.1169,2015-07-31,XSHG
3248,10000307.XSHG,0.3575,0.3575,2015-07-31,XSHG
3249,10000182.XSHG,0.9921,0.9999,2015-07-31,XSHG
3250,10000183.XSHG,0.0873,0.0898,2015-07-31,XSHG
3251,10000181.XSHG,0.0072,0.0088,2015-07-31,XSHG
3252,10000186.XSHG,0.055,0.0575,2015-07-31,XSHG
3253,10000187.XSHG,0.0477,0.0464,2015-07-31,XSHG
3254,10000184.XSHG,0.0736,0.0766,2015-07-31,XSHG
3255,10000185.XSHG,0.0641,0.0653,2015-07-31,XSHG
3256,10000188.XSHG,0.6235,0.6235,2015-07-31,XSHG
3257,10000189.XSHG,0.6744,0.7171,2015-07-31,XSHG
3258,10000201.XSHG,0.092,0.0857,2015-08-03,XSHG
3259,10000200.XSHG,1.0744,1.1187,2015-08-03,XSHG
3260,10000203.XSHG,0.1026,0.0932,2015-08-03,XSHG
3261,10000202.XSHG,0.61,0.6325,2015-08-03,XSHG
3262,10000205.XSHG,0.11,0.1108,2015-08-03,XSHG
3263,10000204.XSHG,0.5999,0.5929,2015-08-03,XSHG
3264,10000206.XSHG,0.5523,0.5521,2015-08-03,XSHG
3265,10000165.XSHG,0.012,0.0116,2015-08-03,XSHG
3266,10000166.XSHG,0.8289,0.816,2015-08-03,XSHG
3267,10000197.XSHG,0.0051,0.0071,2015-08-03,XSHG
3268,10000191.XSHG,0.91,0.9381,2015-08-03,XSHG
3269,10000190.XSHG,0.87,0.8708,2015-08-03,XSHG
3270,10000192.XSHG,0.999,1.0046,2015-08-03,XSHG
3271,10000055.XSHG,0.1103,0.1063,2015-08-03,XSHG
3272,10000056.XSHG,0.2009,0.2085,2015-08-03,XSHG
3273,10000199.XSHG,0.0377,0.0412,2015-08-03,XSHG
3274,10000198.XSHG,1.0894,1.1065,2015-08-03,XSHG
3275,10000274.XSHG,0.3961,0.426,2015-08-03,XSHG
3276,10000277.XSHG,0.058,0.0495,2015-08-03,XSHG
3277,10000270.XSHG,0.1549,0.1521,2015-08-03,XSHG
3278,10000271.XSHG,0.14,0.1429,2015-08-03,XSHG
3279,10000272.XSHG,0.3632,0.3534,2015-08-03,XSHG
3280,10000273.XSHG,0.3741,0.3893,2015-08-03,XSHG
3281,10000173.XSHG,0.0095,0.0095,2015-08-03,XSHG
3282,10000278.XSHG,0.1948,0.1795,2015-08-03,XSHG
3283,10000279.XSHG,0.1762,0.1726,2015-08-03,XSHG
3284,10000174.XSHG,0.8939,0.9342,2015-08-03,XSHG
3285,10000289.XSHG,0.1918,0.1951,2015-08-03,XSHG
3286,10000288.XSHG,0.2252,0.2083,2015-08-03,XSHG
3287,10000048.XSHG,0.1797,0.1812,2015-08-03,XSHG
3288,10000047.XSHG,0.1294,0.123,2015-08-03,XSHG
3289,10000280.XSHG,0.329,0.3189,2015-08-03,XSHG
3290,10000283.XSHG,0.0719,0.064,2015-08-03,XSHG
3291,10000285.XSHG,0.171,0.1937,2015-08-03,XSHG
3292,10000284.XSHG,0.154,0.1425,2015-08-03,XSHG
3293,10000287.XSHG,0.2069,0.2167,2015-08-03,XSHG
3294,10000040.XSHG,0.1512,0.1525,2015-08-03,XSHG
3295,10000267.XSHG,0.3258,0.3003,2015-08-03,XSHG
3296,10000266.XSHG,0.2868,0.26,2015-08-03,XSHG
3297,10000265.XSHG,0.24,0.2169,2015-08-03,XSHG
3298,10000264.XSHG,0.0199,0.0186,2015-08-03,XSHG
3299,10000263.XSHG,0.0255,0.0235,2015-08-03,XSHG
3300,10000262.XSHG,0.0309,0.0298,2015-08-03,XSHG
3301,10000261.XSHG,0.0463,0.039,2015-08-03,XSHG
3302,10000149.XSHG,0.0216,0.0201,2015-08-03,XSHG
3303,10000300.XSHG,0.0922,0.0821,2015-08-03,XSHG
3304,10000301.XSHG,0.1042,0.087,2015-08-03,XSHG
3305,10000302.XSHG,0.1295,0.112,2015-08-03,XSHG
3306,10000303.XSHG,0.2388,0.2347,2015-08-03,XSHG
3307,10000304.XSHG,0.2166,0.2094,2015-08-03,XSHG
3308,10000305.XSHG,0.2273,0.2387,2015-08-03,XSHG
3309,10000140.XSHG,0.0252,0.0236,2015-08-03,XSHG
3310,10000141.XSHG,0.5432,0.5454,2015-08-03,XSHG
3311,10000087.XSHG,0.0569,0.0539,2015-08-03,XSHG
3312,10000072.XSHG,0.275,0.2849,2015-08-03,XSHG
3313,10000071.XSHG,0.079,0.0759,2015-08-03,XSHG
3314,10000079.XSHG,0.0669,0.0632,2015-08-03,XSHG
3315,10000252.XSHG,0.0126,0.0129,2015-08-03,XSHG
3316,10000253.XSHG,0.4079,0.3987,2015-08-03,XSHG
3317,10000250.XSHG,0.7892,0.796,2015-08-03,XSHG
3318,10000251.XSHG,0.0158,0.0157,2015-08-03,XSHG
3319,10000254.XSHG,0.453,0.4416,2015-08-03,XSHG
3320,10000150.XSHG,0.5832,0.6299,2015-08-03,XSHG
3321,10000319.XSHG,0.2662,0.2649,2015-08-03,XSHG
3322,10000318.XSHG,0.0768,0.0667,2015-08-03,XSHG
3323,10000157.XSHG,0.0161,0.0148,2015-08-03,XSHG
3324,10000313.XSHG,0.3085,0.3115,2015-08-03,XSHG
3325,10000312.XSHG,0.286,0.2818,2015-08-03,XSHG
3326,10000311.XSHG,0.2552,0.2303,2015-08-03,XSHG
3327,10000310.XSHG,0.2557,0.2481,2015-08-03,XSHG
3328,10000317.XSHG,0.1498,0.1368,2015-08-03,XSHG
3329,10000316.XSHG,0.4115,0.395,2015-08-03,XSHG
3330,10000096.XSHG,0.3659,0.4145,2015-08-03,XSHG
3331,10000314.XSHG,0.3382,0.3488,2015-08-03,XSHG
3332,10000064.XSHG,0.2349,0.2416,2015-08-03,XSHG
3333,10000063.XSHG,0.0932,0.0888,2015-08-03,XSHG
3334,10000286.XSHG,0.306,0.3051,2015-08-03,XSHG
3335,10000249.XSHG,0.71,0.6812,2015-08-03,XSHG
3336,10000248.XSHG,0.6083,0.5837,2015-08-03,XSHG
3337,10000245.XSHG,0.0031,0.0032,2015-08-03,XSHG
3338,10000244.XSHG,0.0039,0.0041,2015-08-03,XSHG
3339,10000247.XSHG,0.5461,0.5413,2015-08-03,XSHG
3340,10000246.XSHG,0.4991,0.4863,2015-08-03,XSHG
3341,10000241.XSHG,0.0105,0.0105,2015-08-03,XSHG
3342,10000240.XSHG,,,2015-08-03,XSHG
3343,10000243.XSHG,0.0069,0.0073,2015-08-03,XSHG
3344,10000242.XSHG,0.0102,0.0076,2015-08-03,XSHG
3345,10000125.XSHG,0.0347,0.0322,2015-08-03,XSHG
3346,10000126.XSHG,0.4139,0.4877,2015-08-03,XSHG
3347,10000088.XSHG,0.365,0.3606,2015-08-03,XSHG
3348,10000158.XSHG,0.7986,0.7463,2015-08-03,XSHG
3349,10000080.XSHG,0.3285,0.3364,2015-08-03,XSHG
3350,10000322.XSHG,0.2631,0.2409,2015-08-03,XSHG
3351,10000320.XSHG,0.2049,0.2,2015-08-03,XSHG
3352,10000321.XSHG,0.3567,0.33,2015-08-03,XSHG
3353,10000095.XSHG,0.0482,0.0453,2015-08-03,XSHG
3354,10000315.XSHG,,,2015-08-03,XSHG
3355,10000036.XSHG,0.0716,0.068,2015-08-03,XSHG
3356,10000037.XSHG,0.0851,0.0844,2015-08-03,XSHG
3357,10000034.XSHG,0.1762,0.1653,2015-08-03,XSHG
3358,10000035.XSHG,0.1513,0.1414,2015-08-03,XSHG
3359,10000032.XSHG,0.2352,0.2291,2015-08-03,XSHG
3360,10000033.XSHG,0.2038,0.191,2015-08-03,XSHG
3361,10000031.XSHG,0.28,0.2626,2015-08-03,XSHG
3362,10000038.XSHG,0.1111,0.1039,2015-08-03,XSHG
3363,10000039.XSHG,0.1261,0.1265,2015-08-03,XSHG
3364,10000238.XSHG,0.113,0.1141,2015-08-03,XSHG
3365,10000239.XSHG,0.4408,0.4635,2015-08-03,XSHG
3366,10000139.XSHG,0.0293,0.0271,2015-08-03,XSHG
3367,10000237.XSHG,0.1206,0.1215,2015-08-03,XSHG
3368,10000308.XSHG,0.2955,0.2919,2015-08-03,XSHG
3369,10000309.XSHG,0.2926,0.2672,2015-08-03,XSHG
3370,10000103.XSHG,0.0408,0.0389,2015-08-03,XSHG
3371,10000104.XSHG,0.438,0.4677,2015-08-03,XSHG
3372,10000228.XSHG,1.1945,1.1934,2015-08-03,XSHG
3373,10000227.XSHG,0.0312,0.0315,2015-08-03,XSHG
3374,10000226.XSHG,1.1883,1.2021,2015-08-03,XSHG
3375,10000225.XSHG,0.0052,0.0055,2015-08-03,XSHG
3376,10000142.XSHG,0.589,0.584,2015-08-03,XSHG
3377,10000269.XSHG,0.17,0.1617,2015-08-03,XSHG
3378,10000268.XSHG,0.36,0.3502,2015-08-03,XSHG
3379,10000306.XSHG,0.267,0.2638,2015-08-03,XSHG
3380,10000296.XSHG,0.5955,0.545,2015-08-03,XSHG
3381,10000297.XSHG,0.1666,0.1666,2015-08-03,XSHG
3382,10000294.XSHG,0.5199,0.4783,2015-08-03,XSHG
3383,10000295.XSHG,,,2015-08-03,XSHG
3384,10000292.XSHG,,,2015-08-03,XSHG
3385,10000293.XSHG,0.465,0.4428,2015-08-03,XSHG
3386,10000290.XSHG,0.1849,0.1849,2015-08-03,XSHG
3387,10000291.XSHG,0.1701,0.1701,2015-08-03,XSHG
3388,10000298.XSHG,0.6451,0.58,2015-08-03,XSHG
3389,10000299.XSHG,0.1082,0.1084,2015-08-03,XSHG
3390,10000307.XSHG,0.1687,0.3097,2015-08-03,XSHG
3391,10000182.XSHG,0.9913,1.0327,2015-08-03,XSHG
3392,10000183.XSHG,0.082,0.0832,2015-08-03,XSHG
3393,10000181.XSHG,0.0075,0.0069,2015-08-03,XSHG
3394,10000186.XSHG,0.0526,0.052,2015-08-03,XSHG
3395,10000187.XSHG,0.0436,0.0456,2015-08-03,XSHG
3396,10000184.XSHG,0.0701,0.0676,2015-08-03,XSHG
3397,10000185.XSHG,0.0597,0.0646,2015-08-03,XSHG
3398,10000188.XSHG,0.64,0.68,2015-08-03,XSHG
3399,10000189.XSHG,0.73,0.76,2015-08-03,XSHG
3400,10000201.XSHG,0.0839,0.086,2015-08-04,XSHG
3401,10000200.XSHG,1.0811,1.085,2015-08-04,XSHG
3402,10000203.XSHG,0.0923,0.0923,2015-08-04,XSHG
3403,10000202.XSHG,0.6234,0.5747,2015-08-04,XSHG
3404,10000205.XSHG,0.0996,0.1023,2015-08-04,XSHG
3405,10000204.XSHG,0.53,0.53,2015-08-04,XSHG
3406,10000206.XSHG,0.5001,0.4826,2015-08-04,XSHG
3407,10000165.XSHG,0.0116,0.0117,2015-08-04,XSHG
3408,10000166.XSHG,0.7899,0.7422,2015-08-04,XSHG
3409,10000197.XSHG,0.0067,0.007,2015-08-04,XSHG
3410,10000191.XSHG,0.9744,0.88,2015-08-04,XSHG
3411,10000190.XSHG,0.8619,0.8177,2015-08-04,XSHG
3412,10000192.XSHG,0.98,1.0398,2015-08-04,XSHG
3413,10000055.XSHG,0.1078,0.1366,2015-08-04,XSHG
3414,10000056.XSHG,0.2038,0.1501,2015-08-04,XSHG
3415,10000199.XSHG,0.0422,0.042,2015-08-04,XSHG
3416,10000198.XSHG,1.0845,1.0319,2015-08-04,XSHG
3417,10000274.XSHG,0.4202,0.4021,2015-08-04,XSHG
3418,10000277.XSHG,0.0521,0.0775,2015-08-04,XSHG
3419,10000270.XSHG,0.154,0.1451,2015-08-04,XSHG
3420,10000271.XSHG,0.1535,0.1386,2015-08-04,XSHG
3421,10000272.XSHG,0.3593,0.3089,2015-08-04,XSHG
3422,10000273.XSHG,0.3694,0.3694,2015-08-04,XSHG
3423,10000173.XSHG,0.0099,0.0095,2015-08-04,XSHG
3424,10000278.XSHG,0.1714,0.1132,2015-08-04,XSHG
3425,10000279.XSHG,0.1777,0.19,2015-08-04,XSHG
3426,10000174.XSHG,0.8875,0.8243,2015-08-04,XSHG
3427,10000289.XSHG,0.1929,0.1921,2015-08-04,XSHG
3428,10000288.XSHG,,,2015-08-04,XSHG
3429,10000048.XSHG,0.1812,0.1199,2015-08-04,XSHG
3430,10000047.XSHG,0.1273,0.1542,2015-08-04,XSHG
3431,10000280.XSHG,0.315,0.2723,2015-08-04,XSHG
3432,10000283.XSHG,0.0699,0.0945,2015-08-04,XSHG
3433,10000285.XSHG,0.2035,0.21,2015-08-04,XSHG
3434,10000284.XSHG,0.1362,0.0815,2015-08-04,XSHG
3435,10000287.XSHG,,,2015-08-04,XSHG
3436,10000040.XSHG,0.1466,0.1043,2015-08-04,XSHG
3437,10000267.XSHG,0.2943,0.2201,2015-08-04,XSHG
3438,10000266.XSHG,0.2482,0.166,2015-08-04,XSHG
3439,10000265.XSHG,0.201,0.1382,2015-08-04,XSHG
3440,10000264.XSHG,0.0189,0.0258,2015-08-04,XSHG
3441,10000263.XSHG,0.0246,0.033,2015-08-04,XSHG
3442,10000262.XSHG,0.0308,0.0435,2015-08-04,XSHG
3443,10000261.XSHG,0.04,0.058,2015-08-04,XSHG
3444,10000149.XSHG,0.0205,0.022,2015-08-04,XSHG
3445,10000300.XSHG,0.0859,0.1289,2015-08-04,XSHG
3446,10000301.XSHG,0.0832,0.044,2015-08-04,XSHG
3447,10000302.XSHG,0.1076,0.06,2015-08-04,XSHG
3448,10000303.XSHG,0.2411,0.26,2015-08-04,XSHG
3449,10000304.XSHG,0.2039,0.225,2015-08-04,XSHG
3450,10000305.XSHG,0.2151,0.196,2015-08-04,XSHG
3451,10000140.XSHG,0.0242,0.0279,2015-08-04,XSHG
3452,10000141.XSHG,0.5133,0.4658,2015-08-04,XSHG
3453,10000087.XSHG,0.0541,0.0663,2015-08-04,XSHG
3454,10000072.XSHG,0.2695,0.2161,2015-08-04,XSHG
3455,10000071.XSHG,0.075,0.0949,2015-08-04,XSHG
3456,10000079.XSHG,0.0621,0.0779,2015-08-04,XSHG
3457,10000252.XSHG,0.0131,0.0154,2015-08-04,XSHG
3458,10000253.XSHG,0.3844,0.3044,2015-08-04,XSHG
3459,10000250.XSHG,0.7519,0.69,2015-08-04,XSHG
3460,10000251.XSHG,0.016,0.0197,2015-08-04,XSHG
3461,10000254.XSHG,0.4238,0.348,2015-08-04,XSHG
3462,10000150.XSHG,0.6046,0.5457,2015-08-04,XSHG
3463,10000319.XSHG,0.26,0.28,2015-08-04,XSHG
3464,10000318.XSHG,0.0609,0.0334,2015-08-04,XSHG
3465,10000157.XSHG,0.015,0.0154,2015-08-04,XSHG
3466,10000313.XSHG,0.289,0.2881,2015-08-04,XSHG
3467,10000312.XSHG,0.243,0.243,2015-08-04,XSHG
3468,10000311.XSHG,0.2635,0.2635,2015-08-04,XSHG
3469,10000310.XSHG,0.2543,0.2838,2015-08-04,XSHG
3470,10000317.XSHG,0.14,0.1948,2015-08-04,XSHG
3471,10000316.XSHG,,,2015-08-04,XSHG
3472,10000096.XSHG,0.3965,0.3223,2015-08-04,XSHG
3473,10000314.XSHG,0.3095,0.297,2015-08-04,XSHG
3474,10000064.XSHG,0.24,0.1825,2015-08-04,XSHG
3475,10000063.XSHG,0.0916,0.1145,2015-08-04,XSHG
3476,10000286.XSHG,0.2695,0.25,2015-08-04,XSHG
3477,10000249.XSHG,0.6552,0.5965,2015-08-04,XSHG
3478,10000248.XSHG,0.5615,0.5085,2015-08-04,XSHG
3479,10000245.XSHG,0.0031,0.0026,2015-08-04,XSHG
3480,10000244.XSHG,0.0043,0.003,2015-08-04,XSHG
3481,10000247.XSHG,0.5153,0.4407,2015-08-04,XSHG
3482,10000246.XSHG,0.4686,0.4091,2015-08-04,XSHG
3483,10000241.XSHG,0.0106,0.0119,2015-08-04,XSHG
3484,10000240.XSHG,0.4492,0.4418,2015-08-04,XSHG
3485,10000243.XSHG,0.0074,0.0062,2015-08-04,XSHG
3486,10000242.XSHG,0.0083,0.0085,2015-08-04,XSHG
3487,10000125.XSHG,0.0327,0.039,2015-08-04,XSHG
3488,10000126.XSHG,0.4622,0.415,2015-08-04,XSHG
3489,10000088.XSHG,0.3522,0.2964,2015-08-04,XSHG
3490,10000158.XSHG,0.6958,0.6313,2015-08-04,XSHG
3491,10000080.XSHG,0.3112,0.2503,2015-08-04,XSHG
3492,10000322.XSHG,0.24,0.2181,2015-08-04,XSHG
3493,10000320.XSHG,0.2069,0.1718,2015-08-04,XSHG
3494,10000321.XSHG,0.364,0.364,2015-08-04,XSHG
3495,10000095.XSHG,0.0457,0.0535,2015-08-04,XSHG
3496,10000315.XSHG,0.3231,0.3603,2015-08-04,XSHG
3497,10000036.XSHG,0.065,0.0445,2015-08-04,XSHG
3498,10000037.XSHG,0.0802,0.0544,2015-08-04,XSHG
3499,10000034.XSHG,0.1767,0.2135,2015-08-04,XSHG
3500,10000035.XSHG,0.1515,0.1847,2015-08-04,XSHG
3501,10000032.XSHG,0.2452,0.2847,2015-08-04,XSHG
3502,10000033.XSHG,0.2091,0.2476,2015-08-04,XSHG
3503,10000031.XSHG,0.3402,0.324,2015-08-04,XSHG
3504,10000038.XSHG,0.1025,0.0687,2015-08-04,XSHG
3505,10000039.XSHG,0.123,0.0857,2015-08-04,XSHG
3506,10000238.XSHG,0.1097,0.1115,2015-08-04,XSHG
3507,10000239.XSHG,0.4167,0.4011,2015-08-04,XSHG
3508,10000139.XSHG,0.0279,0.0309,2015-08-04,XSHG
3509,10000237.XSHG,0.1176,0.1369,2015-08-04,XSHG
3510,10000308.XSHG,0.3018,0.3311,2015-08-04,XSHG
3511,10000309.XSHG,0.2674,0.3034,2015-08-04,XSHG
3512,10000103.XSHG,0.0398,0.047,2015-08-04,XSHG
3513,10000104.XSHG,0.432,0.38,2015-08-04,XSHG
3514,10000228.XSHG,,,2015-08-04,XSHG
3515,10000227.XSHG,0.0342,0.0351,2015-08-04,XSHG
3516,10000226.XSHG,1.1836,1.1329,2015-08-04,XSHG
3517,10000225.XSHG,0.0072,0.0056,2015-08-04,XSHG
3518,10000142.XSHG,0.5577,0.4956,2015-08-04,XSHG
3519,10000269.XSHG,0.1517,0.1632,2015-08-04,XSHG
3520,10000268.XSHG,0.3379,0.2629,2015-08-04,XSHG
3521,10000306.XSHG,0.2318,0.2312,2015-08-04,XSHG
3522,10000296.XSHG,,,2015-08-04,XSHG
3523,10000297.XSHG,0.155,0.16,2015-08-04,XSHG
3524,10000294.XSHG,,,2015-08-04,XSHG
3525,10000295.XSHG,0.53,0.52,2015-08-04,XSHG
3526,10000292.XSHG,0.3859,0.3859,2015-08-04,XSHG
3527,10000293.XSHG,0.4204,0.4198,2015-08-04,XSHG
3528,10000290.XSHG,0.178,0.178,2015-08-04,XSHG
3529,10000291.XSHG,0.173,0.173,2015-08-04,XSHG
3530,10000298.XSHG,0.5801,0.5639,2015-08-04,XSHG
3531,10000299.XSHG,0.12,0.1627,2015-08-04,XSHG
3532,10000307.XSHG,0.3525,0.3525,2015-08-04,XSHG
3533,10000182.XSHG,0.9858,0.9403,2015-08-04,XSHG
3534,10000183.XSHG,0.0801,0.0807,2015-08-04,XSHG
3535,10000181.XSHG,0.0073,0.0081,2015-08-04,XSHG
3536,10000186.XSHG,0.0523,0.052,2015-08-04,XSHG
3537,10000187.XSHG,0.0467,0.0455,2015-08-04,XSHG
3538,10000184.XSHG,0.0715,0.0718,2015-08-04,XSHG
3539,10000185.XSHG,0.0594,0.063,2015-08-04,XSHG
3540,10000188.XSHG,0.6431,0.6529,2015-08-04,XSHG
3541,10000189.XSHG,0.6784,0.7095,2015-08-04,XSHG
3542,10000201.XSHG,0.0846,0.0802,2015-08-05,XSHG
3543,10000200.XSHG,1.0334,1.0999,2015-08-05,XSHG
3544,10000203.XSHG,0.093,0.0882,2015-08-05,XSHG
3545,10000202.XSHG,0.5361,0.6061,2015-08-05,XSHG
3546,10000205.XSHG,0.102,0.097,2015-08-05,XSHG
3547,10000204.XSHG,0.4938,0.5455,2015-08-05,XSHG
3548,10000206.XSHG,0.4625,0.5052,2015-08-05,XSHG
3549,10000165.XSHG,0.012,0.0162,2015-08-05,XSHG
3550,10000166.XSHG,0.7197,0.7803,2015-08-05,XSHG
3551,10000197.XSHG,0.0067,0.0066,2015-08-05,XSHG
3552,10000191.XSHG,0.8975,0.9199,2015-08-05,XSHG
3553,10000190.XSHG,0.7325,0.8231,2015-08-05,XSHG
3554,10000192.XSHG,0.9,1.0199,2015-08-05,XSHG
3555,10000055.XSHG,0.1302,0.1203,2015-08-05,XSHG
3556,10000056.XSHG,0.1501,0.1696,2015-08-05,XSHG
3557,10000199.XSHG,0.0387,0.0389,2015-08-05,XSHG
3558,10000198.XSHG,1.0099,1.0706,2015-08-05,XSHG
3559,10000274.XSHG,0.4,0.3811,2015-08-05,XSHG
3560,10000277.XSHG,0.0731,0.0556,2015-08-05,XSHG
3561,10000270.XSHG,0.1663,0.1572,2015-08-05,XSHG
3562,10000271.XSHG,0.1525,0.131,2015-08-05,XSHG
3563,10000272.XSHG,0.3452,0.3452,2015-08-05,XSHG
3564,10000273.XSHG,0.3305,0.3398,2015-08-05,XSHG
3565,10000173.XSHG,0.0102,0.0124,2015-08-05,XSHG
3566,10000278.XSHG,0.1098,0.1468,2015-08-05,XSHG
3567,10000279.XSHG,0.19,0.1778,2015-08-05,XSHG
3568,10000174.XSHG,0.8151,0.8753,2015-08-05,XSHG
3569,10000289.XSHG,0.2084,0.1899,2015-08-05,XSHG
3570,10000288.XSHG,0.226,0.1875,2015-08-05,XSHG
3571,10000048.XSHG,0.1257,0.136,2015-08-05,XSHG
3572,10000047.XSHG,0.1534,0.133,2015-08-05,XSHG
3573,10000280.XSHG,0.3048,0.2753,2015-08-05,XSHG
3574,10000283.XSHG,0.0967,0.077,2015-08-05,XSHG
3575,10000285.XSHG,0.207,0.1947,2015-08-05,XSHG
3576,10000284.XSHG,0.0845,0.1145,2015-08-05,XSHG
3577,10000287.XSHG,0.2351,0.2306,2015-08-05,XSHG
3578,10000040.XSHG,0.1033,0.108,2015-08-05,XSHG
3579,10000267.XSHG,0.2209,0.2653,2015-08-05,XSHG
3580,10000266.XSHG,0.1781,0.2233,2015-08-05,XSHG
3581,10000265.XSHG,0.142,0.1791,2015-08-05,XSHG
3582,10000264.XSHG,0.0245,0.0184,2015-08-05,XSHG
3583,10000263.XSHG,0.0319,0.0225,2015-08-05,XSHG
3584,10000262.XSHG,0.0419,0.0317,2015-08-05,XSHG
3585,10000261.XSHG,0.0555,0.043,2015-08-05,XSHG
3586,10000149.XSHG,0.0222,0.0275,2015-08-05,XSHG
3587,10000300.XSHG,0.1228,0.096,2015-08-05,XSHG
3588,10000301.XSHG,0.0449,0.0621,2015-08-05,XSHG
3589,10000302.XSHG,0.06,0.0845,2015-08-05,XSHG
3590,10000303.XSHG,,,2015-08-05,XSHG
3591,10000304.XSHG,0.2428,0.2082,2015-08-05,XSHG
3592,10000305.XSHG,0.1884,0.2032,2015-08-05,XSHG
3593,10000140.XSHG,0.0264,0.0304,2015-08-05,XSHG
3594,10000141.XSHG,0.47,0.4792,2015-08-05,XSHG
3595,10000087.XSHG,0.0662,0.0627,2015-08-05,XSHG
3596,10000072.XSHG,0.2131,0.2318,2015-08-05,XSHG
3597,10000071.XSHG,0.0906,0.0854,2015-08-05,XSHG
3598,10000079.XSHG,0.0748,0.0732,2015-08-05,XSHG
3599,10000252.XSHG,0.0148,0.01,2015-08-05,XSHG
3600,10000253.XSHG,0.3178,0.3512,2015-08-05,XSHG
3601,10000250.XSHG,0.6959,0.7456,2015-08-05,XSHG
3602,10000251.XSHG,0.0189,0.0137,2015-08-05,XSHG
3603,10000254.XSHG,0.3615,0.3963,2015-08-05,XSHG
3604,10000150.XSHG,0.5341,0.5554,2015-08-05,XSHG
3605,10000319.XSHG,0.2999,0.26,2015-08-05,XSHG
3606,10000318.XSHG,0.0328,0.0416,2015-08-05,XSHG
3607,10000157.XSHG,0.0157,0.0205,2015-08-05,XSHG
3608,10000313.XSHG,,,2015-08-05,XSHG
3609,10000312.XSHG,,,2015-08-05,XSHG
3610,10000311.XSHG,0.2705,0.2398,2015-08-05,XSHG
3611,10000310.XSHG,0.2778,0.245,2015-08-05,XSHG
3612,10000317.XSHG,0.191,0.1485,2015-08-05,XSHG
3613,10000316.XSHG,,,2015-08-05,XSHG
3614,10000096.XSHG,0.3273,0.3489,2015-08-05,XSHG
3615,10000314.XSHG,,,2015-08-05,XSHG
3616,10000064.XSHG,0.181,0.198,2015-08-05,XSHG
3617,10000063.XSHG,0.11,0.1036,2015-08-05,XSHG
3618,10000286.XSHG,0.2599,0.2672,2015-08-05,XSHG
3619,10000249.XSHG,0.6104,0.6462,2015-08-05,XSHG
3620,10000248.XSHG,0.4998,0.5303,2015-08-05,XSHG
3621,10000245.XSHG,0.0024,0.0014,2015-08-05,XSHG
3622,10000244.XSHG,0.0024,0.0017,2015-08-05,XSHG
3623,10000247.XSHG,0.488,0.4898,2015-08-05,XSHG
3624,10000246.XSHG,0.4052,0.4432,2015-08-05,XSHG
3625,10000241.XSHG,0.0115,0.0074,2015-08-05,XSHG
3626,10000240.XSHG,0.4536,0.4536,2015-08-05,XSHG
3627,10000243.XSHG,0.0057,0.0031,2015-08-05,XSHG
3628,10000242.XSHG,0.009,0.005,2015-08-05,XSHG
3629,10000125.XSHG,0.0392,0.0397,2015-08-05,XSHG
3630,10000126.XSHG,0.41,0.4386,2015-08-05,XSHG
3631,10000088.XSHG,0.2797,0.306,2015-08-05,XSHG
3632,10000158.XSHG,0.6257,0.6544,2015-08-05,XSHG
3633,10000080.XSHG,0.264,0.2709,2015-08-05,XSHG
3634,10000322.XSHG,0.2233,0.2397,2015-08-05,XSHG
3635,10000320.XSHG,0.17,0.1836,2015-08-05,XSHG
3636,10000321.XSHG,0.34,0.3311,2015-08-05,XSHG
3637,10000095.XSHG,0.0525,0.0532,2015-08-05,XSHG
3638,10000315.XSHG,0.3587,0.3386,2015-08-05,XSHG
3639,10000036.XSHG,0.0443,0.0376,2015-08-05,XSHG
3640,10000037.XSHG,0.0545,0.0515,2015-08-05,XSHG
3641,10000034.XSHG,0.2162,0.1882,2015-08-05,XSHG
3642,10000035.XSHG,0.1829,0.1584,2015-08-05,XSHG
3643,10000032.XSHG,0.2909,0.2482,2015-08-05,XSHG
3644,10000033.XSHG,0.2525,0.2177,2015-08-05,XSHG
3645,10000031.XSHG,0.33,0.292,2015-08-05,XSHG
3646,10000038.XSHG,0.0668,0.0661,2015-08-05,XSHG
3647,10000039.XSHG,0.0842,0.085,2015-08-05,XSHG
3648,10000238.XSHG,0.111,0.1069,2015-08-05,XSHG
3649,10000239.XSHG,0.3915,0.41,2015-08-05,XSHG
3650,10000139.XSHG,0.0303,0.0347,2015-08-05,XSHG
3651,10000237.XSHG,0.1252,0.1137,2015-08-05,XSHG
3652,10000308.XSHG,0.303,0.303,2015-08-05,XSHG
3653,10000309.XSHG,0.3354,0.2774,2015-08-05,XSHG
3654,10000103.XSHG,0.0468,0.0464,2015-08-05,XSHG
3655,10000104.XSHG,0.3615,0.3947,2015-08-05,XSHG
3656,10000228.XSHG,1.1492,1.2443,2015-08-05,XSHG
3657,10000227.XSHG,0.035,0.0325,2015-08-05,XSHG
3658,10000226.XSHG,1.1083,1.1656,2015-08-05,XSHG
3659,10000225.XSHG,0.0053,0.0045,2015-08-05,XSHG
3660,10000142.XSHG,0.5124,0.5182,2015-08-05,XSHG
3661,10000269.XSHG,0.2172,0.16,2015-08-05,XSHG
3662,10000268.XSHG,0.2669,0.3046,2015-08-05,XSHG
3663,10000306.XSHG,0.228,0.228,2015-08-05,XSHG
3664,10000296.XSHG,0.5549,0.5357,2015-08-05,XSHG
3665,10000297.XSHG,0.167,0.155,2015-08-05,XSHG
3666,10000294.XSHG,0.4873,0.4894,2015-08-05,XSHG
3667,10000295.XSHG,,,2015-08-05,XSHG
3668,10000292.XSHG,0.385,0.3912,2015-08-05,XSHG
3669,10000293.XSHG,,,2015-08-05,XSHG
3670,10000290.XSHG,0.1931,0.1772,2015-08-05,XSHG
3671,10000291.XSHG,0.183,0.15,2015-08-05,XSHG
3672,10000298.XSHG,0.5761,0.5761,2015-08-05,XSHG
3673,10000299.XSHG,0.1503,0.1224,2015-08-05,XSHG
3674,10000307.XSHG,,,2015-08-05,XSHG
3675,10000182.XSHG,0.9121,0.9698,2015-08-05,XSHG
3676,10000183.XSHG,0.0777,0.0728,2015-08-05,XSHG
3677,10000181.XSHG,0.0078,0.0089,2015-08-05,XSHG
3678,10000186.XSHG,0.0507,0.0457,2015-08-05,XSHG
3679,10000187.XSHG,0.0444,0.0435,2015-08-05,XSHG
3680,10000184.XSHG,0.0671,0.061,2015-08-05,XSHG
3681,10000185.XSHG,0.0581,0.0612,2015-08-05,XSHG
3682,10000188.XSHG,0.5572,0.635,2015-08-05,XSHG
3683,10000189.XSHG,0.6486,0.7316,2015-08-05,XSHG
3684,10000201.XSHG,0.076,0.082,2015-08-06,XSHG
3685,10000200.XSHG,1.1357,1.1277,2015-08-06,XSHG
3686,10000203.XSHG,0.0867,0.0894,2015-08-06,XSHG
3687,10000202.XSHG,0.6269,0.6291,2015-08-06,XSHG
3688,10000205.XSHG,0.0875,0.1073,2015-08-06,XSHG
3689,10000204.XSHG,0.536,0.5872,2015-08-06,XSHG
3690,10000206.XSHG,0.4672,0.5386,2015-08-06,XSHG
3691,10000165.XSHG,0.0149,0.0148,2015-08-06,XSHG
3692,10000166.XSHG,0.7764,0.7821,2015-08-06,XSHG
3693,10000197.XSHG,0.0056,0.0069,2015-08-06,XSHG
3694,10000191.XSHG,0.9377,0.9365,2015-08-06,XSHG
3695,10000190.XSHG,0.8362,0.8419,2015-08-06,XSHG
3696,10000192.XSHG,1.0383,1.0305,2015-08-06,XSHG
3697,10000055.XSHG,0.1071,0.115,2015-08-06,XSHG
3698,10000056.XSHG,0.1841,0.1835,2015-08-06,XSHG
3699,10000199.XSHG,0.0344,0.0444,2015-08-06,XSHG
3700,10000198.XSHG,1.0664,1.0612,2015-08-06,XSHG
3701,10000274.XSHG,0.41,0.41,2015-08-06,XSHG
3702,10000277.XSHG,0.049,0.0548,2015-08-06,XSHG
3703,10000270.XSHG,0.1438,0.1436,2015-08-06,XSHG
3704,10000271.XSHG,0.1199,0.1386,2015-08-06,XSHG
3705,10000272.XSHG,0.331,0.3431,2015-08-06,XSHG
3706,10000273.XSHG,,,2015-08-06,XSHG
3707,10000173.XSHG,0.0119,0.0114,2015-08-06,XSHG
3708,10000278.XSHG,0.1547,0.152,2015-08-06,XSHG
3709,10000279.XSHG,0.17,0.175,2015-08-06,XSHG
3710,10000174.XSHG,0.8718,0.8766,2015-08-06,XSHG
3711,10000289.XSHG,0.1834,0.1834,2015-08-06,XSHG
3712,10000288.XSHG,0.1974,0.1974,2015-08-06,XSHG
3713,10000048.XSHG,0.1459,0.1509,2015-08-06,XSHG
3714,10000047.XSHG,0.126,0.135,2015-08-06,XSHG
3715,10000280.XSHG,0.3146,0.295,2015-08-06,XSHG
3716,10000283.XSHG,0.07,0.074,2015-08-06,XSHG
3717,10000285.XSHG,0.1745,0.1832,2015-08-06,XSHG
3718,10000284.XSHG,0.1293,0.1168,2015-08-06,XSHG
3719,10000287.XSHG,0.2119,0.2119,2015-08-06,XSHG
3720,10000040.XSHG,0.1188,0.1241,2015-08-06,XSHG
3721,10000267.XSHG,0.2787,0.2702,2015-08-06,XSHG
3722,10000266.XSHG,0.2344,0.225,2015-08-06,XSHG
3723,10000265.XSHG,0.1943,0.187,2015-08-06,XSHG
3724,10000264.XSHG,0.0166,0.0175,2015-08-06,XSHG
3725,10000263.XSHG,0.0218,0.023,2015-08-06,XSHG
3726,10000262.XSHG,0.03,0.0308,2015-08-06,XSHG
3727,10000261.XSHG,0.0394,0.0407,2015-08-06,XSHG
3728,10000149.XSHG,0.0245,0.0267,2015-08-06,XSHG
3729,10000300.XSHG,0.0822,0.092,2015-08-06,XSHG
3730,10000301.XSHG,0.0695,0.0662,2015-08-06,XSHG
3731,10000302.XSHG,0.0906,0.0902,2015-08-06,XSHG
3732,10000303.XSHG,,,2015-08-06,XSHG
3733,10000304.XSHG,0.215,0.2288,2015-08-06,XSHG
3734,10000305.XSHG,0.2094,0.2275,2015-08-06,XSHG
3735,10000140.XSHG,0.0273,0.0302,2015-08-06,XSHG
3736,10000141.XSHG,0.4996,0.4896,2015-08-06,XSHG
3737,10000087.XSHG,0.0564,0.0616,2015-08-06,XSHG
3738,10000072.XSHG,0.2527,0.2533,2015-08-06,XSHG
3739,10000071.XSHG,0.0774,0.0879,2015-08-06,XSHG
3740,10000079.XSHG,0.0653,0.0756,2015-08-06,XSHG
3741,10000252.XSHG,0.01,0.0089,2015-08-06,XSHG
3742,10000253.XSHG,0.3698,0.3591,2015-08-06,XSHG
3743,10000250.XSHG,0.7556,0.7321,2015-08-06,XSHG
3744,10000251.XSHG,0.0126,0.0128,2015-08-06,XSHG
3745,10000254.XSHG,0.4154,0.4064,2015-08-06,XSHG
3746,10000150.XSHG,0.5905,0.5902,2015-08-06,XSHG
3747,10000319.XSHG,0.2621,0.2599,2015-08-06,XSHG
3748,10000318.XSHG,0.0469,0.0466,2015-08-06,XSHG
3749,10000157.XSHG,0.0197,0.0194,2015-08-06,XSHG
3750,10000313.XSHG,,,2015-08-06,XSHG
3751,10000312.XSHG,,,2015-08-06,XSHG
3752,10000311.XSHG,0.2291,0.2171,2015-08-06,XSHG
3753,10000310.XSHG,0.2465,0.2341,2015-08-06,XSHG
3754,10000317.XSHG,0.1427,0.1488,2015-08-06,XSHG
3755,10000316.XSHG,0.3716,0.3716,2015-08-06,XSHG
3756,10000096.XSHG,0.3668,0.3586,2015-08-06,XSHG
3757,10000314.XSHG,0.3153,0.3153,2015-08-06,XSHG
3758,10000064.XSHG,0.2111,0.2118,2015-08-06,XSHG
3759,10000063.XSHG,0.091,0.0994,2015-08-06,XSHG
3760,10000286.XSHG,0.2505,0.275,2015-08-06,XSHG
3761,10000249.XSHG,0.6562,0.6427,2015-08-06,XSHG
3762,10000248.XSHG,0.5634,0.5404,2015-08-06,XSHG
3763,10000245.XSHG,0.0014,0.0011,2015-08-06,XSHG
3764,10000244.XSHG,0.0017,0.0014,2015-08-06,XSHG
3765,10000247.XSHG,0.5101,0.493,2015-08-06,XSHG
3766,10000246.XSHG,0.4628,0.4444,2015-08-06,XSHG
3767,10000241.XSHG,0.0076,0.0069,2015-08-06,XSHG
3768,10000240.XSHG,,,2015-08-06,XSHG
3769,10000243.XSHG,0.0033,0.0035,2015-08-06,XSHG
3770,10000242.XSHG,0.0045,0.0045,2015-08-06,XSHG
3771,10000125.XSHG,0.0369,0.0417,2015-08-06,XSHG
3772,10000126.XSHG,0.4552,0.4537,2015-08-06,XSHG
3773,10000088.XSHG,0.342,0.3312,2015-08-06,XSHG
3774,10000158.XSHG,0.6832,0.6845,2015-08-06,XSHG
3775,10000080.XSHG,0.2892,0.2899,2015-08-06,XSHG
3776,10000322.XSHG,0.2383,0.2553,2015-08-06,XSHG
3777,10000320.XSHG,0.185,0.2031,2015-08-06,XSHG
3778,10000321.XSHG,0.325,0.319,2015-08-06,XSHG
3779,10000095.XSHG,0.0484,0.054,2015-08-06,XSHG
3780,10000315.XSHG,0.3445,0.3729,2015-08-06,XSHG
3781,10000036.XSHG,0.041,0.045,2015-08-06,XSHG
3782,10000037.XSHG,0.0543,0.0563,2015-08-06,XSHG
3783,10000034.XSHG,0.1737,0.183,2015-08-06,XSHG
3784,10000035.XSHG,0.1481,0.1569,2015-08-06,XSHG
3785,10000032.XSHG,0.239,0.2474,2015-08-06,XSHG
3786,10000033.XSHG,0.2031,0.211,2015-08-06,XSHG
3787,10000031.XSHG,0.2781,0.281,2015-08-06,XSHG
3788,10000038.XSHG,0.0707,0.0776,2015-08-06,XSHG
3789,10000039.XSHG,0.0949,0.0941,2015-08-06,XSHG
3790,10000238.XSHG,0.095,0.1063,2015-08-06,XSHG
3791,10000239.XSHG,0.4471,0.445,2015-08-06,XSHG
3792,10000139.XSHG,0.0313,0.0364,2015-08-06,XSHG
3793,10000237.XSHG,0.1055,0.1256,2015-08-06,XSHG
3794,10000308.XSHG,0.2881,0.2881,2015-08-06,XSHG
3795,10000309.XSHG,0.2657,0.2644,2015-08-06,XSHG
3796,10000103.XSHG,0.0423,0.0479,2015-08-06,XSHG
3797,10000104.XSHG,0.3477,0.4056,2015-08-06,XSHG
3798,10000228.XSHG,1.2089,1.1997,2015-08-06,XSHG
3799,10000227.XSHG,0.0309,0.0376,2015-08-06,XSHG
3800,10000226.XSHG,1.1651,1.1688,2015-08-06,XSHG
3801,10000225.XSHG,0.0035,0.0052,2015-08-06,XSHG
3802,10000142.XSHG,0.5449,0.5438,2015-08-06,XSHG
3803,10000269.XSHG,0.1579,0.1642,2015-08-06,XSHG
3804,10000268.XSHG,0.3213,0.3115,2015-08-06,XSHG
3805,10000306.XSHG,0.227,0.2552,2015-08-06,XSHG
3806,10000296.XSHG,0.56,0.5517,2015-08-06,XSHG
3807,10000297.XSHG,0.1461,0.1479,2015-08-06,XSHG
3808,10000294.XSHG,,,2015-08-06,XSHG
3809,10000295.XSHG,0.5221,0.51,2015-08-06,XSHG
3810,10000292.XSHG,0.406,0.4033,2015-08-06,XSHG
3811,10000293.XSHG,0.4462,0.43,2015-08-06,XSHG
3812,10000290.XSHG,0.1707,0.1707,2015-08-06,XSHG
3813,10000291.XSHG,0.1589,0.1409,2015-08-06,XSHG
3814,10000298.XSHG,0.602,0.602,2015-08-06,XSHG
3815,10000299.XSHG,0.115,0.1217,2015-08-06,XSHG
3816,10000307.XSHG,0.31,0.3,2015-08-06,XSHG
3817,10000182.XSHG,0.9687,0.9711,2015-08-06,XSHG
3818,10000183.XSHG,0.076,0.0822,2015-08-06,XSHG
3819,10000181.XSHG,0.0082,0.0088,2015-08-06,XSHG
3820,10000186.XSHG,0.0442,0.0551,2015-08-06,XSHG
3821,10000187.XSHG,0.0415,0.0453,2015-08-06,XSHG
3822,10000184.XSHG,0.0589,0.071,2015-08-06,XSHG
3823,10000185.XSHG,0.0549,0.0598,2015-08-06,XSHG
3824,10000188.XSHG,0.6689,0.6502,2015-08-06,XSHG
3825,10000189.XSHG,0.7451,0.7467,2015-08-06,XSHG
3826,10000201.XSHG,0.0814,0.0971,2015-08-07,XSHG
3827,10000200.XSHG,0.2471,1.07,2015-08-07,XSHG
3828,10000203.XSHG,0.1008,0.1024,2015-08-07,XSHG
3829,10000202.XSHG,0.2471,0.575,2015-08-07,XSHG
3830,10000205.XSHG,0.0979,0.1039,2015-08-07,XSHG
3831,10000204.XSHG,0.2471,0.5361,2015-08-07,XSHG
3832,10000206.XSHG,0.2471,0.4862,2015-08-07,XSHG
3833,10000165.XSHG,0.0152,0.0169,2015-08-07,XSHG
3834,10000166.XSHG,0.2471,0.7555,2015-08-07,XSHG
3835,10000197.XSHG,0.008,0.0077,2015-08-07,XSHG
3836,10000191.XSHG,0.2471,0.8456,2015-08-07,XSHG
3837,10000190.XSHG,0.2471,0.7889,2015-08-07,XSHG
3838,10000192.XSHG,0.2471,0.9875,2015-08-07,XSHG
3839,10000055.XSHG,0.1199,0.1349,2015-08-07,XSHG
3840,10000056.XSHG,0.1766,0.1423,2015-08-07,XSHG
3841,10000199.XSHG,0.0415,0.0541,2015-08-07,XSHG
3842,10000198.XSHG,0.2471,1.0667,2015-08-07,XSHG
3843,10000274.XSHG,0.2471,0.3348,2015-08-07,XSHG
3844,10000277.XSHG,0.061,0.062,2015-08-07,XSHG
3845,10000270.XSHG,,,2015-08-07,XSHG
3846,10000271.XSHG,0.1482,0.1428,2015-08-07,XSHG
3847,10000272.XSHG,0.2471,0.312,2015-08-07,XSHG
3848,10000273.XSHG,0.2471,0.3596,2015-08-07,XSHG
3849,10000173.XSHG,0.0117,0.0129,2015-08-07,XSHG
3850,10000278.XSHG,0.1463,0.1094,2015-08-07,XSHG
3851,10000279.XSHG,0.1923,0.1923,2015-08-07,XSHG
3852,10000174.XSHG,0.2471,0.8275,2015-08-07,XSHG
3853,10000289.XSHG,,,2015-08-07,XSHG
3854,10000288.XSHG,0.2201,0.2199,2015-08-07,XSHG
3855,10000048.XSHG,0.1449,0.1151,2015-08-07,XSHG
3856,10000047.XSHG,0.1392,0.1561,2015-08-07,XSHG
3857,10000280.XSHG,0.2471,0.2739,2015-08-07,XSHG
3858,10000283.XSHG,0.0761,0.0817,2015-08-07,XSHG
3859,10000285.XSHG,0.1963,0.21,2015-08-07,XSHG
3860,10000284.XSHG,0.11,0.0789,2015-08-07,XSHG
3861,10000287.XSHG,,,2015-08-07,XSHG
3862,10000040.XSHG,0.1195,0.0941,2015-08-07,XSHG
3863,10000267.XSHG,0.2471,0.2224,2015-08-07,XSHG
3864,10000266.XSHG,0.2167,0.1779,2015-08-07,XSHG
3865,10000265.XSHG,0.1799,0.14,2015-08-07,XSHG
3866,10000264.XSHG,0.017,0.0177,2015-08-07,XSHG
3867,10000263.XSHG,0.024,0.0256,2015-08-07,XSHG
3868,10000262.XSHG,0.0318,0.0339,2015-08-07,XSHG
3869,10000261.XSHG,0.0425,0.0485,2015-08-07,XSHG
3870,10000149.XSHG,0.0275,0.03,2015-08-07,XSHG
3871,10000300.XSHG,0.0965,0.105,2015-08-07,XSHG
3872,10000301.XSHG,0.0638,0.0412,2015-08-07,XSHG
3873,10000302.XSHG,0.0892,0.0578,2015-08-07,XSHG
3874,10000303.XSHG,0.2627,0.2568,2015-08-07,XSHG
3875,10000304.XSHG,,,2015-08-07,XSHG
3876,10000305.XSHG,0.1947,0.1875,2015-08-07,XSHG
3877,10000140.XSHG,0.0312,0.034,2015-08-07,XSHG
3878,10000141.XSHG,0.2471,0.45,2015-08-07,XSHG
3879,10000087.XSHG,0.0638,0.0743,2015-08-07,XSHG
3880,10000072.XSHG,0.2451,0.2146,2015-08-07,XSHG
3881,10000071.XSHG,0.0872,0.0999,2015-08-07,XSHG
3882,10000079.XSHG,0.0763,0.0838,2015-08-07,XSHG
3883,10000252.XSHG,0.092,0.0091,2015-08-07,XSHG
3884,10000253.XSHG,0.2471,0.3121,2015-08-07,XSHG
3885,10000250.XSHG,0.2471,0.6937,2015-08-07,XSHG
3886,10000251.XSHG,0.0126,0.0127,2015-08-07,XSHG
3887,10000254.XSHG,0.2471,0.355,2015-08-07,XSHG
3888,10000150.XSHG,0.2471,0.5481,2015-08-07,XSHG
3889,10000319.XSHG,0.2471,0.2471,2015-08-07,XSHG
3890,10000318.XSHG,0.0449,0.0275,2015-08-07,XSHG
3891,10000157.XSHG,0.0213,0.0217,2015-08-07,XSHG
3892,10000313.XSHG,0.2429,0.2606,2015-08-07,XSHG
3893,10000312.XSHG,0.2329,0.26,2015-08-07,XSHG
3894,10000311.XSHG,0.2281,0.2281,2015-08-07,XSHG
3895,10000310.XSHG,0.2392,0.2392,2015-08-07,XSHG
3896,10000317.XSHG,0.1522,0.1742,2015-08-07,XSHG
3897,10000316.XSHG,0.2471,0.3427,2015-08-07,XSHG
3898,10000096.XSHG,0.2471,0.3279,2015-08-07,XSHG
3899,10000314.XSHG,0.2471,0.325,2015-08-07,XSHG
3900,10000064.XSHG,0.2094,0.1731,2015-08-07,XSHG
3901,10000063.XSHG,0.1021,0.1132,2015-08-07,XSHG
3902,10000286.XSHG,0.2471,0.2521,2015-08-07,XSHG
3903,10000249.XSHG,0.2471,0.598,2015-08-07,XSHG
3904,10000248.XSHG,0.247,0.4995,2015-08-07,XSHG
3905,10000245.XSHG,0.0007,0.001,2015-08-07,XSHG
3906,10000244.XSHG,0.0017,0.0016,2015-08-07,XSHG
3907,10000247.XSHG,0.2471,0.452,2015-08-07,XSHG
3908,10000246.XSHG,0.2471,0.4014,2015-08-07,XSHG
3909,10000241.XSHG,0.0065,0.006,2015-08-07,XSHG
3910,10000240.XSHG,0.2471,0.4484,2015-08-07,XSHG
3911,10000243.XSHG,0.0025,0.0029,2015-08-07,XSHG
3912,10000242.XSHG,0.0008,0.0041,2015-08-07,XSHG
3913,10000125.XSHG,0.0415,0.0465,2015-08-07,XSHG
3914,10000126.XSHG,0.2471,0.4187,2015-08-07,XSHG
3915,10000088.XSHG,0.2471,0.2822,2015-08-07,XSHG
3916,10000158.XSHG,0.2471,0.6238,2015-08-07,XSHG
3917,10000080.XSHG,0.2471,0.2497,2015-08-07,XSHG
3918,10000322.XSHG,0.2229,0.23,2015-08-07,XSHG
3919,10000320.XSHG,0.2228,0.1666,2015-08-07,XSHG
3920,10000321.XSHG,0.2471,0.3607,2015-08-07,XSHG
3921,10000095.XSHG,0.0554,0.0619,2015-08-07,XSHG
3922,10000315.XSHG,0.2471,0.3141,2015-08-07,XSHG
3923,10000036.XSHG,0.0434,0.0327,2015-08-07,XSHG
3924,10000037.XSHG,0.0561,0.0433,2015-08-07,XSHG
3925,10000034.XSHG,0.1873,0.2095,2015-08-07,XSHG
3926,10000035.XSHG,0.1627,0.178,2015-08-07,XSHG
3927,10000032.XSHG,0.2471,0.272,2015-08-07,XSHG
3928,10000033.XSHG,0.2161,0.2426,2015-08-07,XSHG
3929,10000031.XSHG,0.2471,0.3194,2015-08-07,XSHG
3930,10000038.XSHG,0.0738,0.055,2015-08-07,XSHG
3931,10000039.XSHG,0.0936,0.0729,2015-08-07,XSHG
3932,10000238.XSHG,0.1047,0.1209,2015-08-07,XSHG
3933,10000239.XSHG,0.2471,0.4117,2015-08-07,XSHG
3934,10000139.XSHG,0.0368,0.0394,2015-08-07,XSHG
3935,10000237.XSHG,0.1188,0.1188,2015-08-07,XSHG
3936,10000308.XSHG,0.2471,0.3111,2015-08-07,XSHG
3937,10000309.XSHG,0.2442,0.2859,2015-08-07,XSHG
3938,10000103.XSHG,0.0478,0.054,2015-08-07,XSHG
3939,10000104.XSHG,0.2471,0.3774,2015-08-07,XSHG
3940,10000228.XSHG,0.2471,1.1028,2015-08-07,XSHG
3941,10000227.XSHG,0.0369,0.0404,2015-08-07,XSHG
3942,10000226.XSHG,0.2471,1.12,2015-08-07,XSHG
3943,10000225.XSHG,0.0079,0.0055,2015-08-07,XSHG
3944,10000142.XSHG,0.2471,0.4985,2015-08-07,XSHG
3945,10000269.XSHG,0.1597,0.1585,2015-08-07,XSHG
3946,10000268.XSHG,0.2471,0.2684,2015-08-07,XSHG
3947,10000306.XSHG,0.2368,0.235,2015-08-07,XSHG
3948,10000296.XSHG,0.2471,0.5035,2015-08-07,XSHG
3949,10000297.XSHG,0.1368,0.1453,2015-08-07,XSHG
3950,10000294.XSHG,0.2471,0.4405,2015-08-07,XSHG
3951,10000295.XSHG,0.2471,0.4746,2015-08-07,XSHG
3952,10000292.XSHG,0.2471,0.3779,2015-08-07,XSHG
3953,10000293.XSHG,0.2471,0.4186,2015-08-07,XSHG
3954,10000290.XSHG,0.1769,0.1677,2015-08-07,XSHG
3955,10000291.XSHG,0.1576,0.1576,2015-08-07,XSHG
3956,10000298.XSHG,0.2471,0.5641,2015-08-07,XSHG
3957,10000299.XSHG,0.1261,0.135,2015-08-07,XSHG
3958,10000307.XSHG,0.2471,0.3339,2015-08-07,XSHG
3959,10000182.XSHG,0.2471,0.9226,2015-08-07,XSHG
3960,10000183.XSHG,0.0852,0.0853,2015-08-07,XSHG
3961,10000181.XSHG,0.0092,0.0107,2015-08-07,XSHG
3962,10000186.XSHG,0.0551,0.0599,2015-08-07,XSHG
3963,10000187.XSHG,0.0484,0.054,2015-08-07,XSHG
3964,10000184.XSHG,0.0738,0.0645,2015-08-07,XSHG
3965,10000185.XSHG,0.0629,0.0665,2015-08-07,XSHG
3966,10000188.XSHG,0.2471,0.6191,2015-08-07,XSHG
3967,10000189.XSHG,0.2471,0.7029,2015-08-07,XSHG
3968,10000201.XSHG,0.097,0.1156,2015-08-10,XSHG
3969,10000200.XSHG,0.9755,0.9751,2015-08-10,XSHG
3970,10000203.XSHG,0.1197,0.1182,2015-08-10,XSHG
3971,10000202.XSHG,0.4983,0.4831,2015-08-10,XSHG
3972,10000205.XSHG,0.119,0.1282,2015-08-10,XSHG
3973,10000204.XSHG,0.4571,0.4569,2015-08-10,XSHG
3974,10000206.XSHG,0.4764,0.408,2015-08-10,XSHG
3975,10000165.XSHG,0.0173,0.0165,2015-08-10,XSHG
3976,10000166.XSHG,0.6251,0.6251,2015-08-10,XSHG
3977,10000197.XSHG,0.008,0.0068,2015-08-10,XSHG
3978,10000191.XSHG,0.83,0.83,2015-08-10,XSHG
3979,10000190.XSHG,0.7011,0.6822,2015-08-10,XSHG
3980,10000192.XSHG,0.8888,0.8888,2015-08-10,XSHG
3981,10000055.XSHG,0.1399,0.1852,2015-08-10,XSHG
3982,10000056.XSHG,0.1383,0.0857,2015-08-10,XSHG
3983,10000199.XSHG,0.0506,0.0465,2015-08-10,XSHG
3984,10000198.XSHG,0.9987,0.9245,2015-08-10,XSHG
3985,10000274.XSHG,0.3525,0.3062,2015-08-10,XSHG
3986,10000277.XSHG,0.0646,0.0995,2015-08-10,XSHG
3987,10000270.XSHG,0.1558,0.2,2015-08-10,XSHG
3988,10000271.XSHG,0.1565,0.1848,2015-08-10,XSHG
3989,10000272.XSHG,0.2729,0.2453,2015-08-10,XSHG
3990,10000273.XSHG,0.3201,0.2738,2015-08-10,XSHG
3991,10000173.XSHG,0.0127,0.0118,2015-08-10,XSHG
3992,10000278.XSHG,0.1039,0.0538,2015-08-10,XSHG
3993,10000279.XSHG,0.1863,0.2474,2015-08-10,XSHG
3994,10000174.XSHG,0.8136,0.7495,2015-08-10,XSHG
3995,10000289.XSHG,0.228,0.228,2015-08-10,XSHG
3996,10000288.XSHG,0.232,0.2709,2015-08-10,XSHG
3997,10000048.XSHG,0.1109,0.0699,2015-08-10,XSHG
3998,10000047.XSHG,0.1627,0.2202,2015-08-10,XSHG
3999,10000280.XSHG,0.2579,0.218,2015-08-10,XSHG
4000,10000283.XSHG,0.0869,0.1294,2015-08-10,XSHG
4001,10000285.XSHG,0.215,0.2547,2015-08-10,XSHG
4002,10000284.XSHG,0.073,0.036,2015-08-10,XSHG
4003,10000287.XSHG,0.2536,0.2525,2015-08-10,XSHG
4004,10000040.XSHG,0.0894,0.0514,2015-08-10,XSHG
4005,10000267.XSHG,0.2131,0.137,2015-08-10,XSHG
4006,10000266.XSHG,0.1716,0.1034,2015-08-10,XSHG
4007,10000265.XSHG,0.1352,0.0751,2015-08-10,XSHG
4008,10000264.XSHG,0.0178,0.0262,2015-08-10,XSHG
4009,10000263.XSHG,0.0263,0.0405,2015-08-10,XSHG
4010,10000262.XSHG,0.0351,0.052,2015-08-10,XSHG
4011,10000261.XSHG,0.05,0.0762,2015-08-10,XSHG
4012,10000149.XSHG,0.0303,0.0333,2015-08-10,XSHG
4013,10000300.XSHG,0.1136,0.1658,2015-08-10,XSHG
4014,10000301.XSHG,0.0373,0.0148,2015-08-10,XSHG
4015,10000302.XSHG,0.0527,0.0225,2015-08-10,XSHG
4016,10000303.XSHG,0.3288,0.3288,2015-08-10,XSHG
4017,10000304.XSHG,0.2536,0.2813,2015-08-10,XSHG
4018,10000305.XSHG,0.1767,0.15,2015-08-10,XSHG
4019,10000140.XSHG,0.035,0.0411,2015-08-10,XSHG
4020,10000141.XSHG,0.4356,0.3505,2015-08-10,XSHG
4021,10000087.XSHG,0.0747,0.0932,2015-08-10,XSHG
4022,10000072.XSHG,0.1998,0.1363,2015-08-10,XSHG
4023,10000071.XSHG,0.1019,0.1314,2015-08-10,XSHG
4024,10000079.XSHG,0.0873,0.1104,2015-08-10,XSHG
4025,10000252.XSHG,0.0092,0.01,2015-08-10,XSHG
4026,10000253.XSHG,0.3028,0.2194,2015-08-10,XSHG
4027,10000250.XSHG,0.6839,0.5899,2015-08-10,XSHG
4028,10000251.XSHG,0.0159,0.017,2015-08-10,XSHG
4029,10000254.XSHG,0.349,0.2627,2015-08-10,XSHG
4030,10000150.XSHG,0.525,0.4378,2015-08-10,XSHG
4031,10000319.XSHG,0.2724,0.3146,2015-08-10,XSHG
4032,10000318.XSHG,0.0245,0.0117,2015-08-10,XSHG
4033,10000157.XSHG,0.0226,0.0234,2015-08-10,XSHG
4034,10000313.XSHG,0.2479,0.2404,2015-08-10,XSHG
4035,10000312.XSHG,0.2496,0.2209,2015-08-10,XSHG
4036,10000311.XSHG,0.2475,0.291,2015-08-10,XSHG
4037,10000310.XSHG,0.2595,0.3155,2015-08-10,XSHG
4038,10000317.XSHG,0.1844,0.253,2015-08-10,XSHG
4039,10000316.XSHG,0.3692,0.3318,2015-08-10,XSHG
4040,10000096.XSHG,0.3081,0.239,2015-08-10,XSHG
4041,10000314.XSHG,0.3075,0.2754,2015-08-10,XSHG
4042,10000064.XSHG,0.1541,0.1106,2015-08-10,XSHG
4043,10000063.XSHG,0.1182,0.1511,2015-08-10,XSHG
4044,10000286.XSHG,0.2308,0.1949,2015-08-10,XSHG
4045,10000249.XSHG,0.5811,0.4912,2015-08-10,XSHG
4046,10000248.XSHG,0.4882,0.4012,2015-08-10,XSHG
4047,10000245.XSHG,0.001,0.001,2015-08-10,XSHG
4048,10000244.XSHG,0.0014,0.002,2015-08-10,XSHG
4049,10000247.XSHG,0.4394,0.357,2015-08-10,XSHG
4050,10000246.XSHG,0.392,0.3068,2015-08-10,XSHG
4051,10000241.XSHG,0.0071,0.0052,2015-08-10,XSHG
4052,10000240.XSHG,0.3865,0.3865,2015-08-10,XSHG
4053,10000243.XSHG,0.0027,0.0026,2015-08-10,XSHG
4054,10000242.XSHG,0.0027,0.004,2015-08-10,XSHG
4055,10000125.XSHG,0.0471,0.0579,2015-08-10,XSHG
4056,10000126.XSHG,0.3731,0.3144,2015-08-10,XSHG
4057,10000088.XSHG,0.2685,0.1949,2015-08-10,XSHG
4058,10000158.XSHG,0.5353,0.5211,2015-08-10,XSHG
4059,10000080.XSHG,0.2367,0.1662,2015-08-10,XSHG
4060,10000322.XSHG,0.2167,0.1855,2015-08-10,XSHG
4061,10000320.XSHG,0.1571,0.1259,2015-08-10,XSHG
4062,10000321.XSHG,0.3826,0.4339,2015-08-10,XSHG
4063,10000095.XSHG,0.064,0.0809,2015-08-10,XSHG
4064,10000315.XSHG,0.3401,0.2912,2015-08-10,XSHG
4065,10000036.XSHG,0.0313,0.025,2015-08-10,XSHG
4066,10000037.XSHG,0.0412,0.027,2015-08-10,XSHG
4067,10000034.XSHG,0.2194,0.2808,2015-08-10,XSHG
4068,10000035.XSHG,0.1881,0.2419,2015-08-10,XSHG
4069,10000032.XSHG,0.2926,0.3803,2015-08-10,XSHG
4070,10000033.XSHG,0.2524,0.33,2015-08-10,XSHG
4071,10000031.XSHG,0.3204,0.4099,2015-08-10,XSHG
4072,10000038.XSHG,0.0527,0.0333,2015-08-10,XSHG
4073,10000039.XSHG,0.0695,0.05,2015-08-10,XSHG
4074,10000238.XSHG,0.1294,0.1549,2015-08-10,XSHG
4075,10000239.XSHG,0.4066,0.3291,2015-08-10,XSHG
4076,10000139.XSHG,0.0406,0.0486,2015-08-10,XSHG
4077,10000237.XSHG,0.1289,0.1656,2015-08-10,XSHG
4078,10000308.XSHG,0.3539,0.3539,2015-08-10,XSHG
4079,10000309.XSHG,0.2631,0.3292,2015-08-10,XSHG
4080,10000103.XSHG,0.0549,0.0679,2015-08-10,XSHG
4081,10000104.XSHG,0.3497,0.2766,2015-08-10,XSHG
4082,10000228.XSHG,1.1312,1.0737,2015-08-10,XSHG
4083,10000227.XSHG,0.0419,0.0399,2015-08-10,XSHG
4084,10000226.XSHG,1.0999,1.0057,2015-08-10,XSHG
4085,10000225.XSHG,0.0057,0.0057,2015-08-10,XSHG
4086,10000142.XSHG,0.4802,0.3905,2015-08-10,XSHG
4087,10000269.XSHG,0.172,0.2079,2015-08-10,XSHG
4088,10000268.XSHG,0.2568,0.1743,2015-08-10,XSHG
4089,10000306.XSHG,0.2179,0.1731,2015-08-10,XSHG
4090,10000296.XSHG,0.4714,0.4505,2015-08-10,XSHG
4091,10000297.XSHG,0.16,0.1934,2015-08-10,XSHG
4092,10000294.XSHG,,,2015-08-10,XSHG
4093,10000295.XSHG,,,2015-08-10,XSHG
4094,10000292.XSHG,0.3568,0.3389,2015-08-10,XSHG
4095,10000293.XSHG,0.3732,0.3732,2015-08-10,XSHG
4096,10000290.XSHG,0.182,0.211,2015-08-10,XSHG
4097,10000291.XSHG,0.1885,0.2197,2015-08-10,XSHG
4098,10000298.XSHG,0.51,0.5,2015-08-10,XSHG
4099,10000299.XSHG,0.1464,0.2097,2015-08-10,XSHG
4100,10000307.XSHG,0.3666,0.3666,2015-08-10,XSHG
4101,10000182.XSHG,0.9012,0.82,2015-08-10,XSHG
4102,10000183.XSHG,0.0828,0.0991,2015-08-10,XSHG
4103,10000181.XSHG,0.0107,0.0094,2015-08-10,XSHG
4104,10000186.XSHG,0.0564,0.0598,2015-08-10,XSHG
4105,10000187.XSHG,0.052,0.053,2015-08-10,XSHG
4106,10000184.XSHG,0.072,0.0783,2015-08-10,XSHG
4107,10000185.XSHG,0.0639,0.0675,2015-08-10,XSHG
4108,10000188.XSHG,0.5425,0.5149,2015-08-10,XSHG
4109,10000189.XSHG,0.6551,0.6105,2015-08-10,XSHG
4110,10000201.XSHG,0.1167,0.1068,2015-08-11,XSHG
4111,10000200.XSHG,1.01,0.9995,2015-08-11,XSHG
4112,10000203.XSHG,0.1288,0.1274,2015-08-11,XSHG
4113,10000202.XSHG,0.52,0.52,2015-08-11,XSHG
4114,10000205.XSHG,0.126,0.126,2015-08-11,XSHG
4115,10000204.XSHG,0.4553,0.4415,2015-08-11,XSHG
4116,10000206.XSHG,,,2015-08-11,XSHG
4117,10000165.XSHG,0.0169,0.0133,2015-08-11,XSHG
4118,10000166.XSHG,0.6197,0.6464,2015-08-11,XSHG
4119,10000197.XSHG,0.006,0.0051,2015-08-11,XSHG
4120,10000191.XSHG,0.7954,0.7954,2015-08-11,XSHG
4121,10000190.XSHG,0.7008,0.7008,2015-08-11,XSHG
4122,10000192.XSHG,0.8745,0.8876,2015-08-11,XSHG
4123,10000055.XSHG,0.1861,0.1633,2015-08-11,XSHG
4124,10000056.XSHG,0.0882,0.0981,2015-08-11,XSHG
4125,10000199.XSHG,0.0442,0.0428,2015-08-11,XSHG
4126,10000198.XSHG,0.906,0.938,2015-08-11,XSHG
4127,10000274.XSHG,0.3012,0.3016,2015-08-11,XSHG
4128,10000277.XSHG,0.102,0.09,2015-08-11,XSHG
4129,10000270.XSHG,0.1844,0.1901,2015-08-11,XSHG
4130,10000271.XSHG,0.1621,0.175,2015-08-11,XSHG
4131,10000272.XSHG,0.2625,0.271,2015-08-11,XSHG
4132,10000273.XSHG,0.2723,0.2723,2015-08-11,XSHG
4133,10000173.XSHG,0.012,0.0083,2015-08-11,XSHG
4134,10000278.XSHG,0.0502,0.06,2015-08-11,XSHG
4135,10000279.XSHG,0.2254,0.2215,2015-08-11,XSHG
4136,10000174.XSHG,0.7163,0.74,2015-08-11,XSHG
4137,10000289.XSHG,,,2015-08-11,XSHG
4138,10000288.XSHG,,,2015-08-11,XSHG
4139,10000048.XSHG,0.0672,0.078,2015-08-11,XSHG
4140,10000047.XSHG,0.2298,0.1967,2015-08-11,XSHG
4141,10000280.XSHG,0.1991,0.2288,2015-08-11,XSHG
4142,10000283.XSHG,0.1294,0.12,2015-08-11,XSHG
4143,10000285.XSHG,0.2667,0.25,2015-08-11,XSHG
4144,10000284.XSHG,0.0397,0.0413,2015-08-11,XSHG
4145,10000287.XSHG,0.265,0.2579,2015-08-11,XSHG
4146,10000040.XSHG,0.0533,0.0607,2015-08-11,XSHG
4147,10000267.XSHG,0.1374,0.1549,2015-08-11,XSHG
4148,10000266.XSHG,0.0993,0.1161,2015-08-11,XSHG
4149,10000265.XSHG,0.0745,0.0843,2015-08-11,XSHG
4150,10000264.XSHG,0.0254,0.022,2015-08-11,XSHG
4151,10000263.XSHG,0.0387,0.0328,2015-08-11,XSHG
4152,10000262.XSHG,0.0528,0.0475,2015-08-11,XSHG
4153,10000261.XSHG,0.076,0.0646,2015-08-11,XSHG
4154,10000149.XSHG,0.0342,0.0268,2015-08-11,XSHG
4155,10000300.XSHG,0.1781,0.152,2015-08-11,XSHG
4156,10000301.XSHG,0.0146,0.0158,2015-08-11,XSHG
4157,10000302.XSHG,0.0221,0.0257,2015-08-11,XSHG
4158,10000303.XSHG,0.3148,0.3102,2015-08-11,XSHG
4159,10000304.XSHG,0.2829,0.2831,2015-08-11,XSHG
4160,10000305.XSHG,0.1462,0.155,2015-08-11,XSHG
4161,10000140.XSHG,0.0383,0.0309,2015-08-11,XSHG
4162,10000141.XSHG,0.3559,0.3755,2015-08-11,XSHG
4163,10000087.XSHG,0.0979,0.0785,2015-08-11,XSHG
4164,10000072.XSHG,0.1345,0.15,2015-08-11,XSHG
4165,10000071.XSHG,0.1337,0.115,2015-08-11,XSHG
4166,10000079.XSHG,0.1119,0.0968,2015-08-11,XSHG
4167,10000252.XSHG,0.0104,0.0077,2015-08-11,XSHG
4168,10000253.XSHG,0.2133,0.2372,2015-08-11,XSHG
4169,10000250.XSHG,0.5953,0.627,2015-08-11,XSHG
4170,10000251.XSHG,0.0169,0.0133,2015-08-11,XSHG
4171,10000254.XSHG,0.2588,0.2841,2015-08-11,XSHG
4172,10000150.XSHG,0.44,0.4547,2015-08-11,XSHG
4173,10000319.XSHG,0.3247,0.3323,2015-08-11,XSHG
4174,10000318.XSHG,0.011,0.0096,2015-08-11,XSHG
4175,10000157.XSHG,0.0235,0.0178,2015-08-11,XSHG
4176,10000313.XSHG,0.2383,0.2283,2015-08-11,XSHG
4177,10000312.XSHG,0.2003,0.2239,2015-08-11,XSHG
4178,10000311.XSHG,0.2982,0.284,2015-08-11,XSHG
4179,10000310.XSHG,0.3262,0.319,2015-08-11,XSHG
4180,10000317.XSHG,0.2682,0.2368,2015-08-11,XSHG
4181,10000316.XSHG,,,2015-08-11,XSHG
4182,10000096.XSHG,0.2308,0.2494,2015-08-11,XSHG
4183,10000314.XSHG,,,2015-08-11,XSHG
4184,10000064.XSHG,0.109,0.1223,2015-08-11,XSHG
4185,10000063.XSHG,0.1512,0.1352,2015-08-11,XSHG
4186,10000286.XSHG,0.1901,0.1972,2015-08-11,XSHG
4187,10000249.XSHG,0.5019,0.5381,2015-08-11,XSHG
4188,10000248.XSHG,0.3981,0.4191,2015-08-11,XSHG
4189,10000245.XSHG,0.0007,0.0005,2015-08-11,XSHG
4190,10000244.XSHG,0.0014,0.0014,2015-08-11,XSHG
4191,10000247.XSHG,0.3519,0.3849,2015-08-11,XSHG
4192,10000246.XSHG,0.3044,0.3299,2015-08-11,XSHG
4193,10000241.XSHG,0.0059,0.0055,2015-08-11,XSHG
4194,10000240.XSHG,0.3813,0.3813,2015-08-11,XSHG
4195,10000243.XSHG,0.0011,0.002,2015-08-11,XSHG
4196,10000242.XSHG,0.0035,0.0029,2015-08-11,XSHG
4197,10000125.XSHG,0.0547,0.0469,2015-08-11,XSHG
4198,10000126.XSHG,0.3139,0.3224,2015-08-11,XSHG
4199,10000088.XSHG,0.1987,0.217,2015-08-11,XSHG
4200,10000158.XSHG,0.539,0.555,2015-08-11,XSHG
4201,10000080.XSHG,0.169,0.1816,2015-08-11,XSHG
4202,10000322.XSHG,0.1885,0.1968,2015-08-11,XSHG
4203,10000320.XSHG,0.1269,0.1331,2015-08-11,XSHG
4204,10000321.XSHG,0.4144,0.4284,2015-08-11,XSHG
4205,10000095.XSHG,0.0819,0.066,2015-08-11,XSHG
4206,10000315.XSHG,,,2015-08-11,XSHG
4207,10000036.XSHG,0.0244,0.0241,2015-08-11,XSHG
4208,10000037.XSHG,0.0261,0.0284,2015-08-11,XSHG
4209,10000034.XSHG,0.282,0.2593,2015-08-11,XSHG
4210,10000035.XSHG,0.2524,0.2328,2015-08-11,XSHG
4211,10000032.XSHG,0.3503,0.3448,2015-08-11,XSHG
4212,10000033.XSHG,0.33,0.3091,2015-08-11,XSHG
4213,10000031.XSHG,0.4199,0.385,2015-08-11,XSHG
4214,10000038.XSHG,0.0324,0.0356,2015-08-11,XSHG
4215,10000039.XSHG,0.0435,0.0461,2015-08-11,XSHG
4216,10000238.XSHG,0.1406,0.1447,2015-08-11,XSHG
4217,10000239.XSHG,,,2015-08-11,XSHG
4218,10000139.XSHG,0.0451,0.0385,2015-08-11,XSHG
4219,10000237.XSHG,0.1669,0.158,2015-08-11,XSHG
4220,10000308.XSHG,0.3629,0.3458,2015-08-11,XSHG
4221,10000309.XSHG,0.3204,0.3204,2015-08-11,XSHG
4222,10000103.XSHG,0.0675,0.0552,2015-08-11,XSHG
4223,10000104.XSHG,0.2755,0.2899,2015-08-11,XSHG
4224,10000228.XSHG,1.0909,1.091,2015-08-11,XSHG
4225,10000227.XSHG,0.0409,0.0381,2015-08-11,XSHG
4226,10000226.XSHG,1.0049,1.0336,2015-08-11,XSHG
4227,10000225.XSHG,0.0055,0.0057,2015-08-11,XSHG
4228,10000142.XSHG,0.3912,0.42,2015-08-11,XSHG
4229,10000269.XSHG,0.2158,0.2089,2015-08-11,XSHG
4230,10000268.XSHG,0.1681,0.1929,2015-08-11,XSHG
4231,10000306.XSHG,0.1676,0.1724,2015-08-11,XSHG
4232,10000296.XSHG,,,2015-08-11,XSHG
4233,10000297.XSHG,0.1724,0.1898,2015-08-11,XSHG
4234,10000294.XSHG,,,2015-08-11,XSHG
4235,10000295.XSHG,0.4356,0.4356,2015-08-11,XSHG
4236,10000292.XSHG,0.3328,0.3341,2015-08-11,XSHG
4237,10000293.XSHG,0.379,0.378,2015-08-11,XSHG
4238,10000290.XSHG,0.2101,0.22,2015-08-11,XSHG
4239,10000291.XSHG,0.205,0.1977,2015-08-11,XSHG
4240,10000298.XSHG,,,2015-08-11,XSHG
4241,10000299.XSHG,0.2217,0.1901,2015-08-11,XSHG
4242,10000307.XSHG,0.369,0.3681,2015-08-11,XSHG
4243,10000182.XSHG,0.8112,0.8282,2015-08-11,XSHG
4244,10000183.XSHG,0.0938,0.0966,2015-08-11,XSHG
4245,10000181.XSHG,0.0093,0.007,2015-08-11,XSHG
4246,10000186.XSHG,0.0582,0.0555,2015-08-11,XSHG
4247,10000187.XSHG,0.0495,0.0467,2015-08-11,XSHG
4248,10000184.XSHG,0.0809,0.073,2015-08-11,XSHG
4249,10000185.XSHG,0.064,0.0618,2015-08-11,XSHG
4250,10000188.XSHG,0.5227,0.5227,2015-08-11,XSHG
4251,10000189.XSHG,,,2015-08-11,XSHG
4252,10000201.XSHG,0.101,0.1025,2015-08-12,XSHG
4253,10000200.XSHG,1.0155,1.0087,2015-08-12,XSHG
4254,10000203.XSHG,0.115,0.109,2015-08-12,XSHG
4255,10000202.XSHG,,,2015-08-12,XSHG
4256,10000205.XSHG,0.1257,0.1139,2015-08-12,XSHG
4257,10000204.XSHG,0.425,0.4658,2015-08-12,XSHG
4258,10000206.XSHG,0.4246,0.4171,2015-08-12,XSHG
4259,10000165.XSHG,0.0125,0.0117,2015-08-12,XSHG
4260,10000166.XSHG,0.653,0.648,2015-08-12,XSHG
4261,10000197.XSHG,0.0058,0.0051,2015-08-12,XSHG
4262,10000191.XSHG,,,2015-08-12,XSHG
4263,10000190.XSHG,,,2015-08-12,XSHG
4264,10000192.XSHG,0.9322,0.9322,2015-08-12,XSHG
4265,10000055.XSHG,0.1554,0.1552,2015-08-12,XSHG
4266,10000056.XSHG,0.1029,0.1,2015-08-12,XSHG
4267,10000199.XSHG,0.0418,0.04,2015-08-12,XSHG
4268,10000198.XSHG,0.931,0.9396,2015-08-12,XSHG
4269,10000274.XSHG,0.3028,0.32,2015-08-12,XSHG
4270,10000277.XSHG,0.0844,0.0701,2015-08-12,XSHG
4271,10000270.XSHG,0.1908,0.1672,2015-08-12,XSHG
4272,10000271.XSHG,0.1622,0.1589,2015-08-12,XSHG
4273,10000272.XSHG,0.2445,0.267,2015-08-12,XSHG
4274,10000273.XSHG,,,2015-08-12,XSHG
4275,10000173.XSHG,0.0093,0.0086,2015-08-12,XSHG
4276,10000278.XSHG,0.0625,0.0638,2015-08-12,XSHG
4277,10000279.XSHG,0.2284,0.2195,2015-08-12,XSHG
4278,10000174.XSHG,,,2015-08-12,XSHG
4279,10000289.XSHG,0.1808,0.2014,2015-08-12,XSHG
4280,10000288.XSHG,0.2471,0.243,2015-08-12,XSHG
4281,10000048.XSHG,0.081,0.0787,2015-08-12,XSHG
4282,10000047.XSHG,0.1852,0.1834,2015-08-12,XSHG
4283,10000280.XSHG,0.2482,0.2225,2015-08-12,XSHG
4284,10000283.XSHG,0.1124,0.1002,2015-08-12,XSHG
4285,10000285.XSHG,0.2301,0.2337,2015-08-12,XSHG
4286,10000284.XSHG,0.0431,0.0421,2015-08-12,XSHG
4287,10000287.XSHG,0.222,0.263,2015-08-12,XSHG
4288,10000040.XSHG,0.063,0.062,2015-08-12,XSHG
4289,10000267.XSHG,0.1662,0.1603,2015-08-12,XSHG
4290,10000266.XSHG,0.1284,0.1232,2015-08-12,XSHG
4291,10000265.XSHG,0.0913,0.0896,2015-08-12,XSHG
4292,10000264.XSHG,0.0177,0.0153,2015-08-12,XSHG
4293,10000263.XSHG,0.0263,0.0241,2015-08-12,XSHG
4294,10000262.XSHG,0.045,0.0346,2015-08-12,XSHG
4295,10000261.XSHG,0.0588,0.0501,2015-08-12,XSHG
4296,10000149.XSHG,0.0243,0.0239,2015-08-12,XSHG
4297,10000300.XSHG,0.1454,0.1342,2015-08-12,XSHG
4298,10000301.XSHG,0.0164,0.0153,2015-08-12,XSHG
4299,10000302.XSHG,0.0284,0.0289,2015-08-12,XSHG
4300,10000303.XSHG,0.2892,0.2941,2015-08-12,XSHG
4301,10000304.XSHG,0.2459,0.2666,2015-08-12,XSHG
4302,10000305.XSHG,0.1537,0.1573,2015-08-12,XSHG
4303,10000140.XSHG,0.0292,0.0301,2015-08-12,XSHG
4304,10000141.XSHG,0.379,0.3802,2015-08-12,XSHG
4305,10000087.XSHG,0.075,0.0735,2015-08-12,XSHG
4306,10000072.XSHG,0.1633,0.1539,2015-08-12,XSHG
4307,10000071.XSHG,0.1092,0.1087,2015-08-12,XSHG
4308,10000079.XSHG,0.0906,0.0889,2015-08-12,XSHG
4309,10000252.XSHG,0.0079,0.0048,2015-08-12,XSHG
4310,10000253.XSHG,0.2483,0.2488,2015-08-12,XSHG
4311,10000250.XSHG,0.637,0.637,2015-08-12,XSHG
4312,10000251.XSHG,0.0117,0.0092,2015-08-12,XSHG
4313,10000254.XSHG,0.295,0.297,2015-08-12,XSHG
4314,10000150.XSHG,0.4474,0.456,2015-08-12,XSHG
4315,10000319.XSHG,0.3185,0.3209,2015-08-12,XSHG
4316,10000318.XSHG,0.0096,0.0088,2015-08-12,XSHG
4317,10000157.XSHG,0.0171,0.0152,2015-08-12,XSHG
4318,10000313.XSHG,0.2379,0.23,2015-08-12,XSHG
4319,10000312.XSHG,0.1304,0.2163,2015-08-12,XSHG
4320,10000311.XSHG,0.2348,0.286,2015-08-12,XSHG
4321,10000310.XSHG,0.2578,0.29,2015-08-12,XSHG
4322,10000317.XSHG,0.23,0.2216,2015-08-12,XSHG
4323,10000316.XSHG,0.2136,0.3304,2015-08-12,XSHG
4324,10000096.XSHG,0.2487,0.2563,2015-08-12,XSHG
4325,10000314.XSHG,0.1588,0.2591,2015-08-12,XSHG
4326,10000064.XSHG,0.1258,0.1251,2015-08-12,XSHG
4327,10000063.XSHG,0.1292,0.1259,2015-08-12,XSHG
4328,10000286.XSHG,0.2021,0.2136,2015-08-12,XSHG
4329,10000249.XSHG,0.535,0.534,2015-08-12,XSHG
4330,10000248.XSHG,0.4193,0.4446,2015-08-12,XSHG
4331,10000245.XSHG,0.0004,0.0002,2015-08-12,XSHG
4332,10000244.XSHG,0.001,0.0006,2015-08-12,XSHG
4333,10000247.XSHG,0.3917,0.3915,2015-08-12,XSHG
4334,10000246.XSHG,0.3422,0.3468,2015-08-12,XSHG
4335,10000241.XSHG,0.0053,0.0026,2015-08-12,XSHG
4336,10000240.XSHG,0.3936,0.3828,2015-08-12,XSHG
4337,10000243.XSHG,0.001,0.0009,2015-08-12,XSHG
4338,10000242.XSHG,0.0027,0.0012,2015-08-12,XSHG
4339,10000125.XSHG,0.0425,0.0415,2015-08-12,XSHG
4340,10000126.XSHG,0.3295,0.3378,2015-08-12,XSHG
4341,10000088.XSHG,0.2208,0.2184,2015-08-12,XSHG
4342,10000158.XSHG,0.5501,0.5614,2015-08-12,XSHG
4343,10000080.XSHG,0.1937,0.1854,2015-08-12,XSHG
4344,10000322.XSHG,0.1901,0.1982,2015-08-12,XSHG
4345,10000320.XSHG,0.1359,0.1377,2015-08-12,XSHG
4346,10000321.XSHG,0.3258,0.381,2015-08-12,XSHG
4347,10000095.XSHG,0.062,0.0621,2015-08-12,XSHG
4348,10000315.XSHG,0.2872,0.3035,2015-08-12,XSHG
4349,10000036.XSHG,0.025,0.0242,2015-08-12,XSHG
4350,10000037.XSHG,0.0298,0.0278,2015-08-12,XSHG
4351,10000034.XSHG,0.2203,0.2463,2015-08-12,XSHG
4352,10000035.XSHG,0.2146,0.212,2015-08-12,XSHG
4353,10000032.XSHG,0.3168,0.3288,2015-08-12,XSHG
4354,10000033.XSHG,0.2759,0.2887,2015-08-12,XSHG
4355,10000031.XSHG,0.3818,0.3748,2015-08-12,XSHG
4356,10000038.XSHG,0.0379,0.0347,2015-08-12,XSHG
4357,10000039.XSHG,0.0487,0.0477,2015-08-12,XSHG
4358,10000238.XSHG,0.1397,0.1305,2015-08-12,XSHG
4359,10000239.XSHG,0.365,0.364,2015-08-12,XSHG
4360,10000139.XSHG,0.0358,0.0349,2015-08-12,XSHG
4361,10000237.XSHG,0.1478,0.148,2015-08-12,XSHG
4362,10000308.XSHG,0.2862,0.3407,2015-08-12,XSHG
4363,10000309.XSHG,0.2744,0.2972,2015-08-12,XSHG
4364,10000103.XSHG,0.0513,0.0507,2015-08-12,XSHG
4365,10000104.XSHG,0.2825,0.2954,2015-08-12,XSHG
4366,10000228.XSHG,1.1239,1.0821,2015-08-12,XSHG
4367,10000227.XSHG,0.0357,0.035,2015-08-12,XSHG
4368,10000226.XSHG,1.047,1.0275,2015-08-12,XSHG
4369,10000225.XSHG,0.0048,0.0042,2015-08-12,XSHG
4370,10000142.XSHG,0.425,0.4229,2015-08-12,XSHG
4371,10000269.XSHG,0.1961,0.203,2015-08-12,XSHG
4372,10000268.XSHG,0.2066,0.2036,2015-08-12,XSHG
4373,10000306.XSHG,0.1766,0.178,2015-08-12,XSHG
4374,10000296.XSHG,,,2015-08-12,XSHG
4375,10000297.XSHG,0.1592,0.1777,2015-08-12,XSHG
4376,10000294.XSHG,0.4033,0.4009,2015-08-12,XSHG
4377,10000295.XSHG,,,2015-08-12,XSHG
4378,10000292.XSHG,0.2409,0.3435,2015-08-12,XSHG
4379,10000293.XSHG,0.3728,0.3641,2015-08-12,XSHG
4380,10000290.XSHG,0.2095,0.2095,2015-08-12,XSHG
4381,10000291.XSHG,0.1642,0.192,2015-08-12,XSHG
4382,10000298.XSHG,0.4687,0.5366,2015-08-12,XSHG
4383,10000299.XSHG,0.1809,0.173,2015-08-12,XSHG
4384,10000307.XSHG,0.3219,0.37,2015-08-12,XSHG
4385,10000182.XSHG,0.847,0.8274,2015-08-12,XSHG
4386,10000183.XSHG,0.075,0.0898,2015-08-12,XSHG
4387,10000181.XSHG,0.0058,0.0069,2015-08-12,XSHG
4388,10000186.XSHG,0.0536,0.0519,2015-08-12,XSHG
4389,10000187.XSHG,0.0448,0.0446,2015-08-12,XSHG
4390,10000184.XSHG,0.063,0.0694,2015-08-12,XSHG
4391,10000185.XSHG,0.0597,0.0601,2015-08-12,XSHG
4392,10000188.XSHG,0.5303,0.5743,2015-08-12,XSHG
4393,10000189.XSHG,,,2015-08-12,XSHG
4394,10000201.XSHG,0.0931,0.09,2015-08-13,XSHG
4395,10000200.XSHG,,,2015-08-13,XSHG
4396,10000203.XSHG,0.1119,0.102,2015-08-13,XSHG
4397,10000202.XSHG,0.526,0.526,2015-08-13,XSHG
4398,10000205.XSHG,0.1194,0.1136,2015-08-13,XSHG
4399,10000204.XSHG,0.478,0.478,2015-08-13,XSHG
4400,10000206.XSHG,0.4333,0.4179,2015-08-13,XSHG
4401,10000165.XSHG,0.0121,0.0077,2015-08-13,XSHG
4402,10000166.XSHG,0.6515,0.6576,2015-08-13,XSHG
4403,10000197.XSHG,0.0051,0.0037,2015-08-13,XSHG
4404,10000191.XSHG,0.82,0.82,2015-08-13,XSHG
4405,10000190.XSHG,,,2015-08-13,XSHG
4406,10000192.XSHG,0.9015,0.924,2015-08-13,XSHG
4407,10000055.XSHG,0.154,0.1504,2015-08-13,XSHG
4408,10000056.XSHG,0.1008,0.103,2015-08-13,XSHG
4409,10000199.XSHG,0.0417,0.0392,2015-08-13,XSHG
4410,10000198.XSHG,0.9506,0.9581,2015-08-13,XSHG
4411,10000274.XSHG,0.3115,0.3476,2015-08-13,XSHG
4412,10000277.XSHG,0.0705,0.0731,2015-08-13,XSHG
4413,10000270.XSHG,0.1728,0.1664,2015-08-13,XSHG
4414,10000271.XSHG,0.1595,0.1501,2015-08-13,XSHG
4415,10000272.XSHG,0.267,0.2662,2015-08-13,XSHG
4416,10000273.XSHG,0.2957,0.2892,2015-08-13,XSHG
4417,10000173.XSHG,0.0084,0.0058,2015-08-13,XSHG
4418,10000278.XSHG,0.063,0.065,2015-08-13,XSHG
4419,10000279.XSHG,0.2219,0.2149,2015-08-13,XSHG
4420,10000174.XSHG,0.7356,0.7607,2015-08-13,XSHG
4421,10000289.XSHG,0.2127,0.212,2015-08-13,XSHG
4422,10000288.XSHG,0.2281,0.222,2015-08-13,XSHG
4423,10000048.XSHG,0.0822,0.0805,2015-08-13,XSHG
4424,10000047.XSHG,0.1814,0.1823,2015-08-13,XSHG
4425,10000280.XSHG,0.2233,0.223,2015-08-13,XSHG
4426,10000283.XSHG,0.1031,0.1007,2015-08-13,XSHG
4427,10000285.XSHG,0.2108,0.2369,2015-08-13,XSHG
4428,10000284.XSHG,0.0424,0.04,2015-08-13,XSHG
4429,10000287.XSHG,0.2604,0.2479,2015-08-13,XSHG
4430,10000040.XSHG,0.0603,0.062,2015-08-13,XSHG
4431,10000267.XSHG,0.1587,0.161,2015-08-13,XSHG
4432,10000266.XSHG,0.13,0.124,2015-08-13,XSHG
4433,10000265.XSHG,0.089,0.0903,2015-08-13,XSHG
4434,10000264.XSHG,0.0153,0.0138,2015-08-13,XSHG
4435,10000263.XSHG,0.024,0.0212,2015-08-13,XSHG
4436,10000262.XSHG,0.034,0.034,2015-08-13,XSHG
4437,10000261.XSHG,0.0505,0.0506,2015-08-13,XSHG
4438,10000149.XSHG,0.0244,0.0207,2015-08-13,XSHG
4439,10000300.XSHG,0.1392,0.1345,2015-08-13,XSHG
4440,10000301.XSHG,0.0147,0.0137,2015-08-13,XSHG
4441,10000302.XSHG,0.0257,0.024,2015-08-13,XSHG
4442,10000303.XSHG,0.2921,0.2735,2015-08-13,XSHG
4443,10000304.XSHG,0.2513,0.2526,2015-08-13,XSHG
4444,10000305.XSHG,0.158,0.1571,2015-08-13,XSHG
4445,10000140.XSHG,0.0293,0.025,2015-08-13,XSHG
4446,10000141.XSHG,0.3856,0.383,2015-08-13,XSHG
4447,10000087.XSHG,0.0758,0.0703,2015-08-13,XSHG
4448,10000072.XSHG,0.1551,0.1541,2015-08-13,XSHG
4449,10000071.XSHG,0.1063,0.105,2015-08-13,XSHG
4450,10000079.XSHG,0.0897,0.086,2015-08-13,XSHG
4451,10000252.XSHG,0.0048,0.0037,2015-08-13,XSHG
4452,10000253.XSHG,0.2473,0.245,2015-08-13,XSHG
4453,10000250.XSHG,0.631,0.644,2015-08-13,XSHG
4454,10000251.XSHG,0.0092,0.0073,2015-08-13,XSHG
4455,10000254.XSHG,0.2922,0.2988,2015-08-13,XSHG
4456,10000150.XSHG,0.4758,0.464,2015-08-13,XSHG
4457,10000319.XSHG,0.3258,0.3012,2015-08-13,XSHG
4458,10000318.XSHG,0.0084,0.008,2015-08-13,XSHG
4459,10000157.XSHG,0.0164,0.0111,2015-08-13,XSHG
4460,10000313.XSHG,0.242,0.242,2015-08-13,XSHG
4461,10000312.XSHG,0.2111,0.2111,2015-08-13,XSHG
4462,10000311.XSHG,0.2605,0.278,2015-08-13,XSHG
4463,10000310.XSHG,,,2015-08-13,XSHG
4464,10000317.XSHG,0.2187,0.218,2015-08-13,XSHG
4465,10000316.XSHG,,,2015-08-13,XSHG
4466,10000096.XSHG,0.2553,0.2575,2015-08-13,XSHG
4467,10000314.XSHG,0.2532,0.2729,2015-08-13,XSHG
4468,10000064.XSHG,0.1261,0.125,2015-08-13,XSHG
4469,10000063.XSHG,0.1299,0.1265,2015-08-13,XSHG
4470,10000286.XSHG,0.2143,0.1961,2015-08-13,XSHG
4471,10000249.XSHG,0.5151,0.539,2015-08-13,XSHG
4472,10000248.XSHG,0.4305,0.4461,2015-08-13,XSHG
4473,10000245.XSHG,0.0004,0.0001,2015-08-13,XSHG
4474,10000244.XSHG,0.0004,0.001,2015-08-13,XSHG
4475,10000247.XSHG,0.3845,0.395,2015-08-13,XSHG
4476,10000246.XSHG,0.3368,0.3478,2015-08-13,XSHG
4477,10000241.XSHG,0.003,0.0017,2015-08-13,XSHG
4478,10000240.XSHG,0.3971,0.4103,2015-08-13,XSHG
4479,10000243.XSHG,0.0005,0.0011,2015-08-13,XSHG
4480,10000242.XSHG,0.001,0.001,2015-08-13,XSHG
4481,10000125.XSHG,0.0416,0.0374,2015-08-13,XSHG
4482,10000126.XSHG,0.3323,0.3404,2015-08-13,XSHG
4483,10000088.XSHG,0.1928,0.2222,2015-08-13,XSHG
4484,10000158.XSHG,0.5397,0.5597,2015-08-13,XSHG
4485,10000080.XSHG,0.1814,0.1871,2015-08-13,XSHG
4486,10000322.XSHG,0.1889,0.1999,2015-08-13,XSHG
4487,10000320.XSHG,0.1358,0.1326,2015-08-13,XSHG
4488,10000321.XSHG,0.3821,0.377,2015-08-13,XSHG
4489,10000095.XSHG,0.0619,0.0572,2015-08-13,XSHG
4490,10000315.XSHG,,,2015-08-13,XSHG
4491,10000036.XSHG,0.0229,0.0211,2015-08-13,XSHG
4492,10000037.XSHG,0.0274,0.0266,2015-08-13,XSHG
4493,10000034.XSHG,0.2621,0.2484,2015-08-13,XSHG
4494,10000035.XSHG,0.2128,0.2103,2015-08-13,XSHG
4495,10000032.XSHG,0.3317,0.3281,2015-08-13,XSHG
4496,10000033.XSHG,0.2849,0.285,2015-08-13,XSHG
4497,10000031.XSHG,0.37,0.3687,2015-08-13,XSHG
4498,10000038.XSHG,0.0354,0.0342,2015-08-13,XSHG
4499,10000039.XSHG,0.0465,0.0475,2015-08-13,XSHG
4500,10000238.XSHG,0.1235,0.1246,2015-08-13,XSHG
4501,10000239.XSHG,0.3424,0.3422,2015-08-13,XSHG
4502,10000139.XSHG,0.0344,0.03,2015-08-13,XSHG
4503,10000237.XSHG,0.1282,0.1366,2015-08-13,XSHG
4504,10000308.XSHG,0.3458,0.3286,2015-08-13,XSHG
4505,10000309.XSHG,0.3221,0.3074,2015-08-13,XSHG
4506,10000103.XSHG,0.0502,0.0468,2015-08-13,XSHG
4507,10000104.XSHG,0.2795,0.2934,2015-08-13,XSHG
4508,10000228.XSHG,1.106,1.1117,2015-08-13,XSHG
4509,10000227.XSHG,0.0364,0.0344,2015-08-13,XSHG
4510,10000226.XSHG,1.0394,1.07,2015-08-13,XSHG
4511,10000225.XSHG,0.0041,0.0032,2015-08-13,XSHG
4512,10000142.XSHG,0.4888,0.4258,2015-08-13,XSHG
4513,10000269.XSHG,0.1976,0.1929,2015-08-13,XSHG
4514,10000268.XSHG,0.2029,0.2032,2015-08-13,XSHG
4515,10000306.XSHG,0.1854,0.1816,2015-08-13,XSHG
4516,10000296.XSHG,,,2015-08-13,XSHG
4517,10000297.XSHG,0.1628,0.1659,2015-08-13,XSHG
4518,10000294.XSHG,,,2015-08-13,XSHG
4519,10000295.XSHG,0.4736,0.4736,2015-08-13,XSHG
4520,10000292.XSHG,0.3787,0.3787,2015-08-13,XSHG
4521,10000293.XSHG,0.3839,0.3839,2015-08-13,XSHG
4522,10000290.XSHG,0.1978,0.1978,2015-08-13,XSHG
4523,10000291.XSHG,,,2015-08-13,XSHG
4524,10000298.XSHG,0.5205,0.5187,2015-08-13,XSHG
4525,10000299.XSHG,0.1778,0.1723,2015-08-13,XSHG
4526,10000307.XSHG,0.357,0.3531,2015-08-13,XSHG
4527,10000182.XSHG,0.8277,0.8576,2015-08-13,XSHG
4528,10000183.XSHG,0.0839,0.0811,2015-08-13,XSHG
4529,10000181.XSHG,0.0068,0.0047,2015-08-13,XSHG
4530,10000186.XSHG,0.0552,0.0521,2015-08-13,XSHG
4531,10000187.XSHG,0.0472,0.0442,2015-08-13,XSHG
4532,10000184.XSHG,0.0744,0.0665,2015-08-13,XSHG
4533,10000185.XSHG,0.0642,0.0573,2015-08-13,XSHG
4534,10000188.XSHG,0.569,0.569,2015-08-13,XSHG
4535,10000189.XSHG,,,2015-08-13,XSHG
4536,10000201.XSHG,0.098,0.091,2015-08-14,XSHG
4537,10000200.XSHG,0.9334,0.9939,2015-08-14,XSHG
4538,10000203.XSHG,0.102,0.0987,2015-08-14,XSHG
4539,10000202.XSHG,0.5074,0.5074,2015-08-14,XSHG
4540,10000205.XSHG,0.1129,0.1061,2015-08-14,XSHG
4541,10000204.XSHG,0.4675,0.4679,2015-08-14,XSHG
4542,10000206.XSHG,0.4071,0.4113,2015-08-14,XSHG
4543,10000165.XSHG,0.0092,0.005,2015-08-14,XSHG
4544,10000166.XSHG,0.655,0.6746,2015-08-14,XSHG
4545,10000197.XSHG,0.0032,0.0027,2015-08-14,XSHG
4546,10000191.XSHG,0.7866,0.8092,2015-08-14,XSHG
4547,10000190.XSHG,0.699,0.721,2015-08-14,XSHG
4548,10000192.XSHG,0.8791,0.9009,2015-08-14,XSHG
4549,10000055.XSHG,0.1567,0.1411,2015-08-14,XSHG
4550,10000056.XSHG,0.0988,0.1102,2015-08-14,XSHG
4551,10000199.XSHG,0.0399,0.0347,2015-08-14,XSHG
4552,10000198.XSHG,0.9442,0.9674,2015-08-14,XSHG
4553,10000274.XSHG,0.2993,0.3242,2015-08-14,XSHG
4554,10000277.XSHG,0.0764,0.0565,2015-08-14,XSHG
4555,10000270.XSHG,0.1804,0.1629,2015-08-14,XSHG
4556,10000271.XSHG,0.1426,0.1545,2015-08-14,XSHG
4557,10000272.XSHG,,,2015-08-14,XSHG
4558,10000273.XSHG,0.2666,0.2666,2015-08-14,XSHG
4559,10000173.XSHG,0.006,0.0052,2015-08-14,XSHG
4560,10000278.XSHG,0.0621,0.063,2015-08-14,XSHG
4561,10000279.XSHG,0.2142,0.2099,2015-08-14,XSHG
4562,10000174.XSHG,0.7608,0.7668,2015-08-14,XSHG
4563,10000289.XSHG,0.2024,0.1971,2015-08-14,XSHG
4564,10000288.XSHG,0.2274,0.2222,2015-08-14,XSHG
4565,10000048.XSHG,0.0768,0.0887,2015-08-14,XSHG
4566,10000047.XSHG,0.1849,0.175,2015-08-14,XSHG
4567,10000280.XSHG,0.2171,0.2171,2015-08-14,XSHG
4568,10000283.XSHG,0.1053,0.085,2015-08-14,XSHG
4569,10000285.XSHG,0.2468,0.228,2015-08-14,XSHG
4570,10000284.XSHG,0.0384,0.04,2015-08-14,XSHG
4571,10000287.XSHG,0.2442,0.229,2015-08-14,XSHG
4572,10000040.XSHG,0.0592,0.07,2015-08-14,XSHG
4573,10000267.XSHG,0.1542,0.1645,2015-08-14,XSHG
4574,10000266.XSHG,0.1172,0.1248,2015-08-14,XSHG
4575,10000265.XSHG,0.0864,0.0897,2015-08-14,XSHG
4576,10000264.XSHG,0.0143,0.0067,2015-08-14,XSHG
4577,10000263.XSHG,0.0213,0.0123,2015-08-14,XSHG
4578,10000262.XSHG,0.0355,0.0218,2015-08-14,XSHG
4579,10000261.XSHG,0.051,0.04,2015-08-14,XSHG
4580,10000149.XSHG,0.0215,0.0159,2015-08-14,XSHG
4581,10000300.XSHG,0.1408,0.121,2015-08-14,XSHG
4582,10000301.XSHG,0.0132,0.0123,2015-08-14,XSHG
4583,10000302.XSHG,0.023,0.0231,2015-08-14,XSHG
4584,10000303.XSHG,0.2969,0.2628,2015-08-14,XSHG
4585,10000304.XSHG,0.258,0.2511,2015-08-14,XSHG
4586,10000305.XSHG,0.1441,0.1513,2015-08-14,XSHG
4587,10000140.XSHG,0.026,0.0207,2015-08-14,XSHG
4588,10000141.XSHG,0.376,0.3956,2015-08-14,XSHG
4589,10000087.XSHG,0.0736,0.0649,2015-08-14,XSHG
4590,10000072.XSHG,0.142,0.1654,2015-08-14,XSHG
4591,10000071.XSHG,0.1089,0.0976,2015-08-14,XSHG
4592,10000079.XSHG,0.0888,0.0808,2015-08-14,XSHG
4593,10000252.XSHG,0.0037,0.0017,2015-08-14,XSHG
4594,10000253.XSHG,0.2396,0.2559,2015-08-14,XSHG
4595,10000250.XSHG,0.6284,0.65,2015-08-14,XSHG
4596,10000251.XSHG,0.0083,0.0022,2015-08-14,XSHG
4597,10000254.XSHG,0.2854,0.3059,2015-08-14,XSHG
4598,10000150.XSHG,0.47,0.48,2015-08-14,XSHG
4599,10000319.XSHG,0.322,0.3059,2015-08-14,XSHG
4600,10000318.XSHG,0.008,0.0072,2015-08-14,XSHG
4601,10000157.XSHG,0.0119,0.0088,2015-08-14,XSHG
4602,10000313.XSHG,0.2294,0.2332,2015-08-14,XSHG
4603,10000312.XSHG,0.1984,0.1984,2015-08-14,XSHG
4604,10000311.XSHG,0.2583,0.2583,2015-08-14,XSHG
4605,10000310.XSHG,0.2883,0.2912,2015-08-14,XSHG
4606,10000317.XSHG,0.2291,0.2066,2015-08-14,XSHG
4607,10000316.XSHG,0.3003,0.306,2015-08-14,XSHG
4608,10000096.XSHG,0.2499,0.2648,2015-08-14,XSHG
4609,10000314.XSHG,0.2546,0.2546,2015-08-14,XSHG
4610,10000064.XSHG,0.1193,0.1349,2015-08-14,XSHG
4611,10000063.XSHG,0.1316,0.1185,2015-08-14,XSHG
4612,10000286.XSHG,0.1921,0.1908,2015-08-14,XSHG
4613,10000249.XSHG,0.5274,0.5458,2015-08-14,XSHG
4614,10000248.XSHG,0.4294,0.4511,2015-08-14,XSHG
4615,10000245.XSHG,0.0005,0.0002,2015-08-14,XSHG
4616,10000244.XSHG,0.0004,0.0003,2015-08-14,XSHG
4617,10000247.XSHG,0.3806,0.4004,2015-08-14,XSHG
4618,10000246.XSHG,0.3262,0.3519,2015-08-14,XSHG
4619,10000241.XSHG,0.0022,0.001,2015-08-14,XSHG
4620,10000240.XSHG,,,2015-08-14,XSHG
4621,10000243.XSHG,0.0013,0.0005,2015-08-14,XSHG
4622,10000242.XSHG,0.0008,0.0003,2015-08-14,XSHG
4623,10000125.XSHG,0.039,0.0319,2015-08-14,XSHG
4624,10000126.XSHG,0.3257,0.3544,2015-08-14,XSHG
4625,10000088.XSHG,0.2087,0.2255,2015-08-14,XSHG
4626,10000158.XSHG,0.554,0.5709,2015-08-14,XSHG
4627,10000080.XSHG,0.177,0.195,2015-08-14,XSHG
4628,10000322.XSHG,0.1828,0.1916,2015-08-14,XSHG
4629,10000320.XSHG,0.1242,0.13,2015-08-14,XSHG
4630,10000321.XSHG,0.376,0.3934,2015-08-14,XSHG
4631,10000095.XSHG,0.0596,0.0513,2015-08-14,XSHG
4632,10000315.XSHG,0.2705,0.27,2015-08-14,XSHG
4633,10000036.XSHG,0.0202,0.0247,2015-08-14,XSHG
4634,10000037.XSHG,0.0255,0.0304,2015-08-14,XSHG
4635,10000034.XSHG,0.2568,0.2362,2015-08-14,XSHG
4636,10000035.XSHG,0.219,0.2037,2015-08-14,XSHG
4637,10000032.XSHG,0.3384,0.3169,2015-08-14,XSHG
4638,10000033.XSHG,0.2968,0.2729,2015-08-14,XSHG
4639,10000031.XSHG,0.3813,0.3555,2015-08-14,XSHG
4640,10000038.XSHG,0.0334,0.0398,2015-08-14,XSHG
4641,10000039.XSHG,0.0454,0.0527,2015-08-14,XSHG
4642,10000238.XSHG,0.1247,0.1203,2015-08-14,XSHG
4643,10000239.XSHG,0.337,0.3411,2015-08-14,XSHG
4644,10000139.XSHG,0.0308,0.0256,2015-08-14,XSHG
4645,10000237.XSHG,0.1388,0.1369,2015-08-14,XSHG
4646,10000308.XSHG,0.3297,0.3297,2015-08-14,XSHG
4647,10000309.XSHG,0.3147,0.3147,2015-08-14,XSHG
4648,10000103.XSHG,0.0489,0.042,2015-08-14,XSHG
4649,10000104.XSHG,0.2875,0.3052,2015-08-14,XSHG
4650,10000228.XSHG,1.0619,1.0936,2015-08-14,XSHG
4651,10000227.XSHG,0.0353,0.0298,2015-08-14,XSHG
4652,10000226.XSHG,1.0493,1.0619,2015-08-14,XSHG
4653,10000225.XSHG,0.0034,0.0023,2015-08-14,XSHG
4654,10000142.XSHG,0.4203,0.4259,2015-08-14,XSHG
4655,10000269.XSHG,0.1966,0.1803,2015-08-14,XSHG
4656,10000268.XSHG,0.1954,0.2052,2015-08-14,XSHG
4657,10000306.XSHG,0.1655,0.1573,2015-08-14,XSHG
4658,10000296.XSHG,0.4691,0.4636,2015-08-14,XSHG
4659,10000297.XSHG,0.17,0.1469,2015-08-14,XSHG
4660,10000294.XSHG,0.3888,0.3919,2015-08-14,XSHG
4661,10000295.XSHG,0.4262,0.4094,2015-08-14,XSHG
4662,10000292.XSHG,0.3167,0.3289,2015-08-14,XSHG
4663,10000293.XSHG,0.3651,0.3439,2015-08-14,XSHG
4664,10000290.XSHG,0.19,0.1851,2015-08-14,XSHG
4665,10000291.XSHG,0.2077,0.1714,2015-08-14,XSHG
4666,10000298.XSHG,0.4917,0.49,2015-08-14,XSHG
4667,10000299.XSHG,0.1836,0.1583,2015-08-14,XSHG
4668,10000307.XSHG,0.3579,0.3579,2015-08-14,XSHG
4669,10000182.XSHG,0.8536,0.8655,2015-08-14,XSHG
4670,10000183.XSHG,0.088,0.0833,2015-08-14,XSHG
4671,10000181.XSHG,0.0044,0.0036,2015-08-14,XSHG
4672,10000186.XSHG,0.0542,0.045,2015-08-14,XSHG
4673,10000187.XSHG,0.047,0.0394,2015-08-14,XSHG
4674,10000184.XSHG,0.0722,0.0634,2015-08-14,XSHG
4675,10000185.XSHG,0.0622,0.0531,2015-08-14,XSHG
4676,10000188.XSHG,0.5264,0.5398,2015-08-14,XSHG
4677,10000189.XSHG,0.6125,0.6125,2015-08-14,XSHG
4678,10000201.XSHG,0.073,0.0621,2015-08-17,XSHG
4679,10000200.XSHG,1.0078,1.057,2015-08-17,XSHG
4680,10000203.XSHG,0.081,0.0696,2015-08-17,XSHG
4681,10000202.XSHG,0.52,0.5513,2015-08-17,XSHG
4682,10000205.XSHG,0.0896,0.0784,2015-08-17,XSHG
4683,10000204.XSHG,0.48,0.5002,2015-08-17,XSHG
4684,10000206.XSHG,0.4194,0.4563,2015-08-17,XSHG
4685,10000165.XSHG,0.0058,0.0045,2015-08-17,XSHG
4686,10000166.XSHG,0.6757,0.7472,2015-08-17,XSHG
4687,10000197.XSHG,0.0021,0.0023,2015-08-17,XSHG
4688,10000191.XSHG,0.8381,0.8689,2015-08-17,XSHG
4689,10000190.XSHG,0.736,0.7709,2015-08-17,XSHG
4690,10000192.XSHG,0.9365,0.9609,2015-08-17,XSHG
4691,10000055.XSHG,0.1364,0.1037,2015-08-17,XSHG
4692,10000056.XSHG,0.1142,0.14,2015-08-17,XSHG
4693,10000199.XSHG,0.0344,0.0233,2015-08-17,XSHG
4694,10000198.XSHG,0.9978,1.0378,2015-08-17,XSHG
4695,10000274.XSHG,0.3517,0.3533,2015-08-17,XSHG
4696,10000277.XSHG,0.0517,0.033,2015-08-17,XSHG
4697,10000270.XSHG,0.1447,0.1308,2015-08-17,XSHG
4698,10000271.XSHG,0.1337,0.1139,2015-08-17,XSHG
4699,10000272.XSHG,0.2605,0.2701,2015-08-17,XSHG
4700,10000273.XSHG,0.3115,0.3216,2015-08-17,XSHG
4701,10000173.XSHG,0.0046,0.0036,2015-08-17,XSHG
4702,10000278.XSHG,0.0659,0.0831,2015-08-17,XSHG
4703,10000279.XSHG,0.2061,0.1681,2015-08-17,XSHG
4704,10000174.XSHG,0.8066,0.8388,2015-08-17,XSHG
4705,10000289.XSHG,0.1858,0.1651,2015-08-17,XSHG
4706,10000288.XSHG,0.2013,0.1817,2015-08-17,XSHG
4707,10000048.XSHG,0.0905,0.11,2015-08-17,XSHG
4708,10000047.XSHG,0.1576,0.1287,2015-08-17,XSHG
4709,10000280.XSHG,0.2139,0.2655,2015-08-17,XSHG
4710,10000283.XSHG,0.08,0.0545,2015-08-17,XSHG
4711,10000285.XSHG,0.21,0.1795,2015-08-17,XSHG
4712,10000284.XSHG,0.0441,0.0565,2015-08-17,XSHG
4713,10000287.XSHG,0.2185,0.2075,2015-08-17,XSHG
4714,10000040.XSHG,0.0707,0.0876,2015-08-17,XSHG
4715,10000267.XSHG,0.1722,0.2063,2015-08-17,XSHG
4716,10000266.XSHG,0.1309,0.1644,2015-08-17,XSHG
4717,10000265.XSHG,0.0948,0.12,2015-08-17,XSHG
4718,10000264.XSHG,0.0068,0.0044,2015-08-17,XSHG
4719,10000263.XSHG,0.0094,0.0075,2015-08-17,XSHG
4720,10000262.XSHG,0.0217,0.0123,2015-08-17,XSHG
4721,10000261.XSHG,0.0396,0.0202,2015-08-17,XSHG
4722,10000149.XSHG,0.0141,0.0108,2015-08-17,XSHG
4723,10000300.XSHG,0.112,0.0862,2015-08-17,XSHG
4724,10000301.XSHG,0.0119,0.0158,2015-08-17,XSHG
4725,10000302.XSHG,0.0228,0.0313,2015-08-17,XSHG
4726,10000303.XSHG,0.2548,0.23,2015-08-17,XSHG
4727,10000304.XSHG,0.2283,0.2078,2015-08-17,XSHG
4728,10000305.XSHG,0.1315,0.1746,2015-08-17,XSHG
4729,10000140.XSHG,0.0181,0.0136,2015-08-17,XSHG
4730,10000141.XSHG,0.4109,0.4548,2015-08-17,XSHG
4731,10000087.XSHG,0.0597,0.0428,2015-08-17,XSHG
4732,10000072.XSHG,0.1697,0.2043,2015-08-17,XSHG
4733,10000071.XSHG,0.091,0.066,2015-08-17,XSHG
4734,10000079.XSHG,0.0743,0.0529,2015-08-17,XSHG
4735,10000252.XSHG,0.001,0.0009,2015-08-17,XSHG
4736,10000253.XSHG,0.2667,0.2989,2015-08-17,XSHG
4737,10000250.XSHG,0.6655,0.6954,2015-08-17,XSHG
4738,10000251.XSHG,0.0016,0.0017,2015-08-17,XSHG
4739,10000254.XSHG,0.3164,0.3482,2015-08-17,XSHG
4740,10000150.XSHG,0.5127,0.5499,2015-08-17,XSHG
4741,10000319.XSHG,0.2751,0.2477,2015-08-17,XSHG
4742,10000318.XSHG,0.007,0.0077,2015-08-17,XSHG
4743,10000157.XSHG,0.0084,0.007,2015-08-17,XSHG
4744,10000313.XSHG,0.2465,0.2469,2015-08-17,XSHG
4745,10000312.XSHG,0.2187,0.2083,2015-08-17,XSHG
4746,10000311.XSHG,0.2285,0.22,2015-08-17,XSHG
4747,10000310.XSHG,0.2473,0.2473,2015-08-17,XSHG
4748,10000317.XSHG,0.1997,0.1625,2015-08-17,XSHG
4749,10000316.XSHG,0.3005,0.341,2015-08-17,XSHG
4750,10000096.XSHG,0.287,0.3236,2015-08-17,XSHG
4751,10000314.XSHG,0.2704,0.2751,2015-08-17,XSHG
4752,10000064.XSHG,0.1404,0.1655,2015-08-17,XSHG
4753,10000063.XSHG,0.1116,0.08,2015-08-17,XSHG
4754,10000286.XSHG,0.221,0.2344,2015-08-17,XSHG
4755,10000249.XSHG,0.5909,0.5965,2015-08-17,XSHG
4756,10000248.XSHG,0.4595,0.4976,2015-08-17,XSHG
4757,10000245.XSHG,0.0005,0.0003,2015-08-17,XSHG
4758,10000244.XSHG,0.0003,0.0003,2015-08-17,XSHG
4759,10000247.XSHG,0.4076,0.451,2015-08-17,XSHG
4760,10000246.XSHG,0.364,0.3971,2015-08-17,XSHG
4761,10000241.XSHG,0.0006,0.0005,2015-08-17,XSHG
4762,10000240.XSHG,0.4195,0.4399,2015-08-17,XSHG
4763,10000243.XSHG,0.0003,0.0002,2015-08-17,XSHG
4764,10000242.XSHG,0.0007,0.0004,2015-08-17,XSHG
4765,10000125.XSHG,0.0292,0.0214,2015-08-17,XSHG
4766,10000126.XSHG,0.3675,0.4028,2015-08-17,XSHG
4767,10000088.XSHG,0.2388,0.2811,2015-08-17,XSHG
4768,10000158.XSHG,0.5987,0.6498,2015-08-17,XSHG
4769,10000080.XSHG,0.2011,0.2389,2015-08-17,XSHG
4770,10000322.XSHG,0.1555,0.1967,2015-08-17,XSHG
4771,10000320.XSHG,0.1299,0.1417,2015-08-17,XSHG
4772,10000321.XSHG,0.3304,0.3251,2015-08-17,XSHG
4773,10000095.XSHG,0.0473,0.0342,2015-08-17,XSHG
4774,10000315.XSHG,0.2981,0.3117,2015-08-17,XSHG
4775,10000036.XSHG,0.0242,0.0275,2015-08-17,XSHG
4776,10000037.XSHG,0.0308,0.0361,2015-08-17,XSHG
4777,10000034.XSHG,0.2278,0.1857,2015-08-17,XSHG
4778,10000035.XSHG,0.1943,0.156,2015-08-17,XSHG
4779,10000032.XSHG,0.3073,0.2564,2015-08-17,XSHG
4780,10000033.XSHG,0.2652,0.2184,2015-08-17,XSHG
4781,10000031.XSHG,0.3581,0.2982,2015-08-17,XSHG
4782,10000038.XSHG,0.0408,0.0487,2015-08-17,XSHG
4783,10000039.XSHG,0.0549,0.0665,2015-08-17,XSHG
4784,10000238.XSHG,0.107,0.0891,2015-08-17,XSHG
4785,10000239.XSHG,0.3749,0.3911,2015-08-17,XSHG
4786,10000139.XSHG,0.0226,0.0167,2015-08-17,XSHG
4787,10000237.XSHG,0.1171,0.1055,2015-08-17,XSHG
4788,10000308.XSHG,0.2973,0.2973,2015-08-17,XSHG
4789,10000309.XSHG,0.2629,0.2599,2015-08-17,XSHG
4790,10000103.XSHG,0.0375,0.0265,2015-08-17,XSHG
4791,10000104.XSHG,0.2983,0.3627,2015-08-17,XSHG
4792,10000228.XSHG,1.1233,1.1565,2015-08-17,XSHG
4793,10000227.XSHG,0.0298,0.0196,2015-08-17,XSHG
4794,10000226.XSHG,1.0944,1.1368,2015-08-17,XSHG
4795,10000225.XSHG,0.0021,0.0018,2015-08-17,XSHG
4796,10000142.XSHG,0.45,0.5033,2015-08-17,XSHG
4797,10000269.XSHG,0.1578,0.145,2015-08-17,XSHG
4798,10000268.XSHG,0.2186,0.2519,2015-08-17,XSHG
4799,10000306.XSHG,0.1707,0.19,2015-08-17,XSHG
4800,10000296.XSHG,0.4889,0.4969,2015-08-17,XSHG
4801,10000297.XSHG,0.1497,0.126,2015-08-17,XSHG
4802,10000294.XSHG,0.3911,0.4028,2015-08-17,XSHG
4803,10000295.XSHG,0.4588,0.4528,2015-08-17,XSHG
4804,10000292.XSHG,0.326,0.3698,2015-08-17,XSHG
4805,10000293.XSHG,,,2015-08-17,XSHG
4806,10000290.XSHG,0.1578,0.1514,2015-08-17,XSHG
4807,10000291.XSHG,0.1565,0.1359,2015-08-17,XSHG
4808,10000298.XSHG,0.5286,0.533,2015-08-17,XSHG
4809,10000299.XSHG,0.1601,0.1219,2015-08-17,XSHG
4810,10000307.XSHG,0.3175,0.3175,2015-08-17,XSHG
4811,10000182.XSHG,0.9074,0.9385,2015-08-17,XSHG
4812,10000183.XSHG,0.0701,0.0539,2015-08-17,XSHG
4813,10000181.XSHG,0.0034,0.0032,2015-08-17,XSHG
4814,10000186.XSHG,0.046,0.0298,2015-08-17,XSHG
4815,10000187.XSHG,0.0395,0.0247,2015-08-17,XSHG
4816,10000184.XSHG,0.0615,0.044,2015-08-17,XSHG
4817,10000185.XSHG,0.0529,0.0337,2015-08-17,XSHG
4818,10000188.XSHG,0.5275,0.5928,2015-08-17,XSHG
4819,10000189.XSHG,0.6473,0.6905,2015-08-17,XSHG
4820,10000201.XSHG,0.0677,0.028,2015-08-18,XSHG
4821,10000200.XSHG,1.1438,1.1438,2015-08-18,XSHG
4822,10000203.XSHG,0.0713,0.0317,2015-08-18,XSHG
4823,10000202.XSHG,0.6309,0.6309,2015-08-18,XSHG
4824,10000205.XSHG,0.0769,0.0444,2015-08-18,XSHG
4825,10000204.XSHG,0.488,0.6486,2015-08-18,XSHG
4826,10000206.XSHG,0.48,0.5983,2015-08-18,XSHG
4827,10000165.XSHG,0.0047,0.0023,2015-08-18,XSHG
4828,10000166.XSHG,0.7403,0.8998,2015-08-18,XSHG
4829,10000197.XSHG,0.0042,0.0015,2015-08-18,XSHG
4830,10000191.XSHG,0.8668,1.0019,2015-08-18,XSHG
4831,10000190.XSHG,0.82,0.8578,2015-08-18,XSHG
4832,10000192.XSHG,1.062,1.0621,2015-08-18,XSHG
4833,10000055.XSHG,0.1016,0.0442,2015-08-18,XSHG
4834,10000056.XSHG,0.14,0.2243,2015-08-18,XSHG
4835,10000199.XSHG,0.0221,0.0121,2015-08-18,XSHG
4836,10000198.XSHG,1.0172,1.1725,2015-08-18,XSHG
4837,10000274.XSHG,0.39,0.44,2015-08-18,XSHG
4838,10000277.XSHG,0.0333,0.0061,2015-08-18,XSHG
4839,10000270.XSHG,0.1337,0.068,2015-08-18,XSHG
4840,10000271.XSHG,0.118,0.0629,2015-08-18,XSHG
4841,10000272.XSHG,0.3122,0.3907,2015-08-18,XSHG
4842,10000273.XSHG,0.3528,0.4377,2015-08-18,XSHG
4843,10000173.XSHG,0.0037,0.0026,2015-08-18,XSHG
4844,10000278.XSHG,0.083,0.1899,2015-08-18,XSHG
4845,10000279.XSHG,0.157,0.0972,2015-08-18,XSHG
4846,10000174.XSHG,0.8388,0.9725,2015-08-18,XSHG
4847,10000289.XSHG,0.1655,0.1109,2015-08-18,XSHG
4848,10000288.XSHG,0.1972,0.1161,2015-08-18,XSHG
4849,10000048.XSHG,0.111,0.1825,2015-08-18,XSHG
4850,10000047.XSHG,0.1257,0.056,2015-08-18,XSHG
4851,10000280.XSHG,0.2589,0.3522,2015-08-18,XSHG
4852,10000283.XSHG,0.0547,0.0093,2015-08-18,XSHG
4853,10000285.XSHG,0.1735,0.1136,2015-08-18,XSHG
4854,10000284.XSHG,0.0568,0.1365,2015-08-18,XSHG
4855,10000287.XSHG,0.193,0.1371,2015-08-18,XSHG
4856,10000040.XSHG,0.0772,0.15,2015-08-18,XSHG
4857,10000267.XSHG,0.2079,0.3578,2015-08-18,XSHG
4858,10000266.XSHG,0.1628,0.318,2015-08-18,XSHG
4859,10000265.XSHG,0.12,0.2324,2015-08-18,XSHG
4860,10000264.XSHG,0.0042,0.0021,2015-08-18,XSHG
4861,10000263.XSHG,0.0072,0.0028,2015-08-18,XSHG
4862,10000262.XSHG,0.0122,0.0042,2015-08-18,XSHG
4863,10000261.XSHG,0.0197,0.002,2015-08-18,XSHG
4864,10000149.XSHG,0.0106,0.0046,2015-08-18,XSHG
4865,10000300.XSHG,0.099,0.0201,2015-08-18,XSHG
4866,10000301.XSHG,0.0155,0.075,2015-08-18,XSHG
4867,10000302.XSHG,0.0323,0.1088,2015-08-18,XSHG
4868,10000303.XSHG,0.225,0.1356,2015-08-18,XSHG
4869,10000304.XSHG,0.2048,0.1187,2015-08-18,XSHG
4870,10000305.XSHG,0.1619,0.2281,2015-08-18,XSHG
4871,10000140.XSHG,0.0134,0.0056,2015-08-18,XSHG
4872,10000141.XSHG,0.4523,0.5743,2015-08-18,XSHG
4873,10000087.XSHG,0.0412,0.0158,2015-08-18,XSHG
4874,10000072.XSHG,0.198,0.2975,2015-08-18,XSHG
4875,10000071.XSHG,0.0654,0.026,2015-08-18,XSHG
4876,10000079.XSHG,0.0513,0.0206,2015-08-18,XSHG
4877,10000252.XSHG,0.0004,0.0009,2015-08-18,XSHG
4878,10000253.XSHG,0.3028,0.4265,2015-08-18,XSHG
4879,10000250.XSHG,0.6797,0.7944,2015-08-18,XSHG
4880,10000251.XSHG,0.0015,0.0011,2015-08-18,XSHG
4881,10000254.XSHG,0.3518,0.474,2015-08-18,XSHG
4882,10000150.XSHG,0.5466,0.687,2015-08-18,XSHG
4883,10000319.XSHG,0.255,0.1533,2015-08-18,XSHG
4884,10000318.XSHG,0.0099,0.0448,2015-08-18,XSHG
4885,10000157.XSHG,0.008,0.0031,2015-08-18,XSHG
4886,10000313.XSHG,0.2595,0.2946,2015-08-18,XSHG
4887,10000312.XSHG,0.2448,0.2646,2015-08-18,XSHG
4888,10000311.XSHG,0.1907,0.1653,2015-08-18,XSHG
4889,10000310.XSHG,0.251,0.1811,2015-08-18,XSHG
4890,10000317.XSHG,0.158,0.0506,2015-08-18,XSHG
4891,10000316.XSHG,0.3315,0.4229,2015-08-18,XSHG
4892,10000096.XSHG,0.3173,0.4338,2015-08-18,XSHG
4893,10000314.XSHG,0.2761,0.33,2015-08-18,XSHG
4894,10000064.XSHG,0.1688,0.2532,2015-08-18,XSHG
4895,10000063.XSHG,0.08,0.035,2015-08-18,XSHG
4896,10000286.XSHG,0.2282,0.3262,2015-08-18,XSHG
4897,10000249.XSHG,0.5997,0.757,2015-08-18,XSHG
4898,10000248.XSHG,0.5003,0.64,2015-08-18,XSHG
4899,10000245.XSHG,0.0002,0.0004,2015-08-18,XSHG
4900,10000244.XSHG,0.0003,0.0004,2015-08-18,XSHG
4901,10000247.XSHG,0.4508,0.5914,2015-08-18,XSHG
4902,10000246.XSHG,0.4012,0.5409,2015-08-18,XSHG
4903,10000241.XSHG,0.0016,0.0004,2015-08-18,XSHG
4904,10000240.XSHG,0.431,0.5629,2015-08-18,XSHG
4905,10000243.XSHG,0.0006,0.0003,2015-08-18,XSHG
4906,10000242.XSHG,0.0006,0.0004,2015-08-18,XSHG
4907,10000125.XSHG,0.0208,0.0073,2015-08-18,XSHG
4908,10000126.XSHG,0.4015,0.538,2015-08-18,XSHG
4909,10000088.XSHG,0.2773,0.3843,2015-08-18,XSHG
4910,10000158.XSHG,0.6425,0.7741,2015-08-18,XSHG
4911,10000080.XSHG,0.2386,0.3506,2015-08-18,XSHG
4912,10000322.XSHG,0.1878,0.2401,2015-08-18,XSHG
4913,10000320.XSHG,0.14,0.1945,2015-08-18,XSHG
4914,10000321.XSHG,0.3713,0.2516,2015-08-18,XSHG
4915,10000095.XSHG,0.033,0.0125,2015-08-18,XSHG
4916,10000315.XSHG,0.3051,0.3661,2015-08-18,XSHG
4917,10000036.XSHG,0.0272,0.0599,2015-08-18,XSHG
4918,10000037.XSHG,0.0374,0.0745,2015-08-18,XSHG
4919,10000034.XSHG,0.2601,0.094,2015-08-18,XSHG
4920,10000035.XSHG,0.1585,0.076,2015-08-18,XSHG
4921,10000032.XSHG,0.2646,0.1505,2015-08-18,XSHG
4922,10000033.XSHG,0.285,0.1194,2015-08-18,XSHG
4923,10000031.XSHG,0.3437,0.1899,2015-08-18,XSHG
4924,10000038.XSHG,0.0497,0.0964,2015-08-18,XSHG
4925,10000039.XSHG,0.065,0.122,2015-08-18,XSHG
4926,10000238.XSHG,0.0945,0.0504,2015-08-18,XSHG
4927,10000239.XSHG,0.402,0.4953,2015-08-18,XSHG
4928,10000139.XSHG,0.0164,0.0058,2015-08-18,XSHG
4929,10000237.XSHG,0.1049,0.0573,2015-08-18,XSHG
4930,10000308.XSHG,0.3152,0.2081,2015-08-18,XSHG
4931,10000309.XSHG,0.2633,0.1883,2015-08-18,XSHG
4932,10000103.XSHG,0.0257,0.0108,2015-08-18,XSHG
4933,10000104.XSHG,0.3588,0.4802,2015-08-18,XSHG
4934,10000228.XSHG,1.1611,1.2686,2015-08-18,XSHG
4935,10000227.XSHG,0.0183,0.0116,2015-08-18,XSHG
4936,10000226.XSHG,1.1162,1.3007,2015-08-18,XSHG
4937,10000225.XSHG,0.0018,0.0016,2015-08-18,XSHG
4938,10000142.XSHG,0.4991,0.628,2015-08-18,XSHG
4939,10000269.XSHG,0.1503,0.0814,2015-08-18,XSHG
4940,10000268.XSHG,0.2547,0.39,2015-08-18,XSHG
4941,10000306.XSHG,0.1868,0.2873,2015-08-18,XSHG
4942,10000296.XSHG,0.5666,0.5666,2015-08-18,XSHG
4943,10000297.XSHG,0.1317,0.0821,2015-08-18,XSHG
4944,10000294.XSHG,0.4863,0.4863,2015-08-18,XSHG
4945,10000295.XSHG,0.4624,0.5304,2015-08-18,XSHG
4946,10000292.XSHG,0.3834,0.4214,2015-08-18,XSHG
4947,10000293.XSHG,0.3751,0.4874,2015-08-18,XSHG
4948,10000290.XSHG,0.15,0.0972,2015-08-18,XSHG
4949,10000291.XSHG,0.122,0.0892,2015-08-18,XSHG
4950,10000298.XSHG,0.4562,0.6753,2015-08-18,XSHG
4951,10000299.XSHG,0.1242,0.0312,2015-08-18,XSHG
4952,10000307.XSHG,0.4008,0.2092,2015-08-18,XSHG
4953,10000182.XSHG,0.9394,1.0871,2015-08-18,XSHG
4954,10000183.XSHG,0.0541,0.03,2015-08-18,XSHG
4955,10000181.XSHG,0.0028,0.0019,2015-08-18,XSHG
4956,10000186.XSHG,0.0282,0.0158,2015-08-18,XSHG
4957,10000187.XSHG,0.0246,0.0122,2015-08-18,XSHG
4958,10000184.XSHG,0.0455,0.0208,2015-08-18,XSHG
4959,10000185.XSHG,0.0352,0.0166,2015-08-18,XSHG
4960,10000188.XSHG,0.6997,0.6997,2015-08-18,XSHG
4961,10000189.XSHG,0.7106,0.8067,2015-08-18,XSHG
4962,10000201.XSHG,0.03,0.0343,2015-08-19,XSHG
4963,10000200.XSHG,1.1603,1.1619,2015-08-19,XSHG
4964,10000203.XSHG,0.0339,0.037,2015-08-19,XSHG
4965,10000202.XSHG,0.6392,0.6392,2015-08-19,XSHG
4966,10000205.XSHG,0.0413,0.045,2015-08-19,XSHG
4967,10000204.XSHG,0.6263,0.6263,2015-08-19,XSHG
4968,10000206.XSHG,0.583,0.5341,2015-08-19,XSHG
4969,10000165.XSHG,0.0027,0.0028,2015-08-19,XSHG
4970,10000166.XSHG,0.857,0.8399,2015-08-19,XSHG
4971,10000197.XSHG,0.0004,0.0015,2015-08-19,XSHG
4972,10000191.XSHG,,1.0019,2015-08-19,XSHG
4973,10000190.XSHG,0.9555,0.9555,2015-08-19,XSHG
4974,10000192.XSHG,1.0735,1.1004,2015-08-19,XSHG
4975,10000055.XSHG,0.0446,0.0513,2015-08-19,XSHG
4976,10000056.XSHG,0.224,0.1972,2015-08-19,XSHG
4977,10000199.XSHG,0.0116,0.0118,2015-08-19,XSHG
4978,10000198.XSHG,1.1484,1.146,2015-08-19,XSHG
4979,10000274.XSHG,0.4615,0.43,2015-08-19,XSHG
4980,10000277.XSHG,0.0058,0.0071,2015-08-19,XSHG
4981,10000270.XSHG,0.0737,0.0807,2015-08-19,XSHG
4982,10000271.XSHG,0.065,0.0698,2015-08-19,XSHG
4983,10000272.XSHG,0.4092,0.3403,2015-08-19,XSHG
4984,10000273.XSHG,0.4628,0.4274,2015-08-19,XSHG
4985,10000173.XSHG,0.002,0.0027,2015-08-19,XSHG
4986,10000278.XSHG,0.1944,0.1586,2015-08-19,XSHG
4987,10000279.XSHG,0.0968,0.1085,2015-08-19,XSHG
4988,10000174.XSHG,0.9538,0.9477,2015-08-19,XSHG
4989,10000289.XSHG,0.108,0.107,2015-08-19,XSHG
4990,10000288.XSHG,0.1197,0.1258,2015-08-19,XSHG
4991,10000048.XSHG,0.139,0.1659,2015-08-19,XSHG
4992,10000047.XSHG,0.0578,0.0632,2015-08-19,XSHG
4993,10000280.XSHG,0.3451,0.2988,2015-08-19,XSHG
4994,10000283.XSHG,0.01,0.0121,2015-08-19,XSHG
4995,10000285.XSHG,0.1107,0.12,2015-08-19,XSHG
4996,10000284.XSHG,0.14,0.1164,2015-08-19,XSHG
4997,10000287.XSHG,0.1342,0.1369,2015-08-19,XSHG
4998,10000040.XSHG,0.1583,0.13,2015-08-19,XSHG
4999,10000267.XSHG,0.3446,0.3098,2015-08-19,XSHG
