,code,open,close,date,exchange_code
0,10000200.XSHG,0.5315,0.5764,2015-05-05,XSHG
1,10000161.XSHG,0.1487,0.0902,2015-05-05,XSHG
2,10000162.XSHG,0.1385,0.184,2015-05-05,XSHG
3,10000163.XSHG,0.2119,0.1629,2015-05-05,XSHG
4,10000164.XSHG,0.1917,0.2364,2015-05-05,XSHG
5,10000165.XSHG,0.3575,0.2974,2015-05-05,XSHG
6,10000166.XSHG,0.2937,0.319,2015-05-05,XSHG
7,10000195.XSHG,0.1049,0.0706,2015-05-05,XSHG
8,10000194.XSHG,0.3344,0.4236,2015-05-05,XSHG
9,10000197.XSHG,0.227,0.2047,2015-05-05,XSHG
10,10000196.XSHG,0.3875,0.4435,2015-05-05,XSHG
11,10000191.XSHG,0.4306,0.4318,2015-05-05,XSHG
12,10000190.XSHG,0.36,0.3797,2015-05-05,XSHG
13,10000193.XSHG,0.0503,0.0279,2015-05-05,XSHG
14,10000192.XSHG,0.4712,0.513,2015-05-05,XSHG
15,10000054.XSHG,0.0141,0.0172,2015-05-05,XSHG
16,10000055.XSHG,0.7201,0.7201,2015-05-05,XSHG
17,10000056.XSHG,0.0484,0.0549,2015-05-05,XSHG
18,10000199.XSHG,0.3396,0.2974,2015-05-05,XSHG
19,10000198.XSHG,0.4582,0.5112,2015-05-05,XSHG
20,10000053.XSHG,0.7085,0.6321,2015-05-05,XSHG
21,10000179.XSHG,0.1341,0.0959,2015-05-05,XSHG
22,10000178.XSHG,0.2661,0.3364,2015-05-05,XSHG
23,10000173.XSHG,0.2893,0.2455,2015-05-05,XSHG
24,10000172.XSHG,0.2409,0.2984,2015-05-05,XSHG
25,10000171.XSHG,0.175,0.124,2015-05-05,XSHG
26,10000170.XSHG,0.1945,0.2453,2015-05-05,XSHG
27,10000177.XSHG,0.0747,0.0416,2015-05-05,XSHG
28,10000174.XSHG,0.3878,0.3869,2015-05-05,XSHG
29,10000169.XSHG,0.1076,0.0586,2015-05-05,XSHG
30,10000048.XSHG,0.0406,0.0457,2015-05-05,XSHG
31,10000047.XSHG,0.7779,0.7779,2015-05-05,XSHG
32,10000046.XSHG,0.0112,0.0134,2015-05-05,XSHG
33,10000045.XSHG,0.7483,0.6816,2015-05-05,XSHG
34,10000040.XSHG,0.0339,0.0381,2015-05-05,XSHG
35,10000148.XSHG,0.1014,0.138,2015-05-05,XSHG
36,10000149.XSHG,0.397,0.3761,2015-05-05,XSHG
37,10000146.XSHG,0.0573,0.079,2015-05-05,XSHG
38,10000147.XSHG,0.3183,0.2577,2015-05-05,XSHG
39,10000145.XSHG,0.265,0.1845,2015-05-05,XSHG
40,10000142.XSHG,0.193,0.1906,2015-05-05,XSHG
41,10000140.XSHG,0.4318,0.4318,2015-05-05,XSHG
42,10000141.XSHG,0.171,0.171,2015-05-05,XSHG
43,10000072.XSHG,0.0667,0.0759,2015-05-05,XSHG
44,10000070.XSHG,0.0222,0.0285,2015-05-05,XSHG
45,10000071.XSHG,0.6328,0.6328,2015-05-05,XSHG
46,10000077.XSHG,0.5836,0.5039,2015-05-05,XSHG
47,10000078.XSHG,0.0275,0.0347,2015-05-05,XSHG
48,10000079.XSHG,0.5946,0.5946,2015-05-05,XSHG
49,10000150.XSHG,0.196,0.2326,2015-05-05,XSHG
50,10000153.XSHG,0.2018,0.1308,2015-05-05,XSHG
51,10000155.XSHG,0.2579,0.2085,2015-05-05,XSHG
52,10000154.XSHG,0.0934,0.127,2015-05-05,XSHG
53,10000157.XSHG,0.3996,0.3427,2015-05-05,XSHG
54,10000156.XSHG,0.1369,0.176,2015-05-05,XSHG
55,10000158.XSHG,0.2503,0.2806,2015-05-05,XSHG
56,10000093.XSHG,0.4981,0.4253,2015-05-05,XSHG
57,10000094.XSHG,0.0416,0.0531,2015-05-05,XSHG
58,10000095.XSHG,0.536,0.536,2015-05-05,XSHG
59,10000096.XSHG,0.1051,0.108,2015-05-05,XSHG
60,10000064.XSHG,0.057,0.0666,2015-05-05,XSHG
61,10000061.XSHG,0.67,0.5873,2015-05-05,XSHG
62,10000063.XSHG,0.6369,0.6369,2015-05-05,XSHG
63,10000062.XSHG,0.0177,0.0212,2015-05-05,XSHG
64,10000069.XSHG,0.6169,0.5469,2015-05-05,XSHG
65,10000124.XSHG,0.0595,0.0766,2015-05-05,XSHG
66,10000125.XSHG,0.5201,0.4509,2015-05-05,XSHG
67,10000126.XSHG,0.158,0.1503,2015-05-05,XSHG
68,10000088.XSHG,0.0898,0.1093,2015-05-05,XSHG
69,10000120.XSHG,0.3888,0.2879,2015-05-05,XSHG
70,10000121.XSHG,0.018,0.0247,2015-05-05,XSHG
71,10000122.XSHG,0.025,0.0345,2015-05-05,XSHG
72,10000123.XSHG,0.3938,0.3419,2015-05-05,XSHG
73,10000080.XSHG,0.0776,0.0883,2015-05-05,XSHG
74,10000087.XSHG,0.604,0.5978,2015-05-05,XSHG
75,10000086.XSHG,0.0333,0.0431,2015-05-05,XSHG
76,10000085.XSHG,0.5385,0.4623,2015-05-05,XSHG
77,10000036.XSHG,0.0149,0.0177,2015-05-05,XSHG
78,10000037.XSHG,0.0183,0.0206,2015-05-05,XSHG
79,10000034.XSHG,0.9056,0.87,2015-05-05,XSHG
80,10000035.XSHG,0.823,0.823,2015-05-05,XSHG
81,10000032.XSHG,1.0001,0.8865,2015-05-05,XSHG
82,10000033.XSHG,0.905,0.883,2015-05-05,XSHG
83,10000030.XSHG,0.0098,0.0103,2015-05-05,XSHG
84,10000031.XSHG,1.0523,0.9603,2015-05-05,XSHG
85,10000038.XSHG,0.0225,0.0252,2015-05-05,XSHG
86,10000039.XSHG,0.028,0.0321,2015-05-05,XSHG
87,10000137.XSHG,0.0751,0.0912,2015-05-05,XSHG
88,10000136.XSHG,0.3508,0.2868,2015-05-05,XSHG
89,10000135.XSHG,0.385,0.3195,2015-05-05,XSHG
90,10000134.XSHG,0.0444,0.0617,2015-05-05,XSHG
91,10000133.XSHG,0.0333,0.0449,2015-05-05,XSHG
92,10000132.XSHG,0.295,0.2221,2015-05-05,XSHG
93,10000131.XSHG,0.3475,0.2475,2015-05-05,XSHG
94,10000139.XSHG,0.5116,0.4384,2015-05-05,XSHG
95,10000138.XSHG,0.0888,0.1126,2015-05-05,XSHG
96,10000108.XSHG,0.5247,0.47,2015-05-05,XSHG
97,10000109.XSHG,0.5234,0.42,2015-05-05,XSHG
98,10000102.XSHG,0.0492,0.0649,2015-05-05,XSHG
99,10000103.XSHG,0.5543,0.4985,2015-05-05,XSHG
100,10000101.XSHG,0.4461,0.389,2015-05-05,XSHG
101,10000106.XSHG,0.6549,0.5672,2015-05-05,XSHG
102,10000107.XSHG,0.6111,0.51,2015-05-05,XSHG
103,10000104.XSHG,0.1189,0.134,2015-05-05,XSHG
104,10000105.XSHG,0.7089,0.6029,2015-05-05,XSHG
105,10000029.XSHG,0.0076,0.0078,2015-05-05,XSHG
106,10000028.XSHG,0.0002,0.006,2015-05-05,XSHG
107,10000119.XSHG,0.4299,0.332,2015-05-05,XSHG
108,10000115.XSHG,0.464,0.3732,2015-05-05,XSHG
109,10000114.XSHG,0.0088,0.0123,2015-05-05,XSHG
110,10000116.XSHG,0.0128,0.0178,2015-05-05,XSHG
111,10000111.XSHG,0.0027,0.004,2015-05-05,XSHG
112,10000110.XSHG,0.002,0.0029,2015-05-05,XSHG
113,10000113.XSHG,0.0051,0.0072,2015-05-05,XSHG
114,10000112.XSHG,0.0034,0.0064,2015-05-05,XSHG
115,10000023.XSHG,0.8999,0.8218,2015-05-05,XSHG
116,10000022.XSHG,0.9445,0.8723,2015-05-05,XSHG
117,10000182.XSHG,0.4298,0.4477,2015-05-05,XSHG
118,10000183.XSHG,0.5449,0.4978,2015-05-05,XSHG
119,10000180.XSHG,0.3036,0.3713,2015-05-05,XSHG
120,10000181.XSHG,0.2624,0.232,2015-05-05,XSHG
121,10000186.XSHG,0.3967,0.3578,2015-05-05,XSHG
122,10000187.XSHG,0.3703,0.3135,2015-05-05,XSHG
123,10000184.XSHG,0.4385,0.4385,2015-05-05,XSHG
124,10000185.XSHG,0.4401,0.3953,2015-05-05,XSHG
125,10000021.XSHG,0.9934,0.9162,2015-05-05,XSHG
126,10000188.XSHG,0.2419,0.2831,2015-05-05,XSHG
127,10000189.XSHG,0.3055,0.3118,2015-05-05,XSHG
128,10000025.XSHG,0.8112,0.7254,2015-05-05,XSHG
129,10000024.XSHG,0.8489,0.786,2015-05-05,XSHG
130,10000027.XSHG,0.0037,0.0039,2015-05-05,XSHG
131,10000026.XSHG,0.003,0.0042,2015-05-05,XSHG
132,10000201.XSHG,0.5388,0.4785,2015-05-06,XSHG
133,10000200.XSHG,0.5352,0.5845,2015-05-06,XSHG
134,10000202.XSHG,0.2769,0.2769,2015-05-06,XSHG
135,10000161.XSHG,0.093,0.081,2015-05-06,XSHG
136,10000162.XSHG,0.1777,0.1924,2015-05-06,XSHG
137,10000163.XSHG,0.1641,0.1492,2015-05-06,XSHG
138,10000164.XSHG,0.2312,0.252,2015-05-06,XSHG
139,10000165.XSHG,0.3109,0.28,2015-05-06,XSHG
140,10000166.XSHG,0.3222,0.34,2015-05-06,XSHG
141,10000195.XSHG,0.079,0.0717,2015-05-06,XSHG
142,10000194.XSHG,0.4149,0.4352,2015-05-06,XSHG
143,10000197.XSHG,0.2017,0.1852,2015-05-06,XSHG
144,10000196.XSHG,0.4427,0.4828,2015-05-06,XSHG
145,10000191.XSHG,,,2015-05-06,XSHG
146,10000190.XSHG,0.35,0.3864,2015-05-06,XSHG
147,10000193.XSHG,0.0279,0.0261,2015-05-06,XSHG
148,10000192.XSHG,0.47,0.49,2015-05-06,XSHG
149,10000054.XSHG,0.0165,0.018,2015-05-06,XSHG
150,10000055.XSHG,,,2015-05-06,XSHG
151,10000056.XSHG,0.0596,0.0559,2015-05-06,XSHG
152,10000199.XSHG,0.2802,0.2695,2015-05-06,XSHG
153,10000198.XSHG,0.5031,0.53,2015-05-06,XSHG
154,10000053.XSHG,0.6528,0.5974,2015-05-06,XSHG
155,10000179.XSHG,0.095,0.0921,2015-05-06,XSHG
156,10000178.XSHG,0.3086,0.3489,2015-05-06,XSHG
157,10000173.XSHG,0.2739,0.253,2015-05-06,XSHG
158,10000172.XSHG,0.2949,0.3288,2015-05-06,XSHG
159,10000171.XSHG,0.124,0.1169,2015-05-06,XSHG
160,10000170.XSHG,0.2481,0.261,2015-05-06,XSHG
161,10000177.XSHG,0.0449,0.0374,2015-05-06,XSHG
162,10000174.XSHG,0.3676,0.4066,2015-05-06,XSHG
163,10000169.XSHG,0.061,0.0553,2015-05-06,XSHG
164,10000048.XSHG,0.0485,0.0423,2015-05-06,XSHG
165,10000047.XSHG,0.76,0.73,2015-05-06,XSHG
166,10000046.XSHG,0.0131,0.0136,2015-05-06,XSHG
167,10000045.XSHG,0.7106,0.6446,2015-05-06,XSHG
168,10000040.XSHG,0.0405,0.0355,2015-05-06,XSHG
169,10000148.XSHG,0.1293,0.1444,2015-05-06,XSHG
170,10000149.XSHG,0.4151,0.37,2015-05-06,XSHG
171,10000146.XSHG,0.0792,0.0815,2015-05-06,XSHG
172,10000147.XSHG,0.261,0.2394,2015-05-06,XSHG
173,10000145.XSHG,0.19,0.17,2015-05-06,XSHG
174,10000142.XSHG,,,2015-05-06,XSHG
175,10000140.XSHG,0.4048,0.4075,2015-05-06,XSHG
176,10000141.XSHG,,,2015-05-06,XSHG
177,10000072.XSHG,0.081,0.0834,2015-05-06,XSHG
178,10000070.XSHG,0.0268,0.0301,2015-05-06,XSHG
179,10000071.XSHG,0.6167,0.6167,2015-05-06,XSHG
180,10000077.XSHG,0.5034,0.481,2015-05-06,XSHG
181,10000078.XSHG,0.0337,0.0354,2015-05-06,XSHG
182,10000079.XSHG,,,2015-05-06,XSHG
183,10000150.XSHG,0.1904,0.2362,2015-05-06,XSHG
184,10000153.XSHG,0.1356,0.1151,2015-05-06,XSHG
185,10000155.XSHG,0.2029,0.1906,2015-05-06,XSHG
186,10000154.XSHG,0.1222,0.1306,2015-05-06,XSHG
187,10000157.XSHG,0.3536,0.3246,2015-05-06,XSHG
188,10000156.XSHG,0.1732,0.1881,2015-05-06,XSHG
189,10000158.XSHG,0.2462,0.2798,2015-05-06,XSHG
190,10000093.XSHG,0.4231,0.3949,2015-05-06,XSHG
191,10000094.XSHG,0.0515,0.0588,2015-05-06,XSHG
192,10000095.XSHG,0.525,0.5125,2015-05-06,XSHG
193,10000096.XSHG,0.1201,0.1274,2015-05-06,XSHG
194,10000064.XSHG,0.0702,0.0714,2015-05-06,XSHG
195,10000061.XSHG,0.6184,0.559,2015-05-06,XSHG
196,10000063.XSHG,0.6973,0.634,2015-05-06,XSHG
197,10000062.XSHG,0.0211,0.0225,2015-05-06,XSHG
198,10000069.XSHG,0.5716,0.5113,2015-05-06,XSHG
199,10000124.XSHG,0.0791,0.0865,2015-05-06,XSHG
200,10000125.XSHG,,,2015-05-06,XSHG
201,10000126.XSHG,0.1286,0.156,2015-05-06,XSHG
202,10000088.XSHG,0.1045,0.1081,2015-05-06,XSHG
203,10000120.XSHG,0.2961,0.2693,2015-05-06,XSHG
204,10000121.XSHG,0.0241,0.0225,2015-05-06,XSHG
205,10000122.XSHG,0.0347,0.0329,2015-05-06,XSHG
206,10000123.XSHG,0.4005,0.3366,2015-05-06,XSHG
207,10000080.XSHG,0.0944,0.0951,2015-05-06,XSHG
208,10000087.XSHG,0.5559,0.57,2015-05-06,XSHG
209,10000086.XSHG,0.0421,0.0454,2015-05-06,XSHG
210,10000085.XSHG,0.4625,0.4406,2015-05-06,XSHG
211,10000036.XSHG,0.0188,0.0201,2015-05-06,XSHG
212,10000037.XSHG,0.0224,0.022,2015-05-06,XSHG
213,10000034.XSHG,0.8797,0.7988,2015-05-06,XSHG
214,10000035.XSHG,0.7796,0.8421,2015-05-06,XSHG
215,10000032.XSHG,0.9894,0.8825,2015-05-06,XSHG
216,10000033.XSHG,0.9,0.89,2015-05-06,XSHG
217,10000030.XSHG,0.01,0.0106,2015-05-06,XSHG
218,10000031.XSHG,0.9592,0.916,2015-05-06,XSHG
219,10000038.XSHG,0.0273,0.0257,2015-05-06,XSHG
220,10000039.XSHG,0.0339,0.0339,2015-05-06,XSHG
221,10000137.XSHG,0.0916,0.1044,2015-05-06,XSHG
222,10000136.XSHG,0.3133,0.265,2015-05-06,XSHG
223,10000135.XSHG,0.3305,0.2885,2015-05-06,XSHG
224,10000134.XSHG,0.06,0.0624,2015-05-06,XSHG
225,10000133.XSHG,0.046,0.0455,2015-05-06,XSHG
226,10000132.XSHG,0.2362,0.1988,2015-05-06,XSHG
227,10000131.XSHG,0.2575,0.2241,2015-05-06,XSHG
228,10000139.XSHG,,,2015-05-06,XSHG
229,10000138.XSHG,0.1093,0.1236,2015-05-06,XSHG
230,10000108.XSHG,0.4904,0.4326,2015-05-06,XSHG
231,10000109.XSHG,0.4224,0.3912,2015-05-06,XSHG
232,10000102.XSHG,0.0631,0.0717,2015-05-06,XSHG
233,10000103.XSHG,0.4922,0.4795,2015-05-06,XSHG
234,10000101.XSHG,0.3856,0.3598,2015-05-06,XSHG
235,10000106.XSHG,0.594,0.5283,2015-05-06,XSHG
236,10000107.XSHG,0.5143,0.474,2015-05-06,XSHG
237,10000104.XSHG,0.1143,0.139,2015-05-06,XSHG
238,10000105.XSHG,0.624,0.5699,2015-05-06,XSHG
239,10000029.XSHG,0.0074,0.0074,2015-05-06,XSHG
240,10000028.XSHG,0.0041,0.0041,2015-05-06,XSHG
241,10000119.XSHG,0.344,0.2965,2015-05-06,XSHG
242,10000115.XSHG,0.3854,0.3429,2015-05-06,XSHG
243,10000114.XSHG,0.012,0.0102,2015-05-06,XSHG
244,10000116.XSHG,0.0167,0.0156,2015-05-06,XSHG
245,10000111.XSHG,0.0032,0.0022,2015-05-06,XSHG
246,10000110.XSHG,0.0019,0.0014,2015-05-06,XSHG
247,10000113.XSHG,0.0047,0.0076,2015-05-06,XSHG
248,10000112.XSHG,0.0032,0.0035,2015-05-06,XSHG
249,10000023.XSHG,0.847,0.775,2015-05-06,XSHG
250,10000022.XSHG,0.8689,0.8318,2015-05-06,XSHG
251,10000182.XSHG,0.4017,0.4645,2015-05-06,XSHG
252,10000183.XSHG,0.4833,0.466,2015-05-06,XSHG
253,10000180.XSHG,0.3659,0.3863,2015-05-06,XSHG
254,10000181.XSHG,0.23,0.2181,2015-05-06,XSHG
255,10000186.XSHG,0.3679,0.3299,2015-05-06,XSHG
256,10000187.XSHG,0.3328,0.3043,2015-05-06,XSHG
257,10000184.XSHG,0.4638,0.4341,2015-05-06,XSHG
258,10000185.XSHG,0.4069,0.392,2015-05-06,XSHG
259,10000021.XSHG,0.9673,0.886,2015-05-06,XSHG
260,10000188.XSHG,0.2412,0.2806,2015-05-06,XSHG
261,10000189.XSHG,0.3029,0.3065,2015-05-06,XSHG
262,10000025.XSHG,0.7571,0.6917,2015-05-06,XSHG
263,10000024.XSHG,0.8047,0.7379,2015-05-06,XSHG
264,10000027.XSHG,0.0036,0.0046,2015-05-06,XSHG
265,10000026.XSHG,0.0026,0.0041,2015-05-06,XSHG
266,10000201.XSHG,0.4985,0.4935,2015-05-07,XSHG
267,10000200.XSHG,0.5931,0.5931,2015-05-07,XSHG
268,10000202.XSHG,0.2544,0.2406,2015-05-07,XSHG
269,10000161.XSHG,0.092,0.075,2015-05-07,XSHG
270,10000162.XSHG,0.1924,0.2129,2015-05-07,XSHG
271,10000163.XSHG,0.1452,0.1442,2015-05-07,XSHG
272,10000164.XSHG,0.2533,0.2646,2015-05-07,XSHG
273,10000165.XSHG,0.27,0.2751,2015-05-07,XSHG
274,10000166.XSHG,0.3425,0.3449,2015-05-07,XSHG
275,10000195.XSHG,0.0696,0.07,2015-05-07,XSHG
276,10000194.XSHG,0.4281,0.4539,2015-05-07,XSHG
277,10000197.XSHG,0.1859,0.1701,2015-05-07,XSHG
278,10000196.XSHG,0.4768,0.4962,2015-05-07,XSHG
279,10000191.XSHG,0.4329,0.45,2015-05-07,XSHG
280,10000190.XSHG,0.398,0.398,2015-05-07,XSHG
281,10000193.XSHG,0.0264,0.0298,2015-05-07,XSHG
282,10000192.XSHG,0.5143,0.5196,2015-05-07,XSHG
283,10000054.XSHG,0.0177,0.0177,2015-05-07,XSHG
284,10000055.XSHG,0.686,0.6738,2015-05-07,XSHG
285,10000056.XSHG,0.0599,0.0605,2015-05-07,XSHG
286,10000199.XSHG,0.2731,0.2704,2015-05-07,XSHG
287,10000198.XSHG,0.5167,0.5516,2015-05-07,XSHG
288,10000053.XSHG,0.6163,0.6042,2015-05-07,XSHG
289,10000179.XSHG,0.0895,0.089,2015-05-07,XSHG
290,10000178.XSHG,0.3385,0.3698,2015-05-07,XSHG
291,10000173.XSHG,0.233,0.2408,2015-05-07,XSHG
292,10000172.XSHG,0.3107,0.33,2015-05-07,XSHG
293,10000171.XSHG,0.1131,0.1153,2015-05-07,XSHG
294,10000170.XSHG,0.2632,0.2829,2015-05-07,XSHG
295,10000177.XSHG,0.0374,0.0385,2015-05-07,XSHG
296,10000174.XSHG,0.3892,0.4062,2015-05-07,XSHG
297,10000169.XSHG,0.0567,0.054,2015-05-07,XSHG
298,10000048.XSHG,0.0492,0.0499,2015-05-07,XSHG
299,10000047.XSHG,0.72,0.7061,2015-05-07,XSHG
300,10000046.XSHG,0.0135,0.0138,2015-05-07,XSHG
301,10000045.XSHG,0.6503,0.6292,2015-05-07,XSHG
302,10000040.XSHG,0.0414,0.0424,2015-05-07,XSHG
303,10000148.XSHG,0.1422,0.1487,2015-05-07,XSHG
304,10000149.XSHG,0.3957,0.3609,2015-05-07,XSHG
305,10000146.XSHG,0.0823,0.0906,2015-05-07,XSHG
306,10000147.XSHG,0.2271,0.225,2015-05-07,XSHG
307,10000145.XSHG,0.1723,0.1552,2015-05-07,XSHG
308,10000142.XSHG,0.2079,0.2079,2015-05-07,XSHG
309,10000140.XSHG,0.3886,0.38,2015-05-07,XSHG
310,10000141.XSHG,0.1799,0.18,2015-05-07,XSHG
311,10000072.XSHG,0.0836,0.0836,2015-05-07,XSHG
312,10000070.XSHG,0.0286,0.0297,2015-05-07,XSHG
313,10000071.XSHG,0.6,0.5881,2015-05-07,XSHG
314,10000077.XSHG,0.482,0.4701,2015-05-07,XSHG
315,10000078.XSHG,0.0351,0.0372,2015-05-07,XSHG
316,10000079.XSHG,,,2015-05-07,XSHG
317,10000150.XSHG,0.2206,0.2381,2015-05-07,XSHG
318,10000153.XSHG,0.119,0.1098,2015-05-07,XSHG
319,10000155.XSHG,0.1848,0.1843,2015-05-07,XSHG
320,10000154.XSHG,0.1284,0.1439,2015-05-07,XSHG
321,10000157.XSHG,0.3174,0.3161,2015-05-07,XSHG
322,10000156.XSHG,0.19,0.1968,2015-05-07,XSHG
323,10000158.XSHG,0.2806,0.2881,2015-05-07,XSHG
324,10000093.XSHG,0.4218,0.3817,2015-05-07,XSHG
325,10000094.XSHG,0.0561,0.058,2015-05-07,XSHG
326,10000095.XSHG,0.4919,0.4934,2015-05-07,XSHG
327,10000096.XSHG,,,2015-05-07,XSHG
328,10000064.XSHG,0.0703,0.0711,2015-05-07,XSHG
329,10000061.XSHG,0.5555,0.5674,2015-05-07,XSHG
330,10000063.XSHG,0.6233,0.5941,2015-05-07,XSHG
331,10000062.XSHG,0.0234,0.0232,2015-05-07,XSHG
332,10000069.XSHG,0.5188,0.5151,2015-05-07,XSHG
333,10000124.XSHG,0.0851,0.0874,2015-05-07,XSHG
334,10000125.XSHG,0.44,0.4331,2015-05-07,XSHG
335,10000126.XSHG,,,2015-05-07,XSHG
336,10000088.XSHG,0.1104,0.1071,2015-05-07,XSHG
337,10000120.XSHG,0.2715,0.2518,2015-05-07,XSHG
338,10000121.XSHG,0.0222,0.0254,2015-05-07,XSHG
339,10000122.XSHG,0.0332,0.037,2015-05-07,XSHG
340,10000123.XSHG,0.3248,0.3079,2015-05-07,XSHG
341,10000080.XSHG,0.0963,0.0963,2015-05-07,XSHG
342,10000087.XSHG,0.525,0.521,2015-05-07,XSHG
343,10000086.XSHG,0.0459,0.0463,2015-05-07,XSHG
344,10000085.XSHG,0.4551,0.42,2015-05-07,XSHG
345,10000036.XSHG,0.0202,0.0201,2015-05-07,XSHG
346,10000037.XSHG,0.0239,0.0231,2015-05-07,XSHG
347,10000034.XSHG,0.8031,0.785,2015-05-07,XSHG
348,10000035.XSHG,0.7705,0.7475,2015-05-07,XSHG
349,10000032.XSHG,0.8994,0.89,2015-05-07,XSHG
350,10000033.XSHG,0.8424,0.8424,2015-05-07,XSHG
351,10000030.XSHG,0.0104,0.0106,2015-05-07,XSHG
352,10000031.XSHG,0.8906,0.9339,2015-05-07,XSHG
353,10000038.XSHG,0.0279,0.0286,2015-05-07,XSHG
354,10000039.XSHG,0.0358,0.0347,2015-05-07,XSHG
355,10000137.XSHG,0.1013,0.1103,2015-05-07,XSHG
356,10000136.XSHG,0.2716,0.2513,2015-05-07,XSHG
357,10000135.XSHG,0.3004,0.2829,2015-05-07,XSHG
358,10000134.XSHG,0.0611,0.0679,2015-05-07,XSHG
359,10000133.XSHG,0.0462,0.05,2015-05-07,XSHG
360,10000132.XSHG,0.2032,0.183,2015-05-07,XSHG
361,10000131.XSHG,0.233,0.213,2015-05-07,XSHG
362,10000139.XSHG,0.41,0.41,2015-05-07,XSHG
363,10000138.XSHG,0.1221,0.1253,2015-05-07,XSHG
364,10000108.XSHG,0.4456,0.4284,2015-05-07,XSHG
365,10000109.XSHG,0.3993,0.3677,2015-05-07,XSHG
366,10000102.XSHG,0.0659,0.0715,2015-05-07,XSHG
367,10000103.XSHG,,,2015-05-07,XSHG
368,10000101.XSHG,0.3519,0.3486,2015-05-07,XSHG
369,10000106.XSHG,0.5414,0.51,2015-05-07,XSHG
370,10000107.XSHG,0.4918,0.4742,2015-05-07,XSHG
371,10000104.XSHG,0.1402,0.1399,2015-05-07,XSHG
372,10000105.XSHG,0.5903,0.5571,2015-05-07,XSHG
373,10000029.XSHG,,,2015-05-07,XSHG
374,10000028.XSHG,0.0048,0.0072,2015-05-07,XSHG
375,10000119.XSHG,0.3112,0.2898,2015-05-07,XSHG
376,10000115.XSHG,0.3545,0.3388,2015-05-07,XSHG
377,10000114.XSHG,0.01,0.0117,2015-05-07,XSHG
378,10000116.XSHG,0.0154,0.0179,2015-05-07,XSHG
379,10000111.XSHG,0.0018,0.0038,2015-05-07,XSHG
380,10000110.XSHG,0.0013,0.0021,2015-05-07,XSHG
381,10000113.XSHG,0.0073,0.0065,2015-05-07,XSHG
382,10000112.XSHG,0.0033,0.0032,2015-05-07,XSHG
383,10000023.XSHG,0.7927,0.7706,2015-05-07,XSHG
384,10000022.XSHG,0.85,0.8287,2015-05-07,XSHG
385,10000182.XSHG,0.4723,0.4723,2015-05-07,XSHG
386,10000183.XSHG,0.4721,0.4661,2015-05-07,XSHG
387,10000180.XSHG,0.4013,0.3965,2015-05-07,XSHG
388,10000181.XSHG,0.2197,0.1989,2015-05-07,XSHG
389,10000186.XSHG,,,2015-05-07,XSHG
390,10000187.XSHG,0.2956,0.2981,2015-05-07,XSHG
391,10000184.XSHG,0.4164,0.4125,2015-05-07,XSHG
392,10000185.XSHG,0.3781,0.3781,2015-05-07,XSHG
393,10000021.XSHG,0.8931,0.8517,2015-05-07,XSHG
394,10000188.XSHG,0.2739,0.272,2015-05-07,XSHG
395,10000189.XSHG,0.3317,0.34,2015-05-07,XSHG
396,10000025.XSHG,0.694,0.6822,2015-05-07,XSHG
397,10000024.XSHG,0.746,0.7351,2015-05-07,XSHG
398,10000027.XSHG,0.0043,0.0036,2015-05-07,XSHG
399,10000026.XSHG,0.0034,0.0033,2015-05-07,XSHG
400,10000201.XSHG,0.4855,0.4535,2015-05-08,XSHG
401,10000200.XSHG,0.5906,0.6054,2015-05-08,XSHG
402,10000203.XSHG,0.5157,0.4826,2015-05-08,XSHG
403,10000202.XSHG,0.2537,0.2739,2015-05-08,XSHG
404,10000204.XSHG,0.223,0.2491,2015-05-08,XSHG
405,10000161.XSHG,0.08,0.0704,2015-05-08,XSHG
406,10000162.XSHG,0.2022,0.2,2015-05-08,XSHG
407,10000163.XSHG,0.1467,0.1422,2015-05-08,XSHG
408,10000164.XSHG,0.2538,0.2617,2015-05-08,XSHG
409,10000165.XSHG,0.2719,0.2537,2015-05-08,XSHG
410,10000166.XSHG,0.3432,0.3622,2015-05-08,XSHG
411,10000195.XSHG,0.0722,0.0728,2015-05-08,XSHG
412,10000194.XSHG,0.4432,0.4571,2015-05-08,XSHG
413,10000197.XSHG,0.185,0.1738,2015-05-08,XSHG
414,10000196.XSHG,0.4764,0.4939,2015-05-08,XSHG
415,10000191.XSHG,0.4511,0.4609,2015-05-08,XSHG
416,10000190.XSHG,0.3949,0.401,2015-05-08,XSHG
417,10000193.XSHG,0.03,0.0228,2015-05-08,XSHG
418,10000192.XSHG,0.4933,0.5275,2015-05-08,XSHG
419,10000054.XSHG,0.0175,0.0181,2015-05-08,XSHG
420,10000055.XSHG,0.67,0.6401,2015-05-08,XSHG
421,10000056.XSHG,0.0606,0.0632,2015-05-08,XSHG
422,10000199.XSHG,0.2817,0.2662,2015-05-08,XSHG
423,10000198.XSHG,0.5499,0.5499,2015-05-08,XSHG
424,10000053.XSHG,0.5901,0.5901,2015-05-08,XSHG
425,10000179.XSHG,0.0919,0.0875,2015-05-08,XSHG
426,10000178.XSHG,0.3596,0.3568,2015-05-08,XSHG
427,10000173.XSHG,0.2322,0.2358,2015-05-08,XSHG
428,10000172.XSHG,0.3209,0.3419,2015-05-08,XSHG
429,10000171.XSHG,0.1167,0.1109,2015-05-08,XSHG
430,10000170.XSHG,0.2778,0.2762,2015-05-08,XSHG
431,10000177.XSHG,0.0392,0.0325,2015-05-08,XSHG
432,10000174.XSHG,0.4164,0.4323,2015-05-08,XSHG
433,10000169.XSHG,0.055,0.0452,2015-05-08,XSHG
434,10000048.XSHG,0.0508,0.0542,2015-05-08,XSHG
435,10000047.XSHG,0.7027,0.6867,2015-05-08,XSHG
436,10000046.XSHG,0.0137,0.0136,2015-05-08,XSHG
437,10000045.XSHG,0.647,0.647,2015-05-08,XSHG
438,10000040.XSHG,0.0424,0.0452,2015-05-08,XSHG
439,10000148.XSHG,0.1429,0.1451,2015-05-08,XSHG
440,10000149.XSHG,0.3776,0.3542,2015-05-08,XSHG
441,10000146.XSHG,0.0875,0.0818,2015-05-08,XSHG
442,10000147.XSHG,0.2317,0.2264,2015-05-08,XSHG
443,10000145.XSHG,0.1641,0.15,2015-05-08,XSHG
444,10000142.XSHG,,,2015-05-08,XSHG
445,10000140.XSHG,0.38,0.3525,2015-05-08,XSHG
446,10000141.XSHG,,,2015-05-08,XSHG
447,10000072.XSHG,0.083,0.083,2015-05-08,XSHG
448,10000070.XSHG,0.0292,0.0295,2015-05-08,XSHG
449,10000071.XSHG,0.5983,0.5962,2015-05-08,XSHG
450,10000077.XSHG,0.4693,0.4693,2015-05-08,XSHG
451,10000078.XSHG,0.0363,0.0424,2015-05-08,XSHG
452,10000079.XSHG,,,2015-05-08,XSHG
453,10000150.XSHG,0.2291,0.2276,2015-05-08,XSHG
454,10000153.XSHG,0.1136,0.103,2015-05-08,XSHG
455,10000155.XSHG,0.1881,0.18,2015-05-08,XSHG
456,10000154.XSHG,0.1388,0.1291,2015-05-08,XSHG
457,10000157.XSHG,0.291,0.3159,2015-05-08,XSHG
458,10000156.XSHG,0.1937,0.205,2015-05-08,XSHG
459,10000158.XSHG,0.3119,0.3013,2015-05-08,XSHG
460,10000093.XSHG,0.3918,0.3576,2015-05-08,XSHG
461,10000094.XSHG,0.0569,0.059,2015-05-08,XSHG
462,10000095.XSHG,0.5026,0.4705,2015-05-08,XSHG
463,10000096.XSHG,0.1438,0.1364,2015-05-08,XSHG
464,10000064.XSHG,0.0723,0.0743,2015-05-08,XSHG
465,10000061.XSHG,0.5532,0.5548,2015-05-08,XSHG
466,10000063.XSHG,0.6381,0.6065,2015-05-08,XSHG
467,10000062.XSHG,0.0228,0.023,2015-05-08,XSHG
468,10000069.XSHG,0.5098,0.5,2015-05-08,XSHG
469,10000124.XSHG,0.0845,0.0856,2015-05-08,XSHG
470,10000125.XSHG,0.4385,0.4385,2015-05-08,XSHG
471,10000126.XSHG,,,2015-05-08,XSHG
472,10000088.XSHG,0.1074,0.1114,2015-05-08,XSHG
473,10000120.XSHG,0.2571,0.245,2015-05-08,XSHG
474,10000121.XSHG,0.0248,0.0196,2015-05-08,XSHG
475,10000122.XSHG,0.036,0.0308,2015-05-08,XSHG
476,10000123.XSHG,0.3202,0.3218,2015-05-08,XSHG
477,10000080.XSHG,0.1028,0.1028,2015-05-08,XSHG
478,10000087.XSHG,0.5298,0.5238,2015-05-08,XSHG
479,10000086.XSHG,0.0454,0.0486,2015-05-08,XSHG
480,10000085.XSHG,0.4367,0.3968,2015-05-08,XSHG
481,10000036.XSHG,0.0199,0.0197,2015-05-08,XSHG
482,10000037.XSHG,0.024,0.0257,2015-05-08,XSHG
483,10000034.XSHG,0.8005,0.745,2015-05-08,XSHG
484,10000035.XSHG,0.7781,0.748,2015-05-08,XSHG
485,10000032.XSHG,,,2015-05-08,XSHG
486,10000033.XSHG,0.8101,0.8095,2015-05-08,XSHG
487,10000030.XSHG,0.0106,0.012,2015-05-08,XSHG
488,10000031.XSHG,0.9339,0.9017,2015-05-08,XSHG
489,10000038.XSHG,0.0291,0.0303,2015-05-08,XSHG
490,10000039.XSHG,0.0357,0.0357,2015-05-08,XSHG
491,10000137.XSHG,0.1044,0.1096,2015-05-08,XSHG
492,10000136.XSHG,0.2586,0.2457,2015-05-08,XSHG
493,10000135.XSHG,0.291,0.2764,2015-05-08,XSHG
494,10000134.XSHG,0.0657,0.0611,2015-05-08,XSHG
495,10000133.XSHG,0.0492,0.0419,2015-05-08,XSHG
496,10000132.XSHG,0.1895,0.18,2015-05-08,XSHG
497,10000131.XSHG,0.2206,0.2108,2015-05-08,XSHG
498,10000139.XSHG,0.3601,0.3792,2015-05-08,XSHG
499,10000138.XSHG,0.1211,0.1342,2015-05-08,XSHG
500,10000108.XSHG,0.4349,0.409,2015-05-08,XSHG
501,10000109.XSHG,0.3816,0.3736,2015-05-08,XSHG
502,10000102.XSHG,0.0696,0.0695,2015-05-08,XSHG
503,10000103.XSHG,0.4678,0.4506,2015-05-08,XSHG
504,10000101.XSHG,0.363,0.3413,2015-05-08,XSHG
505,10000106.XSHG,0.5299,0.508,2015-05-08,XSHG
506,10000107.XSHG,0.4846,0.4499,2015-05-08,XSHG
507,10000104.XSHG,0.1492,0.1492,2015-05-08,XSHG
508,10000105.XSHG,0.5819,0.5624,2015-05-08,XSHG
509,10000029.XSHG,0.009,0.01,2015-05-08,XSHG
510,10000028.XSHG,,,2015-05-08,XSHG
511,10000119.XSHG,0.2967,0.2859,2015-05-08,XSHG
512,10000115.XSHG,0.3405,0.3272,2015-05-08,XSHG
513,10000114.XSHG,0.0116,0.0083,2015-05-08,XSHG
514,10000116.XSHG,0.0174,0.0124,2015-05-08,XSHG
515,10000111.XSHG,0.0017,0.0012,2015-05-08,XSHG
516,10000110.XSHG,0.0023,0.0012,2015-05-08,XSHG
517,10000113.XSHG,0.0054,0.0039,2015-05-08,XSHG
518,10000112.XSHG,0.0048,0.0026,2015-05-08,XSHG
519,10000188.XSHG,0.2899,0.3024,2015-05-08,XSHG
520,10000022.XSHG,0.8288,0.8157,2015-05-08,XSHG
521,10000182.XSHG,0.48,0.4606,2015-05-08,XSHG
522,10000183.XSHG,0.4554,0.4554,2015-05-08,XSHG
523,10000180.XSHG,0.3932,0.4104,2015-05-08,XSHG
524,10000181.XSHG,0.2109,0.202,2015-05-08,XSHG
525,10000186.XSHG,0.3407,0.3073,2015-05-08,XSHG
526,10000187.XSHG,0.3137,0.3016,2015-05-08,XSHG
527,10000184.XSHG,0.4314,0.3884,2015-05-08,XSHG
528,10000185.XSHG,0.3808,0.3469,2015-05-08,XSHG
529,10000021.XSHG,0.8858,0.8555,2015-05-08,XSHG
530,10000023.XSHG,0.7706,0.7756,2015-05-08,XSHG
531,10000189.XSHG,0.3375,0.3375,2015-05-08,XSHG
532,10000025.XSHG,0.6816,0.679,2015-05-08,XSHG
533,10000024.XSHG,0.7351,0.7109,2015-05-08,XSHG
534,10000027.XSHG,0.0037,0.0034,2015-05-08,XSHG
535,10000026.XSHG,0.0029,0.003,2015-05-08,XSHG
536,10000201.XSHG,0.4985,0.4985,2015-05-11,XSHG
537,10000200.XSHG,0.6013,0.5874,2015-05-11,XSHG
538,10000203.XSHG,0.4947,0.5475,2015-05-11,XSHG
539,10000202.XSHG,0.264,0.264,2015-05-11,XSHG
540,10000204.XSHG,0.2447,0.2447,2015-05-11,XSHG
541,10000161.XSHG,0.0706,0.0694,2015-05-11,XSHG
542,10000162.XSHG,0.1928,0.1532,2015-05-11,XSHG
543,10000163.XSHG,0.1399,0.1569,2015-05-11,XSHG
544,10000164.XSHG,0.2614,0.2293,2015-05-11,XSHG
545,10000165.XSHG,0.248,0.2818,2015-05-11,XSHG
546,10000166.XSHG,0.3246,0.3228,2015-05-11,XSHG
547,10000195.XSHG,0.0738,0.0777,2015-05-11,XSHG
548,10000194.XSHG,0.4626,0.407,2015-05-11,XSHG
549,10000197.XSHG,0.1748,0.2,2015-05-11,XSHG
550,10000196.XSHG,0.5037,0.448,2015-05-11,XSHG
551,10000191.XSHG,,,2015-05-11,XSHG
552,10000190.XSHG,,,2015-05-11,XSHG
553,10000193.XSHG,0.0224,0.0196,2015-05-11,XSHG
554,10000192.XSHG,0.5082,0.5082,2015-05-11,XSHG
555,10000054.XSHG,0.0178,0.0136,2015-05-11,XSHG
556,10000055.XSHG,,,2015-05-11,XSHG
557,10000056.XSHG,0.0645,0.0579,2015-05-11,XSHG
558,10000199.XSHG,0.2713,0.2876,2015-05-11,XSHG
559,10000198.XSHG,,,2015-05-11,XSHG
560,10000053.XSHG,0.5678,0.6213,2015-05-11,XSHG
561,10000179.XSHG,0.0847,0.0946,2015-05-11,XSHG
562,10000178.XSHG,0.3629,0.3133,2015-05-11,XSHG
563,10000173.XSHG,0.2134,0.2647,2015-05-11,XSHG
564,10000172.XSHG,0.3294,0.2941,2015-05-11,XSHG
565,10000171.XSHG,0.1071,0.1279,2015-05-11,XSHG
566,10000170.XSHG,0.2802,0.23,2015-05-11,XSHG
567,10000177.XSHG,0.0318,0.0284,2015-05-11,XSHG
568,10000174.XSHG,0.3956,0.3836,2015-05-11,XSHG
569,10000169.XSHG,0.0464,0.0451,2015-05-11,XSHG
570,10000048.XSHG,0.0537,0.0445,2015-05-11,XSHG
571,10000047.XSHG,,,2015-05-11,XSHG
572,10000046.XSHG,0.0135,0.0103,2015-05-11,XSHG
573,10000045.XSHG,0.6632,0.6697,2015-05-11,XSHG
574,10000040.XSHG,0.045,0.0392,2015-05-11,XSHG
575,10000148.XSHG,0.1479,0.1288,2015-05-11,XSHG
576,10000149.XSHG,0.3789,0.3692,2015-05-11,XSHG
577,10000146.XSHG,0.08,0.0517,2015-05-11,XSHG
578,10000147.XSHG,0.2233,0.2555,2015-05-11,XSHG
579,10000145.XSHG,0.1446,0.1687,2015-05-11,XSHG
580,10000142.XSHG,,,2015-05-11,XSHG
581,10000140.XSHG,0.3621,0.3979,2015-05-11,XSHG
582,10000141.XSHG,,,2015-05-11,XSHG
583,10000072.XSHG,0.0867,0.071,2015-05-11,XSHG
584,10000070.XSHG,0.029,0.0226,2015-05-11,XSHG
585,10000071.XSHG,0.608,0.608,2015-05-11,XSHG
586,10000077.XSHG,0.4396,0.493,2015-05-11,XSHG
587,10000078.XSHG,0.0411,0.029,2015-05-11,XSHG
588,10000079.XSHG,,,2015-05-11,XSHG
589,10000150.XSHG,0.228,0.2304,2015-05-11,XSHG
590,10000153.XSHG,0.1008,0.1091,2015-05-11,XSHG
591,10000155.XSHG,0.1832,0.1999,2015-05-11,XSHG
592,10000154.XSHG,0.1315,0.0959,2015-05-11,XSHG
593,10000157.XSHG,0.3125,0.3396,2015-05-11,XSHG
594,10000156.XSHG,0.196,0.1701,2015-05-11,XSHG
595,10000158.XSHG,0.2775,0.2781,2015-05-11,XSHG
596,10000093.XSHG,0.3707,0.4168,2015-05-11,XSHG
597,10000094.XSHG,0.0576,0.0477,2015-05-11,XSHG
598,10000095.XSHG,,,2015-05-11,XSHG
599,10000096.XSHG,0.1297,0.1191,2015-05-11,XSHG
600,10000064.XSHG,0.0667,0.0667,2015-05-11,XSHG
601,10000061.XSHG,0.525,0.5852,2015-05-11,XSHG
602,10000063.XSHG,,,2015-05-11,XSHG
603,10000062.XSHG,0.0228,0.018,2015-05-11,XSHG
604,10000069.XSHG,0.4822,0.534,2015-05-11,XSHG
605,10000124.XSHG,0.0866,0.0747,2015-05-11,XSHG
606,10000125.XSHG,0.4119,0.4498,2015-05-11,XSHG
607,10000126.XSHG,,,2015-05-11,XSHG
608,10000088.XSHG,0.1088,0.1006,2015-05-11,XSHG
609,10000120.XSHG,0.2416,0.2756,2015-05-11,XSHG
610,10000121.XSHG,0.0195,0.0084,2015-05-11,XSHG
611,10000122.XSHG,0.0313,0.0146,2015-05-11,XSHG
612,10000123.XSHG,0.3116,0.3434,2015-05-11,XSHG
613,10000080.XSHG,0.0921,0.0921,2015-05-11,XSHG
614,10000087.XSHG,0.55,0.55,2015-05-11,XSHG
615,10000086.XSHG,0.047,0.0363,2015-05-11,XSHG
616,10000085.XSHG,0.4114,0.4698,2015-05-11,XSHG
617,10000036.XSHG,0.0198,0.0166,2015-05-11,XSHG
618,10000037.XSHG,0.0247,0.0212,2015-05-11,XSHG
619,10000034.XSHG,0.7872,0.829,2015-05-11,XSHG
620,10000035.XSHG,,,2015-05-11,XSHG
621,10000032.XSHG,,,2015-05-11,XSHG
622,10000033.XSHG,,,2015-05-11,XSHG
623,10000030.XSHG,0.0119,0.0078,2015-05-11,XSHG
624,10000031.XSHG,0.9243,0.9763,2015-05-11,XSHG
625,10000038.XSHG,0.0297,0.0249,2015-05-11,XSHG
626,10000039.XSHG,0.0374,0.0333,2015-05-11,XSHG
627,10000137.XSHG,0.1058,0.0893,2015-05-11,XSHG
628,10000136.XSHG,0.2501,0.2741,2015-05-11,XSHG
629,10000135.XSHG,0.2728,0.3067,2015-05-11,XSHG
630,10000134.XSHG,0.0608,0.0362,2015-05-11,XSHG
631,10000133.XSHG,0.0419,0.024,2015-05-11,XSHG
632,10000132.XSHG,0.173,0.2,2015-05-11,XSHG
633,10000131.XSHG,0.2034,0.2362,2015-05-11,XSHG
634,10000139.XSHG,0.39,0.4278,2015-05-11,XSHG
635,10000138.XSHG,0.1295,0.105,2015-05-11,XSHG
636,10000108.XSHG,0.4194,0.4661,2015-05-11,XSHG
637,10000109.XSHG,0.38,0.4183,2015-05-11,XSHG
638,10000102.XSHG,0.0708,0.06,2015-05-11,XSHG
639,10000103.XSHG,,,2015-05-11,XSHG
640,10000101.XSHG,0.3332,0.3676,2015-05-11,XSHG
641,10000106.XSHG,0.504,0.546,2015-05-11,XSHG
642,10000107.XSHG,0.4403,0.512,2015-05-11,XSHG
643,10000104.XSHG,0.1491,0.1415,2015-05-11,XSHG
644,10000105.XSHG,0.5475,0.618,2015-05-11,XSHG
645,10000029.XSHG,0.0087,0.007,2015-05-11,XSHG
646,10000028.XSHG,0.0067,0.0048,2015-05-11,XSHG
647,10000119.XSHG,0.2809,0.3197,2015-05-11,XSHG
648,10000115.XSHG,0.3246,0.3652,2015-05-11,XSHG
649,10000114.XSHG,0.0081,0.0028,2015-05-11,XSHG
650,10000116.XSHG,0.0124,0.0042,2015-05-11,XSHG
651,10000111.XSHG,0.001,0.0005,2015-05-11,XSHG
652,10000110.XSHG,0.001,0.0006,2015-05-11,XSHG
653,10000113.XSHG,0.0047,0.0022,2015-05-11,XSHG
654,10000112.XSHG,0.0025,0.0005,2015-05-11,XSHG
655,10000188.XSHG,0.2969,0.2746,2015-05-11,XSHG
656,10000022.XSHG,0.8107,0.8692,2015-05-11,XSHG
657,10000182.XSHG,,,2015-05-11,XSHG
658,10000183.XSHG,0.4832,0.4608,2015-05-11,XSHG
659,10000180.XSHG,0.4198,0.3853,2015-05-11,XSHG
660,10000181.XSHG,0.2001,0.226,2015-05-11,XSHG
661,10000186.XSHG,0.3371,0.365,2015-05-11,XSHG
662,10000187.XSHG,0.2886,0.3063,2015-05-11,XSHG
663,10000184.XSHG,0.404,0.4245,2015-05-11,XSHG
664,10000185.XSHG,0.357,0.3792,2015-05-11,XSHG
665,10000021.XSHG,0.8573,0.9293,2015-05-11,XSHG
666,10000023.XSHG,0.76,0.8223,2015-05-11,XSHG
667,10000189.XSHG,0.3322,0.3322,2015-05-11,XSHG
668,10000025.XSHG,0.706,0.7222,2015-05-11,XSHG
669,10000024.XSHG,0.7076,0.774,2015-05-11,XSHG
670,10000027.XSHG,0.0037,0.0039,2015-05-11,XSHG
671,10000026.XSHG,0.0032,0.004,2015-05-11,XSHG
672,10000201.XSHG,,,2015-05-12,XSHG
673,10000200.XSHG,0.5799,0.5353,2015-05-12,XSHG
674,10000203.XSHG,,,2015-05-12,XSHG
675,10000202.XSHG,0.2596,0.263,2015-05-12,XSHG
676,10000204.XSHG,,,2015-05-12,XSHG
677,10000161.XSHG,0.0672,0.0735,2015-05-12,XSHG
678,10000162.XSHG,0.1585,0.1424,2015-05-12,XSHG
679,10000163.XSHG,0.1513,0.164,2015-05-12,XSHG
680,10000164.XSHG,0.2374,0.221,2015-05-12,XSHG
681,10000165.XSHG,0.2947,0.3,2015-05-12,XSHG
682,10000166.XSHG,,,2015-05-12,XSHG
683,10000195.XSHG,0.0751,0.08,2015-05-12,XSHG
684,10000194.XSHG,0.418,0.3845,2015-05-12,XSHG
685,10000197.XSHG,0.2001,0.2,2015-05-12,XSHG
686,10000196.XSHG,0.4592,0.4386,2015-05-12,XSHG
687,10000191.XSHG,,,2015-05-12,XSHG
688,10000190.XSHG,,,2015-05-12,XSHG
689,10000193.XSHG,0.0191,0.0152,2015-05-12,XSHG
690,10000192.XSHG,0.5121,0.5026,2015-05-12,XSHG
691,10000054.XSHG,0.0137,0.0125,2015-05-12,XSHG
692,10000055.XSHG,0.7202,0.7244,2015-05-12,XSHG
693,10000056.XSHG,0.0579,0.0497,2015-05-12,XSHG
694,10000199.XSHG,0.2736,0.2918,2015-05-12,XSHG
695,10000198.XSHG,0.5148,0.5003,2015-05-12,XSHG
696,10000053.XSHG,0.6307,0.6601,2015-05-12,XSHG
697,10000179.XSHG,0.0922,0.0982,2015-05-12,XSHG
698,10000178.XSHG,0.3096,0.2989,2015-05-12,XSHG
699,10000173.XSHG,0.2613,0.2632,2015-05-12,XSHG
700,10000172.XSHG,0.3082,0.2878,2015-05-12,XSHG
701,10000171.XSHG,0.1235,0.1279,2015-05-12,XSHG
702,10000170.XSHG,0.2284,0.219,2015-05-12,XSHG
703,10000177.XSHG,0.0277,0.0262,2015-05-12,XSHG
704,10000174.XSHG,0.3581,0.3581,2015-05-12,XSHG
705,10000169.XSHG,0.0438,0.045,2015-05-12,XSHG
706,10000048.XSHG,0.0478,0.0445,2015-05-12,XSHG
707,10000047.XSHG,,,2015-05-12,XSHG
708,10000046.XSHG,0.0109,0.0092,2015-05-12,XSHG
709,10000045.XSHG,0.6708,0.6932,2015-05-12,XSHG
710,10000040.XSHG,0.0401,0.037,2015-05-12,XSHG
711,10000148.XSHG,0.1328,0.1202,2015-05-12,XSHG
712,10000149.XSHG,0.384,0.3979,2015-05-12,XSHG
713,10000146.XSHG,0.0532,0.0466,2015-05-12,XSHG
714,10000147.XSHG,0.2465,0.258,2015-05-12,XSHG
715,10000145.XSHG,0.1601,0.179,2015-05-12,XSHG
716,10000142.XSHG,,,2015-05-12,XSHG
717,10000140.XSHG,,,2015-05-12,XSHG
718,10000141.XSHG,,,2015-05-12,XSHG
719,10000072.XSHG,0.0756,0.0756,2015-05-12,XSHG
720,10000070.XSHG,0.0228,0.0218,2015-05-12,XSHG
721,10000071.XSHG,0.6334,0.632,2015-05-12,XSHG
722,10000077.XSHG,0.4906,0.5179,2015-05-12,XSHG
723,10000078.XSHG,0.0307,0.027,2015-05-12,XSHG
724,10000079.XSHG,,,2015-05-12,XSHG
725,10000150.XSHG,0.215,0.2063,2015-05-12,XSHG
726,10000153.XSHG,0.1083,0.1199,2015-05-12,XSHG
727,10000155.XSHG,0.1938,0.2072,2015-05-12,XSHG
728,10000154.XSHG,0.0989,0.0885,2015-05-12,XSHG
729,10000157.XSHG,,,2015-05-12,XSHG
730,10000156.XSHG,0.1833,0.1591,2015-05-12,XSHG
731,10000158.XSHG,0.2601,0.2682,2015-05-12,XSHG
732,10000093.XSHG,0.4119,0.4425,2015-05-12,XSHG
733,10000094.XSHG,0.0491,0.0443,2015-05-12,XSHG
734,10000095.XSHG,0.5105,0.5105,2015-05-12,XSHG
735,10000096.XSHG,,,2015-05-12,XSHG
736,10000064.XSHG,0.0669,0.06,2015-05-12,XSHG
737,10000061.XSHG,0.5799,0.5991,2015-05-12,XSHG
738,10000063.XSHG,,,2015-05-12,XSHG
739,10000062.XSHG,0.0178,0.0165,2015-05-12,XSHG
740,10000069.XSHG,0.5333,0.5699,2015-05-12,XSHG
741,10000124.XSHG,0.073,0.0647,2015-05-12,XSHG
742,10000125.XSHG,,,2015-05-12,XSHG
743,10000126.XSHG,0.1469,0.145,2015-05-12,XSHG
744,10000088.XSHG,0.1027,0.0984,2015-05-12,XSHG
745,10000120.XSHG,0.2766,0.3,2015-05-12,XSHG
746,10000121.XSHG,0.0099,0.0074,2015-05-12,XSHG
747,10000122.XSHG,0.0147,0.013,2015-05-12,XSHG
748,10000123.XSHG,0.3353,0.3542,2015-05-12,XSHG
749,10000080.XSHG,0.0805,0.0845,2015-05-12,XSHG
750,10000087.XSHG,,,2015-05-12,XSHG
751,10000086.XSHG,0.0386,0.0356,2015-05-12,XSHG
752,10000085.XSHG,0.4523,0.4742,2015-05-12,XSHG
753,10000036.XSHG,0.0174,0.0155,2015-05-12,XSHG
754,10000037.XSHG,0.0217,0.0199,2015-05-12,XSHG
755,10000034.XSHG,,,2015-05-12,XSHG
756,10000035.XSHG,0.8028,0.8028,2015-05-12,XSHG
757,10000032.XSHG,0.8942,0.8942,2015-05-12,XSHG
758,10000033.XSHG,0.8698,0.8698,2015-05-12,XSHG
759,10000030.XSHG,0.0074,0.008,2015-05-12,XSHG
760,10000031.XSHG,0.944,0.944,2015-05-12,XSHG
761,10000038.XSHG,0.0262,0.0244,2015-05-12,XSHG
762,10000039.XSHG,0.0331,0.0302,2015-05-12,XSHG
763,10000137.XSHG,0.0913,0.0828,2015-05-12,XSHG
764,10000136.XSHG,0.2734,0.2864,2015-05-12,XSHG
765,10000135.XSHG,0.3047,0.3203,2015-05-12,XSHG
766,10000134.XSHG,0.0371,0.0312,2015-05-12,XSHG
767,10000133.XSHG,0.0239,0.0206,2015-05-12,XSHG
768,10000132.XSHG,0.1993,0.2124,2015-05-12,XSHG
769,10000131.XSHG,0.2354,0.2493,2015-05-12,XSHG
770,10000139.XSHG,,,2015-05-12,XSHG
771,10000138.XSHG,0.1113,0.1007,2015-05-12,XSHG
772,10000108.XSHG,0.4678,0.4978,2015-05-12,XSHG
773,10000109.XSHG,0.4177,0.4298,2015-05-12,XSHG
774,10000102.XSHG,0.0602,0.0548,2015-05-12,XSHG
775,10000103.XSHG,,,2015-05-12,XSHG
776,10000101.XSHG,0.3745,0.3997,2015-05-12,XSHG
777,10000106.XSHG,0.5555,0.5798,2015-05-12,XSHG
778,10000107.XSHG,0.51,0.5392,2015-05-12,XSHG
779,10000104.XSHG,0.1253,0.1253,2015-05-12,XSHG
780,10000105.XSHG,0.6071,0.6353,2015-05-12,XSHG
781,10000029.XSHG,0.0067,0.0063,2015-05-12,XSHG
782,10000028.XSHG,0.0047,0.0058,2015-05-12,XSHG
783,10000119.XSHG,0.313,0.3454,2015-05-12,XSHG
784,10000115.XSHG,0.3561,0.3941,2015-05-12,XSHG
785,10000114.XSHG,0.003,0.0029,2015-05-12,XSHG
786,10000116.XSHG,0.0058,0.0049,2015-05-12,XSHG
787,10000111.XSHG,0.001,0.0006,2015-05-12,XSHG
788,10000110.XSHG,0.0004,0.0006,2015-05-12,XSHG
789,10000113.XSHG,0.0022,0.0017,2015-05-12,XSHG
790,10000112.XSHG,0.0009,0.0022,2015-05-12,XSHG
791,10000188.XSHG,0.2836,0.272,2015-05-12,XSHG
792,10000022.XSHG,0.89,0.896,2015-05-12,XSHG
793,10000182.XSHG,0.4411,0.4498,2015-05-12,XSHG
794,10000183.XSHG,0.4787,0.5042,2015-05-12,XSHG
795,10000180.XSHG,0.3818,0.3669,2015-05-12,XSHG
796,10000181.XSHG,0.2122,0.2287,2015-05-12,XSHG
797,10000186.XSHG,0.3605,0.3605,2015-05-12,XSHG
798,10000187.XSHG,0.3288,0.3288,2015-05-12,XSHG
799,10000184.XSHG,,,2015-05-12,XSHG
800,10000185.XSHG,,,2015-05-12,XSHG
801,10000021.XSHG,0.9436,0.9354,2015-05-12,XSHG
802,10000023.XSHG,0.8198,0.8198,2015-05-12,XSHG
803,10000189.XSHG,,,2015-05-12,XSHG
804,10000025.XSHG,0.715,0.7253,2015-05-12,XSHG
805,10000024.XSHG,0.7698,0.7959,2015-05-12,XSHG
806,10000027.XSHG,0.0042,0.0043,2015-05-12,XSHG
807,10000026.XSHG,0.0022,0.0022,2015-05-12,XSHG
808,10000201.XSHG,,,2015-05-13,XSHG
809,10000200.XSHG,0.5808,0.5808,2015-05-13,XSHG
810,10000203.XSHG,,,2015-05-13,XSHG
811,10000202.XSHG,,,2015-05-13,XSHG
812,10000204.XSHG,0.2291,0.23,2015-05-13,XSHG
813,10000161.XSHG,0.0758,0.0531,2015-05-13,XSHG
814,10000162.XSHG,0.1377,0.164,2015-05-13,XSHG
815,10000163.XSHG,0.1669,0.1377,2015-05-13,XSHG
816,10000164.XSHG,0.2122,0.2341,2015-05-13,XSHG
817,10000165.XSHG,0.2966,0.2708,2015-05-13,XSHG
818,10000166.XSHG,0.3123,0.3123,2015-05-13,XSHG
819,10000195.XSHG,0.0801,0.0644,2015-05-13,XSHG
820,10000194.XSHG,0.39,0.4212,2015-05-13,XSHG
821,10000197.XSHG,0.1984,0.1708,2015-05-13,XSHG
822,10000196.XSHG,0.4282,0.4623,2015-05-13,XSHG
823,10000191.XSHG,0.4115,0.4115,2015-05-13,XSHG
824,10000190.XSHG,,,2015-05-13,XSHG
825,10000193.XSHG,0.0153,0.0105,2015-05-13,XSHG
826,10000192.XSHG,0.5058,0.5058,2015-05-13,XSHG
827,10000054.XSHG,0.0124,0.0147,2015-05-13,XSHG
828,10000055.XSHG,0.6873,0.6904,2015-05-13,XSHG
829,10000056.XSHG,0.0521,0.0558,2015-05-13,XSHG
830,10000199.XSHG,0.285,0.2843,2015-05-13,XSHG
831,10000198.XSHG,0.4968,0.4969,2015-05-13,XSHG
832,10000053.XSHG,0.6288,0.6288,2015-05-13,XSHG
833,10000179.XSHG,0.1007,0.0799,2015-05-13,XSHG
834,10000178.XSHG,0.3007,0.3288,2015-05-13,XSHG
835,10000173.XSHG,0.2575,0.2394,2015-05-13,XSHG
836,10000172.XSHG,0.2914,0.3049,2015-05-13,XSHG
837,10000171.XSHG,0.1286,0.1085,2015-05-13,XSHG
838,10000170.XSHG,0.2108,0.2466,2015-05-13,XSHG
839,10000177.XSHG,0.0267,0.0175,2015-05-13,XSHG
840,10000174.XSHG,,,2015-05-13,XSHG
841,10000169.XSHG,0.0461,0.0314,2015-05-13,XSHG
842,10000048.XSHG,0.043,0.0455,2015-05-13,XSHG
843,10000047.XSHG,,,2015-05-13,XSHG
844,10000046.XSHG,0.0105,0.0109,2015-05-13,XSHG
845,10000045.XSHG,0.684,0.67,2015-05-13,XSHG
846,10000040.XSHG,0.0357,0.0375,2015-05-13,XSHG
847,10000148.XSHG,0.116,0.1284,2015-05-13,XSHG
848,10000149.XSHG,0.368,0.363,2015-05-13,XSHG
849,10000146.XSHG,0.0452,0.055,2015-05-13,XSHG
850,10000147.XSHG,0.2596,0.2309,2015-05-13,XSHG
851,10000145.XSHG,0.1833,0.1421,2015-05-13,XSHG
852,10000142.XSHG,,,2015-05-13,XSHG
853,10000140.XSHG,0.396,0.396,2015-05-13,XSHG
854,10000141.XSHG,,,2015-05-13,XSHG
855,10000072.XSHG,0.0738,0.0749,2015-05-13,XSHG
856,10000070.XSHG,0.0209,0.0241,2015-05-13,XSHG
857,10000071.XSHG,,,2015-05-13,XSHG
858,10000077.XSHG,0.506,0.4768,2015-05-13,XSHG
859,10000078.XSHG,0.0264,0.0306,2015-05-13,XSHG
860,10000079.XSHG,0.5753,0.5749,2015-05-13,XSHG
861,10000150.XSHG,,,2015-05-13,XSHG
862,10000153.XSHG,0.124,0.0932,2015-05-13,XSHG
863,10000155.XSHG,0.2087,0.1762,2015-05-13,XSHG
864,10000154.XSHG,0.0826,0.103,2015-05-13,XSHG
865,10000157.XSHG,0.3245,0.3239,2015-05-13,XSHG
866,10000156.XSHG,0.1681,0.1838,2015-05-13,XSHG
867,10000158.XSHG,0.2753,0.27,2015-05-13,XSHG
868,10000093.XSHG,0.4135,0.3968,2015-05-13,XSHG
869,10000094.XSHG,0.0429,0.05,2015-05-13,XSHG
870,10000095.XSHG,0.5179,0.4979,2015-05-13,XSHG
871,10000096.XSHG,,,2015-05-13,XSHG
872,10000064.XSHG,0.0623,0.0618,2015-05-13,XSHG
873,10000061.XSHG,0.5798,0.5604,2015-05-13,XSHG
874,10000063.XSHG,0.6582,0.6174,2015-05-13,XSHG
875,10000062.XSHG,0.0163,0.0184,2015-05-13,XSHG
876,10000069.XSHG,0.548,0.5234,2015-05-13,XSHG
877,10000124.XSHG,0.065,0.0768,2015-05-13,XSHG
878,10000125.XSHG,0.4526,0.4463,2015-05-13,XSHG
879,10000126.XSHG,,,2015-05-13,XSHG
880,10000088.XSHG,0.0976,0.1078,2015-05-13,XSHG
881,10000120.XSHG,0.3064,0.2525,2015-05-13,XSHG
882,10000121.XSHG,0.0077,0.0105,2015-05-13,XSHG
883,10000122.XSHG,0.0129,0.0163,2015-05-13,XSHG
884,10000123.XSHG,0.3467,0.3407,2015-05-13,XSHG
885,10000080.XSHG,,,2015-05-13,XSHG
886,10000087.XSHG,0.537,0.552,2015-05-13,XSHG
887,10000086.XSHG,0.0344,0.0396,2015-05-13,XSHG
888,10000085.XSHG,0.46,0.4437,2015-05-13,XSHG
889,10000036.XSHG,0.0152,0.0167,2015-05-13,XSHG
890,10000037.XSHG,0.0191,0.021,2015-05-13,XSHG
891,10000034.XSHG,0.8131,0.81,2015-05-13,XSHG
892,10000035.XSHG,0.7968,0.7582,2015-05-13,XSHG
893,10000032.XSHG,0.9115,0.9,2015-05-13,XSHG
894,10000033.XSHG,0.8571,0.846,2015-05-13,XSHG
895,10000030.XSHG,0.0078,0.0068,2015-05-13,XSHG
896,10000031.XSHG,0.9784,0.9417,2015-05-13,XSHG
897,10000038.XSHG,0.0232,0.027,2015-05-13,XSHG
898,10000039.XSHG,0.0294,0.0305,2015-05-13,XSHG
899,10000137.XSHG,0.08,0.09,2015-05-13,XSHG
900,10000136.XSHG,0.2805,0.2603,2015-05-13,XSHG
901,10000135.XSHG,0.314,0.2844,2015-05-13,XSHG
902,10000134.XSHG,0.0304,0.039,2015-05-13,XSHG
903,10000133.XSHG,0.0202,0.026,2015-05-13,XSHG
904,10000132.XSHG,0.2041,0.1741,2015-05-13,XSHG
905,10000131.XSHG,0.2549,0.213,2015-05-13,XSHG
906,10000139.XSHG,0.4173,0.3997,2015-05-13,XSHG
907,10000138.XSHG,0.0973,0.112,2015-05-13,XSHG
908,10000108.XSHG,0.48,0.436,2015-05-13,XSHG
909,10000109.XSHG,0.4175,0.3772,2015-05-13,XSHG
910,10000102.XSHG,0.0531,0.0601,2015-05-13,XSHG
911,10000103.XSHG,0.4781,0.4746,2015-05-13,XSHG
912,10000101.XSHG,0.392,0.3584,2015-05-13,XSHG
913,10000106.XSHG,0.5748,0.5305,2015-05-13,XSHG
914,10000107.XSHG,0.5277,0.4916,2015-05-13,XSHG
915,10000104.XSHG,0.1335,0.14,2015-05-13,XSHG
916,10000105.XSHG,0.6215,0.5844,2015-05-13,XSHG
917,10000029.XSHG,,,2015-05-13,XSHG
918,10000028.XSHG,0.0055,0.0055,2015-05-13,XSHG
919,10000119.XSHG,0.3299,0.2952,2015-05-13,XSHG
920,10000115.XSHG,0.3762,0.33,2015-05-13,XSHG
921,10000114.XSHG,0.0032,0.003,2015-05-13,XSHG
922,10000116.XSHG,0.0052,0.005,2015-05-13,XSHG
923,10000111.XSHG,0.0011,0.0008,2015-05-13,XSHG
924,10000110.XSHG,0.0006,0.0008,2015-05-13,XSHG
925,10000113.XSHG,0.0015,0.002,2015-05-13,XSHG
926,10000112.XSHG,0.0015,0.0012,2015-05-13,XSHG
927,10000188.XSHG,0.2699,0.2699,2015-05-13,XSHG
928,10000022.XSHG,,,2015-05-13,XSHG
929,10000182.XSHG,0.4283,0.4283,2015-05-13,XSHG
930,10000183.XSHG,0.4656,0.4618,2015-05-13,XSHG
931,10000180.XSHG,0.3522,0.3778,2015-05-13,XSHG
932,10000181.XSHG,0.2152,0.2128,2015-05-13,XSHG
933,10000186.XSHG,0.3327,0.3323,2015-05-13,XSHG
934,10000187.XSHG,0.3204,0.3067,2015-05-13,XSHG
935,10000184.XSHG,,,2015-05-13,XSHG
936,10000185.XSHG,0.3911,0.3701,2015-05-13,XSHG
937,10000021.XSHG,0.9186,0.9016,2015-05-13,XSHG
938,10000023.XSHG,0.84,0.8047,2015-05-13,XSHG
939,10000189.XSHG,0.3277,0.3277,2015-05-13,XSHG
940,10000025.XSHG,0.7445,0.7051,2015-05-13,XSHG
941,10000024.XSHG,0.7542,0.7396,2015-05-13,XSHG
942,10000027.XSHG,0.0043,0.0044,2015-05-13,XSHG
943,10000026.XSHG,0.0033,0.0045,2015-05-13,XSHG
944,10000201.XSHG,,,2015-05-14,XSHG
945,10000200.XSHG,0.607,0.6,2015-05-14,XSHG
946,10000203.XSHG,0.5056,0.5056,2015-05-14,XSHG
947,10000202.XSHG,,,2015-05-14,XSHG
948,10000204.XSHG,0.236,0.236,2015-05-14,XSHG
949,10000161.XSHG,0.0547,0.0373,2015-05-14,XSHG
950,10000162.XSHG,0.168,0.1628,2015-05-14,XSHG
951,10000163.XSHG,0.138,0.1268,2015-05-14,XSHG
952,10000164.XSHG,0.2432,0.2372,2015-05-14,XSHG
953,10000165.XSHG,0.2722,0.2722,2015-05-14,XSHG
954,10000166.XSHG,0.3298,0.3306,2015-05-14,XSHG
955,10000195.XSHG,0.0624,0.052,2015-05-14,XSHG
956,10000194.XSHG,0.422,0.4231,2015-05-14,XSHG
957,10000197.XSHG,0.1882,0.1671,2015-05-14,XSHG
958,10000196.XSHG,0.4737,0.4769,2015-05-14,XSHG
959,10000191.XSHG,,,2015-05-14,XSHG
960,10000190.XSHG,0.406,0.406,2015-05-14,XSHG
961,10000193.XSHG,0.0104,0.0043,2015-05-14,XSHG
962,10000192.XSHG,0.5198,0.5296,2015-05-14,XSHG
963,10000054.XSHG,0.0146,0.0136,2015-05-14,XSHG
964,10000055.XSHG,0.6796,0.6769,2015-05-14,XSHG
965,10000056.XSHG,0.0599,0.0543,2015-05-14,XSHG
966,10000199.XSHG,0.2651,0.2649,2015-05-14,XSHG
967,10000198.XSHG,,,2015-05-14,XSHG
968,10000053.XSHG,0.6055,0.5909,2015-05-14,XSHG
969,10000179.XSHG,0.079,0.068,2015-05-14,XSHG
970,10000178.XSHG,0.3269,0.338,2015-05-14,XSHG
971,10000173.XSHG,0.2223,0.2373,2015-05-14,XSHG
972,10000172.XSHG,0.3177,0.3115,2015-05-14,XSHG
973,10000171.XSHG,0.104,0.0935,2015-05-14,XSHG
974,10000170.XSHG,0.2526,0.25,2015-05-14,XSHG
975,10000177.XSHG,0.0172,0.0102,2015-05-14,XSHG
976,10000174.XSHG,0.3919,0.4008,2015-05-14,XSHG
977,10000169.XSHG,0.0306,0.0185,2015-05-14,XSHG
978,10000048.XSHG,0.0492,0.0492,2015-05-14,XSHG
979,10000047.XSHG,0.706,0.706,2015-05-14,XSHG
980,10000046.XSHG,0.0108,0.0103,2015-05-14,XSHG
981,10000045.XSHG,0.6265,0.6387,2015-05-14,XSHG
982,10000040.XSHG,0.0407,0.0407,2015-05-14,XSHG
983,10000148.XSHG,0.1262,0.1304,2015-05-14,XSHG
984,10000149.XSHG,0.3569,0.3569,2015-05-14,XSHG
985,10000146.XSHG,0.0568,0.055,2015-05-14,XSHG
986,10000147.XSHG,0.2253,0.2229,2015-05-14,XSHG
987,10000145.XSHG,0.1393,0.1272,2015-05-14,XSHG
988,10000142.XSHG,0.195,0.195,2015-05-14,XSHG
989,10000140.XSHG,0.38,0.38,2015-05-14,XSHG
990,10000141.XSHG,0.18,0.18,2015-05-14,XSHG
991,10000072.XSHG,,,2015-05-14,XSHG
992,10000070.XSHG,0.0234,0.0239,2015-05-14,XSHG
993,10000071.XSHG,,,2015-05-14,XSHG
994,10000077.XSHG,0.475,0.4587,2015-05-14,XSHG
995,10000078.XSHG,0.0299,0.0296,2015-05-14,XSHG
996,10000079.XSHG,,,2015-05-14,XSHG
997,10000150.XSHG,0.225,0.2253,2015-05-14,XSHG
998,10000153.XSHG,0.086,0.0756,2015-05-14,XSHG
999,10000155.XSHG,0.1801,0.165,2015-05-14,XSHG
1000,10000154.XSHG,0.1086,0.1,2015-05-14,XSHG
1001,10000157.XSHG,0.3165,0.3044,2015-05-14,XSHG
1002,10000156.XSHG,0.1825,0.1779,2015-05-14,XSHG
1003,10000158.XSHG,0.262,0.2894,2015-05-14,XSHG
1004,10000093.XSHG,0.4059,0.3864,2015-05-14,XSHG
1005,10000094.XSHG,0.0479,0.0491,2015-05-14,XSHG
1006,10000095.XSHG,0.4879,0.4879,2015-05-14,XSHG
1007,10000096.XSHG,0.1192,0.1192,2015-05-14,XSHG
1008,10000064.XSHG,0.0671,0.0666,2015-05-14,XSHG
1009,10000061.XSHG,0.5528,0.5434,2015-05-14,XSHG
1010,10000063.XSHG,,,2015-05-14,XSHG
1011,10000062.XSHG,0.0181,0.018,2015-05-14,XSHG
1012,10000069.XSHG,0.5277,0.5017,2015-05-14,XSHG
1013,10000124.XSHG,0.0735,0.0726,2015-05-14,XSHG
1014,10000125.XSHG,,,2015-05-14,XSHG
1015,10000126.XSHG,,,2015-05-14,XSHG
1016,10000088.XSHG,,,2015-05-14,XSHG
1017,10000120.XSHG,0.2485,0.2434,2015-05-14,XSHG
1018,10000121.XSHG,0.0106,0.0091,2015-05-14,XSHG
1019,10000122.XSHG,0.0163,0.0152,2015-05-14,XSHG
1020,10000123.XSHG,0.3622,0.3312,2015-05-14,XSHG
1021,10000080.XSHG,0.092,0.092,2015-05-14,XSHG
1022,10000087.XSHG,,,2015-05-14,XSHG
1023,10000086.XSHG,0.0381,0.0398,2015-05-14,XSHG
1024,10000085.XSHG,0.4399,0.4362,2015-05-14,XSHG
1025,10000036.XSHG,0.0175,0.0166,2015-05-14,XSHG
1026,10000037.XSHG,0.0222,0.0224,2015-05-14,XSHG
1027,10000034.XSHG,,,2015-05-14,XSHG
1028,10000035.XSHG,0.7588,0.7503,2015-05-14,XSHG
1029,10000032.XSHG,0.8736,0.8784,2015-05-14,XSHG
1030,10000033.XSHG,0.832,0.831,2015-05-14,XSHG
1031,10000030.XSHG,0.0075,0.0071,2015-05-14,XSHG
1032,10000031.XSHG,0.9288,0.92,2015-05-14,XSHG
1033,10000038.XSHG,0.0272,0.0261,2015-05-14,XSHG
1034,10000039.XSHG,0.0331,0.0331,2015-05-14,XSHG
1035,10000137.XSHG,0.0969,0.0917,2015-05-14,XSHG
1036,10000136.XSHG,0.2666,0.25,2015-05-14,XSHG
1037,10000135.XSHG,0.3001,0.2758,2015-05-14,XSHG
1038,10000134.XSHG,0.0391,0.038,2015-05-14,XSHG
1039,10000133.XSHG,0.0255,0.0248,2015-05-14,XSHG
1040,10000132.XSHG,0.1768,0.1661,2015-05-14,XSHG
1041,10000131.XSHG,0.211,0.203,2015-05-14,XSHG
1042,10000139.XSHG,,,2015-05-14,XSHG
1043,10000138.XSHG,0.107,0.11,2015-05-14,XSHG
1044,10000108.XSHG,0.427,0.4154,2015-05-14,XSHG
1045,10000109.XSHG,0.3749,0.3714,2015-05-14,XSHG
1046,10000102.XSHG,0.0595,0.0587,2015-05-14,XSHG
1047,10000103.XSHG,,,2015-05-14,XSHG
1048,10000101.XSHG,0.3708,0.3422,2015-05-14,XSHG
1049,10000106.XSHG,0.5125,0.5279,2015-05-14,XSHG
1050,10000107.XSHG,0.47,0.4651,2015-05-14,XSHG
1051,10000104.XSHG,0.1364,0.1397,2015-05-14,XSHG
1052,10000105.XSHG,0.575,0.5747,2015-05-14,XSHG
1053,10000029.XSHG,0.0053,0.0053,2015-05-14,XSHG
1054,10000028.XSHG,0.0059,0.0059,2015-05-14,XSHG
1055,10000119.XSHG,0.3,0.2902,2015-05-14,XSHG
1056,10000115.XSHG,0.324,0.335,2015-05-14,XSHG
1057,10000114.XSHG,0.0025,0.003,2015-05-14,XSHG
1058,10000116.XSHG,0.0052,0.0053,2015-05-14,XSHG
1059,10000111.XSHG,0.0013,0.0013,2015-05-14,XSHG
1060,10000110.XSHG,0.001,0.001,2015-05-14,XSHG
1061,10000113.XSHG,0.0015,0.0012,2015-05-14,XSHG
1062,10000112.XSHG,0.001,0.0019,2015-05-14,XSHG
1063,10000188.XSHG,0.2738,0.2981,2015-05-14,XSHG
1064,10000022.XSHG,0.861,0.8508,2015-05-14,XSHG
1065,10000182.XSHG,,,2015-05-14,XSHG
1066,10000183.XSHG,0.4551,0.438,2015-05-14,XSHG
1067,10000180.XSHG,0.4177,0.3782,2015-05-14,XSHG
1068,10000181.XSHG,0.2063,0.195,2015-05-14,XSHG
1069,10000186.XSHG,,,2015-05-14,XSHG
1070,10000187.XSHG,0.318,0.3064,2015-05-14,XSHG
1071,10000184.XSHG,0.414,0.4133,2015-05-14,XSHG
1072,10000185.XSHG,0.3772,0.3586,2015-05-14,XSHG
1073,10000021.XSHG,0.9055,0.8864,2015-05-14,XSHG
1074,10000023.XSHG,0.79,0.778,2015-05-14,XSHG
1075,10000189.XSHG,,,2015-05-14,XSHG
1076,10000025.XSHG,0.6893,0.6962,2015-05-14,XSHG
1077,10000024.XSHG,,,2015-05-14,XSHG
1078,10000027.XSHG,0.0052,0.0034,2015-05-14,XSHG
1079,10000026.XSHG,0.0043,0.0044,2015-05-14,XSHG
1080,10000201.XSHG,0.48,0.475,2015-05-15,XSHG
1081,10000200.XSHG,,,2015-05-15,XSHG
1082,10000203.XSHG,0.51,0.47,2015-05-15,XSHG
1083,10000202.XSHG,0.277,0.277,2015-05-15,XSHG
1084,10000204.XSHG,0.2422,0.2483,2015-05-15,XSHG
1085,10000161.XSHG,0.037,0.016,2015-05-15,XSHG
1086,10000162.XSHG,0.1697,0.201,2015-05-15,XSHG
1087,10000163.XSHG,0.1226,0.085,2015-05-15,XSHG
1088,10000164.XSHG,0.2379,0.2464,2015-05-15,XSHG
1089,10000165.XSHG,0.2512,0.2311,2015-05-15,XSHG
1090,10000166.XSHG,0.3678,0.3538,2015-05-15,XSHG
1091,10000195.XSHG,0.0523,0.0273,2015-05-15,XSHG
1092,10000194.XSHG,0.4375,0.4774,2015-05-15,XSHG
1093,10000197.XSHG,0.1639,0.146,2015-05-15,XSHG
1094,10000196.XSHG,0.4742,0.4923,2015-05-15,XSHG
1095,10000191.XSHG,,,2015-05-15,XSHG
1096,10000190.XSHG,,,2015-05-15,XSHG
1097,10000193.XSHG,0.003,0.002,2015-05-15,XSHG
1098,10000192.XSHG,0.559,0.5547,2015-05-15,XSHG
1099,10000054.XSHG,0.0137,0.012,2015-05-15,XSHG
1100,10000055.XSHG,0.6497,0.6263,2015-05-15,XSHG
1101,10000056.XSHG,0.0577,0.0634,2015-05-15,XSHG
1102,10000199.XSHG,0.2489,0.2447,2015-05-15,XSHG
1103,10000198.XSHG,0.5553,0.5571,2015-05-15,XSHG
1104,10000053.XSHG,0.5559,0.5508,2015-05-15,XSHG
1105,10000179.XSHG,0.069,0.0401,2015-05-15,XSHG
1106,10000178.XSHG,0.349,0.3926,2015-05-15,XSHG
1107,10000173.XSHG,0.2125,0.2019,2015-05-15,XSHG
1108,10000172.XSHG,0.3139,0.3216,2015-05-15,XSHG
1109,10000171.XSHG,0.0931,0.0601,2015-05-15,XSHG
1110,10000170.XSHG,0.25,0.2981,2015-05-15,XSHG
1111,10000177.XSHG,0.0093,0.0038,2015-05-15,XSHG
1112,10000174.XSHG,,,2015-05-15,XSHG
1113,10000169.XSHG,0.0186,0.0085,2015-05-15,XSHG
1114,10000048.XSHG,0.0495,0.0512,2015-05-15,XSHG
1115,10000047.XSHG,,,2015-05-15,XSHG
1116,10000046.XSHG,0.0106,0.0093,2015-05-15,XSHG
1117,10000045.XSHG,0.5708,0.5982,2015-05-15,XSHG
1118,10000040.XSHG,0.0413,0.0417,2015-05-15,XSHG
1119,10000148.XSHG,0.1347,0.139,2015-05-15,XSHG
1120,10000149.XSHG,0.3213,0.3213,2015-05-15,XSHG
1121,10000146.XSHG,0.0533,0.0601,2015-05-15,XSHG
1122,10000147.XSHG,0.2262,0.1611,2015-05-15,XSHG
1123,10000145.XSHG,0.127,0.0749,2015-05-15,XSHG
1124,10000142.XSHG,0.2229,0.2229,2015-05-15,XSHG
1125,10000140.XSHG,0.3445,0.3445,2015-05-15,XSHG
1126,10000141.XSHG,0.2,0.2,2015-05-15,XSHG
1127,10000072.XSHG,0.088,0.0851,2015-05-15,XSHG
1128,10000070.XSHG,0.0235,0.0213,2015-05-15,XSHG
1129,10000071.XSHG,0.5377,0.5377,2015-05-15,XSHG
1130,10000077.XSHG,0.4507,0.4066,2015-05-15,XSHG
1131,10000078.XSHG,0.031,0.0283,2015-05-15,XSHG
1132,10000079.XSHG,,,2015-05-15,XSHG
1133,10000150.XSHG,0.2478,0.2583,2015-05-15,XSHG
1134,10000153.XSHG,0.0769,0.0388,2015-05-15,XSHG
1135,10000155.XSHG,0.1645,0.1175,2015-05-15,XSHG
1136,10000154.XSHG,0.0991,0.12,2015-05-15,XSHG
1137,10000157.XSHG,0.298,0.279,2015-05-15,XSHG
1138,10000156.XSHG,0.182,0.1922,2015-05-15,XSHG
1139,10000158.XSHG,0.31,0.3017,2015-05-15,XSHG
1140,10000093.XSHG,0.3683,0.3247,2015-05-15,XSHG
1141,10000094.XSHG,0.0507,0.0458,2015-05-15,XSHG
1142,10000095.XSHG,0.4601,0.4396,2015-05-15,XSHG
1143,10000096.XSHG,0.1338,0.1329,2015-05-15,XSHG
1144,10000064.XSHG,0.0736,0.0736,2015-05-15,XSHG
1145,10000061.XSHG,0.5286,0.4896,2015-05-15,XSHG
1146,10000063.XSHG,0.5941,0.5652,2015-05-15,XSHG
1147,10000062.XSHG,0.0181,0.0161,2015-05-15,XSHG
1148,10000069.XSHG,0.4713,0.458,2015-05-15,XSHG
1149,10000124.XSHG,0.0741,0.0736,2015-05-15,XSHG
1150,10000125.XSHG,0.4117,0.396,2015-05-15,XSHG
1151,10000126.XSHG,0.1717,0.1717,2015-05-15,XSHG
1152,10000088.XSHG,0.1132,0.1132,2015-05-15,XSHG
1153,10000120.XSHG,0.2308,0.1823,2015-05-15,XSHG
1154,10000121.XSHG,0.0085,0.0075,2015-05-15,XSHG
1155,10000122.XSHG,0.015,0.0142,2015-05-15,XSHG
1156,10000123.XSHG,0.2871,0.2517,2015-05-15,XSHG
1157,10000080.XSHG,0.0986,0.1087,2015-05-15,XSHG
1158,10000087.XSHG,0.4635,0.4723,2015-05-15,XSHG
1159,10000086.XSHG,0.04,0.0365,2015-05-15,XSHG
1160,10000085.XSHG,0.4079,0.3653,2015-05-15,XSHG
1161,10000036.XSHG,0.0179,0.0188,2015-05-15,XSHG
1162,10000037.XSHG,0.0223,0.0237,2015-05-15,XSHG
1163,10000034.XSHG,0.742,0.738,2015-05-15,XSHG
1164,10000035.XSHG,0.7115,0.706,2015-05-15,XSHG
1165,10000032.XSHG,0.87,0.83,2015-05-15,XSHG
1166,10000033.XSHG,0.79,0.785,2015-05-15,XSHG
1167,10000030.XSHG,0.0077,0.007,2015-05-15,XSHG
1168,10000031.XSHG,0.87,0.8788,2015-05-15,XSHG
1169,10000038.XSHG,0.027,0.0286,2015-05-15,XSHG
1170,10000039.XSHG,0.0341,0.0364,2015-05-15,XSHG
1171,10000137.XSHG,0.095,0.093,2015-05-15,XSHG
1172,10000136.XSHG,0.24,0.1968,2015-05-15,XSHG
1173,10000135.XSHG,0.2601,0.221,2015-05-15,XSHG
1174,10000134.XSHG,0.0369,0.0382,2015-05-15,XSHG
1175,10000133.XSHG,0.0243,0.025,2015-05-15,XSHG
1176,10000132.XSHG,0.1617,0.1047,2015-05-15,XSHG
1177,10000131.XSHG,0.1947,0.1399,2015-05-15,XSHG
1178,10000139.XSHG,0.3674,0.3674,2015-05-15,XSHG
1179,10000138.XSHG,0.1125,0.1108,2015-05-15,XSHG
1180,10000108.XSHG,0.4155,0.3656,2015-05-15,XSHG
1181,10000109.XSHG,0.3844,0.32,2015-05-15,XSHG
1182,10000102.XSHG,0.061,0.0602,2015-05-15,XSHG
1183,10000103.XSHG,0.4135,0.4135,2015-05-15,XSHG
1184,10000101.XSHG,0.3163,0.2895,2015-05-15,XSHG
1185,10000106.XSHG,0.4879,0.4599,2015-05-15,XSHG
1186,10000107.XSHG,0.461,0.4282,2015-05-15,XSHG
1187,10000104.XSHG,0.139,0.1535,2015-05-15,XSHG
1188,10000105.XSHG,0.558,0.5109,2015-05-15,XSHG
1189,10000029.XSHG,,,2015-05-15,XSHG
1190,10000028.XSHG,0.003,0.0038,2015-05-15,XSHG
1191,10000119.XSHG,0.2758,0.2214,2015-05-15,XSHG
1192,10000115.XSHG,0.3215,0.2657,2015-05-15,XSHG
1193,10000114.XSHG,0.0037,0.0026,2015-05-15,XSHG
1194,10000116.XSHG,0.0062,0.0031,2015-05-15,XSHG
1195,10000111.XSHG,0.0027,0.0005,2015-05-15,XSHG
1196,10000110.XSHG,0.0008,0.0007,2015-05-15,XSHG
1197,10000113.XSHG,0.0019,0.0006,2015-05-15,XSHG
1198,10000112.XSHG,0.0017,0.0007,2015-05-15,XSHG
1199,10000188.XSHG,0.2999,0.3026,2015-05-15,XSHG
1200,10000022.XSHG,0.7738,0.7824,2015-05-15,XSHG
1201,10000182.XSHG,,,2015-05-15,XSHG
1202,10000183.XSHG,0.418,0.4147,2015-05-15,XSHG
1203,10000180.XSHG,0.41,0.4029,2015-05-15,XSHG
1204,10000181.XSHG,0.2,0.1729,2015-05-15,XSHG
1205,10000186.XSHG,0.3176,0.2864,2015-05-15,XSHG
1206,10000187.XSHG,0.2937,0.2712,2015-05-15,XSHG
1207,10000184.XSHG,0.398,0.398,2015-05-15,XSHG
1208,10000185.XSHG,0.3715,0.329,2015-05-15,XSHG
1209,10000021.XSHG,0.875,0.838,2015-05-15,XSHG
1210,10000023.XSHG,0.7107,0.7421,2015-05-15,XSHG
1211,10000189.XSHG,0.359,0.347,2015-05-15,XSHG
1212,10000025.XSHG,0.67,0.6627,2015-05-15,XSHG
1213,10000024.XSHG,0.7025,0.6903,2015-05-15,XSHG
1214,10000027.XSHG,0.0036,0.0035,2015-05-15,XSHG
1215,10000026.XSHG,0.004,0.0029,2015-05-15,XSHG
1216,10000201.XSHG,0.429,0.3719,2015-05-18,XSHG
1217,10000200.XSHG,0.6194,0.635,2015-05-18,XSHG
1218,10000203.XSHG,0.4253,0.4253,2015-05-18,XSHG
1219,10000202.XSHG,0.2939,0.2878,2015-05-18,XSHG
1220,10000204.XSHG,0.2547,0.2607,2015-05-18,XSHG
1221,10000161.XSHG,0.015,0.008,2015-05-18,XSHG
1222,10000162.XSHG,0.2084,0.259,2015-05-18,XSHG
1223,10000163.XSHG,0.0756,0.0493,2015-05-18,XSHG
1224,10000164.XSHG,0.2639,0.2811,2015-05-18,XSHG
1225,10000165.XSHG,0.2089,0.1931,2015-05-18,XSHG
1226,10000166.XSHG,0.3716,0.3716,2015-05-18,XSHG
1227,10000195.XSHG,0.0267,0.014,2015-05-18,XSHG
1228,10000194.XSHG,0.5063,0.5345,2015-05-18,XSHG
1229,10000197.XSHG,0.1357,0.1065,2015-05-18,XSHG
1230,10000196.XSHG,0.5142,0.5405,2015-05-18,XSHG
1231,10000191.XSHG,0.4819,0.4819,2015-05-18,XSHG
1232,10000190.XSHG,0.4189,0.44,2015-05-18,XSHG
1233,10000193.XSHG,0.0015,0.0018,2015-05-18,XSHG
1234,10000192.XSHG,0.5204,0.5599,2015-05-18,XSHG
1235,10000054.XSHG,0.0121,0.0077,2015-05-18,XSHG
1236,10000055.XSHG,0.5745,0.5596,2015-05-18,XSHG
1237,10000056.XSHG,0.0649,0.0633,2015-05-18,XSHG
1238,10000199.XSHG,0.231,0.2008,2015-05-18,XSHG
1239,10000198.XSHG,0.5821,0.5818,2015-05-18,XSHG
1240,10000053.XSHG,0.5255,0.474,2015-05-18,XSHG
1241,10000179.XSHG,0.0388,0.0208,2015-05-18,XSHG
1242,10000178.XSHG,0.4086,0.451,2015-05-18,XSHG
1243,10000173.XSHG,0.1841,0.1488,2015-05-18,XSHG
1244,10000172.XSHG,0.3407,0.355,2015-05-18,XSHG
1245,10000171.XSHG,0.0546,0.0328,2015-05-18,XSHG
1246,10000170.XSHG,0.3088,0.3504,2015-05-18,XSHG
1247,10000177.XSHG,0.0022,0.0027,2015-05-18,XSHG
1248,10000174.XSHG,0.4262,0.4385,2015-05-18,XSHG
1249,10000169.XSHG,0.01,0.005,2015-05-18,XSHG
1250,10000048.XSHG,0.0544,0.0507,2015-05-18,XSHG
1251,10000047.XSHG,0.61,0.61,2015-05-18,XSHG
1252,10000046.XSHG,0.0097,0.0052,2015-05-18,XSHG
1253,10000045.XSHG,0.5736,0.5292,2015-05-18,XSHG
1254,10000040.XSHG,0.0457,0.0434,2015-05-18,XSHG
1255,10000148.XSHG,0.1438,0.1427,2015-05-18,XSHG
1256,10000149.XSHG,0.2981,0.2694,2015-05-18,XSHG
1257,10000146.XSHG,0.0646,0.087,2015-05-18,XSHG
1258,10000147.XSHG,0.1553,0.1174,2015-05-18,XSHG
1259,10000145.XSHG,0.0665,0.0376,2015-05-18,XSHG
1260,10000142.XSHG,,,2015-05-18,XSHG
1261,10000140.XSHG,0.3197,0.2848,2015-05-18,XSHG
1262,10000141.XSHG,0.21,0.2074,2015-05-18,XSHG
1263,10000072.XSHG,0.091,0.0858,2015-05-18,XSHG
1264,10000070.XSHG,0.0217,0.0152,2015-05-18,XSHG
1265,10000071.XSHG,0.5052,0.5061,2015-05-18,XSHG
1266,10000077.XSHG,0.3915,0.3379,2015-05-18,XSHG
1267,10000078.XSHG,0.0289,0.0212,2015-05-18,XSHG
1268,10000079.XSHG,0.4943,0.4943,2015-05-18,XSHG
1269,10000150.XSHG,0.253,0.2472,2015-05-18,XSHG
1270,10000153.XSHG,0.0356,0.0175,2015-05-18,XSHG
1271,10000155.XSHG,0.1135,0.0814,2015-05-18,XSHG
1272,10000154.XSHG,0.1243,0.161,2015-05-18,XSHG
1273,10000157.XSHG,0.2425,0.22,2015-05-18,XSHG
1274,10000156.XSHG,0.199,0.2065,2015-05-18,XSHG
1275,10000158.XSHG,0.31,0.3106,2015-05-18,XSHG
1276,10000093.XSHG,0.3127,0.258,2015-05-18,XSHG
1277,10000094.XSHG,0.047,0.0393,2015-05-18,XSHG
1278,10000095.XSHG,0.406,0.3802,2015-05-18,XSHG
1279,10000096.XSHG,0.137,0.1305,2015-05-18,XSHG
1280,10000064.XSHG,0.0772,0.0717,2015-05-18,XSHG
1281,10000061.XSHG,0.4713,0.4327,2015-05-18,XSHG
1282,10000063.XSHG,0.528,0.52,2015-05-18,XSHG
1283,10000062.XSHG,0.0162,0.0107,2015-05-18,XSHG
1284,10000069.XSHG,0.4323,0.3853,2015-05-18,XSHG
1285,10000124.XSHG,0.076,0.0669,2015-05-18,XSHG
1286,10000125.XSHG,0.3752,0.3194,2015-05-18,XSHG
1287,10000126.XSHG,0.18,0.1758,2015-05-18,XSHG
1288,10000088.XSHG,0.1209,0.1138,2015-05-18,XSHG
1289,10000120.XSHG,0.1757,0.1227,2015-05-18,XSHG
1290,10000121.XSHG,0.0095,0.0094,2015-05-18,XSHG
1291,10000122.XSHG,0.0143,0.0187,2015-05-18,XSHG
1292,10000123.XSHG,0.2425,0.1904,2015-05-18,XSHG
1293,10000080.XSHG,0.1068,0.1023,2015-05-18,XSHG
1294,10000087.XSHG,0.45,0.45,2015-05-18,XSHG
1295,10000086.XSHG,0.0375,0.0292,2015-05-18,XSHG
1296,10000085.XSHG,0.3519,0.302,2015-05-18,XSHG
1297,10000036.XSHG,0.0198,0.0183,2015-05-18,XSHG
1298,10000037.XSHG,0.0249,0.024,2015-05-18,XSHG
1299,10000034.XSHG,0.705,0.6765,2015-05-18,XSHG
1300,10000035.XSHG,0.66,0.635,2015-05-18,XSHG
1301,10000032.XSHG,0.8151,0.77,2015-05-18,XSHG
1302,10000033.XSHG,0.7658,0.725,2015-05-18,XSHG
1303,10000030.XSHG,0.0084,0.0039,2015-05-18,XSHG
1304,10000031.XSHG,0.83,0.81,2015-05-18,XSHG
1305,10000038.XSHG,0.0303,0.0295,2015-05-18,XSHG
1306,10000039.XSHG,0.038,0.0345,2015-05-18,XSHG
1307,10000137.XSHG,0.0944,0.086,2015-05-18,XSHG
1308,10000136.XSHG,0.1835,0.131,2015-05-18,XSHG
1309,10000135.XSHG,0.213,0.1588,2015-05-18,XSHG
1310,10000134.XSHG,0.041,0.057,2015-05-18,XSHG
1311,10000133.XSHG,0.0255,0.0334,2015-05-18,XSHG
1312,10000132.XSHG,0.1012,0.0557,2015-05-18,XSHG
1313,10000131.XSHG,0.135,0.0814,2015-05-18,XSHG
1314,10000139.XSHG,0.341,0.3132,2015-05-18,XSHG
1315,10000138.XSHG,0.1156,0.1092,2015-05-18,XSHG
1316,10000108.XSHG,0.352,0.307,2015-05-18,XSHG
1317,10000109.XSHG,0.3082,0.2698,2015-05-18,XSHG
1318,10000102.XSHG,0.062,0.0524,2015-05-18,XSHG
1319,10000103.XSHG,0.3873,0.3502,2015-05-18,XSHG
1320,10000101.XSHG,0.2789,0.226,2015-05-18,XSHG
1321,10000106.XSHG,0.4428,0.41,2015-05-18,XSHG
1322,10000107.XSHG,0.4036,0.377,2015-05-18,XSHG
1323,10000104.XSHG,0.1525,0.1571,2015-05-18,XSHG
1324,10000105.XSHG,0.4918,0.455,2015-05-18,XSHG
1325,10000029.XSHG,0.0033,0.0019,2015-05-18,XSHG
1326,10000028.XSHG,0.003,0.003,2015-05-18,XSHG
1327,10000119.XSHG,0.2134,0.1607,2015-05-18,XSHG
1328,10000115.XSHG,0.256,0.2106,2015-05-18,XSHG
1329,10000114.XSHG,0.0024,0.0023,2015-05-18,XSHG
1330,10000116.XSHG,0.0046,0.0047,2015-05-18,XSHG
1331,10000111.XSHG,0.001,0.0002,2015-05-18,XSHG
1332,10000110.XSHG,0.0004,0.0001,2015-05-18,XSHG
1333,10000113.XSHG,0.0036,0.0011,2015-05-18,XSHG
1334,10000112.XSHG,0.0005,0.0005,2015-05-18,XSHG
1335,10000188.XSHG,0.3056,0.316,2015-05-18,XSHG
1336,10000022.XSHG,0.7511,0.7214,2015-05-18,XSHG
1337,10000182.XSHG,0.4981,0.5096,2015-05-18,XSHG
1338,10000183.XSHG,0.408,0.361,2015-05-18,XSHG
1339,10000180.XSHG,0.4177,0.4493,2015-05-18,XSHG
1340,10000181.XSHG,0.1583,0.1302,2015-05-18,XSHG
1341,10000186.XSHG,0.2837,0.267,2015-05-18,XSHG
1342,10000187.XSHG,0.2561,0.2268,2015-05-18,XSHG
1343,10000184.XSHG,0.3629,0.3317,2015-05-18,XSHG
1344,10000185.XSHG,0.3152,0.2818,2015-05-18,XSHG
1345,10000021.XSHG,0.8045,0.7543,2015-05-18,XSHG
1346,10000023.XSHG,0.708,0.6746,2015-05-18,XSHG
1347,10000189.XSHG,0.3829,0.3942,2015-05-18,XSHG
1348,10000025.XSHG,0.6225,0.5745,2015-05-18,XSHG
1349,10000024.XSHG,0.6603,0.6177,2015-05-18,XSHG
1350,10000027.XSHG,0.0022,0.002,2015-05-18,XSHG
1351,10000026.XSHG,0.0044,0.002,2015-05-18,XSHG
1352,10000201.XSHG,0.4221,0.4317,2015-05-19,XSHG
1353,10000200.XSHG,0.6,0.5678,2015-05-19,XSHG
1354,10000203.XSHG,0.3998,0.4675,2015-05-19,XSHG
1355,10000202.XSHG,0.2536,0.24,2015-05-19,XSHG
1356,10000205.XSHG,0.4555,0.4868,2015-05-19,XSHG
1357,10000204.XSHG,0.246,0.223,2015-05-19,XSHG
1358,10000206.XSHG,0.212,0.1974,2015-05-19,XSHG
1359,10000161.XSHG,0.0095,0.0229,2015-05-19,XSHG
1360,10000162.XSHG,0.2613,0.1516,2015-05-19,XSHG
1361,10000163.XSHG,0.0488,0.0835,2015-05-19,XSHG
1362,10000164.XSHG,0.2683,0.1985,2015-05-19,XSHG
1363,10000165.XSHG,0.1828,0.2266,2015-05-19,XSHG
1364,10000166.XSHG,0.3216,0.317,2015-05-19,XSHG
1365,10000195.XSHG,0.0139,0.0275,2015-05-19,XSHG
1366,10000194.XSHG,0.5555,0.4401,2015-05-19,XSHG
1367,10000197.XSHG,0.108,0.1485,2015-05-19,XSHG
1368,10000196.XSHG,0.5341,0.44,2015-05-19,XSHG
1369,10000191.XSHG,0.4272,0.4287,2015-05-19,XSHG
1370,10000190.XSHG,0.3829,0.3702,2015-05-19,XSHG
1371,10000193.XSHG,0.0009,0.003,2015-05-19,XSHG
1372,10000192.XSHG,0.5483,0.4825,2015-05-19,XSHG
1373,10000054.XSHG,0.0081,0.0037,2015-05-19,XSHG
1374,10000055.XSHG,0.6385,0.6375,2015-05-19,XSHG
1375,10000056.XSHG,0.0429,0.0449,2015-05-19,XSHG
1376,10000199.XSHG,0.195,0.2234,2015-05-19,XSHG
1377,10000198.XSHG,0.55,0.5026,2015-05-19,XSHG
1378,10000053.XSHG,0.4858,0.576,2015-05-19,XSHG
1379,10000179.XSHG,0.0208,0.0411,2015-05-19,XSHG
1380,10000178.XSHG,0.4636,0.3434,2015-05-19,XSHG
1381,10000173.XSHG,0.1518,0.1819,2015-05-19,XSHG
1382,10000172.XSHG,0.3654,0.2788,2015-05-19,XSHG
1383,10000171.XSHG,0.0328,0.0602,2015-05-19,XSHG
1384,10000170.XSHG,0.362,0.2479,2015-05-19,XSHG
1385,10000177.XSHG,0.0016,0.0052,2015-05-19,XSHG
1386,10000174.XSHG,0.3821,0.3672,2015-05-19,XSHG
1387,10000169.XSHG,0.0043,0.0114,2015-05-19,XSHG
1388,10000048.XSHG,0.0539,0.0387,2015-05-19,XSHG
1389,10000047.XSHG,0.6828,0.6841,2015-05-19,XSHG
1390,10000046.XSHG,0.0036,0.0036,2015-05-19,XSHG
1391,10000045.XSHG,0.588,0.6215,2015-05-19,XSHG
1392,10000040.XSHG,0.0458,0.0314,2015-05-19,XSHG
1393,10000148.XSHG,0.1375,0.0929,2015-05-19,XSHG
1394,10000149.XSHG,0.2816,0.3236,2015-05-19,XSHG
1395,10000146.XSHG,0.0856,0.0314,2015-05-19,XSHG
1396,10000147.XSHG,0.1134,0.1726,2015-05-19,XSHG
1397,10000145.XSHG,0.0364,0.1035,2015-05-19,XSHG
1398,10000142.XSHG,0.182,0.1789,2015-05-19,XSHG
1399,10000140.XSHG,0.3358,0.3358,2015-05-19,XSHG
1400,10000141.XSHG,0.164,0.164,2015-05-19,XSHG
1401,10000072.XSHG,0.0746,0.0631,2015-05-19,XSHG
1402,10000070.XSHG,0.0151,0.0086,2015-05-19,XSHG
1403,10000071.XSHG,0.51,0.5551,2015-05-19,XSHG
1404,10000077.XSHG,0.3496,0.4464,2015-05-19,XSHG
1405,10000078.XSHG,0.0213,0.0121,2015-05-19,XSHG
1406,10000079.XSHG,0.4523,0.5264,2015-05-19,XSHG
1407,10000150.XSHG,0.244,0.2,2015-05-19,XSHG
1408,10000153.XSHG,0.0172,0.053,2015-05-19,XSHG
1409,10000155.XSHG,0.0787,0.1276,2015-05-19,XSHG
1410,10000154.XSHG,0.1621,0.0796,2015-05-19,XSHG
1411,10000157.XSHG,0.2312,0.2715,2015-05-19,XSHG
1412,10000156.XSHG,0.2068,0.1399,2015-05-19,XSHG
1413,10000158.XSHG,0.2477,0.2443,2015-05-19,XSHG
1414,10000093.XSHG,0.2486,0.3485,2015-05-19,XSHG
1415,10000094.XSHG,0.0395,0.0228,2015-05-19,XSHG
1416,10000095.XSHG,0.3944,0.4483,2015-05-19,XSHG
1417,10000096.XSHG,0.12,0.1035,2015-05-19,XSHG
1418,10000064.XSHG,0.0517,0.0517,2015-05-19,XSHG
1419,10000061.XSHG,0.4646,0.5375,2015-05-19,XSHG
1420,10000063.XSHG,0.5702,0.578,2015-05-19,XSHG
1421,10000062.XSHG,0.0108,0.0054,2015-05-19,XSHG
1422,10000069.XSHG,0.424,0.4694,2015-05-19,XSHG
1423,10000124.XSHG,0.07,0.0422,2015-05-19,XSHG
1424,10000125.XSHG,0.3223,0.4049,2015-05-19,XSHG
1425,10000126.XSHG,0.1523,0.1329,2015-05-19,XSHG
1426,10000088.XSHG,0.1022,0.0885,2015-05-19,XSHG
1427,10000120.XSHG,0.1184,0.2235,2015-05-19,XSHG
1428,10000121.XSHG,0.01,0.0025,2015-05-19,XSHG
1429,10000122.XSHG,0.0187,0.0052,2015-05-19,XSHG
1430,10000123.XSHG,0.1953,0.2738,2015-05-19,XSHG
1431,10000080.XSHG,0.0942,0.0788,2015-05-19,XSHG
1432,10000087.XSHG,0.428,0.4807,2015-05-19,XSHG
1433,10000086.XSHG,0.0285,0.0167,2015-05-19,XSHG
1434,10000085.XSHG,0.3063,0.3905,2015-05-19,XSHG
1435,10000036.XSHG,0.0197,0.013,2015-05-19,XSHG
1436,10000037.XSHG,0.025,0.0168,2015-05-19,XSHG
1437,10000034.XSHG,0.6828,0.7437,2015-05-19,XSHG
1438,10000035.XSHG,0.6919,0.715,2015-05-19,XSHG
1439,10000032.XSHG,0.7769,0.8501,2015-05-19,XSHG
1440,10000033.XSHG,0.7737,0.818,2015-05-19,XSHG
1441,10000030.XSHG,0.0057,0.0023,2015-05-19,XSHG
1442,10000031.XSHG,0.8236,0.91,2015-05-19,XSHG
1443,10000038.XSHG,0.0305,0.0205,2015-05-19,XSHG
1444,10000039.XSHG,0.0374,0.0258,2015-05-19,XSHG
1445,10000137.XSHG,0.0887,0.0547,2015-05-19,XSHG
1446,10000136.XSHG,0.1321,0.2056,2015-05-19,XSHG
1447,10000135.XSHG,0.1588,0.2382,2015-05-19,XSHG
1448,10000134.XSHG,0.0555,0.0189,2015-05-19,XSHG
1449,10000133.XSHG,0.034,0.0112,2015-05-19,XSHG
1450,10000132.XSHG,0.0563,0.1345,2015-05-19,XSHG
1451,10000131.XSHG,0.0837,0.1827,2015-05-19,XSHG
1452,10000139.XSHG,0.3155,0.3604,2015-05-19,XSHG
1453,10000138.XSHG,0.1134,0.0716,2015-05-19,XSHG
1454,10000108.XSHG,0.3269,0.404,2015-05-19,XSHG
1455,10000109.XSHG,0.252,0.3703,2015-05-19,XSHG
1456,10000102.XSHG,0.053,0.0305,2015-05-19,XSHG
1457,10000103.XSHG,0.3635,0.4304,2015-05-19,XSHG
1458,10000101.XSHG,0.2443,0.3034,2015-05-19,XSHG
1459,10000106.XSHG,0.4391,0.5037,2015-05-19,XSHG
1460,10000107.XSHG,0.392,0.47,2015-05-19,XSHG
1461,10000104.XSHG,0.1532,0.119,2015-05-19,XSHG
1462,10000105.XSHG,0.4888,0.5541,2015-05-19,XSHG
1463,10000029.XSHG,0.0015,0.0022,2015-05-19,XSHG
1464,10000028.XSHG,0.002,0.0018,2015-05-19,XSHG
1465,10000119.XSHG,0.1668,0.2707,2015-05-19,XSHG
1466,10000115.XSHG,0.214,0.3209,2015-05-19,XSHG
1467,10000114.XSHG,0.0039,0.001,2015-05-19,XSHG
1468,10000116.XSHG,0.0028,0.0013,2015-05-19,XSHG
1469,10000111.XSHG,0.0002,0.0002,2015-05-19,XSHG
1470,10000110.XSHG,0.0001,0.0002,2015-05-19,XSHG
1471,10000113.XSHG,0.0013,0.0011,2015-05-19,XSHG
1472,10000112.XSHG,0.0002,0.0005,2015-05-19,XSHG
1473,10000188.XSHG,0.285,0.2611,2015-05-19,XSHG
1474,10000022.XSHG,0.772,0.8206,2015-05-19,XSHG
1475,10000182.XSHG,0.4544,0.4467,2015-05-19,XSHG
1476,10000183.XSHG,0.3708,0.3926,2015-05-19,XSHG
1477,10000180.XSHG,0.4445,0.3587,2015-05-19,XSHG
1478,10000181.XSHG,0.1285,0.1558,2015-05-19,XSHG
1479,10000186.XSHG,0.2742,0.2642,2015-05-19,XSHG
1480,10000187.XSHG,0.2364,0.2509,2015-05-19,XSHG
1481,10000184.XSHG,0.3522,0.3523,2015-05-19,XSHG
1482,10000185.XSHG,0.2899,0.318,2015-05-19,XSHG
1483,10000021.XSHG,0.8128,0.8684,2015-05-19,XSHG
1484,10000023.XSHG,0.7068,0.7597,2015-05-19,XSHG
1485,10000189.XSHG,0.3423,0.3122,2015-05-19,XSHG
1486,10000025.XSHG,0.6027,0.6763,2015-05-19,XSHG
1487,10000024.XSHG,0.6919,0.726,2015-05-19,XSHG
1488,10000027.XSHG,0.0011,0.0013,2015-05-19,XSHG
1489,10000026.XSHG,0.0011,0.0016,2015-05-19,XSHG
1490,10000201.XSHG,0.45,0.45,2015-05-20,XSHG
1491,10000200.XSHG,0.5609,0.5336,2015-05-20,XSHG
1492,10000203.XSHG,0.4935,0.4935,2015-05-20,XSHG
1493,10000202.XSHG,,,2015-05-20,XSHG
1494,10000205.XSHG,0.504,0.52,2015-05-20,XSHG
1495,10000204.XSHG,0.2136,0.2136,2015-05-20,XSHG
1496,10000206.XSHG,0.1966,0.1869,2015-05-20,XSHG
1497,10000161.XSHG,0.0233,0.0232,2015-05-20,XSHG
1498,10000162.XSHG,0.146,0.1506,2015-05-20,XSHG
1499,10000163.XSHG,0.0863,0.0988,2015-05-20,XSHG
1500,10000164.XSHG,0.1913,0.2093,2015-05-20,XSHG
1501,10000165.XSHG,0.2335,0.2367,2015-05-20,XSHG
1502,10000166.XSHG,0.3,0.2903,2015-05-20,XSHG
1503,10000195.XSHG,0.0283,0.043,2015-05-20,XSHG
1504,10000194.XSHG,0.4237,0.424,2015-05-20,XSHG
1505,10000197.XSHG,0.1311,0.1426,2015-05-20,XSHG
1506,10000196.XSHG,0.4331,0.4551,2015-05-20,XSHG
1507,10000191.XSHG,0.3976,0.3976,2015-05-20,XSHG
1508,10000190.XSHG,,,2015-05-20,XSHG
1509,10000193.XSHG,0.0046,0.0024,2015-05-20,XSHG
1510,10000192.XSHG,0.4823,0.4788,2015-05-20,XSHG
1511,10000054.XSHG,0.0036,0.0046,2015-05-20,XSHG
1512,10000055.XSHG,0.6816,0.6506,2015-05-20,XSHG
1513,10000056.XSHG,0.045,0.0406,2015-05-20,XSHG
1514,10000199.XSHG,0.2341,0.2396,2015-05-20,XSHG
1515,10000198.XSHG,0.5108,0.4928,2015-05-20,XSHG
1516,10000053.XSHG,0.5894,0.5837,2015-05-20,XSHG
1517,10000179.XSHG,0.0423,0.0566,2015-05-20,XSHG
1518,10000178.XSHG,0.3306,0.3274,2015-05-20,XSHG
1519,10000173.XSHG,0.2016,0.2028,2015-05-20,XSHG
1520,10000172.XSHG,0.2685,0.2969,2015-05-20,XSHG
1521,10000171.XSHG,0.0621,0.0747,2015-05-20,XSHG
1522,10000170.XSHG,0.2285,0.24,2015-05-20,XSHG
1523,10000177.XSHG,0.0067,0.0051,2015-05-20,XSHG
1524,10000174.XSHG,0.3503,0.3705,2015-05-20,XSHG
1525,10000169.XSHG,0.0117,0.0096,2015-05-20,XSHG
1526,10000048.XSHG,0.0368,0.0355,2015-05-20,XSHG
1527,10000047.XSHG,0.7072,0.6929,2015-05-20,XSHG
1528,10000046.XSHG,0.0034,0.0029,2015-05-20,XSHG
1529,10000045.XSHG,0.6359,0.6501,2015-05-20,XSHG
1530,10000040.XSHG,0.0295,0.0289,2015-05-20,XSHG
1531,10000148.XSHG,0.0877,0.098,2015-05-20,XSHG
1532,10000149.XSHG,0.3391,0.32,2015-05-20,XSHG
1533,10000146.XSHG,0.0304,0.0297,2015-05-20,XSHG
1534,10000147.XSHG,0.1795,0.1796,2015-05-20,XSHG
1535,10000145.XSHG,0.11,0.1025,2015-05-20,XSHG
1536,10000142.XSHG,0.1624,0.1624,2015-05-20,XSHG
1537,10000140.XSHG,0.3603,0.3545,2015-05-20,XSHG
1538,10000141.XSHG,0.1415,0.1616,2015-05-20,XSHG
1539,10000072.XSHG,0.0629,0.0617,2015-05-20,XSHG
1540,10000070.XSHG,0.0083,0.0099,2015-05-20,XSHG
1541,10000071.XSHG,0.5958,0.5958,2015-05-20,XSHG
1542,10000077.XSHG,0.4528,0.4437,2015-05-20,XSHG
1543,10000078.XSHG,0.0119,0.0123,2015-05-20,XSHG
1544,10000079.XSHG,0.565,0.565,2015-05-20,XSHG
1545,10000150.XSHG,0.1952,0.1861,2015-05-20,XSHG
1546,10000153.XSHG,0.0566,0.0497,2015-05-20,XSHG
1547,10000155.XSHG,0.1363,0.1328,2015-05-20,XSHG
1548,10000154.XSHG,0.0681,0.0793,2015-05-20,XSHG
1549,10000157.XSHG,0.2829,0.2681,2015-05-20,XSHG
1550,10000156.XSHG,0.1346,0.152,2015-05-20,XSHG
1551,10000158.XSHG,0.2516,0.2361,2015-05-20,XSHG
1552,10000093.XSHG,0.3644,0.3726,2015-05-20,XSHG
1553,10000094.XSHG,0.0223,0.0238,2015-05-20,XSHG
1554,10000095.XSHG,,,2015-05-20,XSHG
1555,10000096.XSHG,0.102,0.0965,2015-05-20,XSHG
1556,10000064.XSHG,0.0519,0.0537,2015-05-20,XSHG
1557,10000061.XSHG,0.5432,0.5358,2015-05-20,XSHG
1558,10000063.XSHG,0.595,0.6298,2015-05-20,XSHG
1559,10000062.XSHG,0.0058,0.0063,2015-05-20,XSHG
1560,10000069.XSHG,0.4977,0.4886,2015-05-20,XSHG
1561,10000124.XSHG,0.0409,0.0446,2015-05-20,XSHG
1562,10000125.XSHG,0.3983,0.4239,2015-05-20,XSHG
1563,10000126.XSHG,0.13,0.1248,2015-05-20,XSHG
1564,10000088.XSHG,0.0879,0.0885,2015-05-20,XSHG
1565,10000120.XSHG,0.2329,0.2304,2015-05-20,XSHG
1566,10000121.XSHG,0.003,0.001,2015-05-20,XSHG
1567,10000122.XSHG,0.0036,0.0051,2015-05-20,XSHG
1568,10000123.XSHG,0.28,0.2809,2015-05-20,XSHG
1569,10000080.XSHG,0.0673,0.0721,2015-05-20,XSHG
1570,10000087.XSHG,0.5122,0.5019,2015-05-20,XSHG
1571,10000086.XSHG,0.0164,0.0172,2015-05-20,XSHG
1572,10000085.XSHG,0.4093,0.3985,2015-05-20,XSHG
1573,10000036.XSHG,0.0124,0.0116,2015-05-20,XSHG
1574,10000037.XSHG,0.0153,0.0146,2015-05-20,XSHG
1575,10000034.XSHG,0.7902,0.8155,2015-05-20,XSHG
1576,10000035.XSHG,0.7505,0.77,2015-05-20,XSHG
1577,10000032.XSHG,,,2015-05-20,XSHG
1578,10000033.XSHG,,,2015-05-20,XSHG
1579,10000030.XSHG,0.002,0.0026,2015-05-20,XSHG
1580,10000031.XSHG,0.9088,0.9566,2015-05-20,XSHG
1581,10000038.XSHG,0.0186,0.0186,2015-05-20,XSHG
1582,10000039.XSHG,0.0243,0.0239,2015-05-20,XSHG
1583,10000137.XSHG,0.053,0.0596,2015-05-20,XSHG
1584,10000136.XSHG,0.2182,0.2136,2015-05-20,XSHG
1585,10000135.XSHG,0.2428,0.2537,2015-05-20,XSHG
1586,10000134.XSHG,0.0146,0.0168,2015-05-20,XSHG
1587,10000133.XSHG,0.011,0.0078,2015-05-20,XSHG
1588,10000132.XSHG,0.141,0.14,2015-05-20,XSHG
1589,10000131.XSHG,0.1891,0.1776,2015-05-20,XSHG
1590,10000139.XSHG,0.3809,0.3864,2015-05-20,XSHG
1591,10000138.XSHG,0.0689,0.076,2015-05-20,XSHG
1592,10000108.XSHG,0.4345,0.4349,2015-05-20,XSHG
1593,10000109.XSHG,0.384,0.374,2015-05-20,XSHG
1594,10000102.XSHG,0.0296,0.034,2015-05-20,XSHG
1595,10000103.XSHG,0.4367,0.4367,2015-05-20,XSHG
1596,10000101.XSHG,0.3148,0.3362,2015-05-20,XSHG
1597,10000106.XSHG,0.531,0.5334,2015-05-20,XSHG
1598,10000107.XSHG,0.4683,0.478,2015-05-20,XSHG
1599,10000104.XSHG,0.1105,0.11,2015-05-20,XSHG
1600,10000105.XSHG,0.5786,0.5854,2015-05-20,XSHG
1601,10000029.XSHG,0.0018,0.0018,2015-05-20,XSHG
1602,10000028.XSHG,0.0017,0.0018,2015-05-20,XSHG
1603,10000119.XSHG,0.2813,0.2865,2015-05-20,XSHG
1604,10000115.XSHG,0.3323,0.3183,2015-05-20,XSHG
1605,10000114.XSHG,0.0011,0.001,2015-05-20,XSHG
1606,10000116.XSHG,0.0015,0.0011,2015-05-20,XSHG
1607,10000111.XSHG,0.0001,0.0001,2015-05-20,XSHG
1608,10000110.XSHG,0.0001,0.0004,2015-05-20,XSHG
1609,10000113.XSHG,0.0009,0.0004,2015-05-20,XSHG
1610,10000112.XSHG,0.0003,0.0006,2015-05-20,XSHG
1611,10000188.XSHG,0.242,0.2391,2015-05-20,XSHG
1612,10000022.XSHG,0.8534,0.8344,2015-05-20,XSHG
1613,10000182.XSHG,0.4256,0.4194,2015-05-20,XSHG
1614,10000183.XSHG,0.4146,0.435,2015-05-20,XSHG
1615,10000180.XSHG,0.3443,0.3718,2015-05-20,XSHG
1616,10000181.XSHG,0.1622,0.17,2015-05-20,XSHG
1617,10000186.XSHG,0.2731,0.3169,2015-05-20,XSHG
1618,10000187.XSHG,0.242,0.2658,2015-05-20,XSHG
1619,10000184.XSHG,0.38,0.3853,2015-05-20,XSHG
1620,10000185.XSHG,0.352,0.352,2015-05-20,XSHG
1621,10000021.XSHG,0.8711,0.8933,2015-05-20,XSHG
1622,10000023.XSHG,0.7901,0.7786,2015-05-20,XSHG
1623,10000189.XSHG,0.3149,0.3086,2015-05-20,XSHG
1624,10000025.XSHG,0.7034,0.6808,2015-05-20,XSHG
1625,10000024.XSHG,0.7296,0.7295,2015-05-20,XSHG
1626,10000027.XSHG,0.0016,0.0015,2015-05-20,XSHG
1627,10000026.XSHG,0.0009,0.002,2015-05-20,XSHG
1628,10000201.XSHG,0.4671,0.4671,2015-05-21,XSHG
1629,10000200.XSHG,0.5453,0.5278,2015-05-21,XSHG
1630,10000203.XSHG,0.4801,0.5088,2015-05-21,XSHG
1631,10000202.XSHG,,,2015-05-21,XSHG
1632,10000205.XSHG,0.5116,0.5401,2015-05-21,XSHG
1633,10000204.XSHG,,,2015-05-21,XSHG
1634,10000206.XSHG,,,2015-05-21,XSHG
1635,10000161.XSHG,0.0239,0.0193,2015-05-21,XSHG
1636,10000162.XSHG,0.1437,0.1159,2015-05-21,XSHG
1637,10000163.XSHG,0.106,0.1088,2015-05-21,XSHG
1638,10000164.XSHG,0.2012,0.1985,2015-05-21,XSHG
1639,10000165.XSHG,0.2415,0.2358,2015-05-21,XSHG
1640,10000166.XSHG,,,2015-05-21,XSHG
1641,10000195.XSHG,0.0447,0.0487,2015-05-21,XSHG
1642,10000194.XSHG,0.4113,0.4167,2015-05-21,XSHG
1643,10000197.XSHG,0.136,0.1621,2015-05-21,XSHG
1644,10000196.XSHG,0.4382,0.43,2015-05-21,XSHG
1645,10000191.XSHG,,,2015-05-21,XSHG
1646,10000190.XSHG,,,2015-05-21,XSHG
1647,10000193.XSHG,0.0022,0.001,2015-05-21,XSHG
1648,10000192.XSHG,0.463,0.4828,2015-05-21,XSHG
1649,10000054.XSHG,0.0031,0.0035,2015-05-21,XSHG
1650,10000055.XSHG,0.6642,0.6768,2015-05-21,XSHG
1651,10000056.XSHG,0.0376,0.0406,2015-05-21,XSHG
1652,10000199.XSHG,0.2396,0.2478,2015-05-21,XSHG
1653,10000198.XSHG,0.4945,0.5161,2015-05-21,XSHG
1654,10000053.XSHG,0.607,0.5999,2015-05-21,XSHG
1655,10000179.XSHG,0.0612,0.0604,2015-05-21,XSHG
1656,10000178.XSHG,0.3143,0.296,2015-05-21,XSHG
1657,10000173.XSHG,0.2079,0.2003,2015-05-21,XSHG
1658,10000172.XSHG,0.2823,0.2666,2015-05-21,XSHG
1659,10000171.XSHG,0.0785,0.0808,2015-05-21,XSHG
1660,10000170.XSHG,0.2304,0.2014,2015-05-21,XSHG
1661,10000177.XSHG,0.0034,0.002,2015-05-21,XSHG
1662,10000174.XSHG,,,2015-05-21,XSHG
1663,10000169.XSHG,0.0111,0.0065,2015-05-21,XSHG
1664,10000048.XSHG,0.0321,0.0321,2015-05-21,XSHG
1665,10000047.XSHG,0.71,0.7037,2015-05-21,XSHG
1666,10000046.XSHG,0.002,0.0022,2015-05-21,XSHG
1667,10000045.XSHG,0.6502,0.6461,2015-05-21,XSHG
1668,10000040.XSHG,0.0266,0.0266,2015-05-21,XSHG
1669,10000148.XSHG,0.0941,0.0885,2015-05-21,XSHG
1670,10000149.XSHG,0.3357,0.3422,2015-05-21,XSHG
1671,10000146.XSHG,0.0266,0.0158,2015-05-21,XSHG
1672,10000147.XSHG,0.1876,0.2078,2015-05-21,XSHG
1673,10000145.XSHG,0.1137,0.1193,2015-05-21,XSHG
1674,10000142.XSHG,0.1698,0.168,2015-05-21,XSHG
1675,10000140.XSHG,0.3445,0.351,2015-05-21,XSHG
1676,10000141.XSHG,0.1503,0.1503,2015-05-21,XSHG
1677,10000072.XSHG,0.0624,0.0579,2015-05-21,XSHG
1678,10000070.XSHG,0.0083,0.0092,2015-05-21,XSHG
1679,10000071.XSHG,0.5868,0.5834,2015-05-21,XSHG
1680,10000077.XSHG,0.461,0.4597,2015-05-21,XSHG
1681,10000078.XSHG,0.0117,0.0131,2015-05-21,XSHG
1682,10000079.XSHG,0.5455,0.5455,2015-05-21,XSHG
1683,10000150.XSHG,0.1928,0.1943,2015-05-21,XSHG
1684,10000153.XSHG,0.0523,0.0555,2015-05-21,XSHG
1685,10000155.XSHG,0.1431,0.151,2015-05-21,XSHG
1686,10000154.XSHG,0.0653,0.0501,2015-05-21,XSHG
1687,10000157.XSHG,0.2837,0.2788,2015-05-21,XSHG
1688,10000156.XSHG,0.1433,0.1306,2015-05-21,XSHG
1689,10000158.XSHG,,,2015-05-21,XSHG
1690,10000093.XSHG,0.3756,0.3694,2015-05-21,XSHG
1691,10000094.XSHG,0.0228,0.0245,2015-05-21,XSHG
1692,10000095.XSHG,,,2015-05-21,XSHG
1693,10000096.XSHG,0.0954,0.0997,2015-05-21,XSHG
1694,10000064.XSHG,0.0509,0.0488,2015-05-21,XSHG
1695,10000061.XSHG,0.5559,0.5501,2015-05-21,XSHG
1696,10000063.XSHG,,,2015-05-21,XSHG
1697,10000062.XSHG,0.006,0.006,2015-05-21,XSHG
1698,10000069.XSHG,0.5067,0.5237,2015-05-21,XSHG
1699,10000124.XSHG,0.0428,0.0445,2015-05-21,XSHG
1700,10000125.XSHG,,,2015-05-21,XSHG
1701,10000126.XSHG,0.128,0.128,2015-05-21,XSHG
1702,10000088.XSHG,0.0798,0.075,2015-05-21,XSHG
1703,10000120.XSHG,0.2396,0.2505,2015-05-21,XSHG
1704,10000121.XSHG,0.0009,0.0012,2015-05-21,XSHG
1705,10000122.XSHG,0.0041,0.0027,2015-05-21,XSHG
1706,10000123.XSHG,0.2921,0.2998,2015-05-21,XSHG
1707,10000080.XSHG,0.0693,0.0676,2015-05-21,XSHG
1708,10000087.XSHG,0.5087,0.5087,2015-05-21,XSHG
1709,10000086.XSHG,0.0163,0.0184,2015-05-21,XSHG
1710,10000085.XSHG,0.4144,0.4356,2015-05-21,XSHG
1711,10000036.XSHG,0.0115,0.011,2015-05-21,XSHG
1712,10000037.XSHG,0.0183,0.0135,2015-05-21,XSHG
1713,10000034.XSHG,0.8,0.8,2015-05-21,XSHG
1714,10000035.XSHG,0.747,0.747,2015-05-21,XSHG
1715,10000032.XSHG,0.8984,0.8984,2015-05-21,XSHG
1716,10000033.XSHG,0.826,0.8489,2015-05-21,XSHG
1717,10000030.XSHG,0.0016,0.0028,2015-05-21,XSHG
1718,10000031.XSHG,0.93,0.935,2015-05-21,XSHG
1719,10000038.XSHG,0.0173,0.0173,2015-05-21,XSHG
1720,10000039.XSHG,0.02,0.0219,2015-05-21,XSHG
1721,10000137.XSHG,0.057,0.0572,2015-05-21,XSHG
1722,10000136.XSHG,0.2225,0.235,2015-05-21,XSHG
1723,10000135.XSHG,0.2624,0.2673,2015-05-21,XSHG
1724,10000134.XSHG,0.015,0.0082,2015-05-21,XSHG
1725,10000133.XSHG,0.0068,0.0047,2015-05-21,XSHG
1726,10000132.XSHG,0.1502,0.16,2015-05-21,XSHG
1727,10000131.XSHG,0.194,0.208,2015-05-21,XSHG
1728,10000139.XSHG,0.3806,0.3806,2015-05-21,XSHG
1729,10000138.XSHG,0.073,0.0684,2015-05-21,XSHG
1730,10000108.XSHG,0.4415,0.4468,2015-05-21,XSHG
1731,10000109.XSHG,0.3904,0.3978,2015-05-21,XSHG
1732,10000102.XSHG,0.0317,0.0333,2015-05-21,XSHG
1733,10000103.XSHG,,,2015-05-21,XSHG
1734,10000101.XSHG,0.3365,0.3328,2015-05-21,XSHG
1735,10000106.XSHG,0.5387,0.5285,2015-05-21,XSHG
1736,10000107.XSHG,0.4889,0.4984,2015-05-21,XSHG
1737,10000104.XSHG,0.1123,0.1118,2015-05-21,XSHG
1738,10000105.XSHG,0.5894,0.5943,2015-05-21,XSHG
1739,10000029.XSHG,0.0011,0.002,2015-05-21,XSHG
1740,10000028.XSHG,0.0011,0.0014,2015-05-21,XSHG
1741,10000119.XSHG,0.2885,0.3035,2015-05-21,XSHG
1742,10000115.XSHG,0.3427,0.35,2015-05-21,XSHG
1743,10000114.XSHG,0.0007,0.0003,2015-05-21,XSHG
1744,10000116.XSHG,0.0013,0.0011,2015-05-21,XSHG
1745,10000111.XSHG,,,2015-05-21,XSHG
1746,10000110.XSHG,0.0002,0.0002,2015-05-21,XSHG
1747,10000113.XSHG,0.0006,0.0002,2015-05-21,XSHG
1748,10000112.XSHG,0.0008,0.0001,2015-05-21,XSHG
1749,10000188.XSHG,0.2414,0.2356,2015-05-21,XSHG
1750,10000022.XSHG,0.845,0.855,2015-05-21,XSHG
1751,10000182.XSHG,,,2015-05-21,XSHG
1752,10000183.XSHG,0.43,0.4558,2015-05-21,XSHG
1753,10000180.XSHG,0.3569,0.3381,2015-05-21,XSHG
1754,10000181.XSHG,0.1646,0.1862,2015-05-21,XSHG
1755,10000186.XSHG,0.3062,0.2966,2015-05-21,XSHG
1756,10000187.XSHG,0.2791,0.2773,2015-05-21,XSHG
1757,10000184.XSHG,0.3801,0.3801,2015-05-21,XSHG
1758,10000185.XSHG,0.3475,0.3475,2015-05-21,XSHG
1759,10000021.XSHG,0.895,0.899,2015-05-21,XSHG
1760,10000023.XSHG,0.786,0.8046,2015-05-21,XSHG
1761,10000189.XSHG,0.3099,0.304,2015-05-21,XSHG
1762,10000025.XSHG,0.7062,0.7146,2015-05-21,XSHG
1763,10000024.XSHG,0.74,0.7461,2015-05-21,XSHG
1764,10000027.XSHG,0.0012,0.001,2015-05-21,XSHG
1765,10000026.XSHG,0.001,0.0007,2015-05-21,XSHG
1766,10000201.XSHG,0.4949,0.5,2015-05-22,XSHG
1767,10000200.XSHG,0.5099,0.4943,2015-05-22,XSHG
1768,10000203.XSHG,0.5299,0.5596,2015-05-22,XSHG
1769,10000202.XSHG,0.2196,0.2109,2015-05-22,XSHG
1770,10000205.XSHG,0.5589,0.5932,2015-05-22,XSHG
1771,10000204.XSHG,0.1982,0.1801,2015-05-22,XSHG
1772,10000206.XSHG,0.1781,0.1599,2015-05-22,XSHG
1773,10000161.XSHG,0.0218,0.0514,2015-05-22,XSHG
1774,10000162.XSHG,0.1029,0.0505,2015-05-22,XSHG
1775,10000163.XSHG,0.1149,0.1566,2015-05-22,XSHG
1776,10000164.XSHG,0.188,0.14,2015-05-22,XSHG
1777,10000165.XSHG,0.2558,0.3005,2015-05-22,XSHG
1778,10000166.XSHG,0.2805,0.25,2015-05-22,XSHG
1779,10000195.XSHG,0.0502,0.0718,2015-05-22,XSHG
1780,10000194.XSHG,0.3858,0.3084,2015-05-22,XSHG
1781,10000197.XSHG,0.1729,0.205,2015-05-22,XSHG
1782,10000196.XSHG,0.4128,0.3547,2015-05-22,XSHG
1783,10000191.XSHG,0.3781,0.3651,2015-05-22,XSHG
1784,10000190.XSHG,0.3266,0.3131,2015-05-22,XSHG
1785,10000193.XSHG,0.0012,0.0011,2015-05-22,XSHG
1786,10000192.XSHG,0.4423,0.4213,2015-05-22,XSHG
1787,10000054.XSHG,0.0026,0.0033,2015-05-22,XSHG
1788,10000055.XSHG,0.6961,0.7536,2015-05-22,XSHG
1789,10000056.XSHG,0.0375,0.032,2015-05-22,XSHG
1790,10000199.XSHG,0.2627,0.294,2015-05-22,XSHG
1791,10000198.XSHG,0.4722,0.4511,2015-05-22,XSHG
1792,10000053.XSHG,0.6239,0.704,2015-05-22,XSHG
1793,10000179.XSHG,0.0622,0.0871,2015-05-22,XSHG
1794,10000178.XSHG,0.2835,0.2033,2015-05-22,XSHG
1795,10000173.XSHG,0.2173,0.2523,2015-05-22,XSHG
1796,10000172.XSHG,0.25,0.2001,2015-05-22,XSHG
1797,10000171.XSHG,0.0835,0.1168,2015-05-22,XSHG
1798,10000170.XSHG,0.1899,0.12,2015-05-22,XSHG
1799,10000177.XSHG,0.0028,0.0036,2015-05-22,XSHG
1800,10000174.XSHG,0.3172,0.3172,2015-05-22,XSHG
1801,10000169.XSHG,0.0068,0.0166,2015-05-22,XSHG
1802,10000048.XSHG,0.0302,0.0257,2015-05-22,XSHG
1803,10000047.XSHG,0.7816,0.7899,2015-05-22,XSHG
1804,10000046.XSHG,0.0021,0.0024,2015-05-22,XSHG
1805,10000045.XSHG,0.6719,0.7684,2015-05-22,XSHG
1806,10000040.XSHG,0.0251,0.0207,2015-05-22,XSHG
1807,10000148.XSHG,0.0842,0.0616,2015-05-22,XSHG
1808,10000149.XSHG,0.3551,0.4093,2015-05-22,XSHG
1809,10000146.XSHG,0.0139,0.0051,2015-05-22,XSHG
1810,10000147.XSHG,0.215,0.275,2015-05-22,XSHG
1811,10000145.XSHG,0.1338,0.2061,2015-05-22,XSHG
1812,10000142.XSHG,0.1444,0.14,2015-05-22,XSHG
1813,10000140.XSHG,0.3839,0.415,2015-05-22,XSHG
1814,10000141.XSHG,0.1269,0.1269,2015-05-22,XSHG
1815,10000072.XSHG,0.0551,0.0431,2015-05-22,XSHG
1816,10000070.XSHG,0.0088,0.009,2015-05-22,XSHG
1817,10000071.XSHG,0.6205,0.6489,2015-05-22,XSHG
1818,10000077.XSHG,0.486,0.5696,2015-05-22,XSHG
1819,10000078.XSHG,0.0122,0.011,2015-05-22,XSHG
1820,10000079.XSHG,0.6371,0.6371,2015-05-22,XSHG
1821,10000150.XSHG,0.1809,0.1601,2015-05-22,XSHG
1822,10000153.XSHG,0.0628,0.1154,2015-05-22,XSHG
1823,10000155.XSHG,0.1581,0.2124,2015-05-22,XSHG
1824,10000154.XSHG,0.0408,0.016,2015-05-22,XSHG
1825,10000157.XSHG,0.3025,0.343,2015-05-22,XSHG
1826,10000156.XSHG,0.1248,0.0927,2015-05-22,XSHG
1827,10000158.XSHG,0.1967,0.1902,2015-05-22,XSHG
1828,10000093.XSHG,0.3952,0.4687,2015-05-22,XSHG
1829,10000094.XSHG,0.0225,0.02,2015-05-22,XSHG
1830,10000095.XSHG,0.5555,0.5555,2015-05-22,XSHG
1831,10000096.XSHG,0.0849,0.0797,2015-05-22,XSHG
1832,10000064.XSHG,0.0458,0.0386,2015-05-22,XSHG
1833,10000061.XSHG,0.5764,0.642,2015-05-22,XSHG
1834,10000063.XSHG,0.66,0.6866,2015-05-22,XSHG
1835,10000062.XSHG,0.0058,0.0056,2015-05-22,XSHG
1836,10000069.XSHG,0.5432,0.608,2015-05-22,XSHG
1837,10000124.XSHG,0.0394,0.0322,2015-05-22,XSHG
1838,10000125.XSHG,0.4468,0.4985,2015-05-22,XSHG
1839,10000126.XSHG,0.1053,0.1091,2015-05-22,XSHG
1840,10000088.XSHG,0.0755,0.0673,2015-05-22,XSHG
1841,10000120.XSHG,0.2704,0.349,2015-05-22,XSHG
1842,10000121.XSHG,0.001,0.0011,2015-05-22,XSHG
1843,10000122.XSHG,0.0025,0.0005,2015-05-22,XSHG
1844,10000123.XSHG,0.3152,0.3882,2015-05-22,XSHG
1845,10000080.XSHG,0.0612,0.0551,2015-05-22,XSHG
1846,10000087.XSHG,0.5944,0.5944,2015-05-22,XSHG
1847,10000086.XSHG,0.0169,0.0156,2015-05-22,XSHG
1848,10000085.XSHG,0.4468,0.5138,2015-05-22,XSHG
1849,10000036.XSHG,0.0094,0.0071,2015-05-22,XSHG
1850,10000037.XSHG,0.0126,0.0107,2015-05-22,XSHG
1851,10000034.XSHG,0.833,0.9,2015-05-22,XSHG
1852,10000035.XSHG,0.7789,0.8269,2015-05-22,XSHG
1853,10000032.XSHG,0.96,0.9816,2015-05-22,XSHG
1854,10000033.XSHG,0.91,0.9381,2015-05-22,XSHG
1855,10000030.XSHG,0.0028,0.0013,2015-05-22,XSHG
1856,10000031.XSHG,1.0048,1.03,2015-05-22,XSHG
1857,10000038.XSHG,0.016,0.0124,2015-05-22,XSHG
1858,10000039.XSHG,0.0202,0.0167,2015-05-22,XSHG
1859,10000137.XSHG,0.0514,0.044,2015-05-22,XSHG
1860,10000136.XSHG,0.2444,0.3124,2015-05-22,XSHG
1861,10000135.XSHG,0.2787,0.3434,2015-05-22,XSHG
1862,10000134.XSHG,0.0068,0.003,2015-05-22,XSHG
1863,10000133.XSHG,0.0043,0.0014,2015-05-22,XSHG
1864,10000132.XSHG,0.1743,0.2537,2015-05-22,XSHG
1865,10000131.XSHG,0.2301,0.2919,2015-05-22,XSHG
1866,10000139.XSHG,0.4399,0.4629,2015-05-22,XSHG
1867,10000138.XSHG,0.0658,0.053,2015-05-22,XSHG
1868,10000108.XSHG,0.4649,0.5268,2015-05-22,XSHG
1869,10000109.XSHG,0.4174,0.4848,2015-05-22,XSHG
1870,10000102.XSHG,0.03,0.0248,2015-05-22,XSHG
1871,10000103.XSHG,0.5213,0.5213,2015-05-22,XSHG
1872,10000101.XSHG,0.3546,0.4168,2015-05-22,XSHG
1873,10000106.XSHG,0.5605,0.64,2015-05-22,XSHG
1874,10000107.XSHG,0.5183,0.5928,2015-05-22,XSHG
1875,10000104.XSHG,0.1053,0.0905,2015-05-22,XSHG
1876,10000105.XSHG,0.6181,0.689,2015-05-22,XSHG
1877,10000029.XSHG,0.0021,0.0019,2015-05-22,XSHG
1878,10000028.XSHG,0.0011,0.0009,2015-05-22,XSHG
1879,10000119.XSHG,0.3212,0.3886,2015-05-22,XSHG
1880,10000115.XSHG,0.3685,0.445,2015-05-22,XSHG
1881,10000114.XSHG,0.0009,0.0006,2015-05-22,XSHG
1882,10000116.XSHG,0.0007,0.0007,2015-05-22,XSHG
1883,10000111.XSHG,0.0007,0.0002,2015-05-22,XSHG
1884,10000110.XSHG,0.0004,0.0006,2015-05-22,XSHG
1885,10000113.XSHG,0.0003,0.0002,2015-05-22,XSHG
1886,10000112.XSHG,0.0008,0.0005,2015-05-22,XSHG
1887,10000188.XSHG,0.2313,0.2091,2015-05-22,XSHG
1888,10000022.XSHG,0.8892,0.9476,2015-05-22,XSHG
1889,10000182.XSHG,0.3805,0.3852,2015-05-22,XSHG
1890,10000183.XSHG,0.4708,0.4769,2015-05-22,XSHG
1891,10000180.XSHG,0.3302,0.2778,2015-05-22,XSHG
1892,10000181.XSHG,0.1911,0.226,2015-05-22,XSHG
1893,10000186.XSHG,0.1794,0.335,2015-05-22,XSHG
1894,10000187.XSHG,0.2753,0.3056,2015-05-22,XSHG
1895,10000184.XSHG,0.4201,0.427,2015-05-22,XSHG
1896,10000185.XSHG,0.3798,0.4105,2015-05-22,XSHG
1897,10000021.XSHG,0.935,0.9986,2015-05-22,XSHG
1898,10000023.XSHG,0.8368,0.8991,2015-05-22,XSHG
1899,10000189.XSHG,0.2957,0.2611,2015-05-22,XSHG
1900,10000025.XSHG,0.7396,0.8099,2015-05-22,XSHG
1901,10000024.XSHG,0.7759,0.8502,2015-05-22,XSHG
1902,10000027.XSHG,0.0008,0.0009,2015-05-22,XSHG
1903,10000026.XSHG,0.0009,0.0009,2015-05-22,XSHG
1904,10000201.XSHG,0.5878,0.588,2015-05-25,XSHG
1905,10000200.XSHG,0.4818,0.45,2015-05-25,XSHG
1906,10000203.XSHG,0.6172,0.6464,2015-05-25,XSHG
1907,10000202.XSHG,0.1864,0.1864,2015-05-25,XSHG
1908,10000205.XSHG,0.6008,0.648,2015-05-25,XSHG
1909,10000204.XSHG,0.1533,0.1587,2015-05-25,XSHG
1910,10000206.XSHG,0.1549,0.1407,2015-05-25,XSHG
1911,10000161.XSHG,0.0601,0.1058,2015-05-25,XSHG
1912,10000162.XSHG,0.048,0.0077,2015-05-25,XSHG
1913,10000163.XSHG,0.1643,0.2355,2015-05-25,XSHG
1914,10000164.XSHG,0.135,0.106,2015-05-25,XSHG
1915,10000165.XSHG,0.3336,0.37,2015-05-25,XSHG
1916,10000166.XSHG,0.2562,0.22,2015-05-25,XSHG
1917,10000195.XSHG,0.0752,0.1129,2015-05-25,XSHG
1918,10000194.XSHG,0.2864,0.2011,2015-05-25,XSHG
1919,10000197.XSHG,0.2081,0.2579,2015-05-25,XSHG
1920,10000196.XSHG,0.3369,0.2949,2015-05-25,XSHG
1921,10000191.XSHG,0.3541,0.33,2015-05-25,XSHG
1922,10000190.XSHG,0.3021,0.279,2015-05-25,XSHG
1923,10000193.XSHG,0.0006,0.0011,2015-05-25,XSHG
1924,10000192.XSHG,0.4091,0.4042,2015-05-25,XSHG
1925,10000054.XSHG,0.0038,0.0026,2015-05-25,XSHG
1926,10000055.XSHG,0.8728,0.8611,2015-05-25,XSHG
1927,10000056.XSHG,0.0288,0.0247,2015-05-25,XSHG
1928,10000199.XSHG,0.3081,0.3613,2015-05-25,XSHG
1929,10000198.XSHG,0.4158,0.402,2015-05-25,XSHG
1930,10000053.XSHG,0.739,0.812,2015-05-25,XSHG
1931,10000179.XSHG,0.0905,0.1346,2015-05-25,XSHG
1932,10000178.XSHG,0.1877,0.1034,2015-05-25,XSHG
1933,10000173.XSHG,0.2688,0.315,2015-05-25,XSHG
1934,10000172.XSHG,0.1885,0.153,2015-05-25,XSHG
1935,10000171.XSHG,0.122,0.1847,2015-05-25,XSHG
1936,10000170.XSHG,0.0967,0.037,2015-05-25,XSHG
1937,10000177.XSHG,0.0038,0.0059,2015-05-25,XSHG
1938,10000174.XSHG,0.2935,0.2638,2015-05-25,XSHG
1939,10000169.XSHG,0.0177,0.038,2015-05-25,XSHG
1940,10000048.XSHG,0.0232,0.0189,2015-05-25,XSHG
1941,10000047.XSHG,0.9196,0.8532,2015-05-25,XSHG
1942,10000046.XSHG,0.003,0.003,2015-05-25,XSHG
1943,10000045.XSHG,0.825,0.8604,2015-05-25,XSHG
1944,10000040.XSHG,0.0186,0.0157,2015-05-25,XSHG
1945,10000148.XSHG,0.0631,0.0463,2015-05-25,XSHG
1946,10000149.XSHG,0.5312,0.4824,2015-05-25,XSHG
1947,10000146.XSHG,0.0032,0.0007,2015-05-25,XSHG
1948,10000147.XSHG,0.286,0.3656,2015-05-25,XSHG
1949,10000145.XSHG,0.2249,0.3,2015-05-25,XSHG
1950,10000142.XSHG,0.1285,0.1169,2015-05-25,XSHG
1951,10000140.XSHG,0.4601,0.4917,2015-05-25,XSHG
1952,10000141.XSHG,0.0998,0.1,2015-05-25,XSHG
1953,10000072.XSHG,0.0358,0.0362,2015-05-25,XSHG
1954,10000070.XSHG,0.0072,0.0082,2015-05-25,XSHG
1955,10000071.XSHG,0.756,0.7534,2015-05-25,XSHG
1956,10000077.XSHG,0.5895,0.6627,2015-05-25,XSHG
1957,10000078.XSHG,0.0104,0.0094,2015-05-25,XSHG
1958,10000079.XSHG,0.6745,0.7329,2015-05-25,XSHG
1959,10000150.XSHG,0.1569,0.1262,2015-05-25,XSHG
1960,10000153.XSHG,0.1219,0.199,2015-05-25,XSHG
1961,10000155.XSHG,0.2201,0.299,2015-05-25,XSHG
1962,10000154.XSHG,0.0149,0.0015,2015-05-25,XSHG
1963,10000157.XSHG,0.359,0.4172,2015-05-25,XSHG
1964,10000156.XSHG,0.0888,0.0716,2015-05-25,XSHG
1965,10000158.XSHG,0.3037,0.1725,2015-05-25,XSHG
1966,10000093.XSHG,0.4861,0.5739,2015-05-25,XSHG
1967,10000094.XSHG,0.0171,0.0166,2015-05-25,XSHG
1968,10000095.XSHG,0.5999,0.655,2015-05-25,XSHG
1969,10000096.XSHG,0.0739,0.06,2015-05-25,XSHG
1970,10000064.XSHG,0.0356,0.0297,2015-05-25,XSHG
1971,10000061.XSHG,0.6865,0.7616,2015-05-25,XSHG
1972,10000063.XSHG,0.801,0.801,2015-05-25,XSHG
1973,10000062.XSHG,0.0046,0.0048,2015-05-25,XSHG
1974,10000069.XSHG,0.644,0.7134,2015-05-25,XSHG
1975,10000124.XSHG,0.0283,0.0242,2015-05-25,XSHG
1976,10000125.XSHG,0.5598,0.5816,2015-05-25,XSHG
1977,10000126.XSHG,0.1011,0.0864,2015-05-25,XSHG
1978,10000088.XSHG,0.0627,0.0539,2015-05-25,XSHG
1979,10000120.XSHG,0.3671,0.447,2015-05-25,XSHG
1980,10000121.XSHG,0.0004,0.0003,2015-05-25,XSHG
1981,10000122.XSHG,0.0004,0.0009,2015-05-25,XSHG
1982,10000123.XSHG,0.4061,0.4771,2015-05-25,XSHG
1983,10000080.XSHG,0.0469,0.0452,2015-05-25,XSHG
1984,10000087.XSHG,0.6506,0.6533,2015-05-25,XSHG
1985,10000086.XSHG,0.0133,0.0131,2015-05-25,XSHG
1986,10000085.XSHG,0.5374,0.6188,2015-05-25,XSHG
1987,10000036.XSHG,0.0083,0.0069,2015-05-25,XSHG
1988,10000037.XSHG,0.0091,0.0093,2015-05-25,XSHG
1989,10000034.XSHG,0.9854,0.9854,2015-05-25,XSHG
1990,10000035.XSHG,0.86,0.978,2015-05-25,XSHG
1991,10000032.XSHG,1.003,1.08,2015-05-25,XSHG
1992,10000033.XSHG,1.026,1.0495,2015-05-25,XSHG
1993,10000030.XSHG,0.0015,0.0015,2015-05-25,XSHG
1994,10000031.XSHG,1.1,1.1195,2015-05-25,XSHG
1995,10000038.XSHG,0.0118,0.0106,2015-05-25,XSHG
1996,10000039.XSHG,0.0148,0.012,2015-05-25,XSHG
1997,10000137.XSHG,0.0361,0.033,2015-05-25,XSHG
1998,10000136.XSHG,0.3239,0.3917,2015-05-25,XSHG
1999,10000135.XSHG,0.3648,0.4458,2015-05-25,XSHG
2000,10000134.XSHG,0.001,0.001,2015-05-25,XSHG
2001,10000133.XSHG,0.001,0.0006,2015-05-25,XSHG
2002,10000132.XSHG,0.2718,0.3416,2015-05-25,XSHG
2003,10000131.XSHG,0.3193,0.393,2015-05-25,XSHG
2004,10000139.XSHG,0.4897,0.5289,2015-05-25,XSHG
2005,10000138.XSHG,0.0462,0.038,2015-05-25,XSHG
2006,10000108.XSHG,0.563,0.6382,2015-05-25,XSHG
2007,10000109.XSHG,0.5153,0.58,2015-05-25,XSHG
2008,10000102.XSHG,0.0221,0.0198,2015-05-25,XSHG
2009,10000103.XSHG,0.5949,0.5949,2015-05-25,XSHG
2010,10000101.XSHG,0.4447,0.535,2015-05-25,XSHG
2011,10000106.XSHG,0.687,0.731,2015-05-25,XSHG
2012,10000107.XSHG,0.6261,0.7108,2015-05-25,XSHG
2013,10000104.XSHG,0.0843,0.075,2015-05-25,XSHG
2014,10000105.XSHG,0.727,0.7877,2015-05-25,XSHG
2015,10000029.XSHG,0.0009,0.0026,2015-05-25,XSHG
2016,10000028.XSHG,0.001,0.0018,2015-05-25,XSHG
2017,10000119.XSHG,0.4149,0.4929,2015-05-25,XSHG
2018,10000115.XSHG,0.4628,0.5405,2015-05-25,XSHG
2019,10000114.XSHG,0.0004,0.001,2015-05-25,XSHG
2020,10000116.XSHG,0.0004,0.0009,2015-05-25,XSHG
2021,10000111.XSHG,0.0006,0.0002,2015-05-25,XSHG
2022,10000110.XSHG,0.0004,0.0001,2015-05-25,XSHG
2023,10000113.XSHG,0.0001,0.0009,2015-05-25,XSHG
2024,10000112.XSHG,0.0009,0.0003,2015-05-25,XSHG
2025,10000188.XSHG,0.201,0.1833,2015-05-25,XSHG
2026,10000022.XSHG,0.9796,1.059,2015-05-25,XSHG
2027,10000182.XSHG,0.3301,0.3301,2015-05-25,XSHG
2028,10000183.XSHG,0.5274,0.5817,2015-05-25,XSHG
2029,10000180.XSHG,0.25,0.2166,2015-05-25,XSHG
2030,10000181.XSHG,0.2347,0.28,2015-05-25,XSHG
2031,10000186.XSHG,0.3955,0.403,2015-05-25,XSHG
2032,10000187.XSHG,0.3408,0.3867,2015-05-25,XSHG
2033,10000184.XSHG,0.4982,0.4938,2015-05-25,XSHG
2034,10000185.XSHG,0.4494,0.46,2015-05-25,XSHG
2035,10000021.XSHG,1.0694,1.1021,2015-05-25,XSHG
2036,10000023.XSHG,0.9729,1.0031,2015-05-25,XSHG
2037,10000189.XSHG,0.2511,0.2475,2015-05-25,XSHG
2038,10000025.XSHG,0.8155,0.911,2015-05-25,XSHG
2039,10000024.XSHG,0.9267,0.9532,2015-05-25,XSHG
2040,10000027.XSHG,0.0007,0.002,2015-05-25,XSHG
2041,10000026.XSHG,0.0014,0.0009,2015-05-25,XSHG
2042,10000201.XSHG,0.6142,0.6196,2015-05-26,XSHG
2043,10000200.XSHG,0.43,0.4452,2015-05-26,XSHG
2044,10000203.XSHG,0.6604,0.6856,2015-05-26,XSHG
2045,10000202.XSHG,0.1664,0.1654,2015-05-26,XSHG
2046,10000205.XSHG,0.6833,0.672,2015-05-26,XSHG
2047,10000204.XSHG,0.1483,0.1488,2015-05-26,XSHG
2048,10000206.XSHG,0.129,0.1324,2015-05-26,XSHG
2049,10000161.XSHG,0.1202,0.12,2015-05-26,XSHG
2050,10000162.XSHG,0.0058,0.002,2015-05-26,XSHG
2051,10000163.XSHG,0.2403,0.2451,2015-05-26,XSHG
2052,10000164.XSHG,0.1023,0.1028,2015-05-26,XSHG
2053,10000165.XSHG,0.4027,0.4,2015-05-26,XSHG
2054,10000166.XSHG,0.2051,0.2052,2015-05-26,XSHG
2055,10000195.XSHG,0.123,0.1136,2015-05-26,XSHG
2056,10000194.XSHG,0.1845,0.1834,2015-05-26,XSHG
2057,10000197.XSHG,0.2538,0.2808,2015-05-26,XSHG
2058,10000196.XSHG,0.2791,0.272,2015-05-26,XSHG
2059,10000191.XSHG,0.326,0.341,2015-05-26,XSHG
2060,10000190.XSHG,0.2762,0.2762,2015-05-26,XSHG
2061,10000193.XSHG,0.0005,0.0001,2015-05-26,XSHG
2062,10000192.XSHG,0.3629,0.363,2015-05-26,XSHG
2063,10000054.XSHG,0.0028,0.0045,2015-05-26,XSHG
2064,10000055.XSHG,0.8736,0.8977,2015-05-26,XSHG
2065,10000056.XSHG,0.0224,0.0215,2015-05-26,XSHG
2066,10000199.XSHG,0.3871,0.394,2015-05-26,XSHG
2067,10000198.XSHG,0.3755,0.3635,2015-05-26,XSHG
2068,10000053.XSHG,0.8255,0.8333,2015-05-26,XSHG
2069,10000179.XSHG,0.1419,0.1468,2015-05-26,XSHG
2070,10000178.XSHG,0.0984,0.0848,2015-05-26,XSHG
2071,10000173.XSHG,0.3412,0.357,2015-05-26,XSHG
2072,10000172.XSHG,0.1449,0.1439,2015-05-26,XSHG
2073,10000171.XSHG,0.1935,0.1897,2015-05-26,XSHG
2074,10000170.XSHG,0.028,0.0154,2015-05-26,XSHG
2075,10000177.XSHG,0.0074,0.0035,2015-05-26,XSHG
2076,10000174.XSHG,0.2552,0.2558,2015-05-26,XSHG
2077,10000169.XSHG,0.0451,0.0349,2015-05-26,XSHG
2078,10000048.XSHG,0.018,0.0169,2015-05-26,XSHG
2079,10000047.XSHG,0.9575,0.9323,2015-05-26,XSHG
2080,10000046.XSHG,0.002,0.002,2015-05-26,XSHG
2081,10000045.XSHG,0.8659,0.8785,2015-05-26,XSHG
2082,10000040.XSHG,0.0143,0.0136,2015-05-26,XSHG
2083,10000148.XSHG,0.0449,0.0497,2015-05-26,XSHG
2084,10000149.XSHG,0.5877,0.5051,2015-05-26,XSHG
2085,10000146.XSHG,0.0005,0.0001,2015-05-26,XSHG
2086,10000147.XSHG,0.3791,0.3919,2015-05-26,XSHG
2087,10000145.XSHG,0.3161,0.3116,2015-05-26,XSHG
2088,10000142.XSHG,,,2015-05-26,XSHG
2089,10000140.XSHG,0.5402,0.5392,2015-05-26,XSHG
2090,10000141.XSHG,0.099,0.0935,2015-05-26,XSHG
2091,10000072.XSHG,0.0342,0.0326,2015-05-26,XSHG
2092,10000070.XSHG,0.0077,0.0068,2015-05-26,XSHG
2093,10000071.XSHG,0.7913,0.795,2015-05-26,XSHG
2094,10000077.XSHG,0.6779,0.6983,2015-05-26,XSHG
2095,10000078.XSHG,0.0097,0.0102,2015-05-26,XSHG
2096,10000079.XSHG,0.7505,0.7535,2015-05-26,XSHG
2097,10000150.XSHG,0.138,0.1285,2015-05-26,XSHG
2098,10000153.XSHG,0.2125,0.2092,2015-05-26,XSHG
2099,10000155.XSHG,0.3118,0.3161,2015-05-26,XSHG
2100,10000154.XSHG,0.0007,0.0001,2015-05-26,XSHG
2101,10000157.XSHG,0.425,0.4359,2015-05-26,XSHG
2102,10000156.XSHG,0.0677,0.07,2015-05-26,XSHG
2103,10000158.XSHG,0.1704,0.1622,2015-05-26,XSHG
2104,10000093.XSHG,0.5899,0.5897,2015-05-26,XSHG
2105,10000094.XSHG,0.0154,0.0158,2015-05-26,XSHG
2106,10000095.XSHG,0.6924,0.6609,2015-05-26,XSHG
2107,10000096.XSHG,0.055,0.06,2015-05-26,XSHG
2108,10000064.XSHG,0.0279,0.0275,2015-05-26,XSHG
2109,10000061.XSHG,0.7545,0.7836,2015-05-26,XSHG
2110,10000063.XSHG,0.8288,0.8269,2015-05-26,XSHG
2111,10000062.XSHG,0.0049,0.0066,2015-05-26,XSHG
2112,10000069.XSHG,0.7108,0.7356,2015-05-26,XSHG
2113,10000124.XSHG,0.0236,0.0237,2015-05-26,XSHG
2114,10000125.XSHG,0.5994,0.6127,2015-05-26,XSHG
2115,10000126.XSHG,0.0848,0.08,2015-05-26,XSHG
2116,10000088.XSHG,0.0505,0.045,2015-05-26,XSHG
2117,10000120.XSHG,0.4538,0.4601,2015-05-26,XSHG
2118,10000121.XSHG,0.0008,0.0001,2015-05-26,XSHG
2119,10000122.XSHG,0.0008,0.0001,2015-05-26,XSHG
2120,10000123.XSHG,0.4952,0.5104,2015-05-26,XSHG
2121,10000080.XSHG,0.0424,0.0396,2015-05-26,XSHG
2122,10000087.XSHG,0.7088,0.6996,2015-05-26,XSHG
2123,10000086.XSHG,0.0125,0.0115,2015-05-26,XSHG
2124,10000085.XSHG,0.6445,0.6496,2015-05-26,XSHG
2125,10000036.XSHG,0.0082,0.0053,2015-05-26,XSHG
2126,10000037.XSHG,0.008,0.0078,2015-05-26,XSHG
2127,10000034.XSHG,1.0567,1.0427,2015-05-26,XSHG
2128,10000035.XSHG,0.9663,0.993,2015-05-26,XSHG
2129,10000032.XSHG,1.0719,1.11,2015-05-26,XSHG
2130,10000033.XSHG,1.0637,1.07,2015-05-26,XSHG
2131,10000030.XSHG,0.0009,0.0012,2015-05-26,XSHG
2132,10000031.XSHG,1.1712,1.1712,2015-05-26,XSHG
2133,10000038.XSHG,0.0096,0.0088,2015-05-26,XSHG
2134,10000039.XSHG,0.0116,0.0111,2015-05-26,XSHG
2135,10000137.XSHG,0.0308,0.0322,2015-05-26,XSHG
2136,10000136.XSHG,0.415,0.4414,2015-05-26,XSHG
2137,10000135.XSHG,0.4623,0.4777,2015-05-26,XSHG
2138,10000134.XSHG,0.0005,0.0001,2015-05-26,XSHG
2139,10000133.XSHG,0.0002,0.0001,2015-05-26,XSHG
2140,10000132.XSHG,0.3563,0.357,2015-05-26,XSHG
2141,10000131.XSHG,0.4391,0.4101,2015-05-26,XSHG
2142,10000139.XSHG,0.576,0.5869,2015-05-26,XSHG
2143,10000138.XSHG,0.0367,0.0374,2015-05-26,XSHG
2144,10000108.XSHG,0.6526,0.6631,2015-05-26,XSHG
2145,10000109.XSHG,0.631,0.613,2015-05-26,XSHG
2146,10000102.XSHG,0.0191,0.0196,2015-05-26,XSHG
2147,10000103.XSHG,0.6013,0.6411,2015-05-26,XSHG
2148,10000101.XSHG,0.56,0.5601,2015-05-26,XSHG
2149,10000106.XSHG,0.737,0.7665,2015-05-26,XSHG
2150,10000107.XSHG,0.68,0.7101,2015-05-26,XSHG
2151,10000104.XSHG,0.0686,0.0688,2015-05-26,XSHG
2152,10000105.XSHG,0.79,0.8139,2015-05-26,XSHG
2153,10000029.XSHG,0.0024,0.0024,2015-05-26,XSHG
2154,10000028.XSHG,0.0024,0.0021,2015-05-26,XSHG
2155,10000119.XSHG,0.5227,0.508,2015-05-26,XSHG
2156,10000115.XSHG,0.5748,0.562,2015-05-26,XSHG
2157,10000114.XSHG,0.0001,0.0001,2015-05-26,XSHG
2158,10000116.XSHG,0.0002,0.0001,2015-05-26,XSHG
2159,10000111.XSHG,0.0002,0.0001,2015-05-26,XSHG
2160,10000110.XSHG,0.0002,0.0001,2015-05-26,XSHG
2161,10000113.XSHG,0.0001,0.0001,2015-05-26,XSHG
2162,10000112.XSHG,0.0002,0.0001,2015-05-26,XSHG
2163,10000188.XSHG,0.1728,0.1825,2015-05-26,XSHG
2164,10000022.XSHG,1.1006,1.09,2015-05-26,XSHG
2165,10000182.XSHG,0.3113,0.2988,2015-05-26,XSHG
2166,10000183.XSHG,0.5554,0.5749,2015-05-26,XSHG
2167,10000180.XSHG,0.1916,0.2033,2015-05-26,XSHG
2168,10000181.XSHG,0.2889,0.3066,2015-05-26,XSHG
2169,10000186.XSHG,0.4624,0.43,2015-05-26,XSHG
2170,10000187.XSHG,0.3884,0.3957,2015-05-26,XSHG
2171,10000184.XSHG,0.5398,0.5541,2015-05-26,XSHG
2172,10000185.XSHG,,,2015-05-26,XSHG
2173,10000021.XSHG,1.1462,1.1277,2015-05-26,XSHG
2174,10000023.XSHG,1.0505,1.0505,2015-05-26,XSHG
2175,10000189.XSHG,,,2015-05-26,XSHG
2176,10000025.XSHG,0.945,0.9277,2015-05-26,XSHG
2177,10000024.XSHG,0.9651,0.99,2015-05-26,XSHG
2178,10000027.XSHG,0.0015,0.0017,2015-05-26,XSHG
2179,10000026.XSHG,0.0011,0.0012,2015-05-26,XSHG
2180,10000201.XSHG,0.6245,0.6245,2015-05-27,XSHG
2181,10000200.XSHG,0.422,0.4588,2015-05-27,XSHG
2182,10000203.XSHG,0.6919,0.645,2015-05-27,XSHG
2183,10000202.XSHG,,,2015-05-27,XSHG
2184,10000205.XSHG,0.7176,0.6954,2015-05-27,XSHG
2185,10000204.XSHG,,,2015-05-27,XSHG
2186,10000206.XSHG,0.1268,0.1445,2015-05-27,XSHG
2187,10000161.XSHG,0.1306,0.0814,2015-05-27,XSHG
2188,10000162.XSHG,0.0015,0.0001,2015-05-27,XSHG
2189,10000163.XSHG,0.2539,0.2273,2015-05-27,XSHG
2190,10000164.XSHG,0.0961,0.1129,2015-05-27,XSHG
2191,10000165.XSHG,0.415,0.362,2015-05-27,XSHG
2192,10000166.XSHG,0.2034,0.2151,2015-05-27,XSHG
2193,10000195.XSHG,0.1202,0.115,2015-05-27,XSHG
2194,10000194.XSHG,0.1602,0.2059,2015-05-27,XSHG
2195,10000197.XSHG,0.2732,0.2591,2015-05-27,XSHG
2196,10000196.XSHG,0.2596,0.2888,2015-05-27,XSHG
2197,10000191.XSHG,0.332,0.3383,2015-05-27,XSHG
2198,10000190.XSHG,0.2771,0.2792,2015-05-27,XSHG
2199,10000193.XSHG,0.0012,0.0001,2015-05-27,XSHG
2200,10000192.XSHG,0.3917,0.3959,2015-05-27,XSHG
2201,10000054.XSHG,0.0048,0.0041,2015-05-27,XSHG
2202,10000055.XSHG,0.914,0.8462,2015-05-27,XSHG
2203,10000056.XSHG,0.0216,0.0224,2015-05-27,XSHG
2204,10000199.XSHG,0.4019,0.4059,2015-05-27,XSHG
2205,10000198.XSHG,0.3713,0.4024,2015-05-27,XSHG
2206,10000053.XSHG,0.84,0.8035,2015-05-27,XSHG
2207,10000179.XSHG,0.1527,0.1436,2015-05-27,XSHG
2208,10000178.XSHG,0.072,0.1192,2015-05-27,XSHG
2209,10000173.XSHG,0.3726,0.3425,2015-05-27,XSHG
2210,10000172.XSHG,0.1378,0.15,2015-05-27,XSHG
2211,10000171.XSHG,0.197,0.1763,2015-05-27,XSHG
2212,10000170.XSHG,0.0104,0.008,2015-05-27,XSHG
2213,10000177.XSHG,0.0063,0.0001,2015-05-27,XSHG
2214,10000174.XSHG,0.255,0.274,2015-05-27,XSHG
2215,10000169.XSHG,0.055,0.0001,2015-05-27,XSHG
2216,10000048.XSHG,0.016,0.0186,2015-05-27,XSHG
2217,10000047.XSHG,0.9594,0.93,2015-05-27,XSHG
2218,10000046.XSHG,0.003,0.0049,2015-05-27,XSHG
2219,10000045.XSHG,0.9122,0.8584,2015-05-27,XSHG
2220,10000040.XSHG,0.0127,0.0156,2015-05-27,XSHG
2221,10000148.XSHG,0.043,0.0497,2015-05-27,XSHG
2222,10000149.XSHG,0.4805,0.471,2015-05-27,XSHG
2223,10000146.XSHG,0.0001,0.0001,2015-05-27,XSHG
2224,10000147.XSHG,0.4001,0.3652,2015-05-27,XSHG
2225,10000145.XSHG,0.32,0.2802,2015-05-27,XSHG
2226,10000142.XSHG,0.1056,0.111,2015-05-27,XSHG
2227,10000140.XSHG,0.5186,0.501,2015-05-27,XSHG
2228,10000141.XSHG,0.0804,0.1,2015-05-27,XSHG
2229,10000072.XSHG,0.035,0.0335,2015-05-27,XSHG
2230,10000070.XSHG,0.0068,0.0072,2015-05-27,XSHG
2231,10000071.XSHG,0.8598,0.79,2015-05-27,XSHG
2232,10000077.XSHG,0.685,0.6714,2015-05-27,XSHG
2233,10000078.XSHG,0.0092,0.0111,2015-05-27,XSHG
2234,10000079.XSHG,0.7817,0.731,2015-05-27,XSHG
2235,10000150.XSHG,0.1381,0.13,2015-05-27,XSHG
2236,10000153.XSHG,0.239,0.18,2015-05-27,XSHG
2237,10000155.XSHG,0.3211,0.29,2015-05-27,XSHG
2238,10000154.XSHG,0.0004,0.0001,2015-05-27,XSHG
2239,10000157.XSHG,0.4598,0.4037,2015-05-27,XSHG
2240,10000156.XSHG,0.0636,0.0776,2015-05-27,XSHG
2241,10000158.XSHG,0.1776,0.1766,2015-05-27,XSHG
2242,10000093.XSHG,0.6237,0.5611,2015-05-27,XSHG
2243,10000094.XSHG,0.0152,0.0176,2015-05-27,XSHG
2244,10000095.XSHG,0.707,0.6405,2015-05-27,XSHG
2245,10000096.XSHG,,,2015-05-27,XSHG
2246,10000064.XSHG,0.0288,0.0288,2015-05-27,XSHG
2247,10000061.XSHG,0.8226,0.7655,2015-05-27,XSHG
2248,10000063.XSHG,0.866,0.8312,2015-05-27,XSHG
2249,10000062.XSHG,0.004,0.0061,2015-05-27,XSHG
2250,10000069.XSHG,0.7549,0.7157,2015-05-27,XSHG
2251,10000124.XSHG,0.0224,0.0278,2015-05-27,XSHG
2252,10000125.XSHG,0.63,0.5679,2015-05-27,XSHG
2253,10000126.XSHG,0.077,0.0897,2015-05-27,XSHG
2254,10000088.XSHG,0.0495,0.0503,2015-05-27,XSHG
2255,10000120.XSHG,0.4805,0.4231,2015-05-27,XSHG
2256,10000121.XSHG,0.0021,0.0001,2015-05-27,XSHG
2257,10000122.XSHG,0.0001,0.0001,2015-05-27,XSHG
2258,10000123.XSHG,0.5206,0.4991,2015-05-27,XSHG
2259,10000080.XSHG,,,2015-05-27,XSHG
2260,10000087.XSHG,0.7072,0.71,2015-05-27,XSHG
2261,10000086.XSHG,0.0115,0.0138,2015-05-27,XSHG
2262,10000085.XSHG,0.6544,0.6148,2015-05-27,XSHG
2263,10000036.XSHG,0.0049,0.007,2015-05-27,XSHG
2264,10000037.XSHG,0.0064,0.0085,2015-05-27,XSHG
2265,10000034.XSHG,1.053,0.9966,2015-05-27,XSHG
2266,10000035.XSHG,1.01,0.9352,2015-05-27,XSHG
2267,10000032.XSHG,1.1244,1.0764,2015-05-27,XSHG
2268,10000033.XSHG,1.0824,1.0238,2015-05-27,XSHG
2269,10000030.XSHG,0.0021,0.004,2015-05-27,XSHG
2270,10000031.XSHG,1.1651,1.1552,2015-05-27,XSHG
2271,10000038.XSHG,0.0083,0.0101,2015-05-27,XSHG
2272,10000039.XSHG,0.01,0.0127,2015-05-27,XSHG
2273,10000137.XSHG,0.0291,0.035,2015-05-27,XSHG
2274,10000136.XSHG,0.4452,0.401,2015-05-27,XSHG
2275,10000135.XSHG,0.478,0.457,2015-05-27,XSHG
2276,10000134.XSHG,0.0002,0.0001,2015-05-27,XSHG
2277,10000133.XSHG,0.0001,0.0002,2015-05-27,XSHG
2278,10000132.XSHG,0.3841,0.3394,2015-05-27,XSHG
2279,10000131.XSHG,0.3925,0.3773,2015-05-27,XSHG
2280,10000139.XSHG,0.5644,0.578,2015-05-27,XSHG
2281,10000138.XSHG,0.0348,0.0421,2015-05-27,XSHG
2282,10000108.XSHG,0.673,0.64,2015-05-27,XSHG
2283,10000109.XSHG,0.633,0.5731,2015-05-27,XSHG
2284,10000102.XSHG,0.0186,0.0218,2015-05-27,XSHG
2285,10000103.XSHG,0.6285,0.6045,2015-05-27,XSHG
2286,10000101.XSHG,0.5801,0.544,2015-05-27,XSHG
2287,10000106.XSHG,0.7484,0.735,2015-05-27,XSHG
2288,10000107.XSHG,0.6984,0.6745,2015-05-27,XSHG
2289,10000104.XSHG,0.066,0.0789,2015-05-27,XSHG
2290,10000105.XSHG,0.8278,0.7706,2015-05-27,XSHG
2291,10000029.XSHG,0.0021,0.0032,2015-05-27,XSHG
2292,10000028.XSHG,0.0014,0.0026,2015-05-27,XSHG
2293,10000119.XSHG,0.5455,0.4775,2015-05-27,XSHG
2294,10000115.XSHG,0.5854,0.545,2015-05-27,XSHG
2295,10000114.XSHG,0.0001,0.0001,2015-05-27,XSHG
2296,10000116.XSHG,0.0001,0.0001,2015-05-27,XSHG
2297,10000111.XSHG,0.0001,0.0001,2015-05-27,XSHG
2298,10000110.XSHG,0.0001,0.0001,2015-05-27,XSHG
2299,10000113.XSHG,0.0001,0.0001,2015-05-27,XSHG
2300,10000112.XSHG,0.0001,0.0001,2015-05-27,XSHG
2301,10000188.XSHG,,,2015-05-27,XSHG
2302,10000022.XSHG,1.1247,1.0694,2015-05-27,XSHG
2303,10000182.XSHG,0.3259,0.335,2015-05-27,XSHG
2304,10000183.XSHG,0.5061,0.588,2015-05-27,XSHG
2305,10000180.XSHG,0.1923,0.219,2015-05-27,XSHG
2306,10000181.XSHG,0.31,0.286,2015-05-27,XSHG
2307,10000186.XSHG,0.4576,0.4717,2015-05-27,XSHG
2308,10000187.XSHG,0.4228,0.433,2015-05-27,XSHG
2309,10000184.XSHG,0.545,0.5453,2015-05-27,XSHG
2310,10000185.XSHG,0.5003,0.4926,2015-05-27,XSHG
2311,10000021.XSHG,1.1322,1.1099,2015-05-27,XSHG
2312,10000023.XSHG,1.0684,1.0107,2015-05-27,XSHG
2313,10000189.XSHG,0.226,0.2407,2015-05-27,XSHG
2314,10000025.XSHG,0.9506,0.9024,2015-05-27,XSHG
2315,10000024.XSHG,0.964,0.9447,2015-05-27,XSHG
2316,10000027.XSHG,0.0012,0.0025,2015-05-27,XSHG
2317,10000026.XSHG,0.0028,0.0023,2015-05-27,XSHG
2318,10000201.XSHG,,,2015-05-28,XSHG
2319,10000200.XSHG,0.4708,0.5588,2015-05-28,XSHG
2320,10000203.XSHG,0.6459,0.5168,2015-05-28,XSHG
2321,10000202.XSHG,0.1851,0.2162,2015-05-28,XSHG
2322,10000205.XSHG,0.673,0.5484,2015-05-28,XSHG
2323,10000204.XSHG,0.165,0.2119,2015-05-28,XSHG
2324,10000207.XSHG,0.3368,0.2186,2015-05-28,XSHG
2325,10000206.XSHG,0.1467,0.1917,2015-05-28,XSHG
2326,10000209.XSHG,0.2325,0.1462,2015-05-28,XSHG
2327,10000208.XSHG,0.2715,0.1786,2015-05-28,XSHG
2328,10000163.XSHG,0.215,0.1092,2015-05-28,XSHG
2329,10000164.XSHG,0.113,0.207,2015-05-28,XSHG
2330,10000165.XSHG,0.362,0.2828,2015-05-28,XSHG
2331,10000166.XSHG,0.225,0.3159,2015-05-28,XSHG
2332,10000195.XSHG,0.1089,0.055,2015-05-28,XSHG
2333,10000197.XSHG,0.2514,0.1776,2015-05-28,XSHG
2334,10000196.XSHG,0.2951,0.46,2015-05-28,XSHG
2335,10000191.XSHG,0.338,0.3266,2015-05-28,XSHG
2336,10000190.XSHG,0.3049,0.3049,2015-05-28,XSHG
2337,10000192.XSHG,0.4027,0.4851,2015-05-28,XSHG
2338,10000054.XSHG,0.0046,0.0051,2015-05-28,XSHG
2339,10000055.XSHG,0.7423,0.7423,2015-05-28,XSHG
2340,10000056.XSHG,0.0271,0.0359,2015-05-28,XSHG
2341,10000199.XSHG,0.3852,0.2938,2015-05-28,XSHG
2342,10000198.XSHG,0.392,0.5512,2015-05-28,XSHG
2343,10000053.XSHG,0.7875,0.6106,2015-05-28,XSHG
2344,10000179.XSHG,0.134,0.067,2015-05-28,XSHG
2345,10000173.XSHG,0.3188,0.2186,2015-05-28,XSHG
2346,10000172.XSHG,0.1567,0.29,2015-05-28,XSHG
2347,10000171.XSHG,0.1751,0.0785,2015-05-28,XSHG
2348,10000174.XSHG,0.2873,0.3707,2015-05-28,XSHG
2349,10000048.XSHG,0.0207,0.03,2015-05-28,XSHG
2350,10000047.XSHG,0.8696,0.785,2015-05-28,XSHG
2351,10000046.XSHG,0.0049,0.0036,2015-05-28,XSHG
2352,10000045.XSHG,0.845,0.6424,2015-05-28,XSHG
2353,10000040.XSHG,0.0163,0.025,2015-05-28,XSHG
2354,10000148.XSHG,0.0518,0.0957,2015-05-28,XSHG
2355,10000149.XSHG,0.478,0.3855,2015-05-28,XSHG
2356,10000147.XSHG,0.352,0.1828,2015-05-28,XSHG
2357,10000142.XSHG,0.1219,0.1707,2015-05-28,XSHG
2358,10000140.XSHG,0.5105,0.4,2015-05-28,XSHG
2359,10000141.XSHG,0.0974,0.1481,2015-05-28,XSHG
2360,10000072.XSHG,0.0395,0.0558,2015-05-28,XSHG
2361,10000070.XSHG,0.0087,0.0114,2015-05-28,XSHG
2362,10000071.XSHG,0.7538,0.7561,2015-05-28,XSHG
2363,10000077.XSHG,0.655,0.4436,2015-05-28,XSHG
2364,10000078.XSHG,0.0112,0.0153,2015-05-28,XSHG
2365,10000079.XSHG,0.6736,0.673,2015-05-28,XSHG
2366,10000150.XSHG,0.141,0.1997,2015-05-28,XSHG
2367,10000155.XSHG,0.2793,0.14,2015-05-28,XSHG
2368,10000157.XSHG,0.41,0.3,2015-05-28,XSHG
2369,10000156.XSHG,0.08,0.1428,2015-05-28,XSHG
2370,10000158.XSHG,0.1945,0.2402,2015-05-28,XSHG
2371,10000093.XSHG,0.5478,0.3695,2015-05-28,XSHG
2372,10000094.XSHG,0.0178,0.0286,2015-05-28,XSHG
2373,10000095.XSHG,0.6234,0.4735,2015-05-28,XSHG
2374,10000096.XSHG,0.063,0.0972,2015-05-28,XSHG
2375,10000064.XSHG,0.031,0.0469,2015-05-28,XSHG
2376,10000061.XSHG,0.7485,0.5361,2015-05-28,XSHG
2377,10000063.XSHG,0.7854,0.7307,2015-05-28,XSHG
2378,10000062.XSHG,0.0063,0.008,2015-05-28,XSHG
2379,10000069.XSHG,0.6932,0.498,2015-05-28,XSHG
2380,10000124.XSHG,0.0272,0.0462,2015-05-28,XSHG
2381,10000125.XSHG,0.527,0.4849,2015-05-28,XSHG
2382,10000126.XSHG,0.0941,0.1312,2015-05-28,XSHG
2383,10000088.XSHG,0.055,0.0851,2015-05-28,XSHG
2384,10000123.XSHG,0.4798,0.2802,2015-05-28,XSHG
2385,10000080.XSHG,0.0431,0.0688,2015-05-28,XSHG
2386,10000087.XSHG,0.69,0.66,2015-05-28,XSHG
2387,10000086.XSHG,0.0139,0.0215,2015-05-28,XSHG
2388,10000085.XSHG,0.6049,0.4134,2015-05-28,XSHG
2389,10000036.XSHG,0.0079,0.0115,2015-05-28,XSHG
2390,10000037.XSHG,0.0093,0.0143,2015-05-28,XSHG
2391,10000034.XSHG,0.95,0.888,2015-05-28,XSHG
2392,10000035.XSHG,0.95,0.8075,2015-05-28,XSHG
2393,10000032.XSHG,1.0587,1.0374,2015-05-28,XSHG
2394,10000033.XSHG,,,2015-05-28,XSHG
2395,10000030.XSHG,0.0042,0.0035,2015-05-28,XSHG
2396,10000031.XSHG,1.1364,1.0039,2015-05-28,XSHG
2397,10000038.XSHG,0.0109,0.0178,2015-05-28,XSHG
2398,10000039.XSHG,0.013,0.0232,2015-05-28,XSHG
2399,10000137.XSHG,0.0351,0.0655,2015-05-28,XSHG
2400,10000136.XSHG,0.398,0.21,2015-05-28,XSHG
2401,10000135.XSHG,0.4275,0.2529,2015-05-28,XSHG
2402,10000139.XSHG,0.4693,0.3754,2015-05-28,XSHG
2403,10000138.XSHG,0.0421,0.083,2015-05-28,XSHG
2404,10000023.XSHG,0.9816,0.7817,2015-05-28,XSHG
2405,10000102.XSHG,0.0219,0.0383,2015-05-28,XSHG
2406,10000103.XSHG,0.617,0.45,2015-05-28,XSHG
2407,10000101.XSHG,0.521,0.3198,2015-05-28,XSHG
2408,10000104.XSHG,0.0755,0.1184,2015-05-28,XSHG
2409,10000029.XSHG,0.0026,0.0033,2015-05-28,XSHG
2410,10000028.XSHG,0.002,0.0023,2015-05-28,XSHG
2411,10000216.XSHG,0.3434,0.492,2015-05-28,XSHG
2412,10000214.XSHG,0.1945,0.3325,2015-05-28,XSHG
2413,10000215.XSHG,0.28,0.4058,2015-05-28,XSHG
2414,10000212.XSHG,0.1215,0.2014,2015-05-28,XSHG
2415,10000213.XSHG,0.1646,0.2704,2015-05-28,XSHG
2416,10000210.XSHG,0.2016,0.1255,2015-05-28,XSHG
2417,10000211.XSHG,0.1741,0.1118,2015-05-28,XSHG
2418,10000022.XSHG,1.0516,0.8154,2015-05-28,XSHG
2419,10000182.XSHG,0.3588,0.3588,2015-05-28,XSHG
2420,10000183.XSHG,0.5008,0.4653,2015-05-28,XSHG
2421,10000180.XSHG,0.2262,0.36,2015-05-28,XSHG
2422,10000181.XSHG,0.2741,0.1952,2015-05-28,XSHG
2423,10000186.XSHG,0.4187,0.329,2015-05-28,XSHG
2424,10000187.XSHG,0.4068,0.3,2015-05-28,XSHG
2425,10000184.XSHG,0.5259,0.4195,2015-05-28,XSHG
2426,10000185.XSHG,0.485,0.4205,2015-05-28,XSHG
2427,10000021.XSHG,1.1007,0.8647,2015-05-28,XSHG
2428,10000188.XSHG,0.2049,0.2571,2015-05-28,XSHG
2429,10000189.XSHG,0.238,0.2449,2015-05-28,XSHG
2430,10000025.XSHG,0.9037,0.7234,2015-05-28,XSHG
2431,10000024.XSHG,0.9522,0.7761,2015-05-28,XSHG
2432,10000027.XSHG,0.0023,0.0021,2015-05-28,XSHG
2433,10000026.XSHG,0.0015,0.0012,2015-05-28,XSHG
2434,10000201.XSHG,0.4803,0.4483,2015-05-29,XSHG
2435,10000200.XSHG,0.5618,0.6138,2015-05-29,XSHG
2436,10000203.XSHG,0.485,0.485,2015-05-29,XSHG
2437,10000202.XSHG,0.2232,0.2268,2015-05-29,XSHG
2438,10000205.XSHG,0.4953,0.4955,2015-05-29,XSHG
2439,10000204.XSHG,0.1949,0.2041,2015-05-29,XSHG
2440,10000207.XSHG,0.21,0.2163,2015-05-29,XSHG
2441,10000206.XSHG,0.1765,0.1999,2015-05-29,XSHG
2442,10000209.XSHG,0.1521,0.149,2015-05-29,XSHG
2443,10000208.XSHG,0.1777,0.1687,2015-05-29,XSHG
2444,10000163.XSHG,0.1113,0.1021,2015-05-29,XSHG
2445,10000164.XSHG,0.2006,0.22,2015-05-29,XSHG
2446,10000165.XSHG,0.2616,0.251,2015-05-29,XSHG
2447,10000166.XSHG,0.3189,0.3266,2015-05-29,XSHG
2448,10000195.XSHG,0.0592,0.043,2015-05-29,XSHG
2449,10000197.XSHG,0.1871,0.184,2015-05-29,XSHG
2450,10000196.XSHG,0.45,0.4493,2015-05-29,XSHG
2451,10000191.XSHG,0.4117,0.4492,2015-05-29,XSHG
2452,10000190.XSHG,0.3487,0.383,2015-05-29,XSHG
2453,10000192.XSHG,0.49,0.5242,2015-05-29,XSHG
2454,10000054.XSHG,0.0053,0.0056,2015-05-29,XSHG
2455,10000055.XSHG,0.6926,0.6798,2015-05-29,XSHG
2456,10000056.XSHG,0.0412,0.0443,2015-05-29,XSHG
2457,10000199.XSHG,0.2737,0.3049,2015-05-29,XSHG
2458,10000198.XSHG,0.5341,0.5043,2015-05-29,XSHG
2459,10000053.XSHG,0.6112,0.5786,2015-05-29,XSHG
2460,10000179.XSHG,0.0722,0.0551,2015-05-29,XSHG
2461,10000173.XSHG,0.2192,0.2217,2015-05-29,XSHG
2462,10000172.XSHG,0.265,0.2921,2015-05-29,XSHG
2463,10000171.XSHG,0.0811,0.0771,2015-05-29,XSHG
2464,10000174.XSHG,0.3914,0.3988,2015-05-29,XSHG
2465,10000048.XSHG,0.0333,0.039,2015-05-29,XSHG
2466,10000047.XSHG,0.7031,0.7084,2015-05-29,XSHG
2467,10000046.XSHG,0.0041,0.0052,2015-05-29,XSHG
2468,10000045.XSHG,0.5979,0.6257,2015-05-29,XSHG
2469,10000040.XSHG,0.0279,0.0315,2015-05-29,XSHG
2470,10000148.XSHG,0.0964,0.1084,2015-05-29,XSHG
2471,10000149.XSHG,0.3527,0.3547,2015-05-29,XSHG
2472,10000147.XSHG,0.1858,0.1939,2015-05-29,XSHG
2473,10000142.XSHG,0.1858,0.18,2015-05-29,XSHG
2474,10000140.XSHG,0.3635,0.344,2015-05-29,XSHG
2475,10000141.XSHG,,,2015-05-29,XSHG
2476,10000072.XSHG,0.0649,0.0685,2015-05-29,XSHG
2477,10000070.XSHG,0.0114,0.0124,2015-05-29,XSHG
2478,10000071.XSHG,0.6264,0.5639,2015-05-29,XSHG
2479,10000077.XSHG,0.46,0.4391,2015-05-29,XSHG
2480,10000078.XSHG,0.0153,0.0168,2015-05-29,XSHG
2481,10000079.XSHG,0.5808,0.5659,2015-05-29,XSHG
2482,10000150.XSHG,0.2121,0.2198,2015-05-29,XSHG
2483,10000155.XSHG,0.1509,0.139,2015-05-29,XSHG
2484,10000157.XSHG,0.3025,0.2815,2015-05-29,XSHG
2485,10000156.XSHG,0.1382,0.1558,2015-05-29,XSHG
2486,10000158.XSHG,0.2612,0.2807,2015-05-29,XSHG
2487,10000093.XSHG,0.37,0.355,2015-05-29,XSHG
2488,10000094.XSHG,0.0279,0.0312,2015-05-29,XSHG
2489,10000095.XSHG,0.4794,0.4885,2015-05-29,XSHG
2490,10000096.XSHG,0.0959,0.1003,2015-05-29,XSHG
2491,10000064.XSHG,0.0549,0.0487,2015-05-29,XSHG
2492,10000061.XSHG,0.5561,0.5477,2015-05-29,XSHG
2493,10000063.XSHG,0.6581,0.6034,2015-05-29,XSHG
2494,10000062.XSHG,0.0083,0.0082,2015-05-29,XSHG
2495,10000069.XSHG,0.45,0.491,2015-05-29,XSHG
2496,10000124.XSHG,0.0458,0.0519,2015-05-29,XSHG
2497,10000125.XSHG,0.4402,0.4249,2015-05-29,XSHG
2498,10000126.XSHG,0.1246,0.1523,2015-05-29,XSHG
2499,10000088.XSHG,0.0819,0.0988,2015-05-29,XSHG
2500,10000123.XSHG,0.2943,0.2786,2015-05-29,XSHG
2501,10000080.XSHG,0.0697,0.077,2015-05-29,XSHG
2502,10000087.XSHG,0.5463,0.5063,2015-05-29,XSHG
2503,10000086.XSHG,0.0208,0.0237,2015-05-29,XSHG
2504,10000085.XSHG,0.44,0.4,2015-05-29,XSHG
2505,10000036.XSHG,0.0111,0.012,2015-05-29,XSHG
2506,10000037.XSHG,0.0142,0.0168,2015-05-29,XSHG
2507,10000034.XSHG,0.7761,0.8012,2015-05-29,XSHG
2508,10000035.XSHG,0.7074,0.78,2015-05-29,XSHG
2509,10000032.XSHG,0.9322,0.8812,2015-05-29,XSHG
2510,10000033.XSHG,0.8819,0.8325,2015-05-29,XSHG
2511,10000030.XSHG,0.005,0.004,2015-05-29,XSHG
2512,10000031.XSHG,0.8532,0.91,2015-05-29,XSHG
2513,10000038.XSHG,0.02,0.02,2015-05-29,XSHG
2514,10000039.XSHG,0.0226,0.0238,2015-05-29,XSHG
2515,10000137.XSHG,0.06,0.0672,2015-05-29,XSHG
2516,10000136.XSHG,0.2105,0.215,2015-05-29,XSHG
2517,10000135.XSHG,0.2502,0.254,2015-05-29,XSHG
2518,10000139.XSHG,0.3791,0.372,2015-05-29,XSHG
2519,10000138.XSHG,0.083,0.0877,2015-05-29,XSHG
2520,10000102.XSHG,0.0358,0.0407,2015-05-29,XSHG
2521,10000103.XSHG,0.42,0.42,2015-05-29,XSHG
2522,10000101.XSHG,0.3372,0.3188,2015-05-29,XSHG
2523,10000104.XSHG,0.1349,0.1317,2015-05-29,XSHG
2524,10000188.XSHG,0.27,0.2722,2015-05-29,XSHG
2525,10000220.XSHG,0.1643,0.1525,2015-05-29,XSHG
2526,10000029.XSHG,0.0016,0.0029,2015-05-29,XSHG
2527,10000028.XSHG,0.0019,0.002,2015-05-29,XSHG
2528,10000218.XSHG,0.2835,0.259,2015-05-29,XSHG
2529,10000219.XSHG,0.13,0.132,2015-05-29,XSHG
2530,10000216.XSHG,0.4745,0.4954,2015-05-29,XSHG
2531,10000217.XSHG,0.3063,0.28,2015-05-29,XSHG
2532,10000214.XSHG,0.33,0.3466,2015-05-29,XSHG
2533,10000215.XSHG,0.4,0.4275,2015-05-29,XSHG
2534,10000212.XSHG,0.2024,0.21,2015-05-29,XSHG
2535,10000213.XSHG,0.2603,0.2737,2015-05-29,XSHG
2536,10000210.XSHG,0.1277,0.123,2015-05-29,XSHG
2537,10000211.XSHG,0.1142,0.1056,2015-05-29,XSHG
2538,10000022.XSHG,0.84,0.8193,2015-05-29,XSHG
2539,10000182.XSHG,0.4319,0.4633,2015-05-29,XSHG
2540,10000183.XSHG,0.4304,0.435,2015-05-29,XSHG
2541,10000180.XSHG,0.3547,0.3689,2015-05-29,XSHG
2542,10000181.XSHG,0.217,0.2166,2015-05-29,XSHG
2543,10000186.XSHG,0.3332,0.3446,2015-05-29,XSHG
2544,10000187.XSHG,0.3189,0.3265,2015-05-29,XSHG
2545,10000184.XSHG,0.4134,0.4134,2015-05-29,XSHG
2546,10000185.XSHG,0.3706,0.3681,2015-05-29,XSHG
2547,10000021.XSHG,0.9,0.8687,2015-05-29,XSHG
2548,10000023.XSHG,0.7933,0.7437,2015-05-29,XSHG
2549,10000189.XSHG,0.2977,0.3041,2015-05-29,XSHG
2550,10000025.XSHG,0.6798,0.6899,2015-05-29,XSHG
2551,10000024.XSHG,0.7394,0.721,2015-05-29,XSHG
2552,10000027.XSHG,0.0016,0.0012,2015-05-29,XSHG
2553,10000026.XSHG,0.001,0.0006,2015-05-29,XSHG
2554,10000201.XSHG,0.4864,0.5566,2015-06-01,XSHG
2555,10000200.XSHG,0.58,0.5188,2015-06-01,XSHG
2556,10000203.XSHG,0.5262,0.5851,2015-06-01,XSHG
2557,10000202.XSHG,0.2075,0.2075,2015-06-01,XSHG
2558,10000205.XSHG,0.5376,0.5965,2015-06-01,XSHG
2559,10000204.XSHG,0.2214,0.1854,2015-06-01,XSHG
2560,10000207.XSHG,0.2046,0.2838,2015-06-01,XSHG
2561,10000206.XSHG,0.199,0.1633,2015-06-01,XSHG
2562,10000209.XSHG,0.1437,0.2026,2015-06-01,XSHG
2563,10000208.XSHG,0.1662,0.2348,2015-06-01,XSHG
2564,10000163.XSHG,0.0994,0.169,2015-06-01,XSHG
2565,10000164.XSHG,0.2244,0.132,2015-06-01,XSHG
2566,10000165.XSHG,0.2628,0.3248,2015-06-01,XSHG
2567,10000166.XSHG,0.3204,0.2806,2015-06-01,XSHG
2568,10000195.XSHG,0.0433,0.0796,2015-06-01,XSHG
2569,10000197.XSHG,0.184,0.2339,2015-06-01,XSHG
2570,10000196.XSHG,0.456,0.3391,2015-06-01,XSHG
2571,10000191.XSHG,0.4264,0.4,2015-06-01,XSHG
2572,10000190.XSHG,0.3675,0.3192,2015-06-01,XSHG
2573,10000192.XSHG,0.4796,0.4209,2015-06-01,XSHG
2574,10000054.XSHG,0.0058,0.0031,2015-06-01,XSHG
2575,10000055.XSHG,0.6969,0.8009,2015-06-01,XSHG
2576,10000056.XSHG,0.0421,0.0293,2015-06-01,XSHG
2577,10000199.XSHG,0.29,0.3623,2015-06-01,XSHG
2578,10000198.XSHG,0.5472,0.4828,2015-06-01,XSHG
2579,10000053.XSHG,0.6029,0.7315,2015-06-01,XSHG
2580,10000179.XSHG,0.0542,0.1084,2015-06-01,XSHG
2581,10000173.XSHG,0.2405,0.289,2015-06-01,XSHG
2582,10000172.XSHG,0.299,0.2002,2015-06-01,XSHG
2583,10000171.XSHG,0.0746,0.1324,2015-06-01,XSHG
2584,10000174.XSHG,0.3649,0.3204,2015-06-01,XSHG
2585,10000048.XSHG,0.0357,0.0253,2015-06-01,XSHG
2586,10000047.XSHG,0.7397,0.8498,2015-06-01,XSHG
2587,10000046.XSHG,0.005,0.003,2015-06-01,XSHG
2588,10000045.XSHG,0.6151,0.7504,2015-06-01,XSHG
2589,10000040.XSHG,0.0308,0.0186,2015-06-01,XSHG
2590,10000148.XSHG,0.1084,0.0549,2015-06-01,XSHG
2591,10000149.XSHG,0.3364,0.4241,2015-06-01,XSHG
2592,10000147.XSHG,0.184,0.2923,2015-06-01,XSHG
2593,10000142.XSHG,0.1732,0.1574,2015-06-01,XSHG
2594,10000140.XSHG,0.3728,0.434,2015-06-01,XSHG
2595,10000141.XSHG,0.1615,0.1257,2015-06-01,XSHG
2596,10000072.XSHG,0.0628,0.0448,2015-06-01,XSHG
2597,10000070.XSHG,0.0125,0.004,2015-06-01,XSHG
2598,10000071.XSHG,0.6118,0.6723,2015-06-01,XSHG
2599,10000077.XSHG,0.4575,0.585,2015-06-01,XSHG
2600,10000078.XSHG,0.017,0.004,2015-06-01,XSHG
2601,10000079.XSHG,0.614,0.614,2015-06-01,XSHG
2602,10000150.XSHG,0.2011,0.1665,2015-06-01,XSHG
2603,10000155.XSHG,0.14,0.2171,2015-06-01,XSHG
2604,10000157.XSHG,0.3054,0.3873,2015-06-01,XSHG
2605,10000156.XSHG,0.1599,0.0886,2015-06-01,XSHG
2606,10000158.XSHG,0.2568,0.2147,2015-06-01,XSHG
2607,10000093.XSHG,0.3481,0.4667,2015-06-01,XSHG
2608,10000094.XSHG,0.0313,0.011,2015-06-01,XSHG
2609,10000095.XSHG,0.53,0.5783,2015-06-01,XSHG
2610,10000096.XSHG,0.1088,0.0845,2015-06-01,XSHG
2611,10000064.XSHG,0.0528,0.0369,2015-06-01,XSHG
2612,10000061.XSHG,0.5274,0.6729,2015-06-01,XSHG
2613,10000063.XSHG,0.645,0.7284,2015-06-01,XSHG
2614,10000062.XSHG,0.0085,0.0036,2015-06-01,XSHG
2615,10000069.XSHG,0.4704,0.6348,2015-06-01,XSHG
2616,10000124.XSHG,0.0529,0.0229,2015-06-01,XSHG
2617,10000125.XSHG,0.461,0.52,2015-06-01,XSHG
2618,10000126.XSHG,0.14,0.116,2015-06-01,XSHG
2619,10000088.XSHG,0.0904,0.0693,2015-06-01,XSHG
2620,10000123.XSHG,0.2728,0.3926,2015-06-01,XSHG
2621,10000080.XSHG,0.0705,0.0546,2015-06-01,XSHG
2622,10000087.XSHG,0.5493,0.6199,2015-06-01,XSHG
2623,10000086.XSHG,0.0231,0.0065,2015-06-01,XSHG
2624,10000085.XSHG,0.3871,0.53,2015-06-01,XSHG
2625,10000036.XSHG,0.0126,0.0063,2015-06-01,XSHG
2626,10000037.XSHG,0.0174,0.0091,2015-06-01,XSHG
2627,10000034.XSHG,0.8298,0.9269,2015-06-01,XSHG
2628,10000035.XSHG,0.798,0.953,2015-06-01,XSHG
2629,10000032.XSHG,0.9561,0.9976,2015-06-01,XSHG
2630,10000033.XSHG,0.854,0.948,2015-06-01,XSHG
2631,10000030.XSHG,0.0042,0.002,2015-06-01,XSHG
2632,10000031.XSHG,0.9317,1.0283,2015-06-01,XSHG
2633,10000038.XSHG,0.0183,0.012,2015-06-01,XSHG
2634,10000039.XSHG,0.0253,0.0145,2015-06-01,XSHG
2635,10000137.XSHG,0.07,0.0309,2015-06-01,XSHG
2636,10000136.XSHG,0.209,0.3154,2015-06-01,XSHG
2637,10000135.XSHG,0.2448,0.351,2015-06-01,XSHG
2638,10000139.XSHG,0.4036,0.4781,2015-06-01,XSHG
2639,10000138.XSHG,0.0873,0.0405,2015-06-01,XSHG
2640,10000102.XSHG,0.0408,0.016,2015-06-01,XSHG
2641,10000103.XSHG,0.4439,0.5236,2015-06-01,XSHG
2642,10000101.XSHG,0.3087,0.4391,2015-06-01,XSHG
2643,10000104.XSHG,0.1205,0.103,2015-06-01,XSHG
2644,10000188.XSHG,0.2577,0.206,2015-06-01,XSHG
2645,10000220.XSHG,0.158,0.1128,2015-06-01,XSHG
2646,10000029.XSHG,0.0027,0.0006,2015-06-01,XSHG
2647,10000028.XSHG,0.0018,0.0009,2015-06-01,XSHG
2648,10000218.XSHG,0.2521,0.3392,2015-06-01,XSHG
2649,10000219.XSHG,0.1368,0.0894,2015-06-01,XSHG
2650,10000216.XSHG,0.4943,0.4016,2015-06-01,XSHG
2651,10000217.XSHG,0.2803,0.3866,2015-06-01,XSHG
2652,10000214.XSHG,0.3575,0.2578,2015-06-01,XSHG
2653,10000215.XSHG,0.4095,0.3332,2015-06-01,XSHG
2654,10000212.XSHG,0.2188,0.1508,2015-06-01,XSHG
2655,10000213.XSHG,0.2622,0.1999,2015-06-01,XSHG
2656,10000210.XSHG,0.1166,0.1696,2015-06-01,XSHG
2657,10000211.XSHG,0.11,0.14,2015-06-01,XSHG
2658,10000022.XSHG,0.7984,0.959,2015-06-01,XSHG
2659,10000182.XSHG,0.4239,0.3788,2015-06-01,XSHG
2660,10000183.XSHG,0.4429,0.5403,2015-06-01,XSHG
2661,10000180.XSHG,0.3809,0.275,2015-06-01,XSHG
2662,10000181.XSHG,0.1982,0.26,2015-06-01,XSHG
2663,10000186.XSHG,0.3361,0.3999,2015-06-01,XSHG
2664,10000187.XSHG,0.309,0.385,2015-06-01,XSHG
2665,10000184.XSHG,0.387,0.47,2015-06-01,XSHG
2666,10000185.XSHG,0.3569,0.4312,2015-06-01,XSHG
2667,10000021.XSHG,0.8899,1.0289,2015-06-01,XSHG
2668,10000023.XSHG,0.769,0.8983,2015-06-01,XSHG
2669,10000189.XSHG,0.3249,0.2799,2015-06-01,XSHG
2670,10000025.XSHG,0.6612,0.8108,2015-06-01,XSHG
2671,10000024.XSHG,0.7513,0.875,2015-06-01,XSHG
2672,10000027.XSHG,0.001,0.0004,2015-06-01,XSHG
2673,10000026.XSHG,0.0008,0.0006,2015-06-01,XSHG
2674,10000201.XSHG,,,2015-06-02,XSHG
2675,10000200.XSHG,0.5424,0.5442,2015-06-02,XSHG
2676,10000203.XSHG,0.6096,0.6096,2015-06-02,XSHG
2677,10000202.XSHG,0.2065,0.1911,2015-06-02,XSHG
2678,10000205.XSHG,0.641,0.6362,2015-06-02,XSHG
2679,10000204.XSHG,0.1854,0.18,2015-06-02,XSHG
2680,10000207.XSHG,0.2999,0.295,2015-06-02,XSHG
2681,10000206.XSHG,0.1598,0.1486,2015-06-02,XSHG
2682,10000209.XSHG,0.1943,0.2068,2015-06-02,XSHG
2683,10000208.XSHG,0.2281,0.2464,2015-06-02,XSHG
2684,10000163.XSHG,0.163,0.1849,2015-06-02,XSHG
2685,10000164.XSHG,0.1277,0.1308,2015-06-02,XSHG
2686,10000165.XSHG,0.318,0.3446,2015-06-02,XSHG
2687,10000166.XSHG,,,2015-06-02,XSHG
2688,10000195.XSHG,0.0832,0.083,2015-06-02,XSHG
2689,10000197.XSHG,0.2213,0.2374,2015-06-02,XSHG
2690,10000196.XSHG,0.3523,0.331,2015-06-02,XSHG
2691,10000191.XSHG,0.4,0.3752,2015-06-02,XSHG
2692,10000190.XSHG,0.3152,0.3151,2015-06-02,XSHG
2693,10000192.XSHG,0.4563,0.4563,2015-06-02,XSHG
2694,10000054.XSHG,0.0029,0.0021,2015-06-02,XSHG
2695,10000055.XSHG,,,2015-06-02,XSHG
2696,10000056.XSHG,0.0324,0.0304,2015-06-02,XSHG
2697,10000199.XSHG,0.3644,0.388,2015-06-02,XSHG
2698,10000198.XSHG,0.4508,0.4508,2015-06-02,XSHG
2699,10000053.XSHG,0.695,0.7137,2015-06-02,XSHG
2700,10000179.XSHG,0.1084,0.1128,2015-06-02,XSHG
2701,10000173.XSHG,0.2922,0.2871,2015-06-02,XSHG
2702,10000172.XSHG,0.2,0.191,2015-06-02,XSHG
2703,10000171.XSHG,0.1325,0.1444,2015-06-02,XSHG
2704,10000174.XSHG,,,2015-06-02,XSHG
2705,10000048.XSHG,0.0268,0.0245,2015-06-02,XSHG
2706,10000047.XSHG,0.8174,0.7728,2015-06-02,XSHG
2707,10000046.XSHG,0.0028,0.0017,2015-06-02,XSHG
2708,10000045.XSHG,0.7578,0.7929,2015-06-02,XSHG
2709,10000040.XSHG,0.0212,0.0181,2015-06-02,XSHG
2710,10000148.XSHG,0.05,0.0539,2015-06-02,XSHG
2711,10000149.XSHG,0.4316,0.3997,2015-06-02,XSHG
2712,10000147.XSHG,0.2792,0.295,2015-06-02,XSHG
2713,10000142.XSHG,0.1423,0.1423,2015-06-02,XSHG
2714,10000140.XSHG,0.4464,0.4694,2015-06-02,XSHG
2715,10000141.XSHG,0.1339,0.13,2015-06-02,XSHG
2716,10000072.XSHG,0.0488,0.0457,2015-06-02,XSHG
2717,10000070.XSHG,0.0051,0.0056,2015-06-02,XSHG
2718,10000071.XSHG,0.7141,0.6823,2015-06-02,XSHG
2719,10000077.XSHG,0.5547,0.5921,2015-06-02,XSHG
2720,10000078.XSHG,0.0053,0.0089,2015-06-02,XSHG
2721,10000079.XSHG,0.6464,0.6451,2015-06-02,XSHG
2722,10000150.XSHG,0.1619,0.1791,2015-06-02,XSHG
2723,10000155.XSHG,0.213,0.2374,2015-06-02,XSHG
2724,10000157.XSHG,0.3694,0.3586,2015-06-02,XSHG
2725,10000156.XSHG,0.0857,0.086,2015-06-02,XSHG
2726,10000158.XSHG,,,2015-06-02,XSHG
2727,10000093.XSHG,0.4618,0.5016,2015-06-02,XSHG
2728,10000094.XSHG,0.012,0.0121,2015-06-02,XSHG
2729,10000095.XSHG,0.5603,0.561,2015-06-02,XSHG
2730,10000096.XSHG,0.0739,0.0786,2015-06-02,XSHG
2731,10000064.XSHG,0.0528,0.0376,2015-06-02,XSHG
2732,10000061.XSHG,0.6635,0.6937,2015-06-02,XSHG
2733,10000063.XSHG,0.7147,0.7436,2015-06-02,XSHG
2734,10000062.XSHG,0.0029,0.0038,2015-06-02,XSHG
2735,10000069.XSHG,0.6086,0.645,2015-06-02,XSHG
2736,10000124.XSHG,0.0232,0.0233,2015-06-02,XSHG
2737,10000125.XSHG,,,2015-06-02,XSHG
2738,10000126.XSHG,0.1208,0.109,2015-06-02,XSHG
2739,10000088.XSHG,0.0643,0.0661,2015-06-02,XSHG
2740,10000123.XSHG,0.3862,0.4124,2015-06-02,XSHG
2741,10000080.XSHG,0.059,0.0552,2015-06-02,XSHG
2742,10000087.XSHG,0.5934,0.6157,2015-06-02,XSHG
2743,10000086.XSHG,0.0082,0.007,2015-06-02,XSHG
2744,10000085.XSHG,0.5146,0.5484,2015-06-02,XSHG
2745,10000036.XSHG,0.0062,0.006,2015-06-02,XSHG
2746,10000037.XSHG,,,2015-06-02,XSHG
2747,10000034.XSHG,0.8981,0.8866,2015-06-02,XSHG
2748,10000035.XSHG,0.93,0.8904,2015-06-02,XSHG
2749,10000032.XSHG,1.0022,0.995,2015-06-02,XSHG
2750,10000033.XSHG,,,2015-06-02,XSHG
2751,10000030.XSHG,0.0018,0.0014,2015-06-02,XSHG
2752,10000031.XSHG,1.0792,1.0727,2015-06-02,XSHG
2753,10000038.XSHG,0.0125,0.0117,2015-06-02,XSHG
2754,10000039.XSHG,0.0167,0.0156,2015-06-02,XSHG
2755,10000137.XSHG,0.0311,0.0319,2015-06-02,XSHG
2756,10000136.XSHG,0.3067,0.328,2015-06-02,XSHG
2757,10000135.XSHG,0.3439,0.3726,2015-06-02,XSHG
2758,10000139.XSHG,0.4495,0.4495,2015-06-02,XSHG
2759,10000138.XSHG,0.0412,0.0424,2015-06-02,XSHG
2760,10000102.XSHG,0.0166,0.0162,2015-06-02,XSHG
2761,10000103.XSHG,0.5311,0.5657,2015-06-02,XSHG
2762,10000101.XSHG,0.4227,0.4573,2015-06-02,XSHG
2763,10000104.XSHG,0.1018,0.095,2015-06-02,XSHG
2764,10000188.XSHG,0.2224,0.22,2015-06-02,XSHG
2765,10000220.XSHG,0.1121,0.1099,2015-06-02,XSHG
2766,10000029.XSHG,0.0008,0.0008,2015-06-02,XSHG
2767,10000028.XSHG,0.0006,0.0007,2015-06-02,XSHG
2768,10000218.XSHG,0.3444,0.343,2015-06-02,XSHG
2769,10000219.XSHG,0.0937,0.0994,2015-06-02,XSHG
2770,10000216.XSHG,0.3993,0.403,2015-06-02,XSHG
2771,10000217.XSHG,0.3702,0.376,2015-06-02,XSHG
2772,10000214.XSHG,0.27,0.2635,2015-06-02,XSHG
2773,10000215.XSHG,0.3274,0.3316,2015-06-02,XSHG
2774,10000212.XSHG,0.1612,0.1466,2015-06-02,XSHG
2775,10000213.XSHG,0.206,0.2005,2015-06-02,XSHG
2776,10000210.XSHG,0.1695,0.1775,2015-06-02,XSHG
2777,10000211.XSHG,0.1486,0.1529,2015-06-02,XSHG
2778,10000022.XSHG,0.9495,0.9905,2015-06-02,XSHG
2779,10000182.XSHG,,,2015-06-02,XSHG
2780,10000183.XSHG,0.4951,0.5284,2015-06-02,XSHG
2781,10000180.XSHG,0.2766,0.2633,2015-06-02,XSHG
2782,10000181.XSHG,0.251,0.2474,2015-06-02,XSHG
2783,10000186.XSHG,0.4,0.4137,2015-06-02,XSHG
2784,10000187.XSHG,0.3832,0.3939,2015-06-02,XSHG
2785,10000184.XSHG,0.4738,0.4738,2015-06-02,XSHG
2786,10000185.XSHG,0.4201,0.4353,2015-06-02,XSHG
2787,10000021.XSHG,1.03,1.0406,2015-06-02,XSHG
2788,10000023.XSHG,0.8837,0.9411,2015-06-02,XSHG
2789,10000189.XSHG,0.2828,0.2828,2015-06-02,XSHG
2790,10000025.XSHG,0.8173,0.8422,2015-06-02,XSHG
2791,10000024.XSHG,0.8597,0.8913,2015-06-02,XSHG
2792,10000027.XSHG,0.0004,0.0005,2015-06-02,XSHG
2793,10000026.XSHG,0.0004,0.001,2015-06-02,XSHG
2794,10000201.XSHG,0.5497,0.5497,2015-06-03,XSHG
2795,10000200.XSHG,0.5164,0.5115,2015-06-03,XSHG
2796,10000203.XSHG,0.598,0.598,2015-06-03,XSHG
2797,10000202.XSHG,0.2016,0.202,2015-06-03,XSHG
2798,10000205.XSHG,0.6192,0.5975,2015-06-03,XSHG
2799,10000204.XSHG,0.1758,0.1806,2015-06-03,XSHG
2800,10000207.XSHG,0.2931,0.281,2015-06-03,XSHG
2801,10000206.XSHG,0.1502,0.1597,2015-06-03,XSHG
2802,10000209.XSHG,0.2068,0.2022,2015-06-03,XSHG
2803,10000208.XSHG,0.2377,0.2337,2015-06-03,XSHG
2804,10000163.XSHG,0.168,0.158,2015-06-03,XSHG
2805,10000164.XSHG,0.1353,0.1492,2015-06-03,XSHG
2806,10000165.XSHG,0.3271,0.3251,2015-06-03,XSHG
2807,10000166.XSHG,0.2468,0.2774,2015-06-03,XSHG
2808,10000195.XSHG,0.085,0.0749,2015-06-03,XSHG
2809,10000197.XSHG,0.2212,0.2262,2015-06-03,XSHG
2810,10000196.XSHG,0.3442,0.3659,2015-06-03,XSHG
2811,10000191.XSHG,0.4051,0.3782,2015-06-03,XSHG
2812,10000190.XSHG,0.3232,0.3405,2015-06-03,XSHG
2813,10000192.XSHG,0.4542,0.4503,2015-06-03,XSHG
2814,10000054.XSHG,0.002,0.0015,2015-06-03,XSHG
2815,10000055.XSHG,,,2015-06-03,XSHG
2816,10000056.XSHG,0.0317,0.0317,2015-06-03,XSHG
2817,10000199.XSHG,0.3797,0.365,2015-06-03,XSHG
2818,10000198.XSHG,0.4635,0.4541,2015-06-03,XSHG
2819,10000053.XSHG,0.7027,0.7155,2015-06-03,XSHG
2820,10000179.XSHG,0.1065,0.098,2015-06-03,XSHG
2821,10000173.XSHG,0.286,0.2839,2015-06-03,XSHG
2822,10000172.XSHG,0.1978,0.2105,2015-06-03,XSHG
2823,10000171.XSHG,0.1362,0.1261,2015-06-03,XSHG
2824,10000174.XSHG,,,2015-06-03,XSHG
2825,10000048.XSHG,,,2015-06-03,XSHG
2826,10000047.XSHG,0.8153,0.8153,2015-06-03,XSHG
2827,10000046.XSHG,0.0015,0.0015,2015-06-03,XSHG
2828,10000045.XSHG,0.7437,0.745,2015-06-03,XSHG
2829,10000040.XSHG,0.0205,0.0193,2015-06-03,XSHG
2830,10000148.XSHG,0.0554,0.0596,2015-06-03,XSHG
2831,10000149.XSHG,0.4996,0.4142,2015-06-03,XSHG
2832,10000147.XSHG,0.2832,0.2762,2015-06-03,XSHG
2833,10000142.XSHG,0.1409,0.1428,2015-06-03,XSHG
2834,10000140.XSHG,0.4567,0.4506,2015-06-03,XSHG
2835,10000141.XSHG,,,2015-06-03,XSHG
2836,10000072.XSHG,,,2015-06-03,XSHG
2837,10000070.XSHG,0.005,0.0043,2015-06-03,XSHG
2838,10000071.XSHG,0.6843,0.6843,2015-06-03,XSHG
2839,10000077.XSHG,0.5513,0.5618,2015-06-03,XSHG
2840,10000078.XSHG,0.0077,0.0078,2015-06-03,XSHG
2841,10000079.XSHG,0.6327,0.6329,2015-06-03,XSHG
2842,10000150.XSHG,0.1662,0.1684,2015-06-03,XSHG
2843,10000155.XSHG,0.2183,0.2078,2015-06-03,XSHG
2844,10000157.XSHG,0.3508,0.366,2015-06-03,XSHG
2845,10000156.XSHG,0.0894,0.096,2015-06-03,XSHG
2846,10000158.XSHG,0.3145,0.2042,2015-06-03,XSHG
2847,10000093.XSHG,0.4743,0.4763,2015-06-03,XSHG
2848,10000094.XSHG,0.0123,0.0139,2015-06-03,XSHG
2849,10000095.XSHG,,,2015-06-03,XSHG
2850,10000096.XSHG,0.0848,0.0848,2015-06-03,XSHG
2851,10000064.XSHG,0.0375,0.0355,2015-06-03,XSHG
2852,10000061.XSHG,0.6458,0.6548,2015-06-03,XSHG
2853,10000063.XSHG,0.7325,0.7038,2015-06-03,XSHG
2854,10000062.XSHG,0.0033,0.005,2015-06-03,XSHG
2855,10000069.XSHG,0.598,0.5994,2015-06-03,XSHG
2856,10000124.XSHG,0.0235,0.0277,2015-06-03,XSHG
2857,10000125.XSHG,0.4839,0.5212,2015-06-03,XSHG
2858,10000126.XSHG,0.108,0.1109,2015-06-03,XSHG
2859,10000088.XSHG,0.0693,0.0678,2015-06-03,XSHG
2860,10000123.XSHG,0.3924,0.3878,2015-06-03,XSHG
2861,10000080.XSHG,,,2015-06-03,XSHG
2862,10000087.XSHG,0.5939,0.5939,2015-06-03,XSHG
2863,10000086.XSHG,0.0086,0.0094,2015-06-03,XSHG
2864,10000085.XSHG,0.5233,0.5206,2015-06-03,XSHG
2865,10000036.XSHG,0.005,0.0078,2015-06-03,XSHG
2866,10000037.XSHG,0.0099,0.01,2015-06-03,XSHG
2867,10000034.XSHG,0.9288,0.9386,2015-06-03,XSHG
2868,10000035.XSHG,0.876,0.8509,2015-06-03,XSHG
2869,10000032.XSHG,,,2015-06-03,XSHG
2870,10000033.XSHG,,,2015-06-03,XSHG
2871,10000030.XSHG,0.0012,0.001,2015-06-03,XSHG
2872,10000031.XSHG,1.0064,1.0609,2015-06-03,XSHG
2873,10000038.XSHG,0.0115,0.0111,2015-06-03,XSHG
2874,10000039.XSHG,0.0152,0.0153,2015-06-03,XSHG
2875,10000137.XSHG,0.0324,0.0386,2015-06-03,XSHG
2876,10000136.XSHG,0.3169,0.3,2015-06-03,XSHG
2877,10000135.XSHG,0.358,0.3479,2015-06-03,XSHG
2878,10000139.XSHG,,,2015-06-03,XSHG
2879,10000138.XSHG,0.0438,0.05,2015-06-03,XSHG
2880,10000102.XSHG,0.0168,0.0189,2015-06-03,XSHG
2881,10000103.XSHG,0.5451,0.5368,2015-06-03,XSHG
2882,10000101.XSHG,0.449,0.4198,2015-06-03,XSHG
2883,10000104.XSHG,0.0955,0.0927,2015-06-03,XSHG
2884,10000188.XSHG,0.2247,0.222,2015-06-03,XSHG
2885,10000220.XSHG,0.1162,0.1107,2015-06-03,XSHG
2886,10000029.XSHG,0.0007,0.0008,2015-06-03,XSHG
2887,10000028.XSHG,0.0006,0.0008,2015-06-03,XSHG
2888,10000218.XSHG,0.3388,0.3343,2015-06-03,XSHG
2889,10000219.XSHG,0.0947,0.092,2015-06-03,XSHG
2890,10000216.XSHG,0.4244,0.4015,2015-06-03,XSHG
2891,10000217.XSHG,0.3654,0.3715,2015-06-03,XSHG
2892,10000214.XSHG,0.2703,0.2631,2015-06-03,XSHG
2893,10000215.XSHG,0.3322,0.33,2015-06-03,XSHG
2894,10000212.XSHG,0.1622,0.1547,2015-06-03,XSHG
2895,10000213.XSHG,0.2075,0.2061,2015-06-03,XSHG
2896,10000210.XSHG,0.1775,0.1731,2015-06-03,XSHG
2897,10000211.XSHG,0.1529,0.1415,2015-06-03,XSHG
2898,10000022.XSHG,0.9611,0.9609,2015-06-03,XSHG
2899,10000182.XSHG,,,2015-06-03,XSHG
2900,10000183.XSHG,0.5249,0.5174,2015-06-03,XSHG
2901,10000180.XSHG,0.2726,0.2876,2015-06-03,XSHG
2902,10000181.XSHG,0.2497,0.2506,2015-06-03,XSHG
2903,10000186.XSHG,0.39,0.3848,2015-06-03,XSHG
2904,10000187.XSHG,0.38,0.3794,2015-06-03,XSHG
2905,10000184.XSHG,0.4781,0.4743,2015-06-03,XSHG
2906,10000185.XSHG,0.434,0.4328,2015-06-03,XSHG
2907,10000021.XSHG,1.0056,1.0002,2015-06-03,XSHG
2908,10000023.XSHG,0.8938,0.908,2015-06-03,XSHG
2909,10000189.XSHG,0.2661,0.268,2015-06-03,XSHG
2910,10000025.XSHG,0.7934,0.8048,2015-06-03,XSHG
2911,10000024.XSHG,0.8435,0.8506,2015-06-03,XSHG
2912,10000027.XSHG,0.0005,0.0007,2015-06-03,XSHG
2913,10000026.XSHG,0.0006,0.0006,2015-06-03,XSHG
2914,10000201.XSHG,0.5768,0.5466,2015-06-04,XSHG
2915,10000200.XSHG,0.5625,0.4932,2015-06-04,XSHG
2916,10000203.XSHG,0.6223,0.6033,2015-06-04,XSHG
2917,10000202.XSHG,0.1871,0.1837,2015-06-04,XSHG
2918,10000205.XSHG,0.6387,0.6356,2015-06-04,XSHG
2919,10000204.XSHG,0.1677,0.1649,2015-06-04,XSHG
2920,10000207.XSHG,0.31,0.3136,2015-06-04,XSHG
2921,10000206.XSHG,0.1483,0.1499,2015-06-04,XSHG
2922,10000209.XSHG,0.2,0.2211,2015-06-04,XSHG
2923,10000208.XSHG,0.2377,0.2623,2015-06-04,XSHG
2924,10000163.XSHG,0.1558,0.1844,2015-06-04,XSHG
2925,10000164.XSHG,0.1532,0.1125,2015-06-04,XSHG
2926,10000165.XSHG,0.3383,0.3333,2015-06-04,XSHG
2927,10000166.XSHG,0.2433,0.2387,2015-06-04,XSHG
2928,10000195.XSHG,0.0722,0.0782,2015-06-04,XSHG
2929,10000197.XSHG,0.2151,0.247,2015-06-04,XSHG
2930,10000196.XSHG,0.35,0.3011,2015-06-04,XSHG
2931,10000191.XSHG,0.3711,0.3567,2015-06-04,XSHG
2932,10000190.XSHG,0.3051,0.2938,2015-06-04,XSHG
2933,10000192.XSHG,0.442,0.4197,2015-06-04,XSHG
2934,10000054.XSHG,0.0025,0.002,2015-06-04,XSHG
2935,10000055.XSHG,0.7772,0.7932,2015-06-04,XSHG
2936,10000056.XSHG,0.0285,0.0271,2015-06-04,XSHG
2937,10000199.XSHG,0.3444,0.3668,2015-06-04,XSHG
2938,10000198.XSHG,0.4071,0.4299,2015-06-04,XSHG
2939,10000053.XSHG,0.708,0.7511,2015-06-04,XSHG
2940,10000179.XSHG,0.095,0.1034,2015-06-04,XSHG
2941,10000173.XSHG,0.2957,0.2957,2015-06-04,XSHG
2942,10000172.XSHG,0.2119,0.1666,2015-06-04,XSHG
2943,10000171.XSHG,0.1225,0.137,2015-06-04,XSHG
2944,10000174.XSHG,0.3278,0.2996,2015-06-04,XSHG
2945,10000048.XSHG,0.027,0.0219,2015-06-04,XSHG
2946,10000047.XSHG,0.8279,0.8529,2015-06-04,XSHG
2947,10000046.XSHG,0.0024,0.0021,2015-06-04,XSHG
2948,10000045.XSHG,0.7572,0.8003,2015-06-04,XSHG
2949,10000040.XSHG,0.0203,0.018,2015-06-04,XSHG
2950,10000148.XSHG,0.0613,0.0445,2015-06-04,XSHG
2951,10000149.XSHG,0.4429,0.4644,2015-06-04,XSHG
2952,10000147.XSHG,0.2657,0.3105,2015-06-04,XSHG
2953,10000142.XSHG,0.1325,0.1287,2015-06-04,XSHG
2954,10000140.XSHG,0.4736,0.468,2015-06-04,XSHG
2955,10000141.XSHG,0.115,0.1093,2015-06-04,XSHG
2956,10000072.XSHG,0.0422,0.0404,2015-06-04,XSHG
2957,10000070.XSHG,0.0057,0.0049,2015-06-04,XSHG
2958,10000071.XSHG,0.7524,0.6726,2015-06-04,XSHG
2959,10000077.XSHG,0.58,0.6079,2015-06-04,XSHG
2960,10000078.XSHG,0.0081,0.0061,2015-06-04,XSHG
2961,10000079.XSHG,0.6455,0.6826,2015-06-04,XSHG
2962,10000150.XSHG,0.1516,0.1437,2015-06-04,XSHG
2963,10000155.XSHG,0.2042,0.24,2015-06-04,XSHG
2964,10000157.XSHG,0.375,0.3901,2015-06-04,XSHG
2965,10000156.XSHG,0.0983,0.0731,2015-06-04,XSHG
2966,10000158.XSHG,0.1921,0.1932,2015-06-04,XSHG
2967,10000093.XSHG,0.4682,0.5156,2015-06-04,XSHG
2968,10000094.XSHG,0.015,0.0102,2015-06-04,XSHG
2969,10000095.XSHG,0.5495,0.6027,2015-06-04,XSHG
2970,10000096.XSHG,0.072,0.0687,2015-06-04,XSHG
2971,10000064.XSHG,0.0349,0.0333,2015-06-04,XSHG
2972,10000061.XSHG,0.6718,0.7025,2015-06-04,XSHG
2973,10000063.XSHG,0.7386,0.757,2015-06-04,XSHG
2974,10000062.XSHG,0.0048,0.0036,2015-06-04,XSHG
2975,10000069.XSHG,0.6109,0.658,2015-06-04,XSHG
2976,10000124.XSHG,0.0275,0.0192,2015-06-04,XSHG
2977,10000125.XSHG,0.5401,0.5307,2015-06-04,XSHG
2978,10000126.XSHG,0.1144,0.0952,2015-06-04,XSHG
2979,10000088.XSHG,0.0686,0.0579,2015-06-04,XSHG
2980,10000123.XSHG,0.3925,0.4305,2015-06-04,XSHG
2981,10000080.XSHG,0.0566,0.0485,2015-06-04,XSHG
2982,10000087.XSHG,0.6654,0.6414,2015-06-04,XSHG
2983,10000086.XSHG,0.0114,0.008,2015-06-04,XSHG
2984,10000085.XSHG,0.5238,0.5636,2015-06-04,XSHG
2985,10000036.XSHG,0.0067,0.0103,2015-06-04,XSHG
2986,10000037.XSHG,0.0095,0.0089,2015-06-04,XSHG
2987,10000034.XSHG,0.9128,0.9273,2015-06-04,XSHG
2988,10000035.XSHG,0.88,0.84,2015-06-04,XSHG
2989,10000032.XSHG,1.0009,1.0463,2015-06-04,XSHG
2990,10000033.XSHG,0.9568,0.9747,2015-06-04,XSHG
2991,10000030.XSHG,0.0012,0.0013,2015-06-04,XSHG
2992,10000031.XSHG,1.109,1.1007,2015-06-04,XSHG
2993,10000038.XSHG,0.0115,0.0115,2015-06-04,XSHG
2994,10000039.XSHG,0.0151,0.0144,2015-06-04,XSHG
2995,10000137.XSHG,0.0383,0.0265,2015-06-04,XSHG
2996,10000136.XSHG,0.3254,0.3536,2015-06-04,XSHG
2997,10000135.XSHG,0.3689,0.3858,2015-06-04,XSHG
2998,10000139.XSHG,0.4506,0.4954,2015-06-04,XSHG
2999,10000138.XSHG,0.0503,0.0331,2015-06-04,XSHG
3000,10000102.XSHG,0.0204,0.0138,2015-06-04,XSHG
3001,10000103.XSHG,0.6088,0.565,2015-06-04,XSHG
3002,10000101.XSHG,0.4399,0.4705,2015-06-04,XSHG
3003,10000104.XSHG,0.0848,0.0811,2015-06-04,XSHG
3004,10000188.XSHG,0.2091,0.1981,2015-06-04,XSHG
3005,10000220.XSHG,0.1134,0.0964,2015-06-04,XSHG
3006,10000029.XSHG,0.0005,0.0019,2015-06-04,XSHG
3007,10000028.XSHG,0.0009,0.0007,2015-06-04,XSHG
3008,10000218.XSHG,0.3359,0.3747,2015-06-04,XSHG
3009,10000219.XSHG,0.0957,0.0813,2015-06-04,XSHG
3010,10000216.XSHG,0.3827,0.3695,2015-06-04,XSHG
3011,10000217.XSHG,0.3672,0.4117,2015-06-04,XSHG
3012,10000214.XSHG,0.2313,0.2326,2015-06-04,XSHG
3013,10000215.XSHG,0.3105,0.2978,2015-06-04,XSHG
3014,10000212.XSHG,0.1597,0.1314,2015-06-04,XSHG
3015,10000213.XSHG,0.2026,0.1779,2015-06-04,XSHG
3016,10000210.XSHG,0.1733,0.1846,2015-06-04,XSHG
3017,10000211.XSHG,0.1533,0.1585,2015-06-04,XSHG
3018,10000022.XSHG,0.9674,0.9985,2015-06-04,XSHG
3019,10000182.XSHG,0.357,0.3608,2015-06-04,XSHG
3020,10000183.XSHG,0.5465,0.55,2015-06-04,XSHG
3021,10000180.XSHG,0.2592,0.2323,2015-06-04,XSHG
3022,10000181.XSHG,0.2427,0.2779,2015-06-04,XSHG
3023,10000186.XSHG,0.4153,0.4165,2015-06-04,XSHG
3024,10000187.XSHG,0.3691,0.4003,2015-06-04,XSHG
3025,10000184.XSHG,0.496,0.461,2015-06-04,XSHG
3026,10000185.XSHG,0.4481,0.4131,2015-06-04,XSHG
3027,10000021.XSHG,1.0172,1.0488,2015-06-04,XSHG
3028,10000023.XSHG,0.9409,0.949,2015-06-04,XSHG
3029,10000189.XSHG,0.2417,0.2578,2015-06-04,XSHG
3030,10000025.XSHG,0.8076,0.8495,2015-06-04,XSHG
3031,10000024.XSHG,0.8682,0.8989,2015-06-04,XSHG
3032,10000027.XSHG,0.0008,0.0002,2015-06-04,XSHG
3033,10000026.XSHG,0.0004,0.0006,2015-06-04,XSHG
3034,10000201.XSHG,0.5987,0.5987,2015-06-05,XSHG
3035,10000200.XSHG,0.4535,0.4999,2015-06-05,XSHG
3036,10000203.XSHG,0.6429,0.6429,2015-06-05,XSHG
3037,10000202.XSHG,0.1626,0.183,2015-06-05,XSHG
3038,10000205.XSHG,0.6731,0.6398,2015-06-05,XSHG
3039,10000204.XSHG,0.1459,0.1649,2015-06-05,XSHG
3040,10000207.XSHG,0.37,0.3225,2015-06-05,XSHG
3041,10000206.XSHG,0.1317,0.147,2015-06-05,XSHG
3042,10000209.XSHG,0.2661,0.2306,2015-06-05,XSHG
3043,10000208.XSHG,0.3127,0.2665,2015-06-05,XSHG
3044,10000163.XSHG,0.2256,0.1839,2015-06-05,XSHG
3045,10000164.XSHG,0.0847,0.113,2015-06-05,XSHG
3046,10000165.XSHG,0.3733,0.3621,2015-06-05,XSHG
3047,10000166.XSHG,0.2081,0.2408,2015-06-05,XSHG
3048,10000195.XSHG,0.096,0.0696,2015-06-05,XSHG
3049,10000197.XSHG,0.2676,0.2568,2015-06-05,XSHG
3050,10000196.XSHG,0.2555,0.3058,2015-06-05,XSHG
3051,10000191.XSHG,0.3294,0.3371,2015-06-05,XSHG
3052,10000190.XSHG,0.2724,0.2724,2015-06-05,XSHG
3053,10000192.XSHG,0.3849,0.4217,2015-06-05,XSHG
3054,10000054.XSHG,0.0016,0.0023,2015-06-05,XSHG
3055,10000055.XSHG,0.8504,0.8053,2015-06-05,XSHG
3056,10000056.XSHG,0.0212,0.0261,2015-06-05,XSHG
3057,10000199.XSHG,0.37,0.38,2015-06-05,XSHG
3058,10000198.XSHG,0.3845,0.4212,2015-06-05,XSHG
3059,10000053.XSHG,0.7951,0.7802,2015-06-05,XSHG
3060,10000179.XSHG,0.13,0.099,2015-06-05,XSHG
3061,10000173.XSHG,0.3305,0.3108,2015-06-05,XSHG
3062,10000172.XSHG,0.1256,0.165,2015-06-05,XSHG
3063,10000171.XSHG,0.1636,0.1398,2015-06-05,XSHG
3064,10000174.XSHG,0.2604,0.27,2015-06-05,XSHG
3065,10000048.XSHG,0.0171,0.0205,2015-06-05,XSHG
3066,10000047.XSHG,0.9062,0.8832,2015-06-05,XSHG
3067,10000046.XSHG,0.0013,0.0011,2015-06-05,XSHG
3068,10000045.XSHG,0.8652,0.81,2015-06-05,XSHG
3069,10000040.XSHG,0.0136,0.0185,2015-06-05,XSHG
3070,10000148.XSHG,0.0303,0.0453,2015-06-05,XSHG
3071,10000149.XSHG,0.4977,0.4663,2015-06-05,XSHG
3072,10000147.XSHG,0.3732,0.3068,2015-06-05,XSHG
3073,10000142.XSHG,0.1075,0.1253,2015-06-05,XSHG
3074,10000140.XSHG,0.5078,0.4881,2015-06-05,XSHG
3075,10000141.XSHG,0.0924,0.1101,2015-06-05,XSHG
3076,10000072.XSHG,0.0324,0.0414,2015-06-05,XSHG
3077,10000070.XSHG,0.0041,0.0036,2015-06-05,XSHG
3078,10000071.XSHG,0.7644,0.7444,2015-06-05,XSHG
3079,10000077.XSHG,0.6784,0.6308,2015-06-05,XSHG
3080,10000078.XSHG,0.005,0.003,2015-06-05,XSHG
3081,10000079.XSHG,0.7318,0.7057,2015-06-05,XSHG
3082,10000150.XSHG,0.1243,0.14,2015-06-05,XSHG
3083,10000155.XSHG,0.2823,0.2441,2015-06-05,XSHG
3084,10000157.XSHG,0.4228,0.4101,2015-06-05,XSHG
3085,10000156.XSHG,0.057,0.0738,2015-06-05,XSHG
3086,10000158.XSHG,0.1628,0.1944,2015-06-05,XSHG
3087,10000093.XSHG,0.5346,0.532,2015-06-05,XSHG
3088,10000094.XSHG,0.0081,0.0085,2015-06-05,XSHG
3089,10000095.XSHG,0.6479,0.6263,2015-06-05,XSHG
3090,10000096.XSHG,0.0564,0.0657,2015-06-05,XSHG
3091,10000064.XSHG,0.0262,0.0339,2015-06-05,XSHG
3092,10000061.XSHG,0.7441,0.73,2015-06-05,XSHG
3093,10000063.XSHG,0.8094,0.763,2015-06-05,XSHG
3094,10000062.XSHG,0.002,0.0014,2015-06-05,XSHG
3095,10000069.XSHG,0.7251,0.6801,2015-06-05,XSHG
3096,10000124.XSHG,0.0122,0.0183,2015-06-05,XSHG
3097,10000125.XSHG,0.574,0.5635,2015-06-05,XSHG
3098,10000126.XSHG,0.0791,0.0959,2015-06-05,XSHG
3099,10000088.XSHG,0.0471,0.0594,2015-06-05,XSHG
3100,10000123.XSHG,0.4969,0.4298,2015-06-05,XSHG
3101,10000080.XSHG,0.0394,0.0447,2015-06-05,XSHG
3102,10000087.XSHG,0.6876,0.6631,2015-06-05,XSHG
3103,10000086.XSHG,0.0062,0.0058,2015-06-05,XSHG
3104,10000085.XSHG,0.5846,0.573,2015-06-05,XSHG
3105,10000036.XSHG,0.0066,0.0095,2015-06-05,XSHG
3106,10000037.XSHG,0.008,0.0108,2015-06-05,XSHG
3107,10000034.XSHG,0.9917,0.938,2015-06-05,XSHG
3108,10000035.XSHG,0.93,0.9463,2015-06-05,XSHG
3109,10000032.XSHG,1.1054,1.1083,2015-06-05,XSHG
3110,10000033.XSHG,,,2015-06-05,XSHG
3111,10000030.XSHG,0.001,0.0015,2015-06-05,XSHG
3112,10000031.XSHG,1.119,1.1,2015-06-05,XSHG
3113,10000038.XSHG,0.0096,0.0109,2015-06-05,XSHG
3114,10000039.XSHG,0.0108,0.0132,2015-06-05,XSHG
3115,10000137.XSHG,0.0177,0.0258,2015-06-05,XSHG
3116,10000136.XSHG,0.3666,0.3484,2015-06-05,XSHG
3117,10000135.XSHG,0.45,0.3812,2015-06-05,XSHG
3118,10000139.XSHG,0.5384,0.505,2015-06-05,XSHG
3119,10000138.XSHG,0.0221,0.0335,2015-06-05,XSHG
3120,10000102.XSHG,0.0104,0.012,2015-06-05,XSHG
3121,10000103.XSHG,0.6097,0.58,2015-06-05,XSHG
3122,10000101.XSHG,0.5618,0.4715,2015-06-05,XSHG
3123,10000104.XSHG,0.067,0.078,2015-06-05,XSHG
3124,10000188.XSHG,0.1804,0.21,2015-06-05,XSHG
3125,10000220.XSHG,0.0747,0.095,2015-06-05,XSHG
3126,10000029.XSHG,0.0008,0.0006,2015-06-05,XSHG
3127,10000028.XSHG,0.0016,0.0005,2015-06-05,XSHG
3128,10000218.XSHG,0.4315,0.3784,2015-06-05,XSHG
3129,10000219.XSHG,0.061,0.0775,2015-06-05,XSHG
3130,10000216.XSHG,0.3126,0.3555,2015-06-05,XSHG
3131,10000217.XSHG,0.4679,0.4218,2015-06-05,XSHG
3132,10000214.XSHG,0.1922,0.2299,2015-06-05,XSHG
3133,10000215.XSHG,0.2487,0.29,2015-06-05,XSHG
3134,10000212.XSHG,0.1063,0.1311,2015-06-05,XSHG
3135,10000213.XSHG,0.1428,0.1749,2015-06-05,XSHG
3136,10000210.XSHG,0.2209,0.1927,2015-06-05,XSHG
3137,10000211.XSHG,0.1693,0.1649,2015-06-05,XSHG
3138,10000022.XSHG,1.0575,1.0095,2015-06-05,XSHG
3139,10000182.XSHG,0.3192,0.3442,2015-06-05,XSHG
3140,10000183.XSHG,0.5712,0.54,2015-06-05,XSHG
3141,10000180.XSHG,0.185,0.2323,2015-06-05,XSHG
3142,10000181.XSHG,0.2975,0.2758,2015-06-05,XSHG
3143,10000186.XSHG,0.4468,0.4216,2015-06-05,XSHG
3144,10000187.XSHG,0.4162,0.3908,2015-06-05,XSHG
3145,10000184.XSHG,0.5153,0.4999,2015-06-05,XSHG
3146,10000185.XSHG,0.4733,0.478,2015-06-05,XSHG
3147,10000021.XSHG,1.11,1.0591,2015-06-05,XSHG
3148,10000023.XSHG,1.0096,0.9594,2015-06-05,XSHG
3149,10000189.XSHG,0.2231,0.2499,2015-06-05,XSHG
3150,10000025.XSHG,0.8977,0.8781,2015-06-05,XSHG
3151,10000024.XSHG,0.9492,0.9278,2015-06-05,XSHG
3152,10000027.XSHG,0.0007,0.0002,2015-06-05,XSHG
3153,10000026.XSHG,0.0001,0.0008,2015-06-05,XSHG
3154,10000201.XSHG,0.63,0.688,2015-06-08,XSHG
3155,10000200.XSHG,0.4978,0.3839,2015-06-08,XSHG
3156,10000203.XSHG,0.6615,0.6989,2015-06-08,XSHG
3157,10000202.XSHG,0.1814,0.1435,2015-06-08,XSHG
3158,10000205.XSHG,0.6611,0.7617,2015-06-08,XSHG
3159,10000204.XSHG,0.1626,0.1283,2015-06-08,XSHG
3160,10000207.XSHG,0.3343,0.4316,2015-06-08,XSHG
3161,10000206.XSHG,0.1471,0.1159,2015-06-08,XSHG
3162,10000209.XSHG,0.2313,0.3105,2015-06-08,XSHG
3163,10000208.XSHG,0.2761,0.3633,2015-06-08,XSHG
3164,10000163.XSHG,0.1857,0.2785,2015-06-08,XSHG
3165,10000164.XSHG,0.115,0.051,2015-06-08,XSHG
3166,10000165.XSHG,0.3621,0.4471,2015-06-08,XSHG
3167,10000166.XSHG,0.2486,0.1754,2015-06-08,XSHG
3168,10000195.XSHG,0.0716,0.1154,2015-06-08,XSHG
3169,10000197.XSHG,0.2412,0.3313,2015-06-08,XSHG
3170,10000196.XSHG,0.2947,0.1849,2015-06-08,XSHG
3171,10000191.XSHG,0.335,0.2867,2015-06-08,XSHG
3172,10000190.XSHG,0.265,0.2397,2015-06-08,XSHG
3173,10000192.XSHG,0.3701,0.3404,2015-06-08,XSHG
3174,10000054.XSHG,0.0009,0.0007,2015-06-08,XSHG
3175,10000055.XSHG,0.838,0.9726,2015-06-08,XSHG
3176,10000056.XSHG,0.0205,0.0175,2015-06-08,XSHG
3177,10000199.XSHG,0.395,0.4315,2015-06-08,XSHG
3178,10000198.XSHG,0.4139,0.3331,2015-06-08,XSHG
3179,10000053.XSHG,0.7615,0.9438,2015-06-08,XSHG
3180,10000179.XSHG,0.093,0.153,2015-06-08,XSHG
3181,10000173.XSHG,0.3158,0.4011,2015-06-08,XSHG
3182,10000172.XSHG,0.1592,0.0793,2015-06-08,XSHG
3183,10000171.XSHG,0.1372,0.2099,2015-06-08,XSHG
3184,10000174.XSHG,0.2656,0.225,2015-06-08,XSHG
3185,10000048.XSHG,0.021,0.0141,2015-06-08,XSHG
3186,10000047.XSHG,0.9052,1.0084,2015-06-08,XSHG
3187,10000046.XSHG,0.0007,0.0005,2015-06-08,XSHG
3188,10000045.XSHG,0.8299,0.9846,2015-06-08,XSHG
3189,10000040.XSHG,0.0178,0.0119,2015-06-08,XSHG
3190,10000148.XSHG,0.0435,0.0169,2015-06-08,XSHG
3191,10000149.XSHG,0.465,0.5929,2015-06-08,XSHG
3192,10000147.XSHG,0.3181,0.4465,2015-06-08,XSHG
3193,10000142.XSHG,0.1095,0.0936,2015-06-08,XSHG
3194,10000140.XSHG,0.5361,0.6,2015-06-08,XSHG
3195,10000141.XSHG,0.095,0.0698,2015-06-08,XSHG
3196,10000072.XSHG,0.04,0.0272,2015-06-08,XSHG
3197,10000070.XSHG,0.0028,0.0012,2015-06-08,XSHG
3198,10000071.XSHG,0.7683,0.8678,2015-06-08,XSHG
3199,10000077.XSHG,0.6162,0.785,2015-06-08,XSHG
3200,10000078.XSHG,0.0038,0.0017,2015-06-08,XSHG
3201,10000079.XSHG,0.7288,0.8132,2015-06-08,XSHG
3202,10000150.XSHG,0.1497,0.1054,2015-06-08,XSHG
3203,10000155.XSHG,0.2497,0.3602,2015-06-08,XSHG
3204,10000157.XSHG,0.4057,0.5019,2015-06-08,XSHG
3205,10000156.XSHG,0.0718,0.029,2015-06-08,XSHG
3206,10000158.XSHG,0.2372,0.1278,2015-06-08,XSHG
3207,10000093.XSHG,0.539,0.655,2015-06-08,XSHG
3208,10000094.XSHG,0.0083,0.0031,2015-06-08,XSHG
3209,10000095.XSHG,0.6712,0.7554,2015-06-08,XSHG
3210,10000096.XSHG,0.0551,0.048,2015-06-08,XSHG
3211,10000064.XSHG,0.0266,0.0215,2015-06-08,XSHG
3212,10000061.XSHG,0.7124,0.88,2015-06-08,XSHG
3213,10000063.XSHG,0.89,0.89,2015-06-08,XSHG
3214,10000062.XSHG,0.0012,0.001,2015-06-08,XSHG
3215,10000069.XSHG,0.67,0.8206,2015-06-08,XSHG
3216,10000124.XSHG,0.0176,0.0081,2015-06-08,XSHG
3217,10000125.XSHG,0.6203,0.708,2015-06-08,XSHG
3218,10000126.XSHG,0.0771,0.0685,2015-06-08,XSHG
3219,10000088.XSHG,0.0506,0.0377,2015-06-08,XSHG
3220,10000123.XSHG,0.439,0.6021,2015-06-08,XSHG
3221,10000080.XSHG,0.0395,0.0321,2015-06-08,XSHG
3222,10000087.XSHG,0.7161,0.7502,2015-06-08,XSHG
3223,10000086.XSHG,0.007,0.0028,2015-06-08,XSHG
3224,10000085.XSHG,0.5706,0.74,2015-06-08,XSHG
3225,10000036.XSHG,0.008,0.0066,2015-06-08,XSHG
3226,10000037.XSHG,0.0094,0.0051,2015-06-08,XSHG
3227,10000034.XSHG,1.05,1.08,2015-06-08,XSHG
3228,10000035.XSHG,0.97,1.09,2015-06-08,XSHG
3229,10000032.XSHG,1.1104,1.2261,2015-06-08,XSHG
3230,10000033.XSHG,1.11,1.12,2015-06-08,XSHG
3231,10000030.XSHG,0.0004,0.0006,2015-06-08,XSHG
3232,10000031.XSHG,1.14,1.2796,2015-06-08,XSHG
3233,10000038.XSHG,0.0108,0.0069,2015-06-08,XSHG
3234,10000039.XSHG,0.0116,0.0104,2015-06-08,XSHG
3235,10000137.XSHG,0.0259,0.0109,2015-06-08,XSHG
3236,10000136.XSHG,0.3611,0.4897,2015-06-08,XSHG
3237,10000135.XSHG,0.3952,0.5313,2015-06-08,XSHG
3238,10000139.XSHG,0.543,0.6419,2015-06-08,XSHG
3239,10000138.XSHG,0.0327,0.012,2015-06-08,XSHG
3240,10000102.XSHG,0.012,0.0051,2015-06-08,XSHG
3241,10000103.XSHG,0.6135,0.7411,2015-06-08,XSHG
3242,10000101.XSHG,0.489,0.64,2015-06-08,XSHG
3243,10000104.XSHG,0.0777,0.0513,2015-06-08,XSHG
3244,10000188.XSHG,0.184,0.159,2015-06-08,XSHG
3245,10000220.XSHG,0.0953,0.0651,2015-06-08,XSHG
3246,10000029.XSHG,0.0004,0.0005,2015-06-08,XSHG
3247,10000028.XSHG,0.0002,0.0004,2015-06-08,XSHG
3248,10000218.XSHG,0.393,0.5156,2015-06-08,XSHG
3249,10000219.XSHG,0.0796,0.0528,2015-06-08,XSHG
3250,10000216.XSHG,0.361,0.2655,2015-06-08,XSHG
3251,10000217.XSHG,0.452,0.5479,2015-06-08,XSHG
3252,10000214.XSHG,0.2328,0.1612,2015-06-08,XSHG
3253,10000215.XSHG,0.2921,0.2078,2015-06-08,XSHG
3254,10000212.XSHG,0.132,0.0894,2015-06-08,XSHG
3255,10000213.XSHG,0.1834,0.1161,2015-06-08,XSHG
3256,10000210.XSHG,0.193,0.258,2015-06-08,XSHG
3257,10000211.XSHG,0.1631,0.2151,2015-06-08,XSHG
3258,10000022.XSHG,1.0001,1.1989,2015-06-08,XSHG
3259,10000182.XSHG,0.304,0.2733,2015-06-08,XSHG
3260,10000183.XSHG,0.58,0.6646,2015-06-08,XSHG
3261,10000180.XSHG,0.2239,0.12,2015-06-08,XSHG
3262,10000181.XSHG,0.2745,0.3824,2015-06-08,XSHG
3263,10000186.XSHG,0.4398,0.5133,2015-06-08,XSHG
3264,10000187.XSHG,0.3692,0.4669,2015-06-08,XSHG
3265,10000184.XSHG,0.5318,0.6237,2015-06-08,XSHG
3266,10000185.XSHG,0.5035,0.5244,2015-06-08,XSHG
3267,10000021.XSHG,1.1099,1.244,2015-06-08,XSHG
3268,10000023.XSHG,0.96,1.1335,2015-06-08,XSHG
3269,10000189.XSHG,0.2332,0.1978,2015-06-08,XSHG
3270,10000025.XSHG,0.8604,1.0316,2015-06-08,XSHG
3271,10000024.XSHG,0.95,1.0817,2015-06-08,XSHG
3272,10000027.XSHG,0.0003,0.0003,2015-06-08,XSHG
3273,10000026.XSHG,0.0002,0.0004,2015-06-08,XSHG
3274,10000201.XSHG,,,2015-06-09,XSHG
3275,10000200.XSHG,0.38,0.4014,2015-06-09,XSHG
3276,10000203.XSHG,0.691,0.691,2015-06-09,XSHG
3277,10000202.XSHG,0.1473,0.1606,2015-06-09,XSHG
3278,10000205.XSHG,0.7377,0.7377,2015-06-09,XSHG
3279,10000204.XSHG,0.1317,0.1425,2015-06-09,XSHG
3280,10000207.XSHG,0.4476,0.3962,2015-06-09,XSHG
3281,10000206.XSHG,0.1149,0.126,2015-06-09,XSHG
3282,10000209.XSHG,0.317,0.291,2015-06-09,XSHG
3283,10000208.XSHG,0.3771,0.3341,2015-06-09,XSHG
3284,10000163.XSHG,0.2997,0.2379,2015-06-09,XSHG
3285,10000164.XSHG,0.0444,0.06,2015-06-09,XSHG
3286,10000165.XSHG,0.4541,0.4232,2015-06-09,XSHG
3287,10000166.XSHG,0.2101,0.1919,2015-06-09,XSHG
3288,10000195.XSHG,0.1261,0.0998,2015-06-09,XSHG
3289,10000197.XSHG,0.3518,0.308,2015-06-09,XSHG
3290,10000196.XSHG,0.135,0.212,2015-06-09,XSHG
3291,10000191.XSHG,0.2817,0.293,2015-06-09,XSHG
3292,10000190.XSHG,0.2451,0.255,2015-06-09,XSHG
3293,10000192.XSHG,0.33,0.3342,2015-06-09,XSHG
3294,10000054.XSHG,0.0002,0.0003,2015-06-09,XSHG
3295,10000055.XSHG,0.9388,0.91,2015-06-09,XSHG
3296,10000056.XSHG,0.0163,0.018,2015-06-09,XSHG
3297,10000199.XSHG,0.4335,0.4164,2015-06-09,XSHG
3298,10000198.XSHG,0.3351,0.3694,2015-06-09,XSHG
3299,10000053.XSHG,0.946,0.8838,2015-06-09,XSHG
3300,10000179.XSHG,0.1671,0.131,2015-06-09,XSHG
3301,10000173.XSHG,0.4536,0.378,2015-06-09,XSHG
3302,10000172.XSHG,0.0719,0.0943,2015-06-09,XSHG
3303,10000171.XSHG,0.2265,0.181,2015-06-09,XSHG
3304,10000174.XSHG,0.2244,0.261,2015-06-09,XSHG
3305,10000048.XSHG,0.0128,0.0138,2015-06-09,XSHG
3306,10000047.XSHG,1.035,0.9793,2015-06-09,XSHG
3307,10000046.XSHG,0.0009,0.0003,2015-06-09,XSHG
3308,10000045.XSHG,0.9868,0.9132,2015-06-09,XSHG
3309,10000040.XSHG,0.0119,0.0115,2015-06-09,XSHG
3310,10000148.XSHG,0.0143,0.0185,2015-06-09,XSHG
3311,10000149.XSHG,0.565,0.535,2015-06-09,XSHG
3312,10000147.XSHG,0.463,0.3959,2015-06-09,XSHG
3313,10000142.XSHG,0.0851,0.106,2015-06-09,XSHG
3314,10000140.XSHG,0.6086,0.5776,2015-06-09,XSHG
3315,10000141.XSHG,0.0799,0.086,2015-06-09,XSHG
3316,10000072.XSHG,0.0248,0.0278,2015-06-09,XSHG
3317,10000070.XSHG,0.002,0.0005,2015-06-09,XSHG
3318,10000071.XSHG,0.8498,0.8338,2015-06-09,XSHG
3319,10000077.XSHG,0.785,0.738,2015-06-09,XSHG
3320,10000078.XSHG,0.0023,0.0005,2015-06-09,XSHG
3321,10000079.XSHG,0.7942,0.7942,2015-06-09,XSHG
3322,10000150.XSHG,0.0982,0.1088,2015-06-09,XSHG
3323,10000155.XSHG,0.3751,0.3089,2015-06-09,XSHG
3324,10000157.XSHG,0.5082,0.4814,2015-06-09,XSHG
3325,10000156.XSHG,0.028,0.0329,2015-06-09,XSHG
3326,10000158.XSHG,0.1537,0.1567,2015-06-09,XSHG
3327,10000093.XSHG,0.68,0.6299,2015-06-09,XSHG
3328,10000094.XSHG,0.0041,0.004,2015-06-09,XSHG
3329,10000095.XSHG,0.7178,0.7178,2015-06-09,XSHG
3330,10000096.XSHG,0.0439,0.052,2015-06-09,XSHG
3331,10000064.XSHG,0.0211,0.0243,2015-06-09,XSHG
3332,10000061.XSHG,0.8705,0.818,2015-06-09,XSHG
3333,10000063.XSHG,1.0101,0.9735,2015-06-09,XSHG
3334,10000062.XSHG,0.0015,0.001,2015-06-09,XSHG
3335,10000069.XSHG,0.827,0.7875,2015-06-09,XSHG
3336,10000124.XSHG,0.0069,0.0068,2015-06-09,XSHG
3337,10000125.XSHG,0.6098,0.6494,2015-06-09,XSHG
3338,10000126.XSHG,0.0618,0.0763,2015-06-09,XSHG
3339,10000088.XSHG,0.0394,0.0408,2015-06-09,XSHG
3340,10000123.XSHG,0.6129,0.5408,2015-06-09,XSHG
3341,10000080.XSHG,0.0299,0.0354,2015-06-09,XSHG
3342,10000087.XSHG,0.7644,0.7533,2015-06-09,XSHG
3343,10000086.XSHG,0.0021,0.0027,2015-06-09,XSHG
3344,10000085.XSHG,0.7373,0.6679,2015-06-09,XSHG
3345,10000036.XSHG,0.0053,0.0053,2015-06-09,XSHG
3346,10000037.XSHG,,,2015-06-09,XSHG
3347,10000034.XSHG,1.0827,1.0655,2015-06-09,XSHG
3348,10000035.XSHG,1.0829,1.05,2015-06-09,XSHG
3349,10000032.XSHG,1.241,1.1592,2015-06-09,XSHG
3350,10000033.XSHG,1.2044,1.1124,2015-06-09,XSHG
3351,10000030.XSHG,0.0004,0.0008,2015-06-09,XSHG
3352,10000031.XSHG,1.2208,1.2024,2015-06-09,XSHG
3353,10000038.XSHG,0.0068,0.0073,2015-06-09,XSHG
3354,10000039.XSHG,0.0095,0.0094,2015-06-09,XSHG
3355,10000137.XSHG,0.0091,0.0088,2015-06-09,XSHG
3356,10000136.XSHG,0.5054,0.4434,2015-06-09,XSHG
3357,10000135.XSHG,0.5513,0.498,2015-06-09,XSHG
3358,10000139.XSHG,0.6556,0.598,2015-06-09,XSHG
3359,10000138.XSHG,0.0102,0.0129,2015-06-09,XSHG
3360,10000102.XSHG,0.0042,0.0044,2015-06-09,XSHG
3361,10000103.XSHG,0.7232,0.6797,2015-06-09,XSHG
3362,10000101.XSHG,0.6631,0.5776,2015-06-09,XSHG
3363,10000104.XSHG,0.0585,0.0572,2015-06-09,XSHG
3364,10000188.XSHG,0.1501,0.1734,2015-06-09,XSHG
3365,10000228.XSHG,0.4744,0.4646,2015-06-09,XSHG
3366,10000223.XSHG,0.196,0.1688,2015-06-09,XSHG
3367,10000222.XSHG,0.22,0.2837,2015-06-09,XSHG
3368,10000221.XSHG,0.0942,0.069,2015-06-09,XSHG
3369,10000220.XSHG,0.0614,0.0728,2015-06-09,XSHG
3370,10000227.XSHG,0.4184,0.3677,2015-06-09,XSHG
3371,10000226.XSHG,0.4229,0.4229,2015-06-09,XSHG
3372,10000225.XSHG,0.3002,0.2759,2015-06-09,XSHG
3373,10000224.XSHG,0.3104,0.3501,2015-06-09,XSHG
3374,10000029.XSHG,0.0008,0.0007,2015-06-09,XSHG
3375,10000028.XSHG,0.0009,0.0004,2015-06-09,XSHG
3376,10000218.XSHG,0.5288,0.47,2015-06-09,XSHG
3377,10000219.XSHG,0.0499,0.0615,2015-06-09,XSHG
3378,10000216.XSHG,0.2534,0.289,2015-06-09,XSHG
3379,10000217.XSHG,0.5647,0.5201,2015-06-09,XSHG
3380,10000214.XSHG,0.1527,0.1772,2015-06-09,XSHG
3381,10000215.XSHG,0.1969,0.2272,2015-06-09,XSHG
3382,10000212.XSHG,0.084,0.1007,2015-06-09,XSHG
3383,10000213.XSHG,0.1138,0.1341,2015-06-09,XSHG
3384,10000210.XSHG,0.2673,0.2486,2015-06-09,XSHG
3385,10000211.XSHG,0.2249,0.2051,2015-06-09,XSHG
3386,10000022.XSHG,1.1516,1.1444,2015-06-09,XSHG
3387,10000182.XSHG,0.31,0.2908,2015-06-09,XSHG
3388,10000183.XSHG,,,2015-06-09,XSHG
3389,10000180.XSHG,0.1098,0.1521,2015-06-09,XSHG
3390,10000181.XSHG,0.4049,0.3474,2015-06-09,XSHG
3391,10000186.XSHG,0.51,0.5098,2015-06-09,XSHG
3392,10000187.XSHG,0.5004,0.4404,2015-06-09,XSHG
3393,10000184.XSHG,0.5594,0.5594,2015-06-09,XSHG
3394,10000185.XSHG,0.5225,0.5339,2015-06-09,XSHG
3395,10000021.XSHG,1.265,1.1742,2015-06-09,XSHG
3396,10000023.XSHG,1.174,1.0993,2015-06-09,XSHG
3397,10000189.XSHG,0.2007,0.2112,2015-06-09,XSHG
3398,10000025.XSHG,1.0162,0.99,2015-06-09,XSHG
3399,10000024.XSHG,1.0447,1.033,2015-06-09,XSHG
3400,10000027.XSHG,0.0002,0.0004,2015-06-09,XSHG
3401,10000026.XSHG,0.0008,0.0002,2015-06-09,XSHG
3402,10000201.XSHG,,,2015-06-10,XSHG
3403,10000200.XSHG,0.4294,0.4084,2015-06-10,XSHG
3404,10000203.XSHG,,,2015-06-10,XSHG
3405,10000202.XSHG,0.1675,0.159,2015-06-10,XSHG
3406,10000205.XSHG,0.7178,0.7557,2015-06-10,XSHG
3407,10000204.XSHG,0.1487,0.14,2015-06-10,XSHG
3408,10000207.XSHG,0.3815,0.385,2015-06-10,XSHG
3409,10000206.XSHG,0.1246,0.1303,2015-06-10,XSHG
3410,10000209.XSHG,0.2734,0.2773,2015-06-10,XSHG
3411,10000208.XSHG,0.3,0.3205,2015-06-10,XSHG
3412,10000163.XSHG,0.21,0.2076,2015-06-10,XSHG
3413,10000164.XSHG,0.07,0.064,2015-06-10,XSHG
3414,10000165.XSHG,0.3992,0.43,2015-06-10,XSHG
3415,10000166.XSHG,0.2057,0.1992,2015-06-10,XSHG
3416,10000195.XSHG,0.0906,0.0765,2015-06-10,XSHG
3417,10000197.XSHG,0.2815,0.295,2015-06-10,XSHG
3418,10000196.XSHG,0.23,0.2313,2015-06-10,XSHG
3419,10000191.XSHG,,,2015-06-10,XSHG
3420,10000190.XSHG,,,2015-06-10,XSHG
3421,10000192.XSHG,0.3587,0.3797,2015-06-10,XSHG
3422,10000054.XSHG,,,2015-06-10,XSHG
3423,10000055.XSHG,0.92,0.91,2015-06-10,XSHG
3424,10000056.XSHG,0.0194,0.02,2015-06-10,XSHG
3425,10000199.XSHG,0.3955,0.4,2015-06-10,XSHG
3426,10000198.XSHG,0.3765,0.375,2015-06-10,XSHG
3427,10000053.XSHG,0.8426,0.8421,2015-06-10,XSHG
3428,10000179.XSHG,0.1147,0.1051,2015-06-10,XSHG
3429,10000173.XSHG,0.378,0.377,2015-06-10,XSHG
3430,10000172.XSHG,0.103,0.1047,2015-06-10,XSHG
3431,10000171.XSHG,0.1631,0.1497,2015-06-10,XSHG
3432,10000174.XSHG,0.2577,0.26,2015-06-10,XSHG
3433,10000048.XSHG,0.0155,0.0165,2015-06-10,XSHG
3434,10000047.XSHG,0.922,0.9334,2015-06-10,XSHG
3435,10000046.XSHG,0.0009,0.0001,2015-06-10,XSHG
3436,10000045.XSHG,0.8872,0.8913,2015-06-10,XSHG
3437,10000040.XSHG,0.0125,0.0125,2015-06-10,XSHG
3438,10000148.XSHG,0.0222,0.0179,2015-06-10,XSHG
3439,10000149.XSHG,0.5051,0.5264,2015-06-10,XSHG
3440,10000147.XSHG,0.375,0.358,2015-06-10,XSHG
3441,10000142.XSHG,0.1076,0.1008,2015-06-10,XSHG
3442,10000140.XSHG,0.512,0.556,2015-06-10,XSHG
3443,10000141.XSHG,0.0891,0.0881,2015-06-10,XSHG
3444,10000072.XSHG,0.0296,0.0303,2015-06-10,XSHG
3445,10000070.XSHG,0.001,0.0005,2015-06-10,XSHG
3446,10000071.XSHG,0.7961,0.801,2015-06-10,XSHG
3447,10000077.XSHG,0.6976,0.6848,2015-06-10,XSHG
3448,10000078.XSHG,0.0035,0.0003,2015-06-10,XSHG
3449,10000079.XSHG,0.7691,0.769,2015-06-10,XSHG
3450,10000150.XSHG,0.1209,0.1245,2015-06-10,XSHG
3451,10000155.XSHG,0.2869,0.2697,2015-06-10,XSHG
3452,10000157.XSHG,0.466,0.4798,2015-06-10,XSHG
3453,10000156.XSHG,0.0399,0.0338,2015-06-10,XSHG
3454,10000158.XSHG,0.1655,0.1604,2015-06-10,XSHG
3455,10000093.XSHG,0.585,0.5908,2015-06-10,XSHG
3456,10000094.XSHG,0.0027,0.002,2015-06-10,XSHG
3457,10000095.XSHG,0.6903,0.6785,2015-06-10,XSHG
3458,10000096.XSHG,0.0546,0.0508,2015-06-10,XSHG
3459,10000064.XSHG,0.0246,0.0248,2015-06-10,XSHG
3460,10000061.XSHG,0.7917,0.798,2015-06-10,XSHG
3461,10000063.XSHG,0.8908,0.8801,2015-06-10,XSHG
3462,10000062.XSHG,0.0007,0.0005,2015-06-10,XSHG
3463,10000069.XSHG,0.7392,0.7648,2015-06-10,XSHG
3464,10000124.XSHG,0.007,0.0062,2015-06-10,XSHG
3465,10000125.XSHG,0.5686,0.6226,2015-06-10,XSHG
3466,10000126.XSHG,0.0795,0.0795,2015-06-10,XSHG
3467,10000088.XSHG,0.0436,0.0451,2015-06-10,XSHG
3468,10000123.XSHG,0.5102,0.4899,2015-06-10,XSHG
3469,10000080.XSHG,0.0375,0.0347,2015-06-10,XSHG
3470,10000087.XSHG,0.7194,0.7406,2015-06-10,XSHG
3471,10000086.XSHG,0.0021,0.0014,2015-06-10,XSHG
3472,10000085.XSHG,0.6418,0.6411,2015-06-10,XSHG
3473,10000036.XSHG,0.0055,0.0067,2015-06-10,XSHG
3474,10000037.XSHG,0.0066,0.0066,2015-06-10,XSHG
3475,10000034.XSHG,,,2015-06-10,XSHG
3476,10000035.XSHG,0.9741,1.0017,2015-06-10,XSHG
3477,10000032.XSHG,1.14,1.1418,2015-06-10,XSHG
3478,10000033.XSHG,1.07,1.0891,2015-06-10,XSHG
3479,10000030.XSHG,0.0006,0.0005,2015-06-10,XSHG
3480,10000031.XSHG,1.1657,1.1733,2015-06-10,XSHG
3481,10000038.XSHG,,,2015-06-10,XSHG
3482,10000039.XSHG,0.0113,0.0091,2015-06-10,XSHG
3483,10000137.XSHG,0.0114,0.0066,2015-06-10,XSHG
3484,10000136.XSHG,0.419,0.3942,2015-06-10,XSHG
3485,10000135.XSHG,0.45,0.4376,2015-06-10,XSHG
3486,10000139.XSHG,0.5784,0.6149,2015-06-10,XSHG
3487,10000138.XSHG,0.0151,0.01,2015-06-10,XSHG
3488,10000102.XSHG,0.0056,0.0033,2015-06-10,XSHG
3489,10000103.XSHG,0.6485,0.6617,2015-06-10,XSHG
3490,10000101.XSHG,0.5266,0.5412,2015-06-10,XSHG
3491,10000104.XSHG,0.0627,0.0644,2015-06-10,XSHG
3492,10000188.XSHG,0.184,0.1753,2015-06-10,XSHG
3493,10000228.XSHG,0.5101,0.5101,2015-06-10,XSHG
3494,10000223.XSHG,0.1592,0.1535,2015-06-10,XSHG
3495,10000222.XSHG,0.3069,0.3082,2015-06-10,XSHG
3496,10000221.XSHG,0.0615,0.053,2015-06-10,XSHG
3497,10000220.XSHG,0.0799,0.0837,2015-06-10,XSHG
3498,10000227.XSHG,0.3582,0.3755,2015-06-10,XSHG
3499,10000226.XSHG,0.4532,0.4526,2015-06-10,XSHG
3500,10000225.XSHG,0.2563,0.2719,2015-06-10,XSHG
3501,10000224.XSHG,0.3714,0.3833,2015-06-10,XSHG
3502,10000029.XSHG,0.0005,0.0005,2015-06-10,XSHG
3503,10000028.XSHG,0.0002,0.0001,2015-06-10,XSHG
3504,10000218.XSHG,0.4525,0.4538,2015-06-10,XSHG
3505,10000219.XSHG,0.0665,0.0689,2015-06-10,XSHG
3506,10000216.XSHG,0.3039,0.3129,2015-06-10,XSHG
3507,10000217.XSHG,0.4954,0.4825,2015-06-10,XSHG
3508,10000214.XSHG,0.1891,0.207,2015-06-10,XSHG
3509,10000215.XSHG,0.243,0.242,2015-06-10,XSHG
3510,10000212.XSHG,0.1072,0.1179,2015-06-10,XSHG
3511,10000213.XSHG,0.1439,0.1536,2015-06-10,XSHG
3512,10000210.XSHG,0.2334,0.2233,2015-06-10,XSHG
3513,10000211.XSHG,0.1918,0.186,2015-06-10,XSHG
3514,10000022.XSHG,1.0839,1.0899,2015-06-10,XSHG
3515,10000182.XSHG,0.3115,0.3079,2015-06-10,XSHG
3516,10000183.XSHG,0.5483,0.6337,2015-06-10,XSHG
3517,10000180.XSHG,0.1645,0.1611,2015-06-10,XSHG
3518,10000181.XSHG,0.3435,0.33,2015-06-10,XSHG
3519,10000186.XSHG,0.472,0.4564,2015-06-10,XSHG
3520,10000187.XSHG,0.439,0.4507,2015-06-10,XSHG
3521,10000184.XSHG,0.491,0.5478,2015-06-10,XSHG
3522,10000185.XSHG,0.4956,0.5175,2015-06-10,XSHG
3523,10000021.XSHG,1.1422,1.1398,2015-06-10,XSHG
3524,10000023.XSHG,1.04,1.0277,2015-06-10,XSHG
3525,10000189.XSHG,0.2189,0.2189,2015-06-10,XSHG
3526,10000025.XSHG,0.9345,0.9253,2015-06-10,XSHG
3527,10000024.XSHG,0.98,0.9843,2015-06-10,XSHG
3528,10000027.XSHG,0.0009,0.0005,2015-06-10,XSHG
3529,10000026.XSHG,0.0001,0.0001,2015-06-10,XSHG
3530,10000201.XSHG,,,2015-06-11,XSHG
3531,10000200.XSHG,0.46,0.475,2015-06-11,XSHG
3532,10000203.XSHG,0.6511,0.6511,2015-06-11,XSHG
3533,10000202.XSHG,0.168,0.1678,2015-06-11,XSHG
3534,10000205.XSHG,,,2015-06-11,XSHG
3535,10000204.XSHG,0.1543,0.1569,2015-06-11,XSHG
3536,10000207.XSHG,0.378,0.3626,2015-06-11,XSHG
3537,10000206.XSHG,0.1399,0.1321,2015-06-11,XSHG
3538,10000209.XSHG,0.2381,0.2552,2015-06-11,XSHG
3539,10000208.XSHG,0.3198,0.2987,2015-06-11,XSHG
3540,10000163.XSHG,0.204,0.188,2015-06-11,XSHG
3541,10000164.XSHG,0.062,0.0727,2015-06-11,XSHG
3542,10000165.XSHG,0.4073,0.4069,2015-06-11,XSHG
3543,10000166.XSHG,0.2193,0.2285,2015-06-11,XSHG
3544,10000195.XSHG,0.0723,0.0624,2015-06-11,XSHG
3545,10000197.XSHG,0.3195,0.2993,2015-06-11,XSHG
3546,10000196.XSHG,0.2229,0.2506,2015-06-11,XSHG
3547,10000191.XSHG,0.3349,0.337,2015-06-11,XSHG
3548,10000190.XSHG,0.2785,0.2849,2015-06-11,XSHG
3549,10000192.XSHG,0.373,0.3961,2015-06-11,XSHG
3550,10000054.XSHG,0.0003,0.0005,2015-06-11,XSHG
3551,10000055.XSHG,,,2015-06-11,XSHG
3552,10000056.XSHG,0.0228,0.0249,2015-06-11,XSHG
3553,10000199.XSHG,0.3999,0.39,2015-06-11,XSHG
3554,10000198.XSHG,0.3918,0.4131,2015-06-11,XSHG
3555,10000053.XSHG,0.8106,0.7939,2015-06-11,XSHG
3556,10000179.XSHG,0.1051,0.0937,2015-06-11,XSHG
3557,10000173.XSHG,0.356,0.3611,2015-06-11,XSHG
3558,10000172.XSHG,0.1018,0.1199,2015-06-11,XSHG
3559,10000171.XSHG,0.1501,0.1346,2015-06-11,XSHG
3560,10000174.XSHG,0.2784,0.2701,2015-06-11,XSHG
3561,10000048.XSHG,0.0159,0.0171,2015-06-11,XSHG
3562,10000047.XSHG,0.93,0.93,2015-06-11,XSHG
3563,10000046.XSHG,0.0001,0.0001,2015-06-11,XSHG
3564,10000045.XSHG,0.8605,0.8511,2015-06-11,XSHG
3565,10000040.XSHG,0.0149,0.015,2015-06-11,XSHG
3566,10000148.XSHG,0.0164,0.0204,2015-06-11,XSHG
3567,10000149.XSHG,0.5198,0.501,2015-06-11,XSHG
3568,10000147.XSHG,0.3631,0.3294,2015-06-11,XSHG
3569,10000142.XSHG,0.1113,0.1117,2015-06-11,XSHG
3570,10000140.XSHG,0.5519,0.5431,2015-06-11,XSHG
3571,10000141.XSHG,0.0999,0.0963,2015-06-11,XSHG
3572,10000072.XSHG,0.033,0.033,2015-06-11,XSHG
3573,10000070.XSHG,0.0004,0.0002,2015-06-11,XSHG
3574,10000071.XSHG,,,2015-06-11,XSHG
3575,10000077.XSHG,0.6364,0.6516,2015-06-11,XSHG
3576,10000078.XSHG,0.0003,0.0008,2015-06-11,XSHG
3577,10000079.XSHG,0.767,0.7372,2015-06-11,XSHG
3578,10000150.XSHG,0.1304,0.1344,2015-06-11,XSHG
3579,10000155.XSHG,0.2794,0.257,2015-06-11,XSHG
3580,10000157.XSHG,0.4385,0.4603,2015-06-11,XSHG
3581,10000156.XSHG,0.0332,0.0404,2015-06-11,XSHG
3582,10000158.XSHG,0.175,0.1832,2015-06-11,XSHG
3583,10000093.XSHG,0.5502,0.5534,2015-06-11,XSHG
3584,10000094.XSHG,0.003,0.0023,2015-06-11,XSHG
3585,10000095.XSHG,0.6828,0.6828,2015-06-11,XSHG
3586,10000096.XSHG,0.059,0.0597,2015-06-11,XSHG
3587,10000064.XSHG,0.0278,0.0287,2015-06-11,XSHG
3588,10000061.XSHG,0.7588,0.7586,2015-06-11,XSHG
3589,10000063.XSHG,,,2015-06-11,XSHG
3590,10000062.XSHG,0.0004,0.0005,2015-06-11,XSHG
3591,10000069.XSHG,0.7637,0.6942,2015-06-11,XSHG
3592,10000124.XSHG,0.0073,0.0072,2015-06-11,XSHG
3593,10000125.XSHG,0.616,0.5839,2015-06-11,XSHG
3594,10000126.XSHG,,,2015-06-11,XSHG
3595,10000088.XSHG,0.0475,0.053,2015-06-11,XSHG
3596,10000123.XSHG,0.46,0.4611,2015-06-11,XSHG
3597,10000080.XSHG,0.0427,0.0415,2015-06-11,XSHG
3598,10000087.XSHG,0.7239,0.7064,2015-06-11,XSHG
3599,10000086.XSHG,0.0015,0.0012,2015-06-11,XSHG
3600,10000085.XSHG,0.59,0.597,2015-06-11,XSHG
3601,10000036.XSHG,0.0069,0.0055,2015-06-11,XSHG
3602,10000037.XSHG,0.008,0.008,2015-06-11,XSHG
3603,10000034.XSHG,1.03,1.0042,2015-06-11,XSHG
3604,10000035.XSHG,0.99,0.9698,2015-06-11,XSHG
3605,10000032.XSHG,1.138,1.1227,2015-06-11,XSHG
3606,10000033.XSHG,1.04,1.0741,2015-06-11,XSHG
3607,10000030.XSHG,0.0006,0.0005,2015-06-11,XSHG
3608,10000031.XSHG,1.1589,1.1543,2015-06-11,XSHG
3609,10000038.XSHG,0.0081,0.01,2015-06-11,XSHG
3610,10000039.XSHG,0.0099,0.0122,2015-06-11,XSHG
3611,10000137.XSHG,0.007,0.0081,2015-06-11,XSHG
3612,10000136.XSHG,0.3944,0.3729,2015-06-11,XSHG
3613,10000135.XSHG,0.4363,0.4308,2015-06-11,XSHG
3614,10000139.XSHG,0.577,0.586,2015-06-11,XSHG
3615,10000138.XSHG,0.011,0.0139,2015-06-11,XSHG
3616,10000102.XSHG,0.0025,0.0037,2015-06-11,XSHG
3617,10000103.XSHG,0.6304,0.6493,2015-06-11,XSHG
3618,10000101.XSHG,0.5269,0.5199,2015-06-11,XSHG
3619,10000104.XSHG,0.064,0.0725,2015-06-11,XSHG
3620,10000188.XSHG,0.1899,0.1921,2015-06-11,XSHG
3621,10000228.XSHG,,,2015-06-11,XSHG
3622,10000223.XSHG,0.1548,0.139,2015-06-11,XSHG
3623,10000222.XSHG,0.3096,0.3226,2015-06-11,XSHG
3624,10000221.XSHG,0.0539,0.0396,2015-06-11,XSHG
3625,10000220.XSHG,0.082,0.098,2015-06-11,XSHG
3626,10000227.XSHG,0.3662,0.3556,2015-06-11,XSHG
3627,10000226.XSHG,0.4782,0.4905,2015-06-11,XSHG
3628,10000225.XSHG,0.283,0.2703,2015-06-11,XSHG
3629,10000224.XSHG,0.3868,0.4194,2015-06-11,XSHG
3630,10000029.XSHG,0.0001,0.0004,2015-06-11,XSHG
3631,10000028.XSHG,0.0001,0.0001,2015-06-11,XSHG
3632,10000218.XSHG,0.4318,0.4232,2015-06-11,XSHG
3633,10000219.XSHG,0.069,0.0826,2015-06-11,XSHG
3634,10000216.XSHG,0.335,0.3471,2015-06-11,XSHG
3635,10000217.XSHG,0.5038,0.4499,2015-06-11,XSHG
3636,10000214.XSHG,0.1992,0.23,2015-06-11,XSHG
3637,10000215.XSHG,0.2501,0.2837,2015-06-11,XSHG
3638,10000212.XSHG,0.1144,0.1331,2015-06-11,XSHG
3639,10000213.XSHG,0.15,0.1782,2015-06-11,XSHG
3640,10000210.XSHG,0.2183,0.2152,2015-06-11,XSHG
3641,10000211.XSHG,0.1925,0.171,2015-06-11,XSHG
3642,10000022.XSHG,1.0281,1.0452,2015-06-11,XSHG
3643,10000182.XSHG,0.3466,0.3467,2015-06-11,XSHG
3644,10000183.XSHG,,,2015-06-11,XSHG
3645,10000180.XSHG,0.1568,0.1785,2015-06-11,XSHG
3646,10000181.XSHG,0.3456,0.3282,2015-06-11,XSHG
3647,10000186.XSHG,0.44,0.4377,2015-06-11,XSHG
3648,10000187.XSHG,0.4225,0.4225,2015-06-11,XSHG
3649,10000184.XSHG,0.5805,0.5572,2015-06-11,XSHG
3650,10000185.XSHG,,,2015-06-11,XSHG
3651,10000021.XSHG,1.1203,1.1033,2015-06-11,XSHG
3652,10000023.XSHG,0.9978,0.9953,2015-06-11,XSHG
3653,10000189.XSHG,0.2298,0.228,2015-06-11,XSHG
3654,10000025.XSHG,0.8883,0.8936,2015-06-11,XSHG
3655,10000024.XSHG,0.9676,0.9455,2015-06-11,XSHG
3656,10000027.XSHG,0.0001,0.0004,2015-06-11,XSHG
3657,10000026.XSHG,0.0004,0.0002,2015-06-11,XSHG
3658,10000201.XSHG,,,2015-06-12,XSHG
3659,10000200.XSHG,0.46,0.4823,2015-06-12,XSHG
3660,10000203.XSHG,0.67,0.67,2015-06-12,XSHG
3661,10000202.XSHG,0.18,0.18,2015-06-12,XSHG
3662,10000205.XSHG,0.6888,0.6944,2015-06-12,XSHG
3663,10000204.XSHG,0.161,0.1608,2015-06-12,XSHG
3664,10000207.XSHG,0.3799,0.3698,2015-06-12,XSHG
3665,10000206.XSHG,0.1394,0.1485,2015-06-12,XSHG
3666,10000209.XSHG,0.2605,0.2578,2015-06-12,XSHG
3667,10000208.XSHG,0.3105,0.3058,2015-06-12,XSHG
3668,10000163.XSHG,0.2,0.18,2015-06-12,XSHG
3669,10000164.XSHG,0.0652,0.0619,2015-06-12,XSHG
3670,10000165.XSHG,0.3984,0.4222,2015-06-12,XSHG
3671,10000166.XSHG,0.2333,0.2339,2015-06-12,XSHG
3672,10000195.XSHG,0.0651,0.0505,2015-06-12,XSHG
3673,10000197.XSHG,0.3213,0.303,2015-06-12,XSHG
3674,10000196.XSHG,0.2321,0.2341,2015-06-12,XSHG
3675,10000191.XSHG,0.3396,0.342,2015-06-12,XSHG
3676,10000190.XSHG,0.2838,0.2838,2015-06-12,XSHG
3677,10000192.XSHG,0.387,0.4136,2015-06-12,XSHG
3678,10000054.XSHG,,,2015-06-12,XSHG
3679,10000055.XSHG,0.8704,0.8631,2015-06-12,XSHG
3680,10000056.XSHG,0.0223,0.0235,2015-06-12,XSHG
3681,10000199.XSHG,0.4,0.4008,2015-06-12,XSHG
3682,10000198.XSHG,,,2015-06-12,XSHG
3683,10000053.XSHG,0.8051,0.8109,2015-06-12,XSHG
3684,10000179.XSHG,0.1009,0.082,2015-06-12,XSHG
3685,10000173.XSHG,0.3891,0.3684,2015-06-12,XSHG
3686,10000172.XSHG,0.1111,0.1051,2015-06-12,XSHG
3687,10000171.XSHG,0.1426,0.124,2015-06-12,XSHG
3688,10000174.XSHG,0.2754,0.2776,2015-06-12,XSHG
3689,10000048.XSHG,0.0184,0.0191,2015-06-12,XSHG
3690,10000047.XSHG,,,2015-06-12,XSHG
3691,10000046.XSHG,0.0002,0.0005,2015-06-12,XSHG
3692,10000045.XSHG,0.8587,0.8699,2015-06-12,XSHG
3693,10000040.XSHG,0.0146,0.0159,2015-06-12,XSHG
3694,10000148.XSHG,0.0178,0.0148,2015-06-12,XSHG
3695,10000149.XSHG,0.5298,0.5357,2015-06-12,XSHG
3696,10000147.XSHG,0.3455,0.3373,2015-06-12,XSHG
3697,10000142.XSHG,0.123,0.125,2015-06-12,XSHG
3698,10000140.XSHG,0.5143,0.5279,2015-06-12,XSHG
3699,10000141.XSHG,0.1078,0.1091,2015-06-12,XSHG
3700,10000072.XSHG,0.0339,0.035,2015-06-12,XSHG
3701,10000070.XSHG,0.0005,0.0004,2015-06-12,XSHG
3702,10000071.XSHG,0.7805,0.7805,2015-06-12,XSHG
3703,10000077.XSHG,0.6795,0.6615,2015-06-12,XSHG
3704,10000078.XSHG,0.001,0.0006,2015-06-12,XSHG
3705,10000079.XSHG,,,2015-06-12,XSHG
3706,10000150.XSHG,0.1363,0.1459,2015-06-12,XSHG
3707,10000155.XSHG,0.275,0.2488,2015-06-12,XSHG
3708,10000157.XSHG,0.4794,0.445,2015-06-12,XSHG
3709,10000156.XSHG,0.037,0.0322,2015-06-12,XSHG
3710,10000158.XSHG,0.1684,0.1945,2015-06-12,XSHG
3711,10000093.XSHG,0.5648,0.5619,2015-06-12,XSHG
3712,10000094.XSHG,0.0011,0.0014,2015-06-12,XSHG
3713,10000095.XSHG,0.6724,0.695,2015-06-12,XSHG
3714,10000096.XSHG,0.0591,0.0672,2015-06-12,XSHG
3715,10000064.XSHG,0.0278,0.029,2015-06-12,XSHG
3716,10000061.XSHG,0.79,0.7725,2015-06-12,XSHG
3717,10000063.XSHG,,,2015-06-12,XSHG
3718,10000062.XSHG,0.0005,0.0005,2015-06-12,XSHG
3719,10000069.XSHG,0.73,0.7107,2015-06-12,XSHG
3720,10000124.XSHG,0.0064,0.0038,2015-06-12,XSHG
3721,10000125.XSHG,0.581,0.5971,2015-06-12,XSHG
3722,10000126.XSHG,0.0939,0.0919,2015-06-12,XSHG
3723,10000088.XSHG,0.0466,0.0519,2015-06-12,XSHG
3724,10000123.XSHG,0.486,0.4777,2015-06-12,XSHG
3725,10000080.XSHG,0.0412,0.042,2015-06-12,XSHG
3726,10000087.XSHG,,,2015-06-12,XSHG
3727,10000086.XSHG,0.0006,0.0008,2015-06-12,XSHG
3728,10000085.XSHG,0.638,0.6138,2015-06-12,XSHG
3729,10000036.XSHG,0.0075,0.0076,2015-06-12,XSHG
3730,10000037.XSHG,0.0076,0.0092,2015-06-12,XSHG
3731,10000034.XSHG,,,2015-06-12,XSHG
3732,10000035.XSHG,0.9959,0.99,2015-06-12,XSHG
3733,10000032.XSHG,1.122,1.1005,2015-06-12,XSHG
3734,10000033.XSHG,1.0328,1.0346,2015-06-12,XSHG
3735,10000030.XSHG,0.0001,0.0005,2015-06-12,XSHG
3736,10000031.XSHG,1.1495,1.1271,2015-06-12,XSHG
3737,10000038.XSHG,0.0085,0.0088,2015-06-12,XSHG
3738,10000039.XSHG,0.0113,0.0121,2015-06-12,XSHG
3739,10000137.XSHG,0.0084,0.0061,2015-06-12,XSHG
3740,10000136.XSHG,0.3928,0.3779,2015-06-12,XSHG
3741,10000135.XSHG,0.4361,0.4207,2015-06-12,XSHG
3742,10000139.XSHG,0.5801,0.5732,2015-06-12,XSHG
3743,10000138.XSHG,0.0123,0.0094,2015-06-12,XSHG
3744,10000102.XSHG,0.015,0.002,2015-06-12,XSHG
3745,10000103.XSHG,,,2015-06-12,XSHG
3746,10000101.XSHG,0.5378,0.513,2015-06-12,XSHG
3747,10000104.XSHG,0.0706,0.0798,2015-06-12,XSHG
3748,10000188.XSHG,0.198,0.19,2015-06-12,XSHG
3749,10000228.XSHG,0.5416,0.5388,2015-06-12,XSHG
3750,10000223.XSHG,0.1474,0.146,2015-06-12,XSHG
3751,10000222.XSHG,0.3107,0.3089,2015-06-12,XSHG
3752,10000221.XSHG,0.0444,0.0299,2015-06-12,XSHG
3753,10000220.XSHG,0.0929,0.0974,2015-06-12,XSHG
3754,10000227.XSHG,0.3754,0.3808,2015-06-12,XSHG
3755,10000226.XSHG,0.49,0.4846,2015-06-12,XSHG
3756,10000225.XSHG,0.2808,0.2722,2015-06-12,XSHG
3757,10000224.XSHG,0.4022,0.4103,2015-06-12,XSHG
3758,10000029.XSHG,0.0001,0.0005,2015-06-12,XSHG
3759,10000028.XSHG,0.0001,0.0005,2015-06-12,XSHG
3760,10000218.XSHG,0.4148,0.43,2015-06-12,XSHG
3761,10000219.XSHG,0.0784,0.084,2015-06-12,XSHG
3762,10000216.XSHG,0.3309,0.3416,2015-06-12,XSHG
3763,10000217.XSHG,0.4648,0.4665,2015-06-12,XSHG
3764,10000214.XSHG,0.2208,0.2227,2015-06-12,XSHG
3765,10000215.XSHG,0.2747,0.2845,2015-06-12,XSHG
3766,10000212.XSHG,0.1279,0.1289,2015-06-12,XSHG
3767,10000213.XSHG,0.1735,0.1719,2015-06-12,XSHG
3768,10000210.XSHG,0.223,0.2148,2015-06-12,XSHG
3769,10000211.XSHG,0.18,0.1775,2015-06-12,XSHG
3770,10000022.XSHG,1.0699,1.0604,2015-06-12,XSHG
3771,10000182.XSHG,0.3427,0.3477,2015-06-12,XSHG
3772,10000183.XSHG,,,2015-06-12,XSHG
3773,10000180.XSHG,0.1711,0.1605,2015-06-12,XSHG
3774,10000181.XSHG,0.3503,0.3416,2015-06-12,XSHG
3775,10000186.XSHG,0.4501,0.48,2015-06-12,XSHG
3776,10000187.XSHG,0.445,0.4406,2015-06-12,XSHG
3777,10000184.XSHG,0.5426,0.54,2015-06-12,XSHG
3778,10000185.XSHG,0.4641,0.519,2015-06-12,XSHG
3779,10000021.XSHG,1.135,1.122,2015-06-12,XSHG
3780,10000023.XSHG,0.995,1.0061,2015-06-12,XSHG
3781,10000189.XSHG,0.2465,0.2478,2015-06-12,XSHG
3782,10000025.XSHG,0.9263,0.9011,2015-06-12,XSHG
3783,10000024.XSHG,0.9755,0.9616,2015-06-12,XSHG
3784,10000027.XSHG,0.0001,0.0001,2015-06-12,XSHG
3785,10000026.XSHG,0.0001,0.0004,2015-06-12,XSHG
3786,10000201.XSHG,,,2015-06-15,XSHG
3787,10000200.XSHG,0.4921,0.4921,2015-06-15,XSHG
3788,10000203.XSHG,0.685,0.5857,2015-06-15,XSHG
3789,10000202.XSHG,0.18,0.1944,2015-06-15,XSHG
3790,10000205.XSHG,0.7252,0.6444,2015-06-15,XSHG
3791,10000204.XSHG,0.1645,0.18,2015-06-15,XSHG
3792,10000207.XSHG,0.383,0.3022,2015-06-15,XSHG
3793,10000206.XSHG,0.1467,0.151,2015-06-15,XSHG
3794,10000209.XSHG,0.272,0.2015,2015-06-15,XSHG
3795,10000208.XSHG,0.3234,0.2515,2015-06-15,XSHG
3796,10000163.XSHG,0.1964,0.1024,2015-06-15,XSHG
3797,10000164.XSHG,0.055,0.0704,2015-06-15,XSHG
3798,10000165.XSHG,0.3894,0.3502,2015-06-15,XSHG
3799,10000166.XSHG,0.2673,0.2673,2015-06-15,XSHG
3800,10000195.XSHG,0.0529,0.0219,2015-06-15,XSHG
3801,10000197.XSHG,0.3211,0.2803,2015-06-15,XSHG
3802,10000196.XSHG,0.2061,0.2903,2015-06-15,XSHG
3803,10000191.XSHG,0.3494,0.3494,2015-06-15,XSHG
3804,10000190.XSHG,0.31,0.31,2015-06-15,XSHG
3805,10000192.XSHG,0.4341,0.4341,2015-06-15,XSHG
3806,10000054.XSHG,0.0003,0.0003,2015-06-15,XSHG
3807,10000055.XSHG,0.7799,0.7799,2015-06-15,XSHG
3808,10000056.XSHG,0.022,0.0283,2015-06-15,XSHG
3809,10000199.XSHG,0.4243,0.3872,2015-06-15,XSHG
3810,10000198.XSHG,0.4401,0.4297,2015-06-15,XSHG
3811,10000053.XSHG,0.8107,0.7315,2015-06-15,XSHG
3812,10000179.XSHG,0.088,0.035,2015-06-15,XSHG
3813,10000173.XSHG,0.3572,0.3201,2015-06-15,XSHG
3814,10000172.XSHG,0.0901,0.126,2015-06-15,XSHG
3815,10000171.XSHG,0.1353,0.0572,2015-06-15,XSHG
3816,10000174.XSHG,0.2877,0.3104,2015-06-15,XSHG
3817,10000048.XSHG,0.0174,0.023,2015-06-15,XSHG
3818,10000047.XSHG,0.8677,0.8445,2015-06-15,XSHG
3819,10000046.XSHG,,,2015-06-15,XSHG
3820,10000045.XSHG,0.8365,0.811,2015-06-15,XSHG
3821,10000040.XSHG,0.014,0.021,2015-06-15,XSHG
3822,10000148.XSHG,0.0116,0.0138,2015-06-15,XSHG
3823,10000149.XSHG,0.5081,0.4485,2015-06-15,XSHG
3824,10000147.XSHG,0.3477,0.2399,2015-06-15,XSHG
3825,10000142.XSHG,0.1137,0.143,2015-06-15,XSHG
3826,10000140.XSHG,0.5161,0.5161,2015-06-15,XSHG
3827,10000141.XSHG,0.0973,0.1156,2015-06-15,XSHG
3828,10000072.XSHG,0.0336,0.0409,2015-06-15,XSHG
3829,10000070.XSHG,0.0004,0.0004,2015-06-15,XSHG
3830,10000071.XSHG,0.7988,0.7734,2015-06-15,XSHG
3831,10000077.XSHG,0.6521,0.5805,2015-06-15,XSHG
3832,10000078.XSHG,0.0004,0.0006,2015-06-15,XSHG
3833,10000079.XSHG,0.7268,0.7268,2015-06-15,XSHG
3834,10000150.XSHG,0.132,0.1616,2015-06-15,XSHG
3835,10000155.XSHG,0.2724,0.1647,2015-06-15,XSHG
3836,10000157.XSHG,0.4421,0.435,2015-06-15,XSHG
3837,10000156.XSHG,0.0262,0.0333,2015-06-15,XSHG
3838,10000158.XSHG,0.1742,0.2224,2015-06-15,XSHG
3839,10000093.XSHG,0.5973,0.4812,2015-06-15,XSHG
3840,10000094.XSHG,0.0006,0.0012,2015-06-15,XSHG
3841,10000095.XSHG,0.6638,0.6323,2015-06-15,XSHG
3842,10000096.XSHG,0.0589,0.0748,2015-06-15,XSHG
3843,10000064.XSHG,0.0342,0.0359,2015-06-15,XSHG
3844,10000061.XSHG,0.7967,0.6816,2015-06-15,XSHG
3845,10000063.XSHG,0.8122,0.8591,2015-06-15,XSHG
3846,10000062.XSHG,0.0006,0.0004,2015-06-15,XSHG
3847,10000069.XSHG,0.7468,0.6307,2015-06-15,XSHG
3848,10000124.XSHG,0.0016,0.0039,2015-06-15,XSHG
3849,10000125.XSHG,0.5865,0.5784,2015-06-15,XSHG
3850,10000126.XSHG,0.0832,0.1039,2015-06-15,XSHG
3851,10000088.XSHG,0.0545,0.0618,2015-06-15,XSHG
3852,10000123.XSHG,0.4985,0.3852,2015-06-15,XSHG
3853,10000080.XSHG,0.0449,0.0539,2015-06-15,XSHG
3854,10000087.XSHG,0.7024,0.7024,2015-06-15,XSHG
3855,10000086.XSHG,0.0005,0.0006,2015-06-15,XSHG
3856,10000085.XSHG,0.6471,0.5339,2015-06-15,XSHG
3857,10000036.XSHG,0.0066,0.0083,2015-06-15,XSHG
3858,10000037.XSHG,0.008,0.01,2015-06-15,XSHG
3859,10000034.XSHG,0.973,0.973,2015-06-15,XSHG
3860,10000035.XSHG,1.0497,0.91,2015-06-15,XSHG
3861,10000032.XSHG,1.09,1.045,2015-06-15,XSHG
3862,10000033.XSHG,,,2015-06-15,XSHG
3863,10000030.XSHG,0.0002,0.0002,2015-06-15,XSHG
3864,10000031.XSHG,1.1181,1.08,2015-06-15,XSHG
3865,10000038.XSHG,0.0096,0.0119,2015-06-15,XSHG
3866,10000039.XSHG,0.0109,0.0142,2015-06-15,XSHG
3867,10000137.XSHG,0.0043,0.0045,2015-06-15,XSHG
3868,10000136.XSHG,0.4018,0.2777,2015-06-15,XSHG
3869,10000135.XSHG,0.4497,0.3343,2015-06-15,XSHG
3870,10000139.XSHG,0.5528,0.51,2015-06-15,XSHG
3871,10000138.XSHG,0.007,0.0089,2015-06-15,XSHG
3872,10000102.XSHG,0.0009,0.0015,2015-06-15,XSHG
3873,10000103.XSHG,0.6126,0.5939,2015-06-15,XSHG
3874,10000101.XSHG,0.5477,0.431,2015-06-15,XSHG
3875,10000104.XSHG,0.0703,0.0832,2015-06-15,XSHG
3876,10000188.XSHG,0.2051,0.2051,2015-06-15,XSHG
3877,10000228.XSHG,0.5437,0.5829,2015-06-15,XSHG
3878,10000223.XSHG,0.1531,0.1005,2015-06-15,XSHG
3879,10000222.XSHG,0.2774,0.3769,2015-06-15,XSHG
3880,10000221.XSHG,0.0304,0.0119,2015-06-15,XSHG
3881,10000220.XSHG,0.0882,0.0948,2015-06-15,XSHG
3882,10000227.XSHG,0.372,0.3635,2015-06-15,XSHG
3883,10000226.XSHG,0.49,0.5294,2015-06-15,XSHG
3884,10000225.XSHG,0.272,0.26,2015-06-15,XSHG
3885,10000224.XSHG,0.3898,0.428,2015-06-15,XSHG
3886,10000029.XSHG,0.0007,0.0002,2015-06-15,XSHG
3887,10000028.XSHG,0.0006,0.0003,2015-06-15,XSHG
3888,10000218.XSHG,0.4473,0.3639,2015-06-15,XSHG
3889,10000219.XSHG,0.0735,0.076,2015-06-15,XSHG
3890,10000216.XSHG,0.3206,0.3605,2015-06-15,XSHG
3891,10000217.XSHG,0.4854,0.3972,2015-06-15,XSHG
3892,10000214.XSHG,0.2064,0.2275,2015-06-15,XSHG
3893,10000215.XSHG,0.2608,0.29,2015-06-15,XSHG
3894,10000212.XSHG,0.1197,0.1288,2015-06-15,XSHG
3895,10000213.XSHG,0.1595,0.1773,2015-06-15,XSHG
3896,10000210.XSHG,0.229,0.165,2015-06-15,XSHG
3897,10000211.XSHG,0.1872,0.1308,2015-06-15,XSHG
3898,10000022.XSHG,0.997,0.9627,2015-06-15,XSHG
3899,10000182.XSHG,0.3832,0.363,2015-06-15,XSHG
3900,10000183.XSHG,0.6204,0.528,2015-06-15,XSHG
3901,10000180.XSHG,0.1415,0.2051,2015-06-15,XSHG
3902,10000181.XSHG,0.35,0.2901,2015-06-15,XSHG
3903,10000186.XSHG,0.4705,0.4588,2015-06-15,XSHG
3904,10000187.XSHG,0.4524,0.4008,2015-06-15,XSHG
3905,10000184.XSHG,0.5412,0.5412,2015-06-15,XSHG
3906,10000185.XSHG,0.475,0.4512,2015-06-15,XSHG
3907,10000021.XSHG,1.0955,1.0608,2015-06-15,XSHG
3908,10000023.XSHG,1.0404,0.93,2015-06-15,XSHG
3909,10000189.XSHG,0.2549,0.254,2015-06-15,XSHG
3910,10000025.XSHG,0.9405,0.8608,2015-06-15,XSHG
3911,10000024.XSHG,0.95,0.8624,2015-06-15,XSHG
3912,10000027.XSHG,0.0001,0.0004,2015-06-15,XSHG
3913,10000026.XSHG,0.0001,0.0004,2015-06-15,XSHG
3914,10000201.XSHG,0.5827,0.5828,2015-06-16,XSHG
3915,10000200.XSHG,0.5086,0.5576,2015-06-16,XSHG
3916,10000203.XSHG,0.6,0.5588,2015-06-16,XSHG
3917,10000202.XSHG,,,2015-06-16,XSHG
3918,10000205.XSHG,0.63,0.6068,2015-06-16,XSHG
3919,10000204.XSHG,0.1788,0.1745,2015-06-16,XSHG
3920,10000207.XSHG,0.2907,0.2461,2015-06-16,XSHG
3921,10000206.XSHG,0.1599,0.1651,2015-06-16,XSHG
3922,10000209.XSHG,0.1904,0.162,2015-06-16,XSHG
3923,10000208.XSHG,0.2391,0.1953,2015-06-16,XSHG
3924,10000163.XSHG,0.096,0.0621,2015-06-16,XSHG
3925,10000164.XSHG,0.0724,0.1114,2015-06-16,XSHG
3926,10000165.XSHG,0.3743,0.329,2015-06-16,XSHG
3927,10000166.XSHG,0.2555,0.278,2015-06-16,XSHG
3928,10000195.XSHG,0.0192,0.013,2015-06-16,XSHG
3929,10000197.XSHG,0.2742,0.2502,2015-06-16,XSHG
3930,10000196.XSHG,0.3011,0.3633,2015-06-16,XSHG
3931,10000191.XSHG,0.3642,0.3983,2015-06-16,XSHG
3932,10000190.XSHG,0.33,0.3393,2015-06-16,XSHG
3933,10000192.XSHG,0.4637,0.4771,2015-06-16,XSHG
3934,10000054.XSHG,0.0004,0.0004,2015-06-16,XSHG
3935,10000055.XSHG,0.7925,0.7925,2015-06-16,XSHG
3936,10000056.XSHG,0.0296,0.036,2015-06-16,XSHG
3937,10000199.XSHG,0.3533,0.3699,2015-06-16,XSHG
3938,10000198.XSHG,0.4457,0.51,2015-06-16,XSHG
3939,10000053.XSHG,0.72,0.6446,2015-06-16,XSHG
3940,10000179.XSHG,0.0338,0.0213,2015-06-16,XSHG
3941,10000173.XSHG,0.3066,0.2884,2015-06-16,XSHG
3942,10000172.XSHG,0.1348,0.1819,2015-06-16,XSHG
3943,10000171.XSHG,0.0537,0.0356,2015-06-16,XSHG
3944,10000174.XSHG,0.3492,0.3395,2015-06-16,XSHG
3945,10000048.XSHG,0.0248,0.0245,2015-06-16,XSHG
3946,10000047.XSHG,0.85,0.8191,2015-06-16,XSHG
3947,10000046.XSHG,0.0001,0.0001,2015-06-16,XSHG
3948,10000045.XSHG,0.7825,0.6992,2015-06-16,XSHG
3949,10000040.XSHG,0.0178,0.0209,2015-06-16,XSHG
3950,10000148.XSHG,0.0151,0.0179,2015-06-16,XSHG
3951,10000149.XSHG,0.4436,0.395,2015-06-16,XSHG
3952,10000147.XSHG,0.2311,0.1657,2015-06-16,XSHG
3953,10000142.XSHG,0.1602,0.1602,2015-06-16,XSHG
3954,10000140.XSHG,0.4679,0.4186,2015-06-16,XSHG
3955,10000141.XSHG,0.1262,0.1325,2015-06-16,XSHG
3956,10000072.XSHG,0.0452,0.0472,2015-06-16,XSHG
3957,10000070.XSHG,0.0004,0.0005,2015-06-16,XSHG
3958,10000071.XSHG,0.7102,0.6641,2015-06-16,XSHG
3959,10000077.XSHG,0.5628,0.4954,2015-06-16,XSHG
3960,10000078.XSHG,0.0004,0.0001,2015-06-16,XSHG
3961,10000079.XSHG,0.6485,0.6485,2015-06-16,XSHG
3962,10000150.XSHG,0.1864,0.1752,2015-06-16,XSHG
3963,10000155.XSHG,0.1698,0.105,2015-06-16,XSHG
3964,10000157.XSHG,0.4184,0.352,2015-06-16,XSHG
3965,10000156.XSHG,0.0364,0.0523,2015-06-16,XSHG
3966,10000158.XSHG,0.2148,0.2206,2015-06-16,XSHG
3967,10000093.XSHG,0.4769,0.3991,2015-06-16,XSHG
3968,10000094.XSHG,0.0015,0.0006,2015-06-16,XSHG
3969,10000095.XSHG,0.6418,0.6317,2015-06-16,XSHG
3970,10000096.XSHG,0.0789,0.0925,2015-06-16,XSHG
3971,10000064.XSHG,0.031,0.0413,2015-06-16,XSHG
3972,10000061.XSHG,0.66,0.5992,2015-06-16,XSHG
3973,10000063.XSHG,0.7227,0.7227,2015-06-16,XSHG
3974,10000062.XSHG,,,2015-06-16,XSHG
3975,10000069.XSHG,0.6109,0.5489,2015-06-16,XSHG
3976,10000124.XSHG,0.0054,0.0019,2015-06-16,XSHG
3977,10000125.XSHG,0.55,0.5128,2015-06-16,XSHG
3978,10000126.XSHG,0.1113,0.1161,2015-06-16,XSHG
3979,10000088.XSHG,0.0658,0.0707,2015-06-16,XSHG
3980,10000123.XSHG,0.3654,0.3132,2015-06-16,XSHG
3981,10000080.XSHG,0.0531,0.0649,2015-06-16,XSHG
3982,10000087.XSHG,0.63,0.6541,2015-06-16,XSHG
3983,10000086.XSHG,0.0005,0.0002,2015-06-16,XSHG
3984,10000085.XSHG,0.5086,0.4463,2015-06-16,XSHG
3985,10000036.XSHG,0.0081,0.0096,2015-06-16,XSHG
3986,10000037.XSHG,0.0102,0.0103,2015-06-16,XSHG
3987,10000034.XSHG,0.94,0.94,2015-06-16,XSHG
3988,10000035.XSHG,0.9004,0.83,2015-06-16,XSHG
3989,10000032.XSHG,0.9814,0.9814,2015-06-16,XSHG
3990,10000033.XSHG,0.9652,0.8855,2015-06-16,XSHG
3991,10000030.XSHG,0.0001,0.0001,2015-06-16,XSHG
3992,10000031.XSHG,1.05,1.0194,2015-06-16,XSHG
3993,10000038.XSHG,0.0127,0.0142,2015-06-16,XSHG
3994,10000039.XSHG,0.0153,0.018,2015-06-16,XSHG
3995,10000137.XSHG,0.0045,0.003,2015-06-16,XSHG
3996,10000136.XSHG,0.2547,0.2076,2015-06-16,XSHG
3997,10000135.XSHG,0.3219,0.2602,2015-06-16,XSHG
3998,10000139.XSHG,0.4986,0.45,2015-06-16,XSHG
3999,10000138.XSHG,0.0089,0.007,2015-06-16,XSHG
4000,10000102.XSHG,0.0015,0.0007,2015-06-16,XSHG
4001,10000103.XSHG,0.6016,0.5113,2015-06-16,XSHG
4002,10000101.XSHG,0.415,0.3471,2015-06-16,XSHG
4003,10000104.XSHG,0.0931,0.1031,2015-06-16,XSHG
4004,10000188.XSHG,0.2219,0.238,2015-06-16,XSHG
4005,10000228.XSHG,0.5833,0.6318,2015-06-16,XSHG
4006,10000223.XSHG,0.0956,0.0812,2015-06-16,XSHG
4007,10000222.XSHG,0.4,0.4597,2015-06-16,XSHG
4008,10000221.XSHG,0.0114,0.009,2015-06-16,XSHG
4009,10000220.XSHG,0.0975,0.101,2015-06-16,XSHG
4010,10000227.XSHG,0.3518,0.3352,2015-06-16,XSHG
4011,10000226.XSHG,0.56,0.5644,2015-06-16,XSHG
4012,10000225.XSHG,0.2688,0.2222,2015-06-16,XSHG
4013,10000224.XSHG,0.4444,0.4867,2015-06-16,XSHG
4014,10000029.XSHG,0.0001,0.0002,2015-06-16,XSHG
4015,10000028.XSHG,0.0001,0.0001,2015-06-16,XSHG
4016,10000218.XSHG,0.3598,0.2928,2015-06-16,XSHG
4017,10000219.XSHG,0.0812,0.081,2015-06-16,XSHG
4018,10000216.XSHG,0.3736,0.4001,2015-06-16,XSHG
4019,10000217.XSHG,0.3824,0.3386,2015-06-16,XSHG
4020,10000214.XSHG,0.2362,0.2598,2015-06-16,XSHG
4021,10000215.XSHG,0.3006,0.3239,2015-06-16,XSHG
4022,10000212.XSHG,0.1338,0.151,2015-06-16,XSHG
4023,10000213.XSHG,0.1837,0.1986,2015-06-16,XSHG
4024,10000210.XSHG,0.157,0.1251,2015-06-16,XSHG
4025,10000211.XSHG,0.1248,0.0994,2015-06-16,XSHG
4026,10000022.XSHG,0.9887,0.9125,2015-06-16,XSHG
4027,10000182.XSHG,0.395,0.4194,2015-06-16,XSHG
4028,10000183.XSHG,0.561,0.5188,2015-06-16,XSHG
4029,10000180.XSHG,0.2124,0.2699,2015-06-16,XSHG
4030,10000181.XSHG,0.2707,0.2553,2015-06-16,XSHG
4031,10000186.XSHG,0.3936,0.3925,2015-06-16,XSHG
4032,10000187.XSHG,0.3688,0.3762,2015-06-16,XSHG
4033,10000184.XSHG,0.49,0.465,2015-06-16,XSHG
4034,10000185.XSHG,0.45,0.4,2015-06-16,XSHG
4035,10000021.XSHG,1.0503,0.9488,2015-06-16,XSHG
4036,10000023.XSHG,0.9024,0.8654,2015-06-16,XSHG
4037,10000189.XSHG,0.2564,0.2768,2015-06-16,XSHG
4038,10000025.XSHG,0.7872,0.7647,2015-06-16,XSHG
4039,10000024.XSHG,0.8604,0.8381,2015-06-16,XSHG
4040,10000027.XSHG,0.0002,0.0001,2015-06-16,XSHG
4041,10000026.XSHG,0.0001,0.0001,2015-06-16,XSHG
4042,10000201.XSHG,,,2015-06-17,XSHG
4043,10000200.XSHG,,,2015-06-17,XSHG
4044,10000203.XSHG,,,2015-06-17,XSHG
4045,10000202.XSHG,0.213,0.2072,2015-06-17,XSHG
4046,10000205.XSHG,0.5802,0.6364,2015-06-17,XSHG
4047,10000204.XSHG,0.1778,0.1847,2015-06-17,XSHG
4048,10000207.XSHG,0.255,0.2475,2015-06-17,XSHG
4049,10000206.XSHG,0.1642,0.1621,2015-06-17,XSHG
4050,10000209.XSHG,0.165,0.1617,2015-06-17,XSHG
4051,10000208.XSHG,0.2032,0.2001,2015-06-17,XSHG
4052,10000163.XSHG,0.0691,0.0711,2015-06-17,XSHG
4053,10000164.XSHG,0.1047,0.0895,2015-06-17,XSHG
4054,10000165.XSHG,0.315,0.331,2015-06-17,XSHG
4055,10000166.XSHG,0.295,0.2673,2015-06-17,XSHG
4056,10000195.XSHG,0.0142,0.0122,2015-06-17,XSHG
4057,10000197.XSHG,0.2559,0.2614,2015-06-17,XSHG
4058,10000196.XSHG,0.3486,0.3369,2015-06-17,XSHG
4059,10000191.XSHG,0.4099,0.4098,2015-06-17,XSHG
4060,10000190.XSHG,,,2015-06-17,XSHG
4061,10000192.XSHG,0.484,0.4952,2015-06-17,XSHG
4062,10000054.XSHG,0.0008,0.0001,2015-06-17,XSHG
4063,10000055.XSHG,0.747,0.747,2015-06-17,XSHG
4064,10000056.XSHG,0.0337,0.0302,2015-06-17,XSHG
4065,10000199.XSHG,0.36,0.3649,2015-06-17,XSHG
4066,10000198.XSHG,0.501,0.4869,2015-06-17,XSHG
4067,10000053.XSHG,0.6838,0.6722,2015-06-17,XSHG
4068,10000179.XSHG,0.025,0.0212,2015-06-17,XSHG
4069,10000173.XSHG,0.3079,0.2895,2015-06-17,XSHG
4070,10000172.XSHG,0.1649,0.161,2015-06-17,XSHG
4071,10000171.XSHG,0.0457,0.0407,2015-06-17,XSHG
4072,10000174.XSHG,0.36,0.36,2015-06-17,XSHG
4073,10000048.XSHG,0.0258,0.0272,2015-06-17,XSHG
4074,10000047.XSHG,,,2015-06-17,XSHG
4075,10000046.XSHG,0.0002,0.0001,2015-06-17,XSHG
4076,10000045.XSHG,0.72,0.7222,2015-06-17,XSHG
4077,10000040.XSHG,0.0211,0.0191,2015-06-17,XSHG
4078,10000148.XSHG,0.0175,0.0135,2015-06-17,XSHG
4079,10000149.XSHG,0.391,0.42,2015-06-17,XSHG
4080,10000147.XSHG,0.1714,0.1933,2015-06-17,XSHG
4081,10000142.XSHG,0.1647,0.16,2015-06-17,XSHG
4082,10000140.XSHG,0.45,0.4507,2015-06-17,XSHG
4083,10000141.XSHG,0.1431,0.1263,2015-06-17,XSHG
4084,10000072.XSHG,0.0501,0.0472,2015-06-17,XSHG
4085,10000070.XSHG,0.0001,0.0001,2015-06-17,XSHG
4086,10000071.XSHG,0.7113,0.7113,2015-06-17,XSHG
4087,10000077.XSHG,0.5384,0.5257,2015-06-17,XSHG
4088,10000078.XSHG,0.0001,0.0005,2015-06-17,XSHG
4089,10000079.XSHG,,,2015-06-17,XSHG
4090,10000150.XSHG,0.18,0.1644,2015-06-17,XSHG
4091,10000155.XSHG,0.1229,0.12,2015-06-17,XSHG
4092,10000157.XSHG,0.3344,0.393,2015-06-17,XSHG
4093,10000156.XSHG,0.0507,0.0415,2015-06-17,XSHG
4094,10000158.XSHG,0.2313,0.222,2015-06-17,XSHG
4095,10000093.XSHG,0.3946,0.4258,2015-06-17,XSHG
4096,10000094.XSHG,0.0002,0.0008,2015-06-17,XSHG
4097,10000095.XSHG,0.578,0.5887,2015-06-17,XSHG
4098,10000096.XSHG,0.0844,0.0788,2015-06-17,XSHG
4099,10000064.XSHG,0.0423,0.0418,2015-06-17,XSHG
4100,10000061.XSHG,0.599,0.6217,2015-06-17,XSHG
4101,10000063.XSHG,,,2015-06-17,XSHG
4102,10000062.XSHG,0.0001,0.0001,2015-06-17,XSHG
4103,10000069.XSHG,0.5722,0.5711,2015-06-17,XSHG
4104,10000124.XSHG,0.002,0.0011,2015-06-17,XSHG
4105,10000125.XSHG,0.4611,0.5,2015-06-17,XSHG
4106,10000126.XSHG,0.1119,0.11,2015-06-17,XSHG
4107,10000088.XSHG,0.0744,0.0661,2015-06-17,XSHG
4108,10000123.XSHG,0.3349,0.3227,2015-06-17,XSHG
4109,10000080.XSHG,,,2015-06-17,XSHG
4110,10000087.XSHG,,,2015-06-17,XSHG
4111,10000086.XSHG,0.0002,0.0004,2015-06-17,XSHG
4112,10000085.XSHG,0.4691,0.4737,2015-06-17,XSHG
4113,10000036.XSHG,0.0078,0.0078,2015-06-17,XSHG
4114,10000037.XSHG,0.0097,0.0097,2015-06-17,XSHG
4115,10000034.XSHG,0.8825,0.9223,2015-06-17,XSHG
4116,10000035.XSHG,0.85,0.8675,2015-06-17,XSHG
4117,10000032.XSHG,1.023,0.9763,2015-06-17,XSHG
4118,10000033.XSHG,0.9,0.938,2015-06-17,XSHG
4119,10000030.XSHG,0.0005,0.0001,2015-06-17,XSHG
4120,10000031.XSHG,,,2015-06-17,XSHG
4121,10000038.XSHG,0.0122,0.0138,2015-06-17,XSHG
4122,10000039.XSHG,0.0193,0.0178,2015-06-17,XSHG
4123,10000137.XSHG,0.0039,0.0016,2015-06-17,XSHG
4124,10000136.XSHG,0.2149,0.2348,2015-06-17,XSHG
4125,10000135.XSHG,0.2832,0.2826,2015-06-17,XSHG
4126,10000139.XSHG,,,2015-06-17,XSHG
4127,10000138.XSHG,0.0076,0.0073,2015-06-17,XSHG
4128,10000102.XSHG,0.0005,0.0011,2015-06-17,XSHG
4129,10000103.XSHG,0.5198,0.5237,2015-06-17,XSHG
4130,10000101.XSHG,0.3701,0.3769,2015-06-17,XSHG
4131,10000104.XSHG,0.0959,0.092,2015-06-17,XSHG
4132,10000188.XSHG,0.2368,0.243,2015-06-17,XSHG
4133,10000228.XSHG,0.6604,0.6265,2015-06-17,XSHG
4134,10000223.XSHG,0.0803,0.0868,2015-06-17,XSHG
4135,10000222.XSHG,0.4426,0.424,2015-06-17,XSHG
4136,10000221.XSHG,0.0105,0.0048,2015-06-17,XSHG
4137,10000220.XSHG,0.0988,0.0863,2015-06-17,XSHG
4138,10000227.XSHG,0.3221,0.3337,2015-06-17,XSHG
4139,10000226.XSHG,0.5422,0.5527,2015-06-17,XSHG
4140,10000225.XSHG,0.2367,0.23,2015-06-17,XSHG
4141,10000224.XSHG,0.4687,0.4745,2015-06-17,XSHG
4142,10000029.XSHG,0.0002,0.0001,2015-06-17,XSHG
4143,10000028.XSHG,0.0004,0.0001,2015-06-17,XSHG
4144,10000218.XSHG,0.305,0.3059,2015-06-17,XSHG
4145,10000219.XSHG,0.0826,0.0679,2015-06-17,XSHG
4146,10000216.XSHG,0.39,0.3944,2015-06-17,XSHG
4147,10000217.XSHG,0.369,0.3396,2015-06-17,XSHG
4148,10000214.XSHG,0.245,0.246,2015-06-17,XSHG
4149,10000215.XSHG,0.3219,0.3188,2015-06-17,XSHG
4150,10000212.XSHG,0.1457,0.1305,2015-06-17,XSHG
4151,10000213.XSHG,0.1927,0.18,2015-06-17,XSHG
4152,10000210.XSHG,0.148,0.1371,2015-06-17,XSHG
4153,10000211.XSHG,0.1027,0.1105,2015-06-17,XSHG
4154,10000022.XSHG,0.9008,0.9214,2015-06-17,XSHG
4155,10000182.XSHG,0.4138,0.4649,2015-06-17,XSHG
4156,10000183.XSHG,,,2015-06-17,XSHG
4157,10000180.XSHG,0.2599,0.2401,2015-06-17,XSHG
4158,10000181.XSHG,0.2824,0.2781,2015-06-17,XSHG
4159,10000186.XSHG,0.3866,0.407,2015-06-17,XSHG
4160,10000187.XSHG,0.361,0.3704,2015-06-17,XSHG
4161,10000184.XSHG,0.45,0.45,2015-06-17,XSHG
4162,10000185.XSHG,0.41,0.4428,2015-06-17,XSHG
4163,10000021.XSHG,0.96,0.9769,2015-06-17,XSHG
4164,10000023.XSHG,0.8698,0.8774,2015-06-17,XSHG
4165,10000189.XSHG,0.293,0.2704,2015-06-17,XSHG
4166,10000025.XSHG,0.774,0.7721,2015-06-17,XSHG
4167,10000024.XSHG,0.7917,0.8272,2015-06-17,XSHG
4168,10000027.XSHG,0.0006,0.0001,2015-06-17,XSHG
4169,10000026.XSHG,0.0001,0.0001,2015-06-17,XSHG
4170,10000201.XSHG,0.5325,0.4738,2015-06-18,XSHG
4171,10000200.XSHG,0.5716,0.6191,2015-06-18,XSHG
4172,10000203.XSHG,0.5495,0.4963,2015-06-18,XSHG
4173,10000202.XSHG,0.2214,0.2319,2015-06-18,XSHG
4174,10000205.XSHG,0.5807,0.55,2015-06-18,XSHG
4175,10000204.XSHG,0.1839,0.2317,2015-06-18,XSHG
4176,10000207.XSHG,0.2348,0.1822,2015-06-18,XSHG
4177,10000206.XSHG,0.159,0.2,2015-06-18,XSHG
4178,10000209.XSHG,0.1556,0.1156,2015-06-18,XSHG
4179,10000208.XSHG,0.1956,0.1454,2015-06-18,XSHG
4180,10000163.XSHG,0.0647,0.0137,2015-06-18,XSHG
4181,10000164.XSHG,0.0934,0.1734,2015-06-18,XSHG
4182,10000165.XSHG,0.3154,0.2702,2015-06-18,XSHG
4183,10000166.XSHG,0.3048,0.3277,2015-06-18,XSHG
4184,10000195.XSHG,0.0115,0.0031,2015-06-18,XSHG
4185,10000197.XSHG,0.25,0.1855,2015-06-18,XSHG
4186,10000196.XSHG,0.3537,0.453,2015-06-18,XSHG
4187,10000191.XSHG,0.417,0.457,2015-06-18,XSHG
4188,10000190.XSHG,0.3598,0.3999,2015-06-18,XSHG
4189,10000192.XSHG,0.498,0.5319,2015-06-18,XSHG
4190,10000054.XSHG,0.0001,0.0005,2015-06-18,XSHG
4191,10000055.XSHG,0.7078,0.6705,2015-06-18,XSHG
4192,10000056.XSHG,0.0317,0.0388,2015-06-18,XSHG
4193,10000199.XSHG,0.36,0.3467,2015-06-18,XSHG
4194,10000198.XSHG,0.5058,0.5391,2015-06-18,XSHG
4195,10000053.XSHG,0.6281,0.5329,2015-06-18,XSHG
4196,10000179.XSHG,0.0183,0.0052,2015-06-18,XSHG
4197,10000173.XSHG,0.255,0.2453,2015-06-18,XSHG
4198,10000172.XSHG,0.1674,0.2648,2015-06-18,XSHG
4199,10000171.XSHG,0.0346,0.0075,2015-06-18,XSHG
4200,10000174.XSHG,0.3517,0.3991,2015-06-18,XSHG
4201,10000048.XSHG,0.0309,0.0309,2015-06-18,XSHG
4202,10000047.XSHG,0.7163,0.7163,2015-06-18,XSHG
4203,10000046.XSHG,0.0006,0.0002,2015-06-18,XSHG
4204,10000045.XSHG,0.6926,0.5801,2015-06-18,XSHG
4205,10000040.XSHG,0.0208,0.0252,2015-06-18,XSHG
4206,10000148.XSHG,0.0149,0.028,2015-06-18,XSHG
4207,10000149.XSHG,0.3966,0.335,2015-06-18,XSHG
4208,10000147.XSHG,0.185,0.0751,2015-06-18,XSHG
4209,10000142.XSHG,0.1676,0.1773,2015-06-18,XSHG
4210,10000140.XSHG,0.38,0.3746,2015-06-18,XSHG
4211,10000141.XSHG,0.1292,0.1574,2015-06-18,XSHG
4212,10000072.XSHG,0.053,0.0571,2015-06-18,XSHG
4213,10000070.XSHG,0.0001,0.0001,2015-06-18,XSHG
4214,10000071.XSHG,0.59,0.5803,2015-06-18,XSHG
4215,10000077.XSHG,0.4948,0.3824,2015-06-18,XSHG
4216,10000078.XSHG,0.0003,0.0002,2015-06-18,XSHG
4217,10000079.XSHG,0.5792,0.5792,2015-06-18,XSHG
4218,10000150.XSHG,0.1618,0.2051,2015-06-18,XSHG
4219,10000155.XSHG,0.1138,0.0338,2015-06-18,XSHG
4220,10000157.XSHG,0.3303,0.3005,2015-06-18,XSHG
4221,10000156.XSHG,0.0451,0.086,2015-06-18,XSHG
4222,10000158.XSHG,0.2458,0.265,2015-06-18,XSHG
4223,10000093.XSHG,0.3835,0.3005,2015-06-18,XSHG
4224,10000094.XSHG,0.0003,0.0008,2015-06-18,XSHG
4225,10000095.XSHG,0.4948,0.4948,2015-06-18,XSHG
4226,10000096.XSHG,0.0891,0.1097,2015-06-18,XSHG
4227,10000064.XSHG,0.0377,0.0478,2015-06-18,XSHG
4228,10000061.XSHG,0.5747,0.4819,2015-06-18,XSHG
4229,10000063.XSHG,0.6535,0.5707,2015-06-18,XSHG
4230,10000062.XSHG,0.0001,0.0005,2015-06-18,XSHG
4231,10000069.XSHG,0.5544,0.4507,2015-06-18,XSHG
4232,10000124.XSHG,0.0016,0.0015,2015-06-18,XSHG
4233,10000125.XSHG,0.431,0.4325,2015-06-18,XSHG
4234,10000126.XSHG,0.1129,0.1403,2015-06-18,XSHG
4235,10000088.XSHG,0.0786,0.083,2015-06-18,XSHG
4236,10000123.XSHG,0.3134,0.1956,2015-06-18,XSHG
4237,10000080.XSHG,0.069,0.069,2015-06-18,XSHG
4238,10000087.XSHG,0.5258,0.5258,2015-06-18,XSHG
4239,10000086.XSHG,0.0008,0.0004,2015-06-18,XSHG
4240,10000085.XSHG,0.4395,0.3393,2015-06-18,XSHG
4241,10000036.XSHG,0.0094,0.0109,2015-06-18,XSHG
4242,10000037.XSHG,0.0108,0.0122,2015-06-18,XSHG
4243,10000034.XSHG,0.8345,0.7792,2015-06-18,XSHG
4244,10000035.XSHG,0.8397,0.75,2015-06-18,XSHG
4245,10000032.XSHG,0.8975,0.8974,2015-06-18,XSHG
4246,10000033.XSHG,0.8804,0.84,2015-06-18,XSHG
4247,10000030.XSHG,0.0004,0.0002,2015-06-18,XSHG
4248,10000031.XSHG,0.9903,0.9189,2015-06-18,XSHG
4249,10000038.XSHG,0.0128,0.0151,2015-06-18,XSHG
4250,10000039.XSHG,0.0166,0.0195,2015-06-18,XSHG
4251,10000137.XSHG,0.0027,0.0047,2015-06-18,XSHG
4252,10000136.XSHG,0.2247,0.1094,2015-06-18,XSHG
4253,10000135.XSHG,0.2713,0.1501,2015-06-18,XSHG
4254,10000139.XSHG,0.44,0.4051,2015-06-18,XSHG
4255,10000138.XSHG,0.0085,0.0108,2015-06-18,XSHG
4256,10000102.XSHG,0.0008,0.0011,2015-06-18,XSHG
4257,10000103.XSHG,0.5073,0.4728,2015-06-18,XSHG
4258,10000101.XSHG,0.3499,0.2474,2015-06-18,XSHG
4259,10000104.XSHG,0.0992,0.1215,2015-06-18,XSHG
4260,10000188.XSHG,0.2478,0.2672,2015-06-18,XSHG
4261,10000228.XSHG,0.66,0.699,2015-06-18,XSHG
4262,10000223.XSHG,0.09,0.0615,2015-06-18,XSHG
4263,10000222.XSHG,0.4252,0.5635,2015-06-18,XSHG
4264,10000221.XSHG,0.0039,0.0014,2015-06-18,XSHG
4265,10000220.XSHG,0.0899,0.144,2015-06-18,XSHG
4266,10000227.XSHG,0.3302,0.3147,2015-06-18,XSHG
4267,10000226.XSHG,0.5895,0.6272,2015-06-18,XSHG
4268,10000225.XSHG,0.2063,0.1721,2015-06-18,XSHG
4269,10000224.XSHG,0.4898,0.5666,2015-06-18,XSHG
4270,10000029.XSHG,0.0002,0.0001,2015-06-18,XSHG
4271,10000028.XSHG,0.0001,0.0001,2015-06-18,XSHG
4272,10000218.XSHG,0.2937,0.2303,2015-06-18,XSHG
4273,10000219.XSHG,0.0714,0.1283,2015-06-18,XSHG
4274,10000216.XSHG,0.4098,0.4974,2015-06-18,XSHG
4275,10000217.XSHG,0.3177,0.263,2015-06-18,XSHG
4276,10000214.XSHG,0.254,0.3375,2015-06-18,XSHG
4277,10000215.XSHG,0.3431,0.4191,2015-06-18,XSHG
4278,10000212.XSHG,0.1389,0.2007,2015-06-18,XSHG
4279,10000213.XSHG,0.1876,0.2647,2015-06-18,XSHG
4280,10000210.XSHG,0.1303,0.095,2015-06-18,XSHG
4281,10000211.XSHG,0.1061,0.0777,2015-06-18,XSHG
4282,10000022.XSHG,0.8915,0.8026,2015-06-18,XSHG
4283,10000182.XSHG,0.4264,0.4678,2015-06-18,XSHG
4284,10000183.XSHG,0.4916,0.4456,2015-06-18,XSHG
4285,10000180.XSHG,0.2497,0.359,2015-06-18,XSHG
4286,10000181.XSHG,0.2492,0.2047,2015-06-18,XSHG
4287,10000186.XSHG,0.383,0.375,2015-06-18,XSHG
4288,10000187.XSHG,0.3739,0.3489,2015-06-18,XSHG
4289,10000184.XSHG,0.4402,0.4016,2015-06-18,XSHG
4290,10000185.XSHG,0.4235,0.37,2015-06-18,XSHG
4291,10000021.XSHG,0.9288,0.8425,2015-06-18,XSHG
4292,10000023.XSHG,0.8419,0.7406,2015-06-18,XSHG
4293,10000189.XSHG,0.2895,0.3163,2015-06-18,XSHG
4294,10000025.XSHG,0.7303,0.6444,2015-06-18,XSHG
4295,10000024.XSHG,0.7789,0.6911,2015-06-18,XSHG
4296,10000027.XSHG,0.0001,0.0001,2015-06-18,XSHG
4297,10000026.XSHG,0.0001,0.0002,2015-06-18,XSHG
4298,10000201.XSHG,0.4368,0.3964,2015-06-19,XSHG
4299,10000200.XSHG,0.645,0.7117,2015-06-19,XSHG
4300,10000203.XSHG,0.5042,0.4111,2015-06-19,XSHG
4301,10000202.XSHG,0.2594,0.3254,2015-06-19,XSHG
4302,10000205.XSHG,0.4905,0.42,2015-06-19,XSHG
4303,10000204.XSHG,0.2461,0.3027,2015-06-19,XSHG
4304,10000207.XSHG,0.1822,0.1336,2015-06-19,XSHG
4305,10000206.XSHG,0.2122,0.2588,2015-06-19,XSHG
4306,10000209.XSHG,0.1139,0.0852,2015-06-19,XSHG
4307,10000208.XSHG,0.1424,0.1055,2015-06-19,XSHG
4308,10000163.XSHG,0.014,0.0043,2015-06-19,XSHG
4309,10000164.XSHG,0.1737,0.307,2015-06-19,XSHG
4310,10000165.XSHG,0.2652,0.219,2015-06-19,XSHG
4311,10000166.XSHG,0.3331,0.42,2015-06-19,XSHG
4312,10000195.XSHG,0.002,0.0009,2015-06-19,XSHG
4313,10000197.XSHG,0.1795,0.1538,2015-06-19,XSHG
4314,10000196.XSHG,0.4532,0.6143,2015-06-19,XSHG
4315,10000191.XSHG,0.4396,0.6033,2015-06-19,XSHG
4316,10000190.XSHG,0.3917,0.4744,2015-06-19,XSHG
4317,10000192.XSHG,0.5492,0.6396,2015-06-19,XSHG
4318,10000054.XSHG,0.0003,0.0004,2015-06-19,XSHG
4319,10000055.XSHG,0.6107,0.5242,2015-06-19,XSHG
4320,10000056.XSHG,0.0419,0.067,2015-06-19,XSHG
4321,10000199.XSHG,0.3205,0.283,2015-06-19,XSHG
4322,10000198.XSHG,0.5631,0.6157,2015-06-19,XSHG
4323,10000053.XSHG,0.5395,0.3937,2015-06-19,XSHG
4324,10000179.XSHG,0.0041,0.0034,2015-06-19,XSHG
4325,10000173.XSHG,0.2357,0.2027,2015-06-19,XSHG
4326,10000172.XSHG,0.2639,0.4073,2015-06-19,XSHG
4327,10000171.XSHG,0.0066,0.004,2015-06-19,XSHG
4328,10000174.XSHG,0.4464,0.491,2015-06-19,XSHG
4329,10000048.XSHG,0.0327,0.0522,2015-06-19,XSHG
4330,10000047.XSHG,0.6647,0.5385,2015-06-19,XSHG
4331,10000046.XSHG,0.0001,0.0001,2015-06-19,XSHG
4332,10000045.XSHG,0.5864,0.4514,2015-06-19,XSHG
4333,10000040.XSHG,0.0259,0.0402,2015-06-19,XSHG
4334,10000148.XSHG,0.0315,0.1265,2015-06-19,XSHG
4335,10000149.XSHG,0.3415,0.2811,2015-06-19,XSHG
4336,10000147.XSHG,0.0725,0.017,2015-06-19,XSHG
4337,10000142.XSHG,0.1903,0.2613,2015-06-19,XSHG
4338,10000140.XSHG,0.3478,0.2787,2015-06-19,XSHG
4339,10000141.XSHG,0.1684,0.2503,2015-06-19,XSHG
4340,10000072.XSHG,0.062,0.0948,2015-06-19,XSHG
4341,10000070.XSHG,0.0001,0.0007,2015-06-19,XSHG
4342,10000071.XSHG,0.5357,0.4516,2015-06-19,XSHG
4343,10000077.XSHG,0.3896,0.2394,2015-06-19,XSHG
4344,10000078.XSHG,0.0004,0.0001,2015-06-19,XSHG
4345,10000079.XSHG,0.54,0.4221,2015-06-19,XSHG
4346,10000150.XSHG,0.2245,0.3064,2015-06-19,XSHG
4347,10000155.XSHG,0.03,0.0088,2015-06-19,XSHG
4348,10000157.XSHG,0.28,0.2494,2015-06-19,XSHG
4349,10000156.XSHG,0.086,0.203,2015-06-19,XSHG
4350,10000158.XSHG,0.275,0.3511,2015-06-19,XSHG
4351,10000093.XSHG,0.2856,0.1401,2015-06-19,XSHG
4352,10000094.XSHG,0.0013,0.0013,2015-06-19,XSHG
4353,10000095.XSHG,0.4766,0.3622,2015-06-19,XSHG
4354,10000096.XSHG,0.1084,0.1576,2015-06-19,XSHG
4355,10000064.XSHG,0.0513,0.0798,2015-06-19,XSHG
4356,10000061.XSHG,0.4895,0.353,2015-06-19,XSHG
4357,10000063.XSHG,0.575,0.4856,2015-06-19,XSHG
4358,10000062.XSHG,0.0001,0.0005,2015-06-19,XSHG
4359,10000069.XSHG,0.4396,0.29,2015-06-19,XSHG
4360,10000124.XSHG,0.0027,0.0118,2015-06-19,XSHG
4361,10000125.XSHG,0.3899,0.3192,2015-06-19,XSHG
4362,10000126.XSHG,0.1499,0.1964,2015-06-19,XSHG
4363,10000088.XSHG,0.0886,0.1421,2015-06-19,XSHG
4364,10000123.XSHG,0.1897,0.0596,2015-06-19,XSHG
4365,10000080.XSHG,0.0735,0.115,2015-06-19,XSHG
4366,10000087.XSHG,0.5,0.4101,2015-06-19,XSHG
4367,10000086.XSHG,0.0004,0.0007,2015-06-19,XSHG
4368,10000085.XSHG,0.3387,0.1892,2015-06-19,XSHG
4369,10000036.XSHG,0.0114,0.0203,2015-06-19,XSHG
4370,10000037.XSHG,0.0126,0.022,2015-06-19,XSHG
4371,10000034.XSHG,0.767,0.6601,2015-06-19,XSHG
4372,10000035.XSHG,0.7418,0.6108,2015-06-19,XSHG
4373,10000032.XSHG,0.8371,0.7259,2015-06-19,XSHG
4374,10000033.XSHG,0.8079,0.6902,2015-06-19,XSHG
4375,10000030.XSHG,0.0004,0.0001,2015-06-19,XSHG
4376,10000031.XSHG,0.8974,0.7912,2015-06-19,XSHG
4377,10000038.XSHG,0.0161,0.0277,2015-06-19,XSHG
4378,10000039.XSHG,0.0212,0.0346,2015-06-19,XSHG
4379,10000137.XSHG,0.0041,0.0372,2015-06-19,XSHG
4380,10000136.XSHG,0.1106,0.0271,2015-06-19,XSHG
4381,10000135.XSHG,0.1446,0.0385,2015-06-19,XSHG
4382,10000230.XSHG,0.1069,0.1767,2015-06-19,XSHG
4383,10000139.XSHG,0.376,0.2974,2015-06-19,XSHG
4384,10000138.XSHG,0.0138,0.0736,2015-06-19,XSHG
4385,10000229.XSHG,0.2777,0.2114,2015-06-19,XSHG
4386,10000102.XSHG,0.0016,0.002,2015-06-19,XSHG
4387,10000103.XSHG,0.4177,0.3414,2015-06-19,XSHG
4388,10000101.XSHG,0.2374,0.0914,2015-06-19,XSHG
4389,10000104.XSHG,0.1272,0.1823,2015-06-19,XSHG
4390,10000188.XSHG,0.2791,0.3604,2015-06-19,XSHG
4391,10000228.XSHG,0.7545,0.831,2015-06-19,XSHG
4392,10000223.XSHG,0.0601,0.045,2015-06-19,XSHG
4393,10000222.XSHG,0.5606,0.6904,2015-06-19,XSHG
4394,10000221.XSHG,0.0011,0.0013,2015-06-19,XSHG
4395,10000220.XSHG,0.1501,0.2296,2015-06-19,XSHG
4396,10000227.XSHG,0.2965,0.261,2015-06-19,XSHG
4397,10000226.XSHG,0.6811,0.7442,2015-06-19,XSHG
4398,10000225.XSHG,0.1624,0.143,2015-06-19,XSHG
4399,10000224.XSHG,0.5939,0.7081,2015-06-19,XSHG
4400,10000029.XSHG,0.0003,0.0001,2015-06-19,XSHG
4401,10000028.XSHG,0.0001,0.0001,2015-06-19,XSHG
4402,10000218.XSHG,0.2245,0.1713,2015-06-19,XSHG
4403,10000219.XSHG,0.1289,0.2023,2015-06-19,XSHG
4404,10000216.XSHG,0.4956,0.6157,2015-06-19,XSHG
4405,10000217.XSHG,0.2501,0.1971,2015-06-19,XSHG
4406,10000214.XSHG,0.3367,0.4537,2015-06-19,XSHG
4407,10000215.XSHG,0.4165,0.5299,2015-06-19,XSHG
4408,10000212.XSHG,0.2,0.2995,2015-06-19,XSHG
4409,10000213.XSHG,0.2658,0.3615,2015-06-19,XSHG
4410,10000210.XSHG,0.0921,0.0686,2015-06-19,XSHG
4411,10000211.XSHG,0.0764,0.05,2015-06-19,XSHG
4412,10000022.XSHG,0.7863,0.6576,2015-06-19,XSHG
4413,10000182.XSHG,0.4847,0.5365,2015-06-19,XSHG
4414,10000183.XSHG,0.4388,0.37,2015-06-19,XSHG
4415,10000180.XSHG,0.3582,0.5046,2015-06-19,XSHG
4416,10000181.XSHG,0.2163,0.1785,2015-06-19,XSHG
4417,10000186.XSHG,0.3542,0.3027,2015-06-19,XSHG
4418,10000187.XSHG,0.325,0.299,2015-06-19,XSHG
4419,10000184.XSHG,0.39,0.3397,2015-06-19,XSHG
4420,10000185.XSHG,0.3554,0.32,2015-06-19,XSHG
4421,10000021.XSHG,0.8362,0.6945,2015-06-19,XSHG
4422,10000023.XSHG,0.7363,0.5853,2015-06-19,XSHG
4423,10000189.XSHG,0.3354,0.41,2015-06-19,XSHG
4424,10000025.XSHG,0.6364,0.5005,2015-06-19,XSHG
4425,10000024.XSHG,0.6864,0.5243,2015-06-19,XSHG
4426,10000027.XSHG,0.0001,0.0001,2015-06-19,XSHG
4427,10000026.XSHG,0.0003,0.0001,2015-06-19,XSHG
4428,10000139.XSHG,0.3229,0.3497,2015-06-23,XSHG
4429,10000201.XSHG,0.3627,0.4037,2015-06-23,XSHG
4430,10000200.XSHG,0.7617,0.7071,2015-06-23,XSHG
4431,10000203.XSHG,0.4119,0.453,2015-06-23,XSHG
4432,10000202.XSHG,0.3297,0.3037,2015-06-23,XSHG
4433,10000205.XSHG,0.4005,0.477,2015-06-23,XSHG
4434,10000204.XSHG,0.3009,0.2714,2015-06-23,XSHG
4435,10000207.XSHG,0.1289,0.1618,2015-06-23,XSHG
4436,10000206.XSHG,0.2599,0.2421,2015-06-23,XSHG
4437,10000209.XSHG,0.0825,0.104,2015-06-23,XSHG
4438,10000208.XSHG,0.102,0.126,2015-06-23,XSHG
4439,10000163.XSHG,0.0038,0.0003,2015-06-23,XSHG
4440,10000164.XSHG,0.33,0.2166,2015-06-23,XSHG
4441,10000165.XSHG,0.2091,0.2599,2015-06-23,XSHG
4442,10000166.XSHG,0.4345,0.4237,2015-06-23,XSHG
4443,10000195.XSHG,0.0001,0.0004,2015-06-23,XSHG
4444,10000197.XSHG,0.143,0.1909,2015-06-23,XSHG
4445,10000196.XSHG,0.6209,0.5059,2015-06-23,XSHG
4446,10000191.XSHG,0.6268,0.5386,2015-06-23,XSHG
4447,10000190.XSHG,0.4851,0.4359,2015-06-23,XSHG
4448,10000192.XSHG,0.6396,0.5991,2015-06-23,XSHG
4449,10000054.XSHG,0.0001,0.0001,2015-06-23,XSHG
4450,10000055.XSHG,0.5163,0.5519,2015-06-23,XSHG
4451,10000056.XSHG,0.0628,0.0547,2015-06-23,XSHG
4452,10000138.XSHG,0.0865,0.0123,2015-06-23,XSHG
4453,10000199.XSHG,0.2816,0.3108,2015-06-23,XSHG
4454,10000198.XSHG,0.6779,0.6779,2015-06-23,XSHG
4455,10000053.XSHG,0.3707,0.48,2015-06-23,XSHG
4456,10000179.XSHG,0.0009,0.0003,2015-06-23,XSHG
4457,10000173.XSHG,0.1855,0.23,2015-06-23,XSHG
4458,10000172.XSHG,0.4301,0.3183,2015-06-23,XSHG
4459,10000171.XSHG,0.0039,0.0003,2015-06-23,XSHG
4460,10000174.XSHG,0.4687,0.4557,2015-06-23,XSHG
4461,10000048.XSHG,0.0566,0.0441,2015-06-23,XSHG
4462,10000047.XSHG,0.5553,0.6275,2015-06-23,XSHG
4463,10000046.XSHG,0.0002,0.0001,2015-06-23,XSHG
4464,10000045.XSHG,0.425,0.5153,2015-06-23,XSHG
4465,10000040.XSHG,0.04,0.0378,2015-06-23,XSHG
4466,10000148.XSHG,0.1307,0.038,2015-06-23,XSHG
4467,10000149.XSHG,0.2801,0.3113,2015-06-23,XSHG
4468,10000147.XSHG,0.0158,0.0207,2015-06-23,XSHG
4469,10000142.XSHG,0.2693,0.2361,2015-06-23,XSHG
4470,10000140.XSHG,0.2837,0.3362,2015-06-23,XSHG
4471,10000141.XSHG,0.1101,0.1849,2015-06-23,XSHG
4472,10000072.XSHG,0.0967,0.0792,2015-06-23,XSHG
4473,10000070.XSHG,0.0001,0.0001,2015-06-23,XSHG
4474,10000071.XSHG,0.4013,0.5209,2015-06-23,XSHG
4475,10000077.XSHG,0.2338,0.3221,2015-06-23,XSHG
4476,10000078.XSHG,0.0011,0.0005,2015-06-23,XSHG
4477,10000079.XSHG,0.434,0.4807,2015-06-23,XSHG
4478,10000150.XSHG,0.3004,0.2512,2015-06-23,XSHG
4479,10000155.XSHG,0.008,0.0023,2015-06-23,XSHG
4480,10000157.XSHG,0.248,0.2796,2015-06-23,XSHG
4481,10000156.XSHG,0.22,0.1223,2015-06-23,XSHG
4482,10000158.XSHG,0.357,0.3345,2015-06-23,XSHG
4483,10000093.XSHG,0.1336,0.2311,2015-06-23,XSHG
4484,10000094.XSHG,0.0023,0.0004,2015-06-23,XSHG
4485,10000095.XSHG,0.3633,0.4562,2015-06-23,XSHG
4486,10000096.XSHG,0.1584,0.1333,2015-06-23,XSHG
4487,10000064.XSHG,0.0788,0.07,2015-06-23,XSHG
4488,10000061.XSHG,0.3295,0.4185,2015-06-23,XSHG
4489,10000063.XSHG,0.48,0.5734,2015-06-23,XSHG
4490,10000062.XSHG,0.0005,0.0001,2015-06-23,XSHG
4491,10000069.XSHG,0.2817,0.3791,2015-06-23,XSHG
4492,10000240.XSHG,0.2479,0.2314,2015-06-23,XSHG
4493,10000124.XSHG,0.019,0.001,2015-06-23,XSHG
4494,10000125.XSHG,0.336,0.3612,2015-06-23,XSHG
4495,10000126.XSHG,0.2025,0.1629,2015-06-23,XSHG
4496,10000088.XSHG,0.1328,0.1229,2015-06-23,XSHG
4497,10000123.XSHG,0.0578,0.128,2015-06-23,XSHG
4498,10000080.XSHG,0.1229,0.0959,2015-06-23,XSHG
4499,10000087.XSHG,0.3885,0.4816,2015-06-23,XSHG
4500,10000086.XSHG,0.001,0.0003,2015-06-23,XSHG
4501,10000085.XSHG,0.1826,0.2739,2015-06-23,XSHG
4502,10000036.XSHG,0.0209,0.0146,2015-06-23,XSHG
4503,10000037.XSHG,0.0239,0.0171,2015-06-23,XSHG
4504,10000034.XSHG,0.6657,0.6801,2015-06-23,XSHG
4505,10000035.XSHG,0.597,0.7199,2015-06-23,XSHG
4506,10000032.XSHG,0.7356,0.8293,2015-06-23,XSHG
4507,10000033.XSHG,0.7014,0.7576,2015-06-23,XSHG
4508,10000030.XSHG,0.0001,0.0001,2015-06-23,XSHG
4509,10000031.XSHG,0.8178,0.8827,2015-06-23,XSHG
4510,10000038.XSHG,0.0295,0.0221,2015-06-23,XSHG
4511,10000039.XSHG,0.0366,0.0297,2015-06-23,XSHG
4512,10000238.XSHG,0.426,0.4753,2015-06-23,XSHG
4513,10000239.XSHG,0.2231,0.187,2015-06-23,XSHG
4514,10000135.XSHG,0.0375,0.0836,2015-06-23,XSHG
4515,10000230.XSHG,0.167,0.1008,2015-06-23,XSHG
4516,10000231.XSHG,0.2764,0.35,2015-06-23,XSHG
4517,10000232.XSHG,0.2502,0.3221,2015-06-23,XSHG
4518,10000233.XSHG,0.2194,0.2885,2015-06-23,XSHG
4519,10000234.XSHG,0.1091,0.0498,2015-06-23,XSHG
4520,10000235.XSHG,0.1313,0.0659,2015-06-23,XSHG
4521,10000236.XSHG,0.1559,0.0816,2015-06-23,XSHG
4522,10000237.XSHG,0.4844,0.5034,2015-06-23,XSHG
4523,10000229.XSHG,0.1999,0.259,2015-06-23,XSHG
4524,10000102.XSHG,0.01,0.0001,2015-06-23,XSHG
4525,10000103.XSHG,0.3438,0.39,2015-06-23,XSHG
4526,10000101.XSHG,0.0909,0.1797,2015-06-23,XSHG
4527,10000104.XSHG,0.1823,0.145,2015-06-23,XSHG
4528,10000188.XSHG,0.3621,0.3151,2015-06-23,XSHG
4529,10000228.XSHG,0.825,0.7519,2015-06-23,XSHG
4530,10000223.XSHG,0.045,0.0551,2015-06-23,XSHG
4531,10000222.XSHG,0.7152,0.6237,2015-06-23,XSHG
4532,10000221.XSHG,0.0001,0.0009,2015-06-23,XSHG
4533,10000220.XSHG,0.2296,0.1376,2015-06-23,XSHG
4534,10000227.XSHG,0.248,0.2749,2015-06-23,XSHG
4535,10000226.XSHG,,,2015-06-23,XSHG
4536,10000225.XSHG,0.1329,0.1789,2015-06-23,XSHG
4537,10000224.XSHG,0.7422,0.594,2015-06-23,XSHG
4538,10000029.XSHG,0.0001,0.0001,2015-06-23,XSHG
4539,10000028.XSHG,0.0001,0.0001,2015-06-23,XSHG
4540,10000218.XSHG,0.167,0.2053,2015-06-23,XSHG
4541,10000219.XSHG,0.1999,0.1105,2015-06-23,XSHG
4542,10000216.XSHG,0.6181,0.4929,2015-06-23,XSHG
4543,10000217.XSHG,0.181,0.2279,2015-06-23,XSHG
4544,10000214.XSHG,0.4537,0.3293,2015-06-23,XSHG
4545,10000215.XSHG,0.5299,0.4174,2015-06-23,XSHG
4546,10000212.XSHG,0.2967,0.2,2015-06-23,XSHG
4547,10000213.XSHG,0.3615,0.2656,2015-06-23,XSHG
4548,10000210.XSHG,0.0665,0.0829,2015-06-23,XSHG
4549,10000211.XSHG,0.05,0.066,2015-06-23,XSHG
4550,10000137.XSHG,0.04,0.0042,2015-06-23,XSHG
4551,10000022.XSHG,0.6274,0.721,2015-06-23,XSHG
4552,10000136.XSHG,0.021,0.0515,2015-06-23,XSHG
4553,10000182.XSHG,0.6041,0.5404,2015-06-23,XSHG
4554,10000183.XSHG,0.3451,0.3779,2015-06-23,XSHG
4555,10000180.XSHG,0.5268,0.416,2015-06-23,XSHG
4556,10000181.XSHG,0.1633,0.1995,2015-06-23,XSHG
4557,10000186.XSHG,0.277,0.3243,2015-06-23,XSHG
4558,10000187.XSHG,0.3,0.3056,2015-06-23,XSHG
4559,10000184.XSHG,0.3528,0.3591,2015-06-23,XSHG
4560,10000185.XSHG,0.3167,0.3536,2015-06-23,XSHG
4561,10000021.XSHG,0.6801,0.7716,2015-06-23,XSHG
4562,10000023.XSHG,0.5634,0.6686,2015-06-23,XSHG
4563,10000189.XSHG,0.4265,0.3801,2015-06-23,XSHG
4564,10000025.XSHG,0.4711,0.566,2015-06-23,XSHG
4565,10000024.XSHG,0.5225,0.631,2015-06-23,XSHG
4566,10000027.XSHG,0.0001,0.0001,2015-06-23,XSHG
4567,10000026.XSHG,0.0001,0.0001,2015-06-23,XSHG
4568,10000139.XSHG,0.3496,0.3946,2015-06-24,XSHG
4569,10000201.XSHG,0.4102,0.4181,2015-06-24,XSHG
4570,10000200.XSHG,,,2015-06-24,XSHG
4571,10000203.XSHG,0.429,0.4475,2015-06-24,XSHG
4572,10000202.XSHG,0.2988,0.2842,2015-06-24,XSHG
4573,10000205.XSHG,0.4512,0.4707,2015-06-24,XSHG
4574,10000204.XSHG,0.251,0.251,2015-06-24,XSHG
4575,10000207.XSHG,0.1558,0.16,2015-06-24,XSHG
4576,10000206.XSHG,0.23,0.2041,2015-06-24,XSHG
4577,10000209.XSHG,0.1,0.0973,2015-06-24,XSHG
4578,10000208.XSHG,0.1227,0.1244,2015-06-24,XSHG
4579,10000163.XSHG,0.0002,0.0001,2015-06-24,XSHG
4580,10000164.XSHG,0.2323,0.1853,2015-06-24,XSHG
4581,10000165.XSHG,0.2373,0.2739,2015-06-24,XSHG
4582,10000166.XSHG,0.3709,0.3451,2015-06-24,XSHG
4583,10000195.XSHG,0.0001,0.0001,2015-06-24,XSHG
4584,10000197.XSHG,0.1897,0.205,2015-06-24,XSHG
4585,10000196.XSHG,0.54,0.4684,2015-06-24,XSHG
4586,10000191.XSHG,0.5103,0.5179,2015-06-24,XSHG
4587,10000190.XSHG,0.4465,0.453,2015-06-24,XSHG
4588,10000192.XSHG,0.5966,0.5721,2015-06-24,XSHG
4589,10000054.XSHG,0.0001,0.0001,2015-06-24,XSHG
4590,10000055.XSHG,0.6196,0.6196,2015-06-24,XSHG
4591,10000056.XSHG,0.0536,0.05,2015-06-24,XSHG
4592,10000138.XSHG,0.0138,0.0001,2015-06-24,XSHG
4593,10000199.XSHG,0.3162,0.3099,2015-06-24,XSHG
4594,10000198.XSHG,0.5848,0.6358,2015-06-24,XSHG
4595,10000053.XSHG,0.4613,0.4896,2015-06-24,XSHG
4596,10000179.XSHG,0.0001,0.0001,2015-06-24,XSHG
4597,10000173.XSHG,0.23,0.2282,2015-06-24,XSHG
4598,10000172.XSHG,0.3351,0.2788,2015-06-24,XSHG
4599,10000171.XSHG,0.0005,0.0001,2015-06-24,XSHG
4600,10000174.XSHG,0.46,0.465,2015-06-24,XSHG
4601,10000048.XSHG,0.0449,0.044,2015-06-24,XSHG
4602,10000047.XSHG,0.648,0.6719,2015-06-24,XSHG
4603,10000046.XSHG,0.0001,0.0001,2015-06-24,XSHG
4604,10000045.XSHG,0.5019,0.5503,2015-06-24,XSHG
4605,10000040.XSHG,0.0323,0.0325,2015-06-24,XSHG
4606,10000148.XSHG,0.0403,0.0011,2015-06-24,XSHG
4607,10000149.XSHG,0.32,0.345,2015-06-24,XSHG
4608,10000147.XSHG,0.0214,0.0018,2015-06-24,XSHG
4609,10000142.XSHG,0.2285,0.2135,2015-06-24,XSHG
4610,10000140.XSHG,0.3674,0.3871,2015-06-24,XSHG
4611,10000141.XSHG,0.1982,0.18,2015-06-24,XSHG
4612,10000072.XSHG,0.0748,0.074,2015-06-24,XSHG
4613,10000070.XSHG,0.0001,0.0001,2015-06-24,XSHG
4614,10000071.XSHG,0.5544,0.57,2015-06-24,XSHG
4615,10000077.XSHG,0.3157,0.3439,2015-06-24,XSHG
4616,10000078.XSHG,0.0001,0.0001,2015-06-24,XSHG
4617,10000079.XSHG,0.4807,0.53,2015-06-24,XSHG
4618,10000150.XSHG,0.2417,0.242,2015-06-24,XSHG
4619,10000155.XSHG,0.0009,0.0001,2015-06-24,XSHG
4620,10000157.XSHG,0.2682,0.3088,2015-06-24,XSHG
4621,10000156.XSHG,0.1304,0.0801,2015-06-24,XSHG
4622,10000158.XSHG,0.3,0.2919,2015-06-24,XSHG
4623,10000093.XSHG,0.22,0.2577,2015-06-24,XSHG
4624,10000094.XSHG,0.0001,0.0001,2015-06-24,XSHG
4625,10000095.XSHG,0.4562,0.4544,2015-06-24,XSHG
4626,10000096.XSHG,0.1392,0.128,2015-06-24,XSHG
4627,10000064.XSHG,0.0648,0.0616,2015-06-24,XSHG
4628,10000061.XSHG,0.4179,0.4396,2015-06-24,XSHG
4629,10000063.XSHG,0.5879,0.5999,2015-06-24,XSHG
4630,10000062.XSHG,0.0001,0.0001,2015-06-24,XSHG
4631,10000069.XSHG,0.3644,0.3924,2015-06-24,XSHG
4632,10000240.XSHG,0.1993,0.2017,2015-06-24,XSHG
4633,10000124.XSHG,0.002,0.0001,2015-06-24,XSHG
4634,10000125.XSHG,0.4064,0.4086,2015-06-24,XSHG
4635,10000126.XSHG,0.1745,0.1722,2015-06-24,XSHG
4636,10000088.XSHG,0.0999,0.0999,2015-06-24,XSHG
4637,10000123.XSHG,0.1233,0.1669,2015-06-24,XSHG
4638,10000080.XSHG,0.0929,0.0896,2015-06-24,XSHG
4639,10000087.XSHG,0.4922,0.4468,2015-06-24,XSHG
4640,10000086.XSHG,0.0001,0.0001,2015-06-24,XSHG
4641,10000085.XSHG,0.265,0.3061,2015-06-24,XSHG
4642,10000036.XSHG,0.0147,0.0163,2015-06-24,XSHG
4643,10000037.XSHG,0.0179,0.0186,2015-06-24,XSHG
4644,10000034.XSHG,0.7686,0.7478,2015-06-24,XSHG
4645,10000035.XSHG,0.69,0.727,2015-06-24,XSHG
4646,10000032.XSHG,0.84,0.8459,2015-06-24,XSHG
4647,10000033.XSHG,0.7917,0.8143,2015-06-24,XSHG
4648,10000030.XSHG,0.0001,0.0001,2015-06-24,XSHG
4649,10000031.XSHG,0.8879,0.9087,2015-06-24,XSHG
4650,10000038.XSHG,0.0218,0.0201,2015-06-24,XSHG
4651,10000039.XSHG,0.0325,0.0292,2015-06-24,XSHG
4652,10000238.XSHG,0.4772,0.4714,2015-06-24,XSHG
4653,10000239.XSHG,0.1722,0.1812,2015-06-24,XSHG
4654,10000135.XSHG,0.0786,0.1222,2015-06-24,XSHG
4655,10000230.XSHG,0.1048,0.0982,2015-06-24,XSHG
4656,10000231.XSHG,0.35,0.3549,2015-06-24,XSHG
4657,10000232.XSHG,0.3115,0.3259,2015-06-24,XSHG
4658,10000233.XSHG,0.2776,0.2915,2015-06-24,XSHG
4659,10000234.XSHG,0.0518,0.0504,2015-06-24,XSHG
4660,10000235.XSHG,0.0735,0.0676,2015-06-24,XSHG
4661,10000236.XSHG,0.0883,0.0831,2015-06-24,XSHG
4662,10000237.XSHG,0.5076,0.506,2015-06-24,XSHG
4663,10000229.XSHG,0.2495,0.26,2015-06-24,XSHG
4664,10000102.XSHG,0.0001,0.0001,2015-06-24,XSHG
4665,10000103.XSHG,0.4235,0.4421,2015-06-24,XSHG
4666,10000101.XSHG,0.1722,0.2107,2015-06-24,XSHG
4667,10000104.XSHG,0.1573,0.15,2015-06-24,XSHG
4668,10000188.XSHG,0.3305,0.3299,2015-06-24,XSHG
4669,10000228.XSHG,0.7402,0.7402,2015-06-24,XSHG
4670,10000223.XSHG,0.0492,0.0459,2015-06-24,XSHG
4671,10000222.XSHG,0.64,0.5961,2015-06-24,XSHG
4672,10000221.XSHG,0.0001,0.0001,2015-06-24,XSHG
4673,10000220.XSHG,0.1499,0.147,2015-06-24,XSHG
4674,10000227.XSHG,0.2775,0.2703,2015-06-24,XSHG
4675,10000226.XSHG,,,2015-06-24,XSHG
4676,10000225.XSHG,0.1829,0.175,2015-06-24,XSHG
4677,10000224.XSHG,0.6343,0.575,2015-06-24,XSHG
4678,10000029.XSHG,0.0001,0.0001,2015-06-24,XSHG
4679,10000028.XSHG,0.0001,0.0001,2015-06-24,XSHG
4680,10000218.XSHG,0.2053,0.2004,2015-06-24,XSHG
4681,10000219.XSHG,0.127,0.115,2015-06-24,XSHG
4682,10000216.XSHG,0.543,0.505,2015-06-24,XSHG
4683,10000217.XSHG,0.2233,0.2277,2015-06-24,XSHG
4684,10000214.XSHG,0.3294,0.3352,2015-06-24,XSHG
4685,10000215.XSHG,0.4175,0.4219,2015-06-24,XSHG
4686,10000212.XSHG,0.2014,0.2008,2015-06-24,XSHG
4687,10000213.XSHG,0.2747,0.2626,2015-06-24,XSHG
4688,10000210.XSHG,0.0796,0.078,2015-06-24,XSHG
4689,10000211.XSHG,0.066,0.0595,2015-06-24,XSHG
4690,10000137.XSHG,0.0036,0.0001,2015-06-24,XSHG
4691,10000022.XSHG,0.7014,0.7596,2015-06-24,XSHG
4692,10000136.XSHG,0.0501,0.0669,2015-06-24,XSHG
4693,10000182.XSHG,0.5044,0.5644,2015-06-24,XSHG
4694,10000183.XSHG,0.412,0.4094,2015-06-24,XSHG
4695,10000180.XSHG,0.435,0.3881,2015-06-24,XSHG
4696,10000181.XSHG,0.2183,0.2206,2015-06-24,XSHG
4697,10000186.XSHG,0.3345,0.3348,2015-06-24,XSHG
4698,10000187.XSHG,0.3221,0.3305,2015-06-24,XSHG
4699,10000184.XSHG,0.3812,0.37,2015-06-24,XSHG
4700,10000185.XSHG,0.3632,0.3634,2015-06-24,XSHG
4701,10000021.XSHG,0.7467,0.8009,2015-06-24,XSHG
4702,10000023.XSHG,0.6507,0.7014,2015-06-24,XSHG
4703,10000189.XSHG,0.3888,0.3925,2015-06-24,XSHG
4704,10000025.XSHG,0.5665,0.615,2015-06-24,XSHG
4705,10000024.XSHG,0.6071,0.6558,2015-06-24,XSHG
4706,10000027.XSHG,0.0001,0.0001,2015-06-24,XSHG
4707,10000026.XSHG,0.0001,0.0001,2015-06-24,XSHG
4708,10000139.XSHG,0.41,0.3397,2015-06-25,XSHG
4709,10000201.XSHG,0.4675,0.4,2015-06-25,XSHG
4710,10000200.XSHG,0.6412,0.7117,2015-06-25,XSHG
4711,10000203.XSHG,0.4663,0.4566,2015-06-25,XSHG
4712,10000202.XSHG,0.2667,0.3015,2015-06-25,XSHG
4713,10000205.XSHG,0.4802,0.44,2015-06-25,XSHG
4714,10000204.XSHG,0.2644,0.2644,2015-06-25,XSHG
4715,10000207.XSHG,0.165,0.107,2015-06-25,XSHG
4716,10000206.XSHG,0.2099,0.2397,2015-06-25,XSHG
4717,10000209.XSHG,0.1009,0.065,2015-06-25,XSHG
4718,10000208.XSHG,0.1375,0.0782,2015-06-25,XSHG
4719,10000165.XSHG,0.28,0.2305,2015-06-25,XSHG
4720,10000166.XSHG,0.35,0.3989,2015-06-25,XSHG
4721,10000197.XSHG,0.2101,0.1623,2015-06-25,XSHG
4722,10000191.XSHG,0.4908,0.5348,2015-06-25,XSHG
4723,10000190.XSHG,0.4216,0.48,2015-06-25,XSHG
4724,10000192.XSHG,0.5699,0.619,2015-06-25,XSHG
4725,10000055.XSHG,0.6259,0.6259,2015-06-25,XSHG
4726,10000056.XSHG,0.0499,0.0614,2015-06-25,XSHG
4727,10000199.XSHG,0.3328,0.2669,2015-06-25,XSHG
4728,10000198.XSHG,0.5922,0.5931,2015-06-25,XSHG
4729,10000173.XSHG,0.2503,0.1988,2015-06-25,XSHG
4730,10000174.XSHG,0.4146,0.4508,2015-06-25,XSHG
4731,10000048.XSHG,0.0388,0.052,2015-06-25,XSHG
4732,10000047.XSHG,0.68,0.5975,2015-06-25,XSHG
4733,10000040.XSHG,0.0311,0.0392,2015-06-25,XSHG
4734,10000149.XSHG,0.3398,0.3064,2015-06-25,XSHG
4735,10000142.XSHG,0.2124,0.2488,2015-06-25,XSHG
4736,10000140.XSHG,0.3746,0.3415,2015-06-25,XSHG
4737,10000141.XSHG,0.1558,0.2264,2015-06-25,XSHG
4738,10000072.XSHG,0.0592,0.0871,2015-06-25,XSHG
4739,10000071.XSHG,0.5835,0.4987,2015-06-25,XSHG
4740,10000079.XSHG,0.4735,0.4532,2015-06-25,XSHG
4741,10000250.XSHG,0.313,0.366,2015-06-25,XSHG
4742,10000150.XSHG,0.23,0.2946,2015-06-25,XSHG
4743,10000157.XSHG,0.32,0.2733,2015-06-25,XSHG
4744,10000158.XSHG,0.285,0.362,2015-06-25,XSHG
4745,10000095.XSHG,,,2015-06-25,XSHG
4746,10000096.XSHG,0.1263,0.1419,2015-06-25,XSHG
4747,10000064.XSHG,0.0573,0.077,2015-06-25,XSHG
4748,10000063.XSHG,0.6005,0.5185,2015-06-25,XSHG
4749,10000249.XSHG,0.2555,0.3041,2015-06-25,XSHG
4750,10000248.XSHG,0.2041,0.2453,2015-06-25,XSHG
4751,10000245.XSHG,0.2243,0.1586,2015-06-25,XSHG
4752,10000244.XSHG,0.2616,0.1919,2015-06-25,XSHG
4753,10000247.XSHG,0.1777,0.2181,2015-06-25,XSHG
4754,10000246.XSHG,0.1545,0.193,2015-06-25,XSHG
4755,10000241.XSHG,0.3691,0.2686,2015-06-25,XSHG
4756,10000240.XSHG,0.2017,0.221,2015-06-25,XSHG
4757,10000243.XSHG,0.3087,0.2257,2015-06-25,XSHG
4758,10000242.XSHG,0.3382,0.2471,2015-06-25,XSHG
4759,10000125.XSHG,0.3898,0.3679,2015-06-25,XSHG
4760,10000126.XSHG,0.1601,0.1938,2015-06-25,XSHG
4761,10000088.XSHG,0.08,0.12,2015-06-25,XSHG
4762,10000080.XSHG,0.0839,0.1027,2015-06-25,XSHG
4763,10000087.XSHG,0.4888,0.46,2015-06-25,XSHG
4764,10000036.XSHG,0.0145,0.0193,2015-06-25,XSHG
4765,10000037.XSHG,0.016,0.0214,2015-06-25,XSHG
4766,10000034.XSHG,0.7483,0.7483,2015-06-25,XSHG
4767,10000035.XSHG,0.7581,0.66,2015-06-25,XSHG
4768,10000032.XSHG,0.88,0.8355,2015-06-25,XSHG
4769,10000033.XSHG,0.8477,0.75,2015-06-25,XSHG
4770,10000031.XSHG,0.96,0.8223,2015-06-25,XSHG
4771,10000038.XSHG,0.0199,0.0266,2015-06-25,XSHG
4772,10000039.XSHG,0.0255,0.0354,2015-06-25,XSHG
4773,10000238.XSHG,0.5115,0.4648,2015-06-25,XSHG
4774,10000239.XSHG,0.1637,0.2,2015-06-25,XSHG
4775,10000230.XSHG,0.0949,0.1291,2015-06-25,XSHG
4776,10000231.XSHG,0.3692,0.2702,2015-06-25,XSHG
4777,10000232.XSHG,0.3379,0.2404,2015-06-25,XSHG
4778,10000233.XSHG,0.2988,0.2198,2015-06-25,XSHG
4779,10000234.XSHG,0.0462,0.0625,2015-06-25,XSHG
4780,10000235.XSHG,0.0584,0.084,2015-06-25,XSHG
4781,10000236.XSHG,0.0729,0.1029,2015-06-25,XSHG
4782,10000237.XSHG,0.5706,0.503,2015-06-25,XSHG
4783,10000103.XSHG,0.4227,0.3644,2015-06-25,XSHG
4784,10000104.XSHG,0.14,0.175,2015-06-25,XSHG
4785,10000229.XSHG,0.28,0.1872,2015-06-25,XSHG
4786,10000228.XSHG,0.7701,0.789,2015-06-25,XSHG
4787,10000223.XSHG,0.0498,0.0253,2015-06-25,XSHG
4788,10000220.XSHG,0.1294,0.1843,2015-06-25,XSHG
4789,10000227.XSHG,0.2895,0.2456,2015-06-25,XSHG
4790,10000226.XSHG,0.671,0.6843,2015-06-25,XSHG
4791,10000225.XSHG,0.1873,0.1402,2015-06-25,XSHG
4792,10000224.XSHG,0.59,0.663,2015-06-25,XSHG
4793,10000218.XSHG,0.2187,0.1406,2015-06-25,XSHG
4794,10000219.XSHG,0.105,0.1484,2015-06-25,XSHG
4795,10000216.XSHG,0.5036,0.5763,2015-06-25,XSHG
4796,10000217.XSHG,0.2585,0.16,2015-06-25,XSHG
4797,10000214.XSHG,0.3044,0.4033,2015-06-25,XSHG
4798,10000215.XSHG,0.3784,0.4887,2015-06-25,XSHG
4799,10000212.XSHG,0.1766,0.2481,2015-06-25,XSHG
4800,10000213.XSHG,0.2373,0.3206,2015-06-25,XSHG
4801,10000210.XSHG,0.0882,0.0459,2015-06-25,XSHG
4802,10000211.XSHG,0.0626,0.033,2015-06-25,XSHG
4803,10000182.XSHG,0.4956,0.515,2015-06-25,XSHG
4804,10000183.XSHG,0.4284,0.3992,2015-06-25,XSHG
4805,10000181.XSHG,0.2178,0.1922,2015-06-25,XSHG
4806,10000186.XSHG,0.3324,0.2893,2015-06-25,XSHG
4807,10000187.XSHG,0.3447,0.2862,2015-06-25,XSHG
4808,10000184.XSHG,0.4098,0.3715,2015-06-25,XSHG
4809,10000185.XSHG,0.36,0.31,2015-06-25,XSHG
4810,10000188.XSHG,0.2956,0.3378,2015-06-25,XSHG
4811,10000189.XSHG,0.3562,0.41,2015-06-25,XSHG
4812,10000139.XSHG,0.3134,0.2645,2015-06-26,XSHG
4813,10000201.XSHG,0.3698,0.2945,2015-06-26,XSHG
4814,10000200.XSHG,0.7356,0.9213,2015-06-26,XSHG
4815,10000203.XSHG,0.4031,0.3,2015-06-26,XSHG
4816,10000202.XSHG,0.3282,0.4262,2015-06-26,XSHG
4817,10000205.XSHG,0.4072,0.3002,2015-06-26,XSHG
4818,10000204.XSHG,0.2925,0.413,2015-06-26,XSHG
4819,10000207.XSHG,0.0994,0.082,2015-06-26,XSHG
4820,10000206.XSHG,0.2642,0.3468,2015-06-26,XSHG
4821,10000209.XSHG,0.047,0.0583,2015-06-26,XSHG
4822,10000208.XSHG,0.0694,0.0715,2015-06-26,XSHG
4823,10000165.XSHG,0.2201,0.179,2015-06-26,XSHG
4824,10000166.XSHG,0.4301,0.5784,2015-06-26,XSHG
4825,10000197.XSHG,0.1438,0.1499,2015-06-26,XSHG
4826,10000191.XSHG,0.5687,0.7415,2015-06-26,XSHG
4827,10000190.XSHG,0.4775,0.5994,2015-06-26,XSHG
4828,10000192.XSHG,0.658,0.847,2015-06-26,XSHG
4829,10000055.XSHG,0.537,0.3899,2015-06-26,XSHG
4830,10000056.XSHG,0.0699,0.1356,2015-06-26,XSHG
4831,10000199.XSHG,0.2601,0.2111,2015-06-26,XSHG
4832,10000198.XSHG,0.6448,0.8352,2015-06-26,XSHG
4833,10000173.XSHG,0.1932,0.1602,2015-06-26,XSHG
4834,10000174.XSHG,0.4906,0.6427,2015-06-26,XSHG
4835,10000048.XSHG,0.0578,0.1121,2015-06-26,XSHG
4836,10000047.XSHG,0.5625,0.3905,2015-06-26,XSHG
4837,10000040.XSHG,0.0468,0.0921,2015-06-26,XSHG
4838,10000149.XSHG,0.2804,0.237,2015-06-26,XSHG
4839,10000142.XSHG,0.2759,0.367,2015-06-26,XSHG
4840,10000140.XSHG,0.2942,0.2322,2015-06-26,XSHG
4841,10000141.XSHG,0.23,0.3321,2015-06-26,XSHG
4842,10000072.XSHG,0.0996,0.18,2015-06-26,XSHG
4843,10000071.XSHG,0.4619,0.3423,2015-06-26,XSHG
4844,10000079.XSHG,0.4293,0.3274,2015-06-26,XSHG
4845,10000252.XSHG,0.2755,0.1909,2015-06-26,XSHG
4846,10000253.XSHG,0.1613,0.2667,2015-06-26,XSHG
4847,10000250.XSHG,0.3948,0.575,2015-06-26,XSHG
4848,10000251.XSHG,0.3,0.222,2015-06-26,XSHG
4849,10000254.XSHG,0.1851,0.3016,2015-06-26,XSHG
4850,10000150.XSHG,0.308,0.4593,2015-06-26,XSHG
4851,10000157.XSHG,0.2471,0.2,2015-06-26,XSHG
4852,10000158.XSHG,0.375,0.5279,2015-06-26,XSHG
4853,10000095.XSHG,0.3816,0.2627,2015-06-26,XSHG
4854,10000096.XSHG,0.1572,0.2774,2015-06-26,XSHG
4855,10000064.XSHG,0.084,0.1546,2015-06-26,XSHG
4856,10000063.XSHG,0.5035,0.3697,2015-06-26,XSHG
4857,10000249.XSHG,0.3299,0.4796,2015-06-26,XSHG
4858,10000248.XSHG,0.2678,0.398,2015-06-26,XSHG
4859,10000245.XSHG,0.1449,0.1117,2015-06-26,XSHG
4860,10000244.XSHG,0.1738,0.1272,2015-06-26,XSHG
4861,10000247.XSHG,0.2377,0.3691,2015-06-26,XSHG
4862,10000246.XSHG,0.2098,0.3296,2015-06-26,XSHG
4863,10000241.XSHG,0.2515,0.1738,2015-06-26,XSHG
4864,10000240.XSHG,0.2416,0.3567,2015-06-26,XSHG
4865,10000243.XSHG,0.2068,0.1518,2015-06-26,XSHG
4866,10000242.XSHG,0.2295,0.1596,2015-06-26,XSHG
4867,10000125.XSHG,0.3366,0.27,2015-06-26,XSHG
4868,10000126.XSHG,0.2242,0.344,2015-06-26,XSHG
4869,10000088.XSHG,0.1353,0.2271,2015-06-26,XSHG
4870,10000080.XSHG,0.1181,0.195,2015-06-26,XSHG
4871,10000087.XSHG,0.4083,0.3361,2015-06-26,XSHG
4872,10000036.XSHG,0.0224,0.0365,2015-06-26,XSHG
4873,10000037.XSHG,0.0249,0.049,2015-06-26,XSHG
4874,10000034.XSHG,0.6553,0.456,2015-06-26,XSHG
4875,10000035.XSHG,0.64,0.4589,2015-06-26,XSHG
4876,10000032.XSHG,0.7536,0.5204,2015-06-26,XSHG
4877,10000033.XSHG,0.6808,0.5184,2015-06-26,XSHG
4878,10000031.XSHG,0.8003,0.5862,2015-06-26,XSHG
4879,10000038.XSHG,0.0308,0.0542,2015-06-26,XSHG
4880,10000039.XSHG,0.0387,0.0756,2015-06-26,XSHG
4881,10000238.XSHG,0.4326,0.3373,2015-06-26,XSHG
4882,10000239.XSHG,0.2177,0.324,2015-06-26,XSHG
4883,10000230.XSHG,0.145,0.287,2015-06-26,XSHG
4884,10000231.XSHG,0.2327,0.1701,2015-06-26,XSHG
4885,10000232.XSHG,0.2066,0.1576,2015-06-26,XSHG
4886,10000233.XSHG,0.1825,0.1418,2015-06-26,XSHG
4887,10000234.XSHG,0.068,0.1892,2015-06-26,XSHG
4888,10000235.XSHG,0.0973,0.2266,2015-06-26,XSHG
4889,10000236.XSHG,0.1239,0.2523,2015-06-26,XSHG
4890,10000237.XSHG,0.459,0.363,2015-06-26,XSHG
4891,10000103.XSHG,0.3681,0.2743,2015-06-26,XSHG
4892,10000104.XSHG,0.1856,0.2989,2015-06-26,XSHG
4893,10000229.XSHG,0.16,0.1193,2015-06-26,XSHG
4894,10000228.XSHG,0.84,0.99,2015-06-26,XSHG
4895,10000223.XSHG,0.0201,0.0257,2015-06-26,XSHG
4896,10000220.XSHG,0.2102,0.3796,2015-06-26,XSHG
4897,10000227.XSHG,0.2315,0.1807,2015-06-26,XSHG
4898,10000226.XSHG,0.7695,0.8874,2015-06-26,XSHG
4899,10000225.XSHG,0.1304,0.118,2015-06-26,XSHG
4900,10000224.XSHG,0.7489,0.8887,2015-06-26,XSHG
4901,10000218.XSHG,0.1245,0.105,2015-06-26,XSHG
4902,10000219.XSHG,0.1703,0.3249,2015-06-26,XSHG
4903,10000216.XSHG,0.6305,0.8078,2015-06-26,XSHG
4904,10000217.XSHG,0.1379,0.1114,2015-06-26,XSHG
4905,10000214.XSHG,0.4533,0.6215,2015-06-26,XSHG
4906,10000215.XSHG,0.5439,0.7127,2015-06-26,XSHG
4907,10000212.XSHG,0.2739,0.4576,2015-06-26,XSHG
4908,10000213.XSHG,0.3674,0.544,2015-06-26,XSHG
4909,10000210.XSHG,0.0422,0.0458,2015-06-26,XSHG
4910,10000211.XSHG,0.0308,0.0333,2015-06-26,XSHG
4911,10000182.XSHG,0.5634,0.7284,2015-06-26,XSHG
4912,10000183.XSHG,0.3606,0.2827,2015-06-26,XSHG
4913,10000181.XSHG,0.18,0.152,2015-06-26,XSHG
4914,10000186.XSHG,0.1862,0.24,2015-06-26,XSHG
4915,10000187.XSHG,0.2757,0.2126,2015-06-26,XSHG
4916,10000184.XSHG,0.3375,0.2579,2015-06-26,XSHG
4917,10000185.XSHG,0.28,0.2488,2015-06-26,XSHG
4918,10000188.XSHG,0.3403,0.4625,2015-06-26,XSHG
4919,10000189.XSHG,0.4086,0.5291,2015-06-26,XSHG
4920,10000139.XSHG,0.2738,0.275,2015-06-29,XSHG
4921,10000201.XSHG,0.3128,0.311,2015-06-29,XSHG
4922,10000200.XSHG,0.8358,0.9275,2015-06-29,XSHG
4923,10000203.XSHG,0.3261,0.312,2015-06-29,XSHG
4924,10000202.XSHG,0.3941,0.4883,2015-06-29,XSHG
4925,10000205.XSHG,0.3424,0.3307,2015-06-29,XSHG
4926,10000204.XSHG,0.3779,0.4559,2015-06-29,XSHG
4927,10000207.XSHG,0.1082,0.085,2015-06-29,XSHG
4928,10000206.XSHG,0.3351,0.3689,2015-06-29,XSHG
4929,10000209.XSHG,0.0704,0.0578,2015-06-29,XSHG
4930,10000208.XSHG,0.0856,0.0751,2015-06-29,XSHG
4931,10000165.XSHG,0.1928,0.2088,2015-06-29,XSHG
4932,10000166.XSHG,0.537,0.5924,2015-06-29,XSHG
4933,10000197.XSHG,0.154,0.1686,2015-06-29,XSHG
4934,10000191.XSHG,0.6785,0.7549,2015-06-29,XSHG
4935,10000190.XSHG,0.56,0.6776,2015-06-29,XSHG
4936,10000192.XSHG,0.7781,0.8285,2015-06-29,XSHG
4937,10000055.XSHG,0.4292,0.4229,2015-06-29,XSHG
4938,10000056.XSHG,0.1114,0.1575,2015-06-29,XSHG
4939,10000199.XSHG,0.225,0.2406,2015-06-29,XSHG
4940,10000198.XSHG,0.7596,0.8668,2015-06-29,XSHG
4941,10000274.XSHG,0.258,0.2812,2015-06-29,XSHG
4942,10000270.XSHG,0.4924,0.4182,2015-06-29,XSHG
4943,10000271.XSHG,0.4128,0.3953,2015-06-29,XSHG
4944,10000272.XSHG,0.2094,0.2553,2015-06-29,XSHG
4945,10000273.XSHG,0.2326,0.2712,2015-06-29,XSHG
4946,10000173.XSHG,0.1776,0.1666,2015-06-29,XSHG
4947,10000174.XSHG,0.6451,0.6737,2015-06-29,XSHG
4948,10000048.XSHG,0.0925,0.1309,2015-06-29,XSHG
4949,10000047.XSHG,0.4646,0.4415,2015-06-29,XSHG
4950,10000040.XSHG,0.0764,0.1162,2015-06-29,XSHG
4951,10000267.XSHG,0.1796,0.2476,2015-06-29,XSHG
4952,10000266.XSHG,0.1573,0.2183,2015-06-29,XSHG
4953,10000265.XSHG,0.1368,0.1975,2015-06-29,XSHG
4954,10000264.XSHG,0.2728,0.2506,2015-06-29,XSHG
4955,10000263.XSHG,0.2978,0.2709,2015-06-29,XSHG
4956,10000262.XSHG,0.3288,0.2935,2015-06-29,XSHG
4957,10000261.XSHG,0.3584,0.3204,2015-06-29,XSHG
4958,10000149.XSHG,0.2728,0.2413,2015-06-29,XSHG
4959,10000142.XSHG,0.3563,0.3736,2015-06-29,XSHG
4960,10000269.XSHG,0.5134,0.4455,2015-06-29,XSHG
4961,10000141.XSHG,0.3115,0.37,2015-06-29,XSHG
4962,10000072.XSHG,0.1541,0.1995,2015-06-29,XSHG
4963,10000071.XSHG,0.3775,0.3616,2015-06-29,XSHG
4964,10000079.XSHG,0.3545,0.3518,2015-06-29,XSHG
4965,10000258.XSHG,0.063,0.166,2015-06-29,XSHG
4966,10000259.XSHG,0.0969,0.189,2015-06-29,XSHG
4967,10000252.XSHG,0.2273,0.2124,2015-06-29,XSHG
4968,10000253.XSHG,0.2302,0.3025,2015-06-29,XSHG
4969,10000250.XSHG,0.5023,0.6074,2015-06-29,XSHG
4970,10000251.XSHG,0.2513,0.2297,2015-06-29,XSHG
4971,10000256.XSHG,0.2611,0.2116,2015-06-29,XSHG
4972,10000257.XSHG,0.2345,0.2013,2015-06-29,XSHG
4973,10000254.XSHG,0.2582,0.327,2015-06-29,XSHG
4974,10000255.XSHG,0.2965,0.2478,2015-06-29,XSHG
4975,10000150.XSHG,0.4028,0.4568,2015-06-29,XSHG
4976,10000157.XSHG,0.214,0.23,2015-06-29,XSHG
4977,10000158.XSHG,0.4816,0.5899,2015-06-29,XSHG
4978,10000095.XSHG,0.3074,0.306,2015-06-29,XSHG
4979,10000096.XSHG,0.234,0.2817,2015-06-29,XSHG
4980,10000064.XSHG,0.1314,0.2012,2015-06-29,XSHG
4981,10000063.XSHG,0.4031,0.4287,2015-06-29,XSHG
4982,10000249.XSHG,0.4216,0.5041,2015-06-29,XSHG
4983,10000248.XSHG,0.3494,0.4346,2015-06-29,XSHG
4984,10000245.XSHG,0.1299,0.1425,2015-06-29,XSHG
4985,10000244.XSHG,0.1504,0.1465,2015-06-29,XSHG
4986,10000247.XSHG,0.3165,0.3994,2015-06-29,XSHG
4987,10000246.XSHG,0.2859,0.3659,2015-06-29,XSHG
4988,10000241.XSHG,0.2128,0.1966,2015-06-29,XSHG
4989,10000240.XSHG,0.3151,0.3949,2015-06-29,XSHG
4990,10000243.XSHG,0.1732,0.1649,2015-06-29,XSHG
4991,10000242.XSHG,0.1945,0.1872,2015-06-29,XSHG
4992,10000125.XSHG,0.293,0.2734,2015-06-29,XSHG
4993,10000126.XSHG,0.2932,0.34,2015-06-29,XSHG
4994,10000088.XSHG,0.2043,0.2654,2015-06-29,XSHG
4995,10000080.XSHG,0.1784,0.2174,2015-06-29,XSHG
4996,10000087.XSHG,0.366,0.3268,2015-06-29,XSHG
4997,10000036.XSHG,0.0329,0.059,2015-06-29,XSHG
4998,10000037.XSHG,0.0369,0.0678,2015-06-29,XSHG
4999,10000034.XSHG,0.5296,0.5233,2015-06-29,XSHG
