,code,open,close,date,exchange_code
0,10000368.XSHG,0.1785,0.1598,2015-10-08,XSHG
1,10000369.XSHG,0.0413,0.0477,2015-10-08,XSHG
2,10000366.XSHG,0.23,0.2296,2015-10-08,XSHG
3,10000367.XSHG,0.2097,0.1993,2015-10-08,XSHG
4,10000365.XSHG,0.2664,0.261,2015-10-08,XSHG
5,10000201.XSHG,0.0056,0.0049,2015-10-08,XSHG
6,10000200.XSHG,1.3137,1.32,2015-10-08,XSHG
7,10000203.XSHG,0.0071,0.0066,2015-10-08,XSHG
8,10000202.XSHG,0.7706,0.7877,2015-10-08,XSHG
9,10000205.XSHG,0.0086,0.0077,2015-10-08,XSHG
10,10000204.XSHG,0.7236,0.7236,2015-10-08,XSHG
11,10000206.XSHG,0.6772,0.6772,2015-10-08,XSHG
12,10000191.XSHG,1.1183,1.1183,2015-10-08,XSHG
13,10000190.XSHG,1.0132,1.0198,2015-10-08,XSHG
14,10000192.XSHG,1.2089,1.2089,2015-10-08,XSHG
15,10000199.XSHG,0.002,0.001,2015-10-08,XSHG
16,10000428.XSHG,0.1274,0.1046,2015-10-08,XSHG
17,10000379.XSHG,0.1379,0.1405,2015-10-08,XSHG
18,10000378.XSHG,0.117,0.118,2015-10-08,XSHG
19,10000402.XSHG,0.0481,0.0518,2015-10-08,XSHG
20,10000375.XSHG,0.2449,0.255,2015-10-08,XSHG
21,10000374.XSHG,0.2744,0.2894,2015-10-08,XSHG
22,10000377.XSHG,0.0981,0.098,2015-10-08,XSHG
23,10000376.XSHG,0.2253,0.218,2015-10-08,XSHG
24,10000371.XSHG,0.0731,0.0799,2015-10-08,XSHG
25,10000370.XSHG,0.056,0.0635,2015-10-08,XSHG
26,10000373.XSHG,0.3031,0.3031,2015-10-08,XSHG
27,10000372.XSHG,0.0937,0.1022,2015-10-08,XSHG
28,10000274.XSHG,0.5374,0.5374,2015-10-08,XSHG
29,10000270.XSHG,0.0192,0.0172,2015-10-08,XSHG
30,10000271.XSHG,0.0153,0.0144,2015-10-08,XSHG
31,10000272.XSHG,0.4459,0.4558,2015-10-08,XSHG
32,10000273.XSHG,0.4907,0.5068,2015-10-08,XSHG
33,10000393.XSHG,0.3644,0.3811,2015-10-08,XSHG
34,10000279.XSHG,0.0301,0.026,2015-10-08,XSHG
35,10000289.XSHG,0.0372,0.0368,2015-10-08,XSHG
36,10000288.XSHG,0.0417,0.0402,2015-10-08,XSHG
37,10000280.XSHG,0.4023,0.41,2015-10-08,XSHG
38,10000285.XSHG,0.0382,0.0321,2015-10-08,XSHG
39,10000287.XSHG,0.0477,0.0475,2015-10-08,XSHG
40,10000286.XSHG,0.3603,0.3603,2015-10-08,XSHG
41,10000414.XSHG,0.0205,0.0207,2015-10-08,XSHG
42,10000415.XSHG,0.131,0.1129,2015-10-08,XSHG
43,10000416.XSHG,0.1002,0.0791,2015-10-08,XSHG
44,10000417.XSHG,0.0679,0.0541,2015-10-08,XSHG
45,10000410.XSHG,0.004,0.0042,2015-10-08,XSHG
46,10000411.XSHG,0.003,0.0062,2015-10-08,XSHG
47,10000412.XSHG,0.0026,0.009,2015-10-08,XSHG
48,10000413.XSHG,0.005,0.0132,2015-10-08,XSHG
49,10000418.XSHG,0.0241,0.0313,2015-10-08,XSHG
50,10000419.XSHG,0.03,0.0482,2015-10-08,XSHG
51,10000308.XSHG,0.0924,0.0845,2015-10-08,XSHG
52,10000309.XSHG,0.0804,0.0747,2015-10-08,XSHG
53,10000397.XSHG,0.0213,0.0278,2015-10-08,XSHG
54,10000303.XSHG,0.054,0.0526,2015-10-08,XSHG
55,10000304.XSHG,0.0454,0.0433,2015-10-08,XSHG
56,10000305.XSHG,0.2803,0.2909,2015-10-08,XSHG
57,10000306.XSHG,0.3192,0.3192,2015-10-08,XSHG
58,10000307.XSHG,0.1058,0.1022,2015-10-08,XSHG
59,10000395.XSHG,0.3186,0.2991,2015-10-08,XSHG
60,10000394.XSHG,0.3385,0.341,2015-10-08,XSHG
61,10000407.XSHG,0.2724,0.2426,2015-10-08,XSHG
62,10000406.XSHG,0.3251,0.2872,2015-10-08,XSHG
63,10000405.XSHG,0.3594,0.3342,2015-10-08,XSHG
64,10000404.XSHG,0.0799,0.0808,2015-10-08,XSHG
65,10000403.XSHG,0.0643,0.065,2015-10-08,XSHG
66,10000396.XSHG,0.0204,0.0209,2015-10-08,XSHG
67,10000401.XSHG,0.3336,0.336,2015-10-08,XSHG
68,10000400.XSHG,0.3722,0.3722,2015-10-08,XSHG
69,10000399.XSHG,0.4159,0.4,2015-10-08,XSHG
70,10000398.XSHG,0.0303,0.0378,2015-10-08,XSHG
71,10000409.XSHG,0.1786,0.1506,2015-10-08,XSHG
72,10000408.XSHG,0.2152,0.1931,2015-10-08,XSHG
73,10000319.XSHG,0.08,0.0625,2015-10-08,XSHG
74,10000313.XSHG,0.3724,0.3724,2015-10-08,XSHG
75,10000312.XSHG,0.3376,0.3376,2015-10-08,XSHG
76,10000311.XSHG,0.06,0.0545,2015-10-08,XSHG
77,10000310.XSHG,0.0695,0.0641,2015-10-08,XSHG
78,10000316.XSHG,0.5049,0.5065,2015-10-08,XSHG
79,10000315.XSHG,0.4558,0.4558,2015-10-08,XSHG
80,10000314.XSHG,0.4091,0.4091,2015-10-08,XSHG
81,10000380.XSHG,0.1605,0.1635,2015-10-08,XSHG
82,10000240.XSHG,0.6309,0.6423,2015-10-08,XSHG
83,10000328.XSHG,0.2727,0.269,2015-10-08,XSHG
84,10000326.XSHG,0.2079,0.22,2015-10-08,XSHG
85,10000327.XSHG,0.1375,0.1338,2015-10-08,XSHG
86,10000325.XSHG,0.0875,0.0768,2015-10-08,XSHG
87,10000322.XSHG,0.3043,0.299,2015-10-08,XSHG
88,10000320.XSHG,0.242,0.25,2015-10-08,XSHG
89,10000321.XSHG,0.1208,0.1182,2015-10-08,XSHG
90,10000331.XSHG,0.105,0.0979,2015-10-08,XSHG
91,10000239.XSHG,0.584,0.584,2015-10-08,XSHG
92,10000333.XSHG,0.1562,0.1573,2015-10-08,XSHG
93,10000332.XSHG,0.1746,0.181,2015-10-08,XSHG
94,10000334.XSHG,0.2399,0.2429,2015-10-08,XSHG
95,10000237.XSHG,0.0123,0.0111,2015-10-08,XSHG
96,10000438.XSHG,0.0394,0.0419,2015-10-08,XSHG
97,10000228.XSHG,1.4072,1.4224,2015-10-08,XSHG
98,10000432.XSHG,0.078,0.0619,2015-10-08,XSHG
99,10000433.XSHG,0.1,0.085,2015-10-08,XSHG
100,10000430.XSHG,0.0776,0.0615,2015-10-08,XSHG
101,10000431.XSHG,0.059,0.0443,2015-10-08,XSHG
102,10000436.XSHG,0.1622,0.1719,2015-10-08,XSHG
103,10000437.XSHG,0.1915,0.1613,2015-10-08,XSHG
104,10000434.XSHG,0.0999,0.1082,2015-10-08,XSHG
105,10000435.XSHG,0.1268,0.1392,2015-10-08,XSHG
106,10000344.XSHG,0.1472,0.1545,2015-10-08,XSHG
107,10000345.XSHG,0.2001,0.1973,2015-10-08,XSHG
108,10000346.XSHG,0.1772,0.1799,2015-10-08,XSHG
109,10000347.XSHG,0.1859,0.185,2015-10-08,XSHG
110,10000341.XSHG,0.15,0.1446,2015-10-08,XSHG
111,10000342.XSHG,0.1264,0.1162,2015-10-08,XSHG
112,10000343.XSHG,0.1173,0.126,2015-10-08,XSHG
113,10000348.XSHG,0.2126,0.2085,2015-10-08,XSHG
114,10000227.XSHG,0.0017,0.0018,2015-10-08,XSHG
115,10000429.XSHG,0.085,0.0827,2015-10-08,XSHG
116,10000269.XSHG,0.0244,0.0222,2015-10-08,XSHG
117,10000425.XSHG,0.016,0.0146,2015-10-08,XSHG
118,10000424.XSHG,0.1125,0.1399,2015-10-08,XSHG
119,10000427.XSHG,0.1573,0.13,2015-10-08,XSHG
120,10000426.XSHG,0.1524,0.1821,2015-10-08,XSHG
121,10000421.XSHG,0.042,0.0367,2015-10-08,XSHG
122,10000420.XSHG,0.0494,0.0715,2015-10-08,XSHG
123,10000423.XSHG,0.026,0.0241,2015-10-08,XSHG
124,10000422.XSHG,0.0879,0.1024,2015-10-08,XSHG
125,10000296.XSHG,0.7,0.7,2015-10-08,XSHG
126,10000297.XSHG,0.0219,0.0208,2015-10-08,XSHG
127,10000294.XSHG,0.6122,0.6122,2015-10-08,XSHG
128,10000295.XSHG,0.6557,0.6557,2015-10-08,XSHG
129,10000292.XSHG,0.5321,0.5321,2015-10-08,XSHG
130,10000293.XSHG,,,2015-10-08,XSHG
131,10000290.XSHG,0.0296,0.0286,2015-10-08,XSHG
132,10000291.XSHG,0.025,0.0241,2015-10-08,XSHG
133,10000298.XSHG,0.745,0.7515,2015-10-08,XSHG
134,10000238.XSHG,0.0103,0.0094,2015-10-08,XSHG
135,10000183.XSHG,0.0052,0.0042,2015-10-08,XSHG
136,10000186.XSHG,0.0035,0.0018,2015-10-08,XSHG
137,10000187.XSHG,0.0025,0.0021,2015-10-08,XSHG
138,10000184.XSHG,0.0047,0.0032,2015-10-08,XSHG
139,10000185.XSHG,0.0037,0.0031,2015-10-08,XSHG
140,10000188.XSHG,0.8227,0.822,2015-10-08,XSHG
141,10000189.XSHG,0.9148,0.9186,2015-10-08,XSHG
142,10000368.XSHG,0.1735,0.1785,2015-10-09,XSHG
143,10000369.XSHG,0.0493,0.0391,2015-10-09,XSHG
144,10000366.XSHG,0.2302,0.2412,2015-10-09,XSHG
145,10000367.XSHG,0.2033,0.2099,2015-10-09,XSHG
146,10000365.XSHG,0.2689,0.2806,2015-10-09,XSHG
147,10000201.XSHG,0.0054,0.0052,2015-10-09,XSHG
148,10000200.XSHG,1.316,1.305,2015-10-09,XSHG
149,10000203.XSHG,0.0066,0.0069,2015-10-09,XSHG
150,10000202.XSHG,0.7572,0.7572,2015-10-09,XSHG
151,10000205.XSHG,0.0079,0.0081,2015-10-09,XSHG
152,10000204.XSHG,0.721,0.7211,2015-10-09,XSHG
153,10000206.XSHG,0.6777,0.6713,2015-10-09,XSHG
154,10000191.XSHG,,,2015-10-09,XSHG
155,10000190.XSHG,,,2015-10-09,XSHG
156,10000192.XSHG,,,2015-10-09,XSHG
157,10000199.XSHG,0.0017,0.0015,2015-10-09,XSHG
158,10000428.XSHG,0.1118,0.1151,2015-10-09,XSHG
159,10000379.XSHG,0.1306,0.1278,2015-10-09,XSHG
160,10000378.XSHG,0.1114,0.0995,2015-10-09,XSHG
161,10000402.XSHG,0.0474,0.0387,2015-10-09,XSHG
162,10000375.XSHG,0.2598,0.2657,2015-10-09,XSHG
163,10000374.XSHG,0.2895,0.2895,2015-10-09,XSHG
164,10000377.XSHG,0.0934,0.0836,2015-10-09,XSHG
165,10000376.XSHG,0.2324,0.2324,2015-10-09,XSHG
166,10000371.XSHG,0.0823,0.07,2015-10-09,XSHG
167,10000370.XSHG,0.0657,0.0563,2015-10-09,XSHG
168,10000373.XSHG,0.3201,0.3034,2015-10-09,XSHG
169,10000372.XSHG,0.1035,0.09,2015-10-09,XSHG
170,10000274.XSHG,0.531,0.531,2015-10-09,XSHG
171,10000270.XSHG,0.017,0.0178,2015-10-09,XSHG
172,10000271.XSHG,0.014,0.0136,2015-10-09,XSHG
173,10000272.XSHG,0.4438,0.4339,2015-10-09,XSHG
174,10000273.XSHG,0.486,0.486,2015-10-09,XSHG
175,10000393.XSHG,0.3947,0.4083,2015-10-09,XSHG
176,10000279.XSHG,0.029,0.0281,2015-10-09,XSHG
177,10000289.XSHG,0.0395,0.0351,2015-10-09,XSHG
178,10000288.XSHG,0.0437,0.0407,2015-10-09,XSHG
179,10000280.XSHG,0.3913,0.3927,2015-10-09,XSHG
180,10000285.XSHG,0.032,0.0349,2015-10-09,XSHG
181,10000287.XSHG,0.0517,0.0495,2015-10-09,XSHG
182,10000286.XSHG,0.3618,0.3421,2015-10-09,XSHG
183,10000414.XSHG,0.0176,0.013,2015-10-09,XSHG
184,10000415.XSHG,0.1165,0.1255,2015-10-09,XSHG
185,10000416.XSHG,0.0831,0.0902,2015-10-09,XSHG
186,10000417.XSHG,0.0589,0.0613,2015-10-09,XSHG
187,10000410.XSHG,0.0027,0.0029,2015-10-09,XSHG
188,10000411.XSHG,0.005,0.0044,2015-10-09,XSHG
189,10000412.XSHG,0.0075,0.0055,2015-10-09,XSHG
190,10000413.XSHG,0.0116,0.0085,2015-10-09,XSHG
191,10000418.XSHG,0.0271,0.02,2015-10-09,XSHG
192,10000419.XSHG,0.0433,0.0344,2015-10-09,XSHG
193,10000308.XSHG,0.0934,0.09,2015-10-09,XSHG
194,10000309.XSHG,0.0823,0.079,2015-10-09,XSHG
195,10000397.XSHG,0.0283,0.0227,2015-10-09,XSHG
196,10000303.XSHG,0.0529,0.0525,2015-10-09,XSHG
197,10000304.XSHG,0.0424,0.0435,2015-10-09,XSHG
198,10000305.XSHG,0.278,0.265,2015-10-09,XSHG
199,10000306.XSHG,0.2985,0.2985,2015-10-09,XSHG
200,10000307.XSHG,0.1086,0.1055,2015-10-09,XSHG
201,10000395.XSHG,0.3105,0.3141,2015-10-09,XSHG
202,10000394.XSHG,0.3535,0.3646,2015-10-09,XSHG
203,10000407.XSHG,0.2484,0.2626,2015-10-09,XSHG
204,10000406.XSHG,0.2955,0.3109,2015-10-09,XSHG
205,10000405.XSHG,0.3461,0.3588,2015-10-09,XSHG
206,10000404.XSHG,0.0738,0.0666,2015-10-09,XSHG
207,10000403.XSHG,0.0595,0.0526,2015-10-09,XSHG
208,10000396.XSHG,0.0209,0.0175,2015-10-09,XSHG
209,10000401.XSHG,0.3518,0.3383,2015-10-09,XSHG
210,10000400.XSHG,0.3996,0.388,2015-10-09,XSHG
211,10000399.XSHG,0.4192,0.4197,2015-10-09,XSHG
212,10000398.XSHG,0.0375,0.0313,2015-10-09,XSHG
213,10000409.XSHG,0.1577,0.1712,2015-10-09,XSHG
214,10000408.XSHG,0.204,0.215,2015-10-09,XSHG
215,10000319.XSHG,0.0705,0.0675,2015-10-09,XSHG
216,10000313.XSHG,0.3653,0.3653,2015-10-09,XSHG
217,10000312.XSHG,0.3327,0.3079,2015-10-09,XSHG
218,10000311.XSHG,0.0593,0.0565,2015-10-09,XSHG
219,10000310.XSHG,0.0697,0.067,2015-10-09,XSHG
220,10000316.XSHG,0.4672,0.4624,2015-10-09,XSHG
221,10000315.XSHG,0.4331,0.4331,2015-10-09,XSHG
222,10000314.XSHG,0.3986,0.3986,2015-10-09,XSHG
223,10000380.XSHG,0.1556,0.145,2015-10-09,XSHG
224,10000240.XSHG,0.624,0.6189,2015-10-09,XSHG
225,10000328.XSHG,0.2698,0.261,2015-10-09,XSHG
226,10000326.XSHG,0.22,0.1986,2015-10-09,XSHG
227,10000327.XSHG,0.1454,0.1377,2015-10-09,XSHG
228,10000325.XSHG,0.083,0.0836,2015-10-09,XSHG
229,10000322.XSHG,0.3009,0.2875,2015-10-09,XSHG
230,10000320.XSHG,0.2429,0.2311,2015-10-09,XSHG
231,10000321.XSHG,0.1247,0.1208,2015-10-09,XSHG
232,10000331.XSHG,0.1011,0.1053,2015-10-09,XSHG
233,10000239.XSHG,0.58,0.5616,2015-10-09,XSHG
234,10000333.XSHG,0.1627,0.1591,2015-10-09,XSHG
235,10000332.XSHG,0.1866,0.165,2015-10-09,XSHG
236,10000334.XSHG,0.2397,0.2347,2015-10-09,XSHG
237,10000237.XSHG,0.0119,0.0111,2015-10-09,XSHG
238,10000438.XSHG,0.0399,0.0301,2015-10-09,XSHG
239,10000228.XSHG,1.407,1.4,2015-10-09,XSHG
240,10000432.XSHG,0.0586,0.0487,2015-10-09,XSHG
241,10000433.XSHG,0.0807,0.0709,2015-10-09,XSHG
242,10000430.XSHG,0.061,0.0699,2015-10-09,XSHG
243,10000431.XSHG,0.044,0.0506,2015-10-09,XSHG
244,10000436.XSHG,0.1697,0.1538,2015-10-09,XSHG
245,10000437.XSHG,0.1722,0.1791,2015-10-09,XSHG
246,10000434.XSHG,0.1036,0.0926,2015-10-09,XSHG
247,10000435.XSHG,0.1345,0.1237,2015-10-09,XSHG
248,10000344.XSHG,0.1571,0.1338,2015-10-09,XSHG
249,10000345.XSHG,0.2078,0.21,2015-10-09,XSHG
250,10000346.XSHG,0.184,0.1785,2015-10-09,XSHG
251,10000347.XSHG,0.1824,0.1654,2015-10-09,XSHG
252,10000341.XSHG,0.148,0.1549,2015-10-09,XSHG
253,10000342.XSHG,0.1221,0.1244,2015-10-09,XSHG
254,10000343.XSHG,0.1277,0.109,2015-10-09,XSHG
255,10000348.XSHG,0.2105,0.1965,2015-10-09,XSHG
256,10000227.XSHG,0.0018,0.0019,2015-10-09,XSHG
257,10000429.XSHG,0.088,0.0902,2015-10-09,XSHG
258,10000269.XSHG,0.0225,0.0229,2015-10-09,XSHG
259,10000425.XSHG,0.0168,0.0161,2015-10-09,XSHG
260,10000424.XSHG,0.136,0.1195,2015-10-09,XSHG
261,10000427.XSHG,0.14,0.1449,2015-10-09,XSHG
262,10000426.XSHG,0.1782,0.16,2015-10-09,XSHG
263,10000421.XSHG,0.0375,0.0408,2015-10-09,XSHG
264,10000420.XSHG,0.068,0.0542,2015-10-09,XSHG
265,10000423.XSHG,0.0266,0.0276,2015-10-09,XSHG
266,10000422.XSHG,0.0984,0.0825,2015-10-09,XSHG
267,10000296.XSHG,0.6829,0.6829,2015-10-09,XSHG
268,10000297.XSHG,0.0205,0.0207,2015-10-09,XSHG
269,10000294.XSHG,0.5973,0.5973,2015-10-09,XSHG
270,10000295.XSHG,0.6385,0.6385,2015-10-09,XSHG
271,10000292.XSHG,0.5023,0.5023,2015-10-09,XSHG
272,10000293.XSHG,0.5765,0.551,2015-10-09,XSHG
273,10000290.XSHG,0.0312,0.0296,2015-10-09,XSHG
274,10000291.XSHG,0.0262,0.0251,2015-10-09,XSHG
275,10000298.XSHG,0.728,0.7232,2015-10-09,XSHG
276,10000238.XSHG,0.0102,0.0102,2015-10-09,XSHG
277,10000183.XSHG,0.0046,0.0043,2015-10-09,XSHG
278,10000186.XSHG,0.0021,0.0027,2015-10-09,XSHG
279,10000187.XSHG,0.0021,0.0023,2015-10-09,XSHG
280,10000184.XSHG,0.0035,0.0036,2015-10-09,XSHG
281,10000185.XSHG,0.003,0.0031,2015-10-09,XSHG
282,10000188.XSHG,0.8062,0.8061,2015-10-09,XSHG
283,10000189.XSHG,0.9133,0.9133,2015-10-09,XSHG
284,10000368.XSHG,0.1805,0.223,2015-10-12,XSHG
285,10000369.XSHG,0.037,0.0266,2015-10-12,XSHG
286,10000366.XSHG,0.2569,0.2999,2015-10-12,XSHG
287,10000367.XSHG,0.2253,0.2693,2015-10-12,XSHG
288,10000365.XSHG,0.295,0.3398,2015-10-12,XSHG
289,10000201.XSHG,0.0069,0.0068,2015-10-12,XSHG
290,10000200.XSHG,1.2093,1.2248,2015-10-12,XSHG
291,10000203.XSHG,0.0074,0.008,2015-10-12,XSHG
292,10000202.XSHG,0.7501,0.693,2015-10-12,XSHG
293,10000205.XSHG,0.009,0.0098,2015-10-12,XSHG
294,10000204.XSHG,0.7022,0.6344,2015-10-12,XSHG
295,10000206.XSHG,0.6473,0.5808,2015-10-12,XSHG
296,10000191.XSHG,,,2015-10-12,XSHG
297,10000190.XSHG,0.9938,0.92,2015-10-12,XSHG
298,10000192.XSHG,1.1131,1.1135,2015-10-12,XSHG
299,10000199.XSHG,0.0022,0.0017,2015-10-12,XSHG
300,10000428.XSHG,0.1247,0.1724,2015-10-12,XSHG
301,10000379.XSHG,0.1156,0.098,2015-10-12,XSHG
302,10000378.XSHG,0.0916,0.0817,2015-10-12,XSHG
303,10000402.XSHG,0.036,0.0321,2015-10-12,XSHG
304,10000375.XSHG,0.2904,0.3277,2015-10-12,XSHG
305,10000374.XSHG,0.3053,0.3562,2015-10-12,XSHG
306,10000377.XSHG,0.0768,0.0713,2015-10-12,XSHG
307,10000376.XSHG,0.2496,0.2806,2015-10-12,XSHG
308,10000371.XSHG,0.0636,0.0463,2015-10-12,XSHG
309,10000370.XSHG,0.0492,0.0369,2015-10-12,XSHG
310,10000373.XSHG,0.3334,0.3892,2015-10-12,XSHG
311,10000372.XSHG,0.0822,0.0601,2015-10-12,XSHG
312,10000274.XSHG,0.505,0.4409,2015-10-12,XSHG
313,10000270.XSHG,0.0197,0.0244,2015-10-12,XSHG
314,10000271.XSHG,0.0152,0.0181,2015-10-12,XSHG
315,10000272.XSHG,0.415,0.3623,2015-10-12,XSHG
316,10000273.XSHG,0.46,0.4067,2015-10-12,XSHG
317,10000393.XSHG,0.4262,0.4633,2015-10-12,XSHG
318,10000279.XSHG,0.0313,0.0385,2015-10-12,XSHG
319,10000289.XSHG,0.0371,0.0494,2015-10-12,XSHG
320,10000288.XSHG,0.0431,0.0565,2015-10-12,XSHG
321,10000280.XSHG,0.37,0.3265,2015-10-12,XSHG
322,10000285.XSHG,0.0378,0.0452,2015-10-12,XSHG
323,10000287.XSHG,0.0527,0.0679,2015-10-12,XSHG
324,10000286.XSHG,0.3211,0.2824,2015-10-12,XSHG
325,10000414.XSHG,0.0098,0.0077,2015-10-12,XSHG
326,10000415.XSHG,0.1369,0.1969,2015-10-12,XSHG
327,10000416.XSHG,0.0989,0.1517,2015-10-12,XSHG
328,10000417.XSHG,0.0688,0.1118,2015-10-12,XSHG
329,10000410.XSHG,0.0016,0.0015,2015-10-12,XSHG
330,10000411.XSHG,0.0027,0.0029,2015-10-12,XSHG
331,10000412.XSHG,0.004,0.004,2015-10-12,XSHG
332,10000413.XSHG,0.0058,0.0058,2015-10-12,XSHG
333,10000418.XSHG,0.0158,0.0118,2015-10-12,XSHG
334,10000419.XSHG,0.0273,0.0194,2015-10-12,XSHG
335,10000308.XSHG,0.1018,0.1244,2015-10-12,XSHG
336,10000309.XSHG,0.0863,0.1063,2015-10-12,XSHG
337,10000397.XSHG,0.0201,0.0139,2015-10-12,XSHG
338,10000303.XSHG,0.0565,0.073,2015-10-12,XSHG
339,10000304.XSHG,0.048,0.0575,2015-10-12,XSHG
340,10000305.XSHG,0.251,0.2077,2015-10-12,XSHG
341,10000306.XSHG,0.2394,0.236,2015-10-12,XSHG
342,10000307.XSHG,0.116,0.1406,2015-10-12,XSHG
343,10000395.XSHG,0.3375,0.3828,2015-10-12,XSHG
344,10000394.XSHG,0.3835,0.4286,2015-10-12,XSHG
345,10000407.XSHG,0.2836,0.3335,2015-10-12,XSHG
346,10000406.XSHG,0.3315,0.3821,2015-10-12,XSHG
347,10000405.XSHG,0.3776,0.4331,2015-10-12,XSHG
348,10000404.XSHG,0.0609,0.0506,2015-10-12,XSHG
349,10000403.XSHG,0.0487,0.0434,2015-10-12,XSHG
350,10000396.XSHG,0.0169,0.0102,2015-10-12,XSHG
351,10000401.XSHG,0.3676,0.4144,2015-10-12,XSHG
352,10000400.XSHG,0.4087,0.4653,2015-10-12,XSHG
353,10000399.XSHG,0.4282,0.5038,2015-10-12,XSHG
354,10000398.XSHG,0.0282,0.0195,2015-10-12,XSHG
355,10000409.XSHG,0.1885,0.242,2015-10-12,XSHG
356,10000408.XSHG,0.236,0.2874,2015-10-12,XSHG
357,10000319.XSHG,0.0705,0.0935,2015-10-12,XSHG
358,10000313.XSHG,0.3059,0.2903,2015-10-12,XSHG
359,10000312.XSHG,0.2698,0.2557,2015-10-12,XSHG
360,10000311.XSHG,0.0618,0.0791,2015-10-12,XSHG
361,10000310.XSHG,0.0732,0.093,2015-10-12,XSHG
362,10000316.XSHG,0.4069,0.4069,2015-10-12,XSHG
363,10000315.XSHG,0.3719,0.3719,2015-10-12,XSHG
364,10000314.XSHG,0.3379,0.3379,2015-10-12,XSHG
365,10000380.XSHG,0.1336,0.1199,2015-10-12,XSHG
366,10000240.XSHG,0.53,0.5399,2015-10-12,XSHG
367,10000328.XSHG,0.2373,0.2055,2015-10-12,XSHG
368,10000326.XSHG,0.1871,0.1469,2015-10-12,XSHG
369,10000327.XSHG,0.1519,0.1842,2015-10-12,XSHG
370,10000325.XSHG,0.0913,0.111,2015-10-12,XSHG
371,10000322.XSHG,0.2655,0.2311,2015-10-12,XSHG
372,10000320.XSHG,0.2126,0.1773,2015-10-12,XSHG
373,10000321.XSHG,0.125,0.165,2015-10-12,XSHG
374,10000331.XSHG,0.1131,0.136,2015-10-12,XSHG
375,10000239.XSHG,0.555,0.5021,2015-10-12,XSHG
376,10000333.XSHG,0.1729,0.2115,2015-10-12,XSHG
377,10000332.XSHG,0.1432,0.1198,2015-10-12,XSHG
378,10000334.XSHG,0.2056,0.1818,2015-10-12,XSHG
379,10000237.XSHG,0.0126,0.0143,2015-10-12,XSHG
380,10000438.XSHG,0.027,0.0204,2015-10-12,XSHG
381,10000228.XSHG,1.3913,1.3096,2015-10-12,XSHG
382,10000432.XSHG,0.0424,0.0307,2015-10-12,XSHG
383,10000433.XSHG,0.0626,0.0445,2015-10-12,XSHG
384,10000430.XSHG,0.0746,0.1058,2015-10-12,XSHG
385,10000431.XSHG,0.055,0.081,2015-10-12,XSHG
386,10000436.XSHG,0.148,0.1059,2015-10-12,XSHG
387,10000437.XSHG,0.1931,0.244,2015-10-12,XSHG
388,10000434.XSHG,0.0864,0.0628,2015-10-12,XSHG
389,10000435.XSHG,0.1179,0.0802,2015-10-12,XSHG
390,10000344.XSHG,0.1276,0.0984,2015-10-12,XSHG
391,10000345.XSHG,0.221,0.2663,2015-10-12,XSHG
392,10000346.XSHG,0.1939,0.2369,2015-10-12,XSHG
393,10000347.XSHG,0.1571,0.1355,2015-10-12,XSHG
394,10000341.XSHG,0.1622,0.192,2015-10-12,XSHG
395,10000342.XSHG,0.1376,0.165,2015-10-12,XSHG
396,10000343.XSHG,0.1008,0.0782,2015-10-12,XSHG
397,10000348.XSHG,0.1805,0.156,2015-10-12,XSHG
398,10000227.XSHG,0.0019,0.0024,2015-10-12,XSHG
399,10000429.XSHG,0.095,0.1362,2015-10-12,XSHG
400,10000269.XSHG,0.025,0.0298,2015-10-12,XSHG
401,10000425.XSHG,0.0172,0.033,2015-10-12,XSHG
402,10000424.XSHG,0.1059,0.0695,2015-10-12,XSHG
403,10000427.XSHG,0.1553,0.2076,2015-10-12,XSHG
404,10000426.XSHG,0.1433,0.1008,2015-10-12,XSHG
405,10000421.XSHG,0.043,0.0795,2015-10-12,XSHG
406,10000420.XSHG,0.0505,0.031,2015-10-12,XSHG
407,10000423.XSHG,0.03,0.0526,2015-10-12,XSHG
408,10000422.XSHG,0.0795,0.048,2015-10-12,XSHG
409,10000296.XSHG,0.6063,0.6063,2015-10-12,XSHG
410,10000297.XSHG,0.0228,0.0309,2015-10-12,XSHG
411,10000294.XSHG,0.5222,0.5222,2015-10-12,XSHG
412,10000295.XSHG,0.5638,0.5638,2015-10-12,XSHG
413,10000292.XSHG,0.443,0.443,2015-10-12,XSHG
414,10000293.XSHG,0.5287,0.47,2015-10-12,XSHG
415,10000290.XSHG,0.0314,0.0421,2015-10-12,XSHG
416,10000291.XSHG,0.0264,0.0376,2015-10-12,XSHG
417,10000298.XSHG,0.712,0.6399,2015-10-12,XSHG
418,10000238.XSHG,0.0108,0.0119,2015-10-12,XSHG
419,10000183.XSHG,0.0056,0.0057,2015-10-12,XSHG
420,10000186.XSHG,0.0028,0.0027,2015-10-12,XSHG
421,10000187.XSHG,0.0025,0.0024,2015-10-12,XSHG
422,10000184.XSHG,0.0036,0.004,2015-10-12,XSHG
423,10000185.XSHG,0.003,0.003,2015-10-12,XSHG
424,10000188.XSHG,0.7437,0.7219,2015-10-12,XSHG
425,10000189.XSHG,0.8961,0.82,2015-10-12,XSHG
426,10000368.XSHG,0.2195,0.2155,2015-10-13,XSHG
427,10000369.XSHG,0.0283,0.0274,2015-10-13,XSHG
428,10000366.XSHG,0.2862,0.2951,2015-10-13,XSHG
429,10000367.XSHG,0.256,0.256,2015-10-13,XSHG
430,10000365.XSHG,0.3299,0.334,2015-10-13,XSHG
431,10000201.XSHG,0.0052,0.0068,2015-10-13,XSHG
432,10000200.XSHG,1.2281,1.228,2015-10-13,XSHG
433,10000203.XSHG,0.0069,0.0078,2015-10-13,XSHG
434,10000202.XSHG,0.6947,0.6978,2015-10-13,XSHG
435,10000205.XSHG,0.008,0.0097,2015-10-13,XSHG
436,10000204.XSHG,,,2015-10-13,XSHG
437,10000206.XSHG,,,2015-10-13,XSHG
438,10000191.XSHG,1.03,1.03,2015-10-13,XSHG
439,10000190.XSHG,0.9312,0.9312,2015-10-13,XSHG
440,10000192.XSHG,1.1355,1.1355,2015-10-13,XSHG
441,10000199.XSHG,0.0015,0.0018,2015-10-13,XSHG
442,10000428.XSHG,0.1558,0.1606,2015-10-13,XSHG
443,10000379.XSHG,0.0988,0.0949,2015-10-13,XSHG
444,10000378.XSHG,0.0794,0.08,2015-10-13,XSHG
445,10000375.XSHG,0.2989,0.31,2015-10-13,XSHG
446,10000374.XSHG,0.3325,0.3343,2015-10-13,XSHG
447,10000377.XSHG,0.0647,0.0641,2015-10-13,XSHG
448,10000376.XSHG,0.2752,0.2818,2015-10-13,XSHG
449,10000371.XSHG,0.0506,0.0476,2015-10-13,XSHG
450,10000370.XSHG,0.0405,0.0387,2015-10-13,XSHG
451,10000373.XSHG,0.369,0.3629,2015-10-13,XSHG
452,10000372.XSHG,0.0655,0.063,2015-10-13,XSHG
453,10000274.XSHG,,,2015-10-13,XSHG
454,10000270.XSHG,0.0198,0.0222,2015-10-13,XSHG
455,10000271.XSHG,0.0157,0.0176,2015-10-13,XSHG
456,10000272.XSHG,,,2015-10-13,XSHG
457,10000273.XSHG,,,2015-10-13,XSHG
458,10000393.XSHG,0.4609,0.4613,2015-10-13,XSHG
459,10000279.XSHG,0.0322,0.034,2015-10-13,XSHG
460,10000289.XSHG,0.0449,0.0421,2015-10-13,XSHG
461,10000288.XSHG,0.0518,0.0528,2015-10-13,XSHG
462,10000280.XSHG,0.3242,0.3276,2015-10-13,XSHG
463,10000285.XSHG,0.0409,0.0433,2015-10-13,XSHG
464,10000287.XSHG,0.0648,0.0606,2015-10-13,XSHG
465,10000286.XSHG,0.285,0.2863,2015-10-13,XSHG
466,10000414.XSHG,0.0089,0.0072,2015-10-13,XSHG
467,10000415.XSHG,0.1838,0.1842,2015-10-13,XSHG
468,10000416.XSHG,0.136,0.1408,2015-10-13,XSHG
469,10000417.XSHG,0.1037,0.1035,2015-10-13,XSHG
470,10000410.XSHG,0.0015,0.0011,2015-10-13,XSHG
471,10000411.XSHG,0.0026,0.0019,2015-10-13,XSHG
472,10000412.XSHG,0.0041,0.0032,2015-10-13,XSHG
473,10000413.XSHG,0.0064,0.0044,2015-10-13,XSHG
474,10000418.XSHG,0.0145,0.0115,2015-10-13,XSHG
475,10000419.XSHG,0.0223,0.0185,2015-10-13,XSHG
476,10000308.XSHG,0.114,0.118,2015-10-13,XSHG
477,10000309.XSHG,0.0987,0.1012,2015-10-13,XSHG
478,10000397.XSHG,0.0153,0.0158,2015-10-13,XSHG
479,10000303.XSHG,0.0655,0.0693,2015-10-13,XSHG
480,10000304.XSHG,0.0519,0.0555,2015-10-13,XSHG
481,10000305.XSHG,0.2142,0.2084,2015-10-13,XSHG
482,10000306.XSHG,0.2491,0.2491,2015-10-13,XSHG
483,10000307.XSHG,0.1299,0.1318,2015-10-13,XSHG
484,10000395.XSHG,0.3744,0.3844,2015-10-13,XSHG
485,10000394.XSHG,0.413,0.4132,2015-10-13,XSHG
486,10000407.XSHG,0.3167,0.326,2015-10-13,XSHG
487,10000406.XSHG,0.368,0.3743,2015-10-13,XSHG
488,10000405.XSHG,0.4152,0.4217,2015-10-13,XSHG
489,10000404.XSHG,0.0551,0.0505,2015-10-13,XSHG
490,10000403.XSHG,0.0447,0.04,2015-10-13,XSHG
491,10000396.XSHG,0.0108,0.0104,2015-10-13,XSHG
492,10000401.XSHG,0.4041,0.4009,2015-10-13,XSHG
493,10000400.XSHG,0.4524,0.4524,2015-10-13,XSHG
494,10000399.XSHG,0.4944,0.4877,2015-10-13,XSHG
495,10000398.XSHG,0.0212,0.0201,2015-10-13,XSHG
496,10000409.XSHG,0.2227,0.2307,2015-10-13,XSHG
497,10000408.XSHG,0.2692,0.2753,2015-10-13,XSHG
498,10000319.XSHG,0.0823,0.0901,2015-10-13,XSHG
499,10000313.XSHG,0.2937,0.2928,2015-10-13,XSHG
500,10000312.XSHG,0.2766,0.2766,2015-10-13,XSHG
501,10000311.XSHG,0.0727,0.0713,2015-10-13,XSHG
502,10000310.XSHG,0.0855,0.0868,2015-10-13,XSHG
503,10000316.XSHG,,,2015-10-13,XSHG
504,10000315.XSHG,0.3742,0.3742,2015-10-13,XSHG
505,10000314.XSHG,,,2015-10-13,XSHG
506,10000380.XSHG,0.1148,0.1131,2015-10-13,XSHG
507,10000240.XSHG,0.55,0.5427,2015-10-13,XSHG
508,10000328.XSHG,0.2091,0.209,2015-10-13,XSHG
509,10000326.XSHG,0.155,0.1528,2015-10-13,XSHG
510,10000327.XSHG,0.1849,0.1733,2015-10-13,XSHG
511,10000325.XSHG,0.1018,0.1096,2015-10-13,XSHG
512,10000322.XSHG,0.2471,0.2388,2015-10-13,XSHG
513,10000320.XSHG,0.1822,0.1804,2015-10-13,XSHG
514,10000321.XSHG,0.156,0.1509,2015-10-13,XSHG
515,10000228.XSHG,1.3387,1.3423,2015-10-13,XSHG
516,10000331.XSHG,0.1247,0.1335,2015-10-13,XSHG
517,10000239.XSHG,,,2015-10-13,XSHG
518,10000333.XSHG,0.1934,0.1974,2015-10-13,XSHG
519,10000332.XSHG,0.1283,0.1233,2015-10-13,XSHG
520,10000334.XSHG,0.189,0.1807,2015-10-13,XSHG
521,10000237.XSHG,0.0125,0.0142,2015-10-13,XSHG
522,10000438.XSHG,0.023,0.0208,2015-10-13,XSHG
523,10000439.XSHG,0.0149,0.0185,2015-10-13,XSHG
524,10000432.XSHG,0.0342,0.032,2015-10-13,XSHG
525,10000433.XSHG,0.0492,0.0479,2015-10-13,XSHG
526,10000430.XSHG,0.0962,0.1004,2015-10-13,XSHG
527,10000431.XSHG,0.0711,0.0768,2015-10-13,XSHG
528,10000436.XSHG,0.1155,0.116,2015-10-13,XSHG
529,10000437.XSHG,0.2299,0.2332,2015-10-13,XSHG
530,10000434.XSHG,0.0688,0.0661,2015-10-13,XSHG
531,10000435.XSHG,0.0863,0.0878,2015-10-13,XSHG
532,10000342.XSHG,0.1511,0.1561,2015-10-13,XSHG
533,10000344.XSHG,0.1048,0.1025,2015-10-13,XSHG
534,10000345.XSHG,0.2434,0.2463,2015-10-13,XSHG
535,10000346.XSHG,0.2161,0.2261,2015-10-13,XSHG
536,10000347.XSHG,0.1429,0.1361,2015-10-13,XSHG
537,10000341.XSHG,0.1913,0.1926,2015-10-13,XSHG
538,10000402.XSHG,0.0338,0.0292,2015-10-13,XSHG
539,10000343.XSHG,0.0843,0.0787,2015-10-13,XSHG
540,10000348.XSHG,0.1667,0.1585,2015-10-13,XSHG
541,10000227.XSHG,0.002,0.002,2015-10-13,XSHG
542,10000429.XSHG,0.1242,0.1275,2015-10-13,XSHG
543,10000269.XSHG,0.0253,0.0276,2015-10-13,XSHG
544,10000425.XSHG,0.0295,0.0326,2015-10-13,XSHG
545,10000424.XSHG,0.0818,0.0758,2015-10-13,XSHG
546,10000427.XSHG,0.19,0.194,2015-10-13,XSHG
547,10000426.XSHG,0.1157,0.106,2015-10-13,XSHG
548,10000421.XSHG,0.0725,0.0729,2015-10-13,XSHG
549,10000420.XSHG,0.0375,0.0311,2015-10-13,XSHG
550,10000423.XSHG,0.0506,0.0492,2015-10-13,XSHG
551,10000422.XSHG,0.052,0.0494,2015-10-13,XSHG
552,10000296.XSHG,0.6102,0.6102,2015-10-13,XSHG
553,10000297.XSHG,0.0285,0.0263,2015-10-13,XSHG
554,10000294.XSHG,,,2015-10-13,XSHG
555,10000295.XSHG,0.5687,0.5687,2015-10-13,XSHG
556,10000292.XSHG,0.4473,0.4473,2015-10-13,XSHG
557,10000293.XSHG,0.4878,0.4878,2015-10-13,XSHG
558,10000290.XSHG,0.0385,0.0389,2015-10-13,XSHG
559,10000291.XSHG,0.0341,0.0322,2015-10-13,XSHG
560,10000443.XSHG,0.1416,0.1464,2015-10-13,XSHG
561,10000442.XSHG,0.037,0.044,2015-10-13,XSHG
562,10000441.XSHG,0.053,0.0589,2015-10-13,XSHG
563,10000440.XSHG,0.152,0.1464,2015-10-13,XSHG
564,10000298.XSHG,0.6599,0.6621,2015-10-13,XSHG
565,10000444.XSHG,0.175,0.182,2015-10-13,XSHG
566,10000238.XSHG,0.0103,0.0109,2015-10-13,XSHG
567,10000183.XSHG,0.0044,0.0056,2015-10-13,XSHG
568,10000186.XSHG,0.0025,0.003,2015-10-13,XSHG
569,10000187.XSHG,0.0023,0.0021,2015-10-13,XSHG
570,10000184.XSHG,0.0029,0.0044,2015-10-13,XSHG
571,10000185.XSHG,0.0022,0.0032,2015-10-13,XSHG
572,10000188.XSHG,0.7447,0.746,2015-10-13,XSHG
573,10000189.XSHG,0.8436,0.8413,2015-10-13,XSHG
574,10000368.XSHG,0.2185,0.204,2015-10-14,XSHG
575,10000369.XSHG,0.0294,0.0312,2015-10-14,XSHG
576,10000366.XSHG,0.2939,0.2798,2015-10-14,XSHG
577,10000367.XSHG,0.2485,0.2427,2015-10-14,XSHG
578,10000365.XSHG,0.335,0.32,2015-10-14,XSHG
579,10000201.XSHG,0.0052,0.0057,2015-10-14,XSHG
580,10000200.XSHG,1.2438,1.2438,2015-10-14,XSHG
581,10000203.XSHG,0.0065,0.007,2015-10-14,XSHG
582,10000202.XSHG,0.684,0.684,2015-10-14,XSHG
583,10000205.XSHG,0.0084,0.0087,2015-10-14,XSHG
584,10000204.XSHG,0.645,0.6622,2015-10-14,XSHG
585,10000206.XSHG,0.5502,0.6096,2015-10-14,XSHG
586,10000191.XSHG,1.0366,1.0275,2015-10-14,XSHG
587,10000190.XSHG,0.9411,0.93,2015-10-14,XSHG
588,10000192.XSHG,1.1294,1.1294,2015-10-14,XSHG
589,10000199.XSHG,0.0013,0.002,2015-10-14,XSHG
590,10000428.XSHG,0.15,0.1461,2015-10-14,XSHG
591,10000379.XSHG,0.0961,0.0951,2015-10-14,XSHG
592,10000378.XSHG,0.0798,0.0806,2015-10-14,XSHG
593,10000375.XSHG,0.3035,0.3035,2015-10-14,XSHG
594,10000374.XSHG,0.3271,0.3144,2015-10-14,XSHG
595,10000377.XSHG,0.0625,0.0659,2015-10-14,XSHG
596,10000376.XSHG,0.2674,0.259,2015-10-14,XSHG
597,10000371.XSHG,0.0518,0.051,2015-10-14,XSHG
598,10000370.XSHG,0.0399,0.0435,2015-10-14,XSHG
599,10000373.XSHG,0.3626,0.3628,2015-10-14,XSHG
600,10000372.XSHG,0.0669,0.0714,2015-10-14,XSHG
601,10000274.XSHG,0.4711,0.4711,2015-10-14,XSHG
602,10000270.XSHG,0.0201,0.0194,2015-10-14,XSHG
603,10000271.XSHG,0.0158,0.0151,2015-10-14,XSHG
604,10000272.XSHG,0.3666,0.3659,2015-10-14,XSHG
605,10000273.XSHG,0.4076,0.4076,2015-10-14,XSHG
606,10000393.XSHG,0.4539,0.4495,2015-10-14,XSHG
607,10000279.XSHG,0.0326,0.0332,2015-10-14,XSHG
608,10000289.XSHG,0.0394,0.0385,2015-10-14,XSHG
609,10000288.XSHG,0.0472,0.0454,2015-10-14,XSHG
610,10000280.XSHG,0.3333,0.3302,2015-10-14,XSHG
611,10000285.XSHG,0.0409,0.042,2015-10-14,XSHG
612,10000287.XSHG,0.0554,0.0547,2015-10-14,XSHG
613,10000286.XSHG,0.2822,0.295,2015-10-14,XSHG
614,10000414.XSHG,0.008,0.0062,2015-10-14,XSHG
615,10000415.XSHG,0.1698,0.1624,2015-10-14,XSHG
616,10000416.XSHG,0.1329,0.1224,2015-10-14,XSHG
617,10000417.XSHG,0.0968,0.085,2015-10-14,XSHG
618,10000410.XSHG,0.0019,0.0013,2015-10-14,XSHG
619,10000411.XSHG,0.0019,0.0021,2015-10-14,XSHG
620,10000412.XSHG,0.003,0.003,2015-10-14,XSHG
621,10000413.XSHG,0.004,0.0042,2015-10-14,XSHG
622,10000418.XSHG,0.0124,0.0098,2015-10-14,XSHG
623,10000419.XSHG,0.0199,0.018,2015-10-14,XSHG
624,10000308.XSHG,0.113,0.11,2015-10-14,XSHG
625,10000309.XSHG,0.0995,0.093,2015-10-14,XSHG
626,10000397.XSHG,0.0162,0.0171,2015-10-14,XSHG
627,10000303.XSHG,0.0687,0.0655,2015-10-14,XSHG
628,10000304.XSHG,0.0553,0.053,2015-10-14,XSHG
629,10000305.XSHG,0.2119,0.2126,2015-10-14,XSHG
630,10000306.XSHG,,,2015-10-14,XSHG
631,10000307.XSHG,0.1304,0.124,2015-10-14,XSHG
632,10000395.XSHG,0.3688,0.3621,2015-10-14,XSHG
633,10000394.XSHG,0.4109,0.4001,2015-10-14,XSHG
634,10000407.XSHG,0.3105,0.3048,2015-10-14,XSHG
635,10000406.XSHG,0.3582,0.3532,2015-10-14,XSHG
636,10000405.XSHG,0.4068,0.4044,2015-10-14,XSHG
637,10000404.XSHG,0.052,0.052,2015-10-14,XSHG
638,10000403.XSHG,0.0421,0.0411,2015-10-14,XSHG
639,10000396.XSHG,0.0115,0.0117,2015-10-14,XSHG
640,10000401.XSHG,0.3971,0.3919,2015-10-14,XSHG
641,10000400.XSHG,0.4512,0.4512,2015-10-14,XSHG
642,10000399.XSHG,0.4751,0.4718,2015-10-14,XSHG
643,10000398.XSHG,0.0217,0.022,2015-10-14,XSHG
644,10000409.XSHG,0.2146,0.2097,2015-10-14,XSHG
645,10000408.XSHG,0.2625,0.2555,2015-10-14,XSHG
646,10000319.XSHG,0.0899,0.0813,2015-10-14,XSHG
647,10000313.XSHG,0.2917,0.2917,2015-10-14,XSHG
648,10000312.XSHG,0.2701,0.265,2015-10-14,XSHG
649,10000311.XSHG,0.0652,0.065,2015-10-14,XSHG
650,10000310.XSHG,0.0778,0.0778,2015-10-14,XSHG
651,10000316.XSHG,,,2015-10-14,XSHG
652,10000315.XSHG,,,2015-10-14,XSHG
653,10000314.XSHG,,,2015-10-14,XSHG
654,10000380.XSHG,0.1184,0.1216,2015-10-14,XSHG
655,10000240.XSHG,0.5477,0.5669,2015-10-14,XSHG
656,10000328.XSHG,0.2085,0.215,2015-10-14,XSHG
657,10000326.XSHG,0.1523,0.16,2015-10-14,XSHG
658,10000327.XSHG,0.1731,0.1628,2015-10-14,XSHG
659,10000325.XSHG,0.1059,0.101,2015-10-14,XSHG
660,10000322.XSHG,0.2451,0.2422,2015-10-14,XSHG
661,10000320.XSHG,0.1801,0.19,2015-10-14,XSHG
662,10000321.XSHG,0.1502,0.1427,2015-10-14,XSHG
663,10000228.XSHG,1.3357,1.3485,2015-10-14,XSHG
664,10000331.XSHG,0.126,0.1225,2015-10-14,XSHG
665,10000239.XSHG,0.501,0.5013,2015-10-14,XSHG
666,10000333.XSHG,0.19,0.188,2015-10-14,XSHG
667,10000332.XSHG,0.1267,0.1318,2015-10-14,XSHG
668,10000334.XSHG,0.1838,0.191,2015-10-14,XSHG
669,10000237.XSHG,0.014,0.0126,2015-10-14,XSHG
670,10000438.XSHG,0.0232,0.0239,2015-10-14,XSHG
671,10000439.XSHG,0.0165,0.0096,2015-10-14,XSHG
672,10000432.XSHG,0.0344,0.0372,2015-10-14,XSHG
673,10000433.XSHG,0.0504,0.0529,2015-10-14,XSHG
674,10000430.XSHG,0.0939,0.0902,2015-10-14,XSHG
675,10000431.XSHG,0.0727,0.0728,2015-10-14,XSHG
676,10000436.XSHG,0.1214,0.1242,2015-10-14,XSHG
677,10000437.XSHG,0.2301,0.2192,2015-10-14,XSHG
678,10000434.XSHG,0.0691,0.0712,2015-10-14,XSHG
679,10000435.XSHG,0.0918,0.0938,2015-10-14,XSHG
680,10000342.XSHG,0.1444,0.1443,2015-10-14,XSHG
681,10000344.XSHG,0.1012,0.1064,2015-10-14,XSHG
682,10000345.XSHG,0.2364,0.235,2015-10-14,XSHG
683,10000346.XSHG,0.2229,0.2142,2015-10-14,XSHG
684,10000347.XSHG,0.1397,0.143,2015-10-14,XSHG
685,10000341.XSHG,0.1869,0.1741,2015-10-14,XSHG
686,10000402.XSHG,0.0322,0.0315,2015-10-14,XSHG
687,10000343.XSHG,0.0851,0.0901,2015-10-14,XSHG
688,10000348.XSHG,0.1652,0.167,2015-10-14,XSHG
689,10000227.XSHG,0.0015,0.0023,2015-10-14,XSHG
690,10000429.XSHG,0.1218,0.1167,2015-10-14,XSHG
691,10000269.XSHG,0.0256,0.0243,2015-10-14,XSHG
692,10000425.XSHG,0.032,0.0194,2015-10-14,XSHG
693,10000424.XSHG,0.0812,0.076,2015-10-14,XSHG
694,10000427.XSHG,0.1837,0.1851,2015-10-14,XSHG
695,10000426.XSHG,0.1158,0.113,2015-10-14,XSHG
696,10000421.XSHG,0.0669,0.0547,2015-10-14,XSHG
697,10000420.XSHG,0.0329,0.03,2015-10-14,XSHG
698,10000423.XSHG,0.0432,0.0342,2015-10-14,XSHG
699,10000422.XSHG,0.0548,0.0485,2015-10-14,XSHG
700,10000296.XSHG,,,2015-10-14,XSHG
701,10000297.XSHG,0.025,0.0251,2015-10-14,XSHG
702,10000294.XSHG,,,2015-10-14,XSHG
703,10000295.XSHG,,,2015-10-14,XSHG
704,10000292.XSHG,,,2015-10-14,XSHG
705,10000293.XSHG,0.4808,0.4946,2015-10-14,XSHG
706,10000290.XSHG,0.0348,0.0329,2015-10-14,XSHG
707,10000291.XSHG,0.03,0.0295,2015-10-14,XSHG
708,10000443.XSHG,0.1538,0.1561,2015-10-14,XSHG
709,10000442.XSHG,0.0421,0.037,2015-10-14,XSHG
710,10000441.XSHG,0.0562,0.0524,2015-10-14,XSHG
711,10000440.XSHG,0.15,0.1546,2015-10-14,XSHG
712,10000298.XSHG,0.6605,0.6562,2015-10-14,XSHG
713,10000444.XSHG,0.1876,0.1885,2015-10-14,XSHG
714,10000238.XSHG,0.0098,0.0104,2015-10-14,XSHG
715,10000183.XSHG,0.0042,0.0046,2015-10-14,XSHG
716,10000186.XSHG,0.0022,0.0025,2015-10-14,XSHG
717,10000187.XSHG,0.002,0.0018,2015-10-14,XSHG
718,10000184.XSHG,0.003,0.0038,2015-10-14,XSHG
719,10000185.XSHG,0.0022,0.0031,2015-10-14,XSHG
720,10000188.XSHG,0.7434,0.7566,2015-10-14,XSHG
721,10000189.XSHG,,,2015-10-14,XSHG
722,10000368.XSHG,0.2007,0.23,2015-10-15,XSHG
723,10000369.XSHG,0.0298,0.0222,2015-10-15,XSHG
724,10000366.XSHG,0.275,0.2953,2015-10-15,XSHG
725,10000367.XSHG,0.2477,0.2711,2015-10-15,XSHG
726,10000365.XSHG,0.3168,0.3521,2015-10-15,XSHG
727,10000201.XSHG,0.0053,0.0054,2015-10-15,XSHG
728,10000200.XSHG,1.2192,1.2191,2015-10-15,XSHG
729,10000203.XSHG,0.0065,0.0066,2015-10-15,XSHG
730,10000202.XSHG,0.7047,0.6665,2015-10-15,XSHG
731,10000205.XSHG,0.008,0.0084,2015-10-15,XSHG
732,10000204.XSHG,0.6186,0.6139,2015-10-15,XSHG
733,10000206.XSHG,0.6134,0.5669,2015-10-15,XSHG
734,10000191.XSHG,1.0448,1.0448,2015-10-15,XSHG
735,10000190.XSHG,0.935,0.9078,2015-10-15,XSHG
736,10000192.XSHG,,,2015-10-15,XSHG
737,10000199.XSHG,0.0015,0.0021,2015-10-15,XSHG
738,10000428.XSHG,0.1481,0.1721,2015-10-15,XSHG
739,10000379.XSHG,0.1052,0.0802,2015-10-15,XSHG
740,10000378.XSHG,0.0805,0.0648,2015-10-15,XSHG
741,10000375.XSHG,,,2015-10-15,XSHG
742,10000374.XSHG,0.3243,0.349,2015-10-15,XSHG
743,10000377.XSHG,0.0662,0.0517,2015-10-15,XSHG
744,10000376.XSHG,0.2566,0.2785,2015-10-15,XSHG
745,10000371.XSHG,0.0565,0.0398,2015-10-15,XSHG
746,10000370.XSHG,0.0407,0.0302,2015-10-15,XSHG
747,10000373.XSHG,0.3567,0.3707,2015-10-15,XSHG
748,10000372.XSHG,0.0702,0.0519,2015-10-15,XSHG
749,10000274.XSHG,0.4596,0.4257,2015-10-15,XSHG
750,10000270.XSHG,0.0193,0.0214,2015-10-15,XSHG
751,10000271.XSHG,0.0151,0.0171,2015-10-15,XSHG
752,10000272.XSHG,0.38,0.3393,2015-10-15,XSHG
753,10000273.XSHG,0.427,0.3846,2015-10-15,XSHG
754,10000393.XSHG,0.4512,0.4897,2015-10-15,XSHG
755,10000279.XSHG,0.0319,0.036,2015-10-15,XSHG
756,10000289.XSHG,0.0392,0.0426,2015-10-15,XSHG
757,10000288.XSHG,0.0459,0.0499,2015-10-15,XSHG
758,10000280.XSHG,0.338,0.2979,2015-10-15,XSHG
759,10000285.XSHG,0.0424,0.0443,2015-10-15,XSHG
760,10000287.XSHG,0.0538,0.0627,2015-10-15,XSHG
761,10000286.XSHG,0.2818,0.2647,2015-10-15,XSHG
762,10000414.XSHG,0.0056,0.002,2015-10-15,XSHG
763,10000415.XSHG,0.1648,0.2032,2015-10-15,XSHG
764,10000416.XSHG,0.1232,0.1533,2015-10-15,XSHG
765,10000417.XSHG,0.084,0.1122,2015-10-15,XSHG
766,10000410.XSHG,0.0013,0.0009,2015-10-15,XSHG
767,10000411.XSHG,0.0017,0.0014,2015-10-15,XSHG
768,10000412.XSHG,0.0028,0.0014,2015-10-15,XSHG
769,10000413.XSHG,0.0033,0.0017,2015-10-15,XSHG
770,10000418.XSHG,0.009,0.0042,2015-10-15,XSHG
771,10000419.XSHG,0.0178,0.007,2015-10-15,XSHG
772,10000308.XSHG,0.113,0.114,2015-10-15,XSHG
773,10000309.XSHG,0.0896,0.0998,2015-10-15,XSHG
774,10000397.XSHG,0.0165,0.012,2015-10-15,XSHG
775,10000303.XSHG,0.0657,0.0738,2015-10-15,XSHG
776,10000304.XSHG,0.0508,0.0561,2015-10-15,XSHG
777,10000305.XSHG,0.2259,0.193,2015-10-15,XSHG
778,10000306.XSHG,0.2659,0.2266,2015-10-15,XSHG
779,10000307.XSHG,0.1286,0.1306,2015-10-15,XSHG
780,10000395.XSHG,0.3597,0.4007,2015-10-15,XSHG
781,10000394.XSHG,0.404,0.4441,2015-10-15,XSHG
782,10000407.XSHG,0.3043,0.3447,2015-10-15,XSHG
783,10000406.XSHG,0.3534,0.3957,2015-10-15,XSHG
784,10000405.XSHG,0.4025,0.4477,2015-10-15,XSHG
785,10000404.XSHG,0.0497,0.0403,2015-10-15,XSHG
786,10000403.XSHG,0.0413,0.0327,2015-10-15,XSHG
787,10000396.XSHG,0.0118,0.009,2015-10-15,XSHG
788,10000401.XSHG,0.3977,0.4084,2015-10-15,XSHG
789,10000400.XSHG,0.4378,0.4378,2015-10-15,XSHG
790,10000399.XSHG,0.4685,0.5099,2015-10-15,XSHG
791,10000398.XSHG,0.0226,0.0165,2015-10-15,XSHG
792,10000409.XSHG,0.2094,0.2492,2015-10-15,XSHG
793,10000408.XSHG,0.2559,0.2958,2015-10-15,XSHG
794,10000319.XSHG,0.0805,0.091,2015-10-15,XSHG
795,10000313.XSHG,0.2949,0.281,2015-10-15,XSHG
796,10000312.XSHG,0.2596,0.2498,2015-10-15,XSHG
797,10000311.XSHG,0.0635,0.0748,2015-10-15,XSHG
798,10000310.XSHG,0.0744,0.0887,2015-10-15,XSHG
799,10000316.XSHG,0.3873,0.3841,2015-10-15,XSHG
800,10000315.XSHG,0.3494,0.3494,2015-10-15,XSHG
801,10000314.XSHG,0.3198,0.3198,2015-10-15,XSHG
802,10000380.XSHG,0.1133,0.0977,2015-10-15,XSHG
803,10000240.XSHG,0.56,0.5191,2015-10-15,XSHG
804,10000328.XSHG,0.211,0.1852,2015-10-15,XSHG
805,10000326.XSHG,0.1582,0.131,2015-10-15,XSHG
806,10000327.XSHG,0.1618,0.1753,2015-10-15,XSHG
807,10000325.XSHG,0.1001,0.1153,2015-10-15,XSHG
808,10000322.XSHG,0.2355,0.2158,2015-10-15,XSHG
809,10000320.XSHG,0.1845,0.157,2015-10-15,XSHG
810,10000321.XSHG,0.1411,0.1525,2015-10-15,XSHG
811,10000228.XSHG,1.3404,1.3062,2015-10-15,XSHG
812,10000331.XSHG,0.1215,0.1398,2015-10-15,XSHG
813,10000239.XSHG,0.5188,0.474,2015-10-15,XSHG
814,10000333.XSHG,0.185,0.2029,2015-10-15,XSHG
815,10000332.XSHG,0.1328,0.1048,2015-10-15,XSHG
816,10000334.XSHG,0.1842,0.162,2015-10-15,XSHG
817,10000237.XSHG,0.0122,0.012,2015-10-15,XSHG
818,10000438.XSHG,0.0244,0.0165,2015-10-15,XSHG
819,10000439.XSHG,0.0093,0.013,2015-10-15,XSHG
820,10000432.XSHG,0.037,0.0246,2015-10-15,XSHG
821,10000433.XSHG,0.0534,0.0348,2015-10-15,XSHG
822,10000430.XSHG,0.0912,0.1076,2015-10-15,XSHG
823,10000431.XSHG,0.071,0.081,2015-10-15,XSHG
824,10000436.XSHG,0.1256,0.0948,2015-10-15,XSHG
825,10000437.XSHG,0.2234,0.2527,2015-10-15,XSHG
826,10000434.XSHG,0.0728,0.05,2015-10-15,XSHG
827,10000435.XSHG,0.0953,0.0697,2015-10-15,XSHG
828,10000342.XSHG,0.1477,0.1668,2015-10-15,XSHG
829,10000344.XSHG,0.1109,0.0841,2015-10-15,XSHG
830,10000345.XSHG,0.2402,0.25,2015-10-15,XSHG
831,10000346.XSHG,0.2158,0.2253,2015-10-15,XSHG
832,10000347.XSHG,0.1397,0.117,2015-10-15,XSHG
833,10000341.XSHG,0.1755,0.1972,2015-10-15,XSHG
834,10000402.XSHG,0.0312,0.026,2015-10-15,XSHG
835,10000343.XSHG,0.089,0.067,2015-10-15,XSHG
836,10000348.XSHG,0.1631,0.137,2015-10-15,XSHG
837,10000227.XSHG,0.0016,0.0019,2015-10-15,XSHG
838,10000429.XSHG,0.1172,0.1381,2015-10-15,XSHG
839,10000269.XSHG,0.0248,0.0271,2015-10-15,XSHG
840,10000425.XSHG,0.018,0.0272,2015-10-15,XSHG
841,10000424.XSHG,0.0752,0.0492,2015-10-15,XSHG
842,10000427.XSHG,0.1838,0.2119,2015-10-15,XSHG
843,10000426.XSHG,0.1094,0.077,2015-10-15,XSHG
844,10000421.XSHG,0.057,0.0758,2015-10-15,XSHG
845,10000420.XSHG,0.0301,0.015,2015-10-15,XSHG
846,10000423.XSHG,0.0337,0.0476,2015-10-15,XSHG
847,10000422.XSHG,0.0482,0.0282,2015-10-15,XSHG
848,10000296.XSHG,,,2015-10-15,XSHG
849,10000297.XSHG,0.0244,0.0272,2015-10-15,XSHG
850,10000294.XSHG,0.5063,0.5063,2015-10-15,XSHG
851,10000295.XSHG,,,2015-10-15,XSHG
852,10000292.XSHG,0.4238,0.4238,2015-10-15,XSHG
853,10000293.XSHG,0.4782,0.4661,2015-10-15,XSHG
854,10000290.XSHG,0.0335,0.0368,2015-10-15,XSHG
855,10000291.XSHG,0.0285,0.0307,2015-10-15,XSHG
856,10000443.XSHG,0.1535,0.123,2015-10-15,XSHG
857,10000442.XSHG,0.037,0.0411,2015-10-15,XSHG
858,10000441.XSHG,0.0515,0.0607,2015-10-15,XSHG
859,10000440.XSHG,0.1522,0.1155,2015-10-15,XSHG
860,10000298.XSHG,0.6622,0.622,2015-10-15,XSHG
861,10000444.XSHG,0.1911,0.1555,2015-10-15,XSHG
862,10000238.XSHG,0.0099,0.01,2015-10-15,XSHG
863,10000183.XSHG,0.0044,0.0051,2015-10-15,XSHG
864,10000186.XSHG,0.002,0.0028,2015-10-15,XSHG
865,10000187.XSHG,0.0014,0.0022,2015-10-15,XSHG
866,10000184.XSHG,0.0033,0.0041,2015-10-15,XSHG
867,10000185.XSHG,0.0025,0.0027,2015-10-15,XSHG
868,10000188.XSHG,0.7547,0.7141,2015-10-15,XSHG
869,10000189.XSHG,0.8278,0.8126,2015-10-15,XSHG
870,10000368.XSHG,0.2443,0.244,2015-10-16,XSHG
871,10000369.XSHG,0.0214,0.023,2015-10-16,XSHG
872,10000366.XSHG,0.3246,0.3193,2015-10-16,XSHG
873,10000367.XSHG,0.2856,0.28,2015-10-16,XSHG
874,10000365.XSHG,0.3712,0.36,2015-10-16,XSHG
875,10000201.XSHG,0.0057,0.0052,2015-10-16,XSHG
876,10000200.XSHG,1.1798,1.1935,2015-10-16,XSHG
877,10000203.XSHG,0.0068,0.0065,2015-10-16,XSHG
878,10000202.XSHG,0.6371,0.657,2015-10-16,XSHG
879,10000205.XSHG,0.0087,0.008,2015-10-16,XSHG
880,10000204.XSHG,0.605,0.6087,2015-10-16,XSHG
881,10000206.XSHG,0.5541,0.5541,2015-10-16,XSHG
882,10000191.XSHG,0.984,0.9839,2015-10-16,XSHG
883,10000190.XSHG,0.8834,0.9042,2015-10-16,XSHG
884,10000192.XSHG,1.0803,1.0802,2015-10-16,XSHG
885,10000199.XSHG,0.0018,0.0024,2015-10-16,XSHG
886,10000428.XSHG,0.1831,0.1782,2015-10-16,XSHG
887,10000379.XSHG,0.0772,0.0797,2015-10-16,XSHG
888,10000378.XSHG,0.0625,0.0651,2015-10-16,XSHG
889,10000375.XSHG,0.3299,0.3299,2015-10-16,XSHG
890,10000374.XSHG,0.36,0.3662,2015-10-16,XSHG
891,10000377.XSHG,0.0502,0.0556,2015-10-16,XSHG
892,10000376.XSHG,0.3021,0.29,2015-10-16,XSHG
893,10000371.XSHG,0.0373,0.0403,2015-10-16,XSHG
894,10000370.XSHG,0.0283,0.0308,2015-10-16,XSHG
895,10000373.XSHG,0.4031,0.401,2015-10-16,XSHG
896,10000372.XSHG,0.0472,0.0524,2015-10-16,XSHG
897,10000274.XSHG,0.4051,0.4272,2015-10-16,XSHG
898,10000270.XSHG,0.0229,0.0216,2015-10-16,XSHG
899,10000271.XSHG,0.0181,0.0168,2015-10-16,XSHG
900,10000272.XSHG,0.3418,0.3293,2015-10-16,XSHG
901,10000273.XSHG,0.3767,0.3801,2015-10-16,XSHG
902,10000393.XSHG,0.4966,0.4925,2015-10-16,XSHG
903,10000279.XSHG,0.0379,0.0359,2015-10-16,XSHG
904,10000289.XSHG,,,2015-10-16,XSHG
905,10000288.XSHG,0.0517,0.0508,2015-10-16,XSHG
906,10000280.XSHG,0.3,0.2905,2015-10-16,XSHG
907,10000285.XSHG,0.05,0.0484,2015-10-16,XSHG
908,10000287.XSHG,0.0675,0.061,2015-10-16,XSHG
909,10000286.XSHG,0.25,0.2555,2015-10-16,XSHG
910,10000414.XSHG,0.0012,0.0016,2015-10-16,XSHG
911,10000415.XSHG,0.2165,0.2125,2015-10-16,XSHG
912,10000416.XSHG,0.1636,0.1657,2015-10-16,XSHG
913,10000417.XSHG,0.1264,0.1172,2015-10-16,XSHG
914,10000410.XSHG,0.0007,0.0006,2015-10-16,XSHG
915,10000411.XSHG,0.0012,0.0005,2015-10-16,XSHG
916,10000412.XSHG,0.0012,0.0009,2015-10-16,XSHG
917,10000413.XSHG,0.0016,0.0011,2015-10-16,XSHG
918,10000418.XSHG,0.0028,0.0027,2015-10-16,XSHG
919,10000419.XSHG,0.006,0.0044,2015-10-16,XSHG
920,10000308.XSHG,0.1226,0.1169,2015-10-16,XSHG
921,10000309.XSHG,0.0999,0.1,2015-10-16,XSHG
922,10000397.XSHG,0.0113,0.0129,2015-10-16,XSHG
923,10000303.XSHG,0.0791,0.0752,2015-10-16,XSHG
924,10000304.XSHG,0.0624,0.0592,2015-10-16,XSHG
925,10000305.XSHG,0.189,0.184,2015-10-16,XSHG
926,10000306.XSHG,0.21,0.2236,2015-10-16,XSHG
927,10000307.XSHG,0.1436,0.1404,2015-10-16,XSHG
928,10000395.XSHG,0.4178,0.403,2015-10-16,XSHG
929,10000394.XSHG,0.4643,0.451,2015-10-16,XSHG
930,10000407.XSHG,0.36,0.3599,2015-10-16,XSHG
931,10000406.XSHG,0.4093,0.4087,2015-10-16,XSHG
932,10000405.XSHG,0.4587,0.4581,2015-10-16,XSHG
933,10000404.XSHG,0.0385,0.0415,2015-10-16,XSHG
934,10000403.XSHG,0.0298,0.0332,2015-10-16,XSHG
935,10000396.XSHG,0.0085,0.0102,2015-10-16,XSHG
936,10000401.XSHG,0.4434,0.4324,2015-10-16,XSHG
937,10000400.XSHG,0.4866,0.4807,2015-10-16,XSHG
938,10000399.XSHG,0.5199,0.5199,2015-10-16,XSHG
939,10000398.XSHG,0.0151,0.0174,2015-10-16,XSHG
940,10000409.XSHG,0.2638,0.2605,2015-10-16,XSHG
941,10000408.XSHG,0.3118,0.3091,2015-10-16,XSHG
942,10000319.XSHG,0.098,0.0939,2015-10-16,XSHG
943,10000313.XSHG,0.265,0.2759,2015-10-16,XSHG
944,10000312.XSHG,0.24,0.24,2015-10-16,XSHG
945,10000311.XSHG,0.0745,0.0723,2015-10-16,XSHG
946,10000310.XSHG,0.093,0.0872,2015-10-16,XSHG
947,10000316.XSHG,0.3755,0.3806,2015-10-16,XSHG
948,10000315.XSHG,0.329,0.329,2015-10-16,XSHG
949,10000314.XSHG,,,2015-10-16,XSHG
950,10000380.XSHG,0.0948,0.0969,2015-10-16,XSHG
951,10000240.XSHG,0.5072,0.5065,2015-10-16,XSHG
952,10000328.XSHG,0.1763,0.1823,2015-10-16,XSHG
953,10000326.XSHG,0.1179,0.1272,2015-10-16,XSHG
954,10000327.XSHG,0.1887,0.1815,2015-10-16,XSHG
955,10000325.XSHG,0.1153,0.1185,2015-10-16,XSHG
956,10000322.XSHG,0.21,0.2079,2015-10-16,XSHG
957,10000320.XSHG,0.1467,0.1505,2015-10-16,XSHG
958,10000321.XSHG,0.1659,0.1645,2015-10-16,XSHG
959,10000228.XSHG,1.285,1.3042,2015-10-16,XSHG
960,10000331.XSHG,0.144,0.146,2015-10-16,XSHG
961,10000239.XSHG,0.4571,0.4763,2015-10-16,XSHG
962,10000333.XSHG,0.2175,0.2055,2015-10-16,XSHG
963,10000332.XSHG,0.0964,0.101,2015-10-16,XSHG
964,10000334.XSHG,0.1639,0.16,2015-10-16,XSHG
965,10000237.XSHG,0.013,0.0129,2015-10-16,XSHG
966,10000438.XSHG,0.0139,0.0149,2015-10-16,XSHG
967,10000439.XSHG,0.0166,0.012,2015-10-16,XSHG
968,10000432.XSHG,0.021,0.023,2015-10-16,XSHG
969,10000433.XSHG,0.0328,0.0344,2015-10-16,XSHG
970,10000430.XSHG,0.1138,0.1137,2015-10-16,XSHG
971,10000431.XSHG,0.082,0.0865,2015-10-16,XSHG
972,10000436.XSHG,0.0897,0.0902,2015-10-16,XSHG
973,10000437.XSHG,0.2741,0.2651,2015-10-16,XSHG
974,10000434.XSHG,0.0474,0.0485,2015-10-16,XSHG
975,10000435.XSHG,0.0657,0.0678,2015-10-16,XSHG
976,10000342.XSHG,0.1804,0.1713,2015-10-16,XSHG
977,10000344.XSHG,0.0777,0.0847,2015-10-16,XSHG
978,10000345.XSHG,0.2675,0.2664,2015-10-16,XSHG
979,10000346.XSHG,0.2363,0.232,2015-10-16,XSHG
980,10000347.XSHG,0.115,0.1197,2015-10-16,XSHG
981,10000341.XSHG,0.2136,0.2052,2015-10-16,XSHG
982,10000402.XSHG,0.0236,0.0269,2015-10-16,XSHG
983,10000343.XSHG,0.0605,0.0657,2015-10-16,XSHG
984,10000348.XSHG,0.1308,0.1365,2015-10-16,XSHG
985,10000227.XSHG,0.0016,0.0021,2015-10-16,XSHG
986,10000429.XSHG,0.1482,0.1457,2015-10-16,XSHG
987,10000269.XSHG,0.0294,0.0278,2015-10-16,XSHG
988,10000425.XSHG,0.0307,0.025,2015-10-16,XSHG
989,10000424.XSHG,0.0404,0.0382,2015-10-16,XSHG
990,10000427.XSHG,0.2209,0.2131,2015-10-16,XSHG
991,10000426.XSHG,0.0705,0.0636,2015-10-16,XSHG
992,10000421.XSHG,0.0832,0.079,2015-10-16,XSHG
993,10000420.XSHG,0.0128,0.0091,2015-10-16,XSHG
994,10000423.XSHG,0.0499,0.047,2015-10-16,XSHG
995,10000422.XSHG,0.0257,0.0197,2015-10-16,XSHG
996,10000296.XSHG,0.573,0.573,2015-10-16,XSHG
997,10000297.XSHG,0.0277,0.0256,2015-10-16,XSHG
998,10000294.XSHG,0.486,0.48,2015-10-16,XSHG
999,10000295.XSHG,0.523,0.5356,2015-10-16,XSHG
1000,10000292.XSHG,,,2015-10-16,XSHG
1001,10000293.XSHG,0.4513,0.4561,2015-10-16,XSHG
1002,10000290.XSHG,0.0403,0.0352,2015-10-16,XSHG
1003,10000291.XSHG,0.0323,0.0293,2015-10-16,XSHG
1004,10000443.XSHG,0.1172,0.1168,2015-10-16,XSHG
1005,10000442.XSHG,0.0431,0.0425,2015-10-16,XSHG
1006,10000441.XSHG,0.0662,0.0644,2015-10-16,XSHG
1007,10000440.XSHG,0.1044,0.1013,2015-10-16,XSHG
1008,10000298.XSHG,0.6182,0.6243,2015-10-16,XSHG
1009,10000444.XSHG,0.1473,0.1471,2015-10-16,XSHG
1010,10000238.XSHG,0.0109,0.0105,2015-10-16,XSHG
1011,10000183.XSHG,0.0051,0.0051,2015-10-16,XSHG
1012,10000186.XSHG,0.0024,0.0032,2015-10-16,XSHG
1013,10000187.XSHG,0.0019,0.0027,2015-10-16,XSHG
1014,10000184.XSHG,0.0041,0.004,2015-10-16,XSHG
1015,10000185.XSHG,0.0024,0.003,2015-10-16,XSHG
1016,10000188.XSHG,0.6877,0.7072,2015-10-16,XSHG
1017,10000189.XSHG,0.7849,0.8059,2015-10-16,XSHG
1018,10000368.XSHG,0.2375,0.2292,2015-10-19,XSHG
1019,10000369.XSHG,0.0213,0.0222,2015-10-19,XSHG
1020,10000366.XSHG,0.3258,0.312,2015-10-19,XSHG
1021,10000367.XSHG,0.271,0.2728,2015-10-19,XSHG
1022,10000365.XSHG,0.3692,0.3538,2015-10-19,XSHG
1023,10000201.XSHG,0.005,0.0053,2015-10-19,XSHG
1024,10000200.XSHG,,,2015-10-19,XSHG
1025,10000203.XSHG,0.0064,0.0067,2015-10-19,XSHG
1026,10000202.XSHG,,,2015-10-19,XSHG
1027,10000205.XSHG,0.0076,0.0077,2015-10-19,XSHG
1028,10000204.XSHG,,,2015-10-19,XSHG
1029,10000206.XSHG,0.5895,0.5804,2015-10-19,XSHG
1030,10000191.XSHG,1.0191,1.0191,2015-10-19,XSHG
1031,10000190.XSHG,,,2015-10-19,XSHG
1032,10000192.XSHG,1.0844,1.1099,2015-10-19,XSHG
1033,10000199.XSHG,0.0019,0.0019,2015-10-19,XSHG
1034,10000428.XSHG,0.184,0.17,2015-10-19,XSHG
1035,10000379.XSHG,0.0836,0.0847,2015-10-19,XSHG
1036,10000378.XSHG,0.066,0.0664,2015-10-19,XSHG
1037,10000375.XSHG,0.3155,0.3164,2015-10-19,XSHG
1038,10000374.XSHG,0.3681,0.3681,2015-10-19,XSHG
1039,10000377.XSHG,0.0512,0.0565,2015-10-19,XSHG
1040,10000376.XSHG,,,2015-10-19,XSHG
1041,10000371.XSHG,0.0383,0.0397,2015-10-19,XSHG
1042,10000370.XSHG,0.0295,0.0306,2015-10-19,XSHG
1043,10000373.XSHG,0.4071,0.4071,2015-10-19,XSHG
1044,10000372.XSHG,0.0499,0.0526,2015-10-19,XSHG
1045,10000274.XSHG,0.4407,0.4407,2015-10-19,XSHG
1046,10000270.XSHG,0.0208,0.0191,2015-10-19,XSHG
1047,10000271.XSHG,0.0164,0.0151,2015-10-19,XSHG
1048,10000272.XSHG,0.3512,0.3539,2015-10-19,XSHG
1049,10000273.XSHG,0.3823,0.3833,2015-10-19,XSHG
1050,10000393.XSHG,0.5033,0.4849,2015-10-19,XSHG
1051,10000279.XSHG,0.0356,0.0319,2015-10-19,XSHG
1052,10000289.XSHG,0.0444,0.0414,2015-10-19,XSHG
1053,10000288.XSHG,0.0529,0.0482,2015-10-19,XSHG
1054,10000280.XSHG,0.2989,0.3102,2015-10-19,XSHG
1055,10000285.XSHG,0.0468,0.0425,2015-10-19,XSHG
1056,10000287.XSHG,0.061,0.057,2015-10-19,XSHG
1057,10000286.XSHG,0.2565,0.267,2015-10-19,XSHG
1058,10000414.XSHG,0.0018,0.0015,2015-10-19,XSHG
1059,10000415.XSHG,0.2162,0.2044,2015-10-19,XSHG
1060,10000416.XSHG,0.1693,0.157,2015-10-19,XSHG
1061,10000417.XSHG,0.124,0.112,2015-10-19,XSHG
1062,10000410.XSHG,0.0004,0.0003,2015-10-19,XSHG
1063,10000411.XSHG,0.0007,0.0008,2015-10-19,XSHG
1064,10000412.XSHG,0.0009,0.0008,2015-10-19,XSHG
1065,10000413.XSHG,0.0008,0.0008,2015-10-19,XSHG
1066,10000418.XSHG,0.0018,0.0021,2015-10-19,XSHG
1067,10000419.XSHG,0.0038,0.0041,2015-10-19,XSHG
1068,10000308.XSHG,0.1229,0.116,2015-10-19,XSHG
1069,10000309.XSHG,0.1051,0.0921,2015-10-19,XSHG
1070,10000397.XSHG,0.0116,0.0127,2015-10-19,XSHG
1071,10000303.XSHG,0.0757,0.067,2015-10-19,XSHG
1072,10000304.XSHG,0.0592,0.053,2015-10-19,XSHG
1073,10000305.XSHG,0.1841,0.1906,2015-10-19,XSHG
1074,10000306.XSHG,0.2108,0.2292,2015-10-19,XSHG
1075,10000307.XSHG,0.14,0.1363,2015-10-19,XSHG
1076,10000395.XSHG,0.4122,0.3973,2015-10-19,XSHG
1077,10000394.XSHG,0.4576,0.442,2015-10-19,XSHG
1078,10000407.XSHG,0.3569,0.3547,2015-10-19,XSHG
1079,10000406.XSHG,0.4074,0.4037,2015-10-19,XSHG
1080,10000405.XSHG,0.4594,0.4538,2015-10-19,XSHG
1081,10000404.XSHG,0.041,0.0438,2015-10-19,XSHG
1082,10000403.XSHG,0.0324,0.0358,2015-10-19,XSHG
1083,10000396.XSHG,0.0089,0.0098,2015-10-19,XSHG
1084,10000401.XSHG,0.4478,0.436,2015-10-19,XSHG
1085,10000400.XSHG,0.4998,0.4734,2015-10-19,XSHG
1086,10000399.XSHG,0.5333,0.5099,2015-10-19,XSHG
1087,10000398.XSHG,0.0155,0.0165,2015-10-19,XSHG
1088,10000409.XSHG,0.2623,0.255,2015-10-19,XSHG
1089,10000408.XSHG,0.3138,0.3048,2015-10-19,XSHG
1090,10000319.XSHG,0.0956,0.0846,2015-10-19,XSHG
1091,10000313.XSHG,0.2759,0.2757,2015-10-19,XSHG
1092,10000312.XSHG,0.239,0.2513,2015-10-19,XSHG
1093,10000311.XSHG,0.072,0.0658,2015-10-19,XSHG
1094,10000310.XSHG,0.0893,0.0794,2015-10-19,XSHG
1095,10000316.XSHG,0.3643,0.3908,2015-10-19,XSHG
1096,10000315.XSHG,,,2015-10-19,XSHG
1097,10000314.XSHG,,,2015-10-19,XSHG
1098,10000380.XSHG,0.1006,0.1006,2015-10-19,XSHG
1099,10000240.XSHG,,,2015-10-19,XSHG
1100,10000328.XSHG,0.1811,0.193,2015-10-19,XSHG
1101,10000326.XSHG,0.124,0.139,2015-10-19,XSHG
1102,10000327.XSHG,0.183,0.1807,2015-10-19,XSHG
1103,10000325.XSHG,0.1194,0.1021,2015-10-19,XSHG
1104,10000322.XSHG,0.21,0.2188,2015-10-19,XSHG
1105,10000320.XSHG,0.153,0.1565,2015-10-19,XSHG
1106,10000321.XSHG,0.1651,0.1513,2015-10-19,XSHG
1107,10000228.XSHG,1.3071,1.3156,2015-10-19,XSHG
1108,10000331.XSHG,0.147,0.1276,2015-10-19,XSHG
1109,10000239.XSHG,0.4622,0.4939,2015-10-19,XSHG
1110,10000333.XSHG,0.2159,0.2159,2015-10-19,XSHG
1111,10000332.XSHG,0.1021,0.1052,2015-10-19,XSHG
1112,10000334.XSHG,0.159,0.1728,2015-10-19,XSHG
1113,10000237.XSHG,0.0125,0.0122,2015-10-19,XSHG
1114,10000438.XSHG,0.0137,0.0161,2015-10-19,XSHG
1115,10000439.XSHG,0.0112,0.0106,2015-10-19,XSHG
1116,10000432.XSHG,0.0207,0.0238,2015-10-19,XSHG
1117,10000433.XSHG,0.031,0.0352,2015-10-19,XSHG
1118,10000430.XSHG,0.1152,0.104,2015-10-19,XSHG
1119,10000431.XSHG,0.0876,0.0775,2015-10-19,XSHG
1120,10000436.XSHG,0.0865,0.0963,2015-10-19,XSHG
1121,10000437.XSHG,0.2655,0.2499,2015-10-19,XSHG
1122,10000434.XSHG,0.0459,0.0508,2015-10-19,XSHG
1123,10000435.XSHG,0.0577,0.0691,2015-10-19,XSHG
1124,10000342.XSHG,0.1726,0.1619,2015-10-19,XSHG
1125,10000344.XSHG,0.0839,0.0868,2015-10-19,XSHG
1126,10000345.XSHG,0.2711,0.2601,2015-10-19,XSHG
1127,10000346.XSHG,0.2249,0.2236,2015-10-19,XSHG
1128,10000347.XSHG,0.1202,0.1277,2015-10-19,XSHG
1129,10000341.XSHG,0.209,0.1928,2015-10-19,XSHG
1130,10000402.XSHG,0.0251,0.0294,2015-10-19,XSHG
1131,10000343.XSHG,0.0651,0.0702,2015-10-19,XSHG
1132,10000348.XSHG,0.1314,0.1448,2015-10-19,XSHG
1133,10000227.XSHG,0.0019,0.0025,2015-10-19,XSHG
1134,10000429.XSHG,0.1485,0.1344,2015-10-19,XSHG
1135,10000269.XSHG,0.0275,0.025,2015-10-19,XSHG
1136,10000425.XSHG,0.0256,0.0242,2015-10-19,XSHG
1137,10000424.XSHG,0.0321,0.0431,2015-10-19,XSHG
1138,10000427.XSHG,0.2234,0.2056,2015-10-19,XSHG
1139,10000426.XSHG,0.0598,0.0738,2015-10-19,XSHG
1140,10000421.XSHG,0.0834,0.0754,2015-10-19,XSHG
1141,10000420.XSHG,0.0077,0.01,2015-10-19,XSHG
1142,10000423.XSHG,0.0465,0.046,2015-10-19,XSHG
1143,10000422.XSHG,0.0141,0.0212,2015-10-19,XSHG
1144,10000296.XSHG,0.57,0.586,2015-10-19,XSHG
1145,10000297.XSHG,0.0266,0.0252,2015-10-19,XSHG
1146,10000294.XSHG,0.493,0.4981,2015-10-19,XSHG
1147,10000295.XSHG,,,2015-10-19,XSHG
1148,10000292.XSHG,,,2015-10-19,XSHG
1149,10000293.XSHG,0.4669,0.4668,2015-10-19,XSHG
1150,10000290.XSHG,0.0373,0.0352,2015-10-19,XSHG
1151,10000291.XSHG,0.0314,0.0288,2015-10-19,XSHG
1152,10000443.XSHG,0.1134,0.1198,2015-10-19,XSHG
1153,10000442.XSHG,0.0469,0.0363,2015-10-19,XSHG
1154,10000441.XSHG,0.0641,0.0574,2015-10-19,XSHG
1155,10000440.XSHG,0.0928,0.1067,2015-10-19,XSHG
1156,10000298.XSHG,0.6101,0.6322,2015-10-19,XSHG
1157,10000444.XSHG,0.143,0.152,2015-10-19,XSHG
1158,10000238.XSHG,0.01,0.0092,2015-10-19,XSHG
1159,10000183.XSHG,0.0049,0.0047,2015-10-19,XSHG
1160,10000186.XSHG,0.0024,0.0028,2015-10-19,XSHG
1161,10000187.XSHG,0.0021,0.0025,2015-10-19,XSHG
1162,10000184.XSHG,0.0032,0.0044,2015-10-19,XSHG
1163,10000185.XSHG,0.0025,0.0033,2015-10-19,XSHG
1164,10000188.XSHG,,,2015-10-19,XSHG
1165,10000189.XSHG,0.8222,0.8222,2015-10-19,XSHG
1166,10000368.XSHG,0.2245,0.2223,2015-10-20,XSHG
1167,10000369.XSHG,0.0232,0.0244,2015-10-20,XSHG
1168,10000366.XSHG,0.32,0.3033,2015-10-20,XSHG
1169,10000367.XSHG,0.2738,0.2639,2015-10-20,XSHG
1170,10000365.XSHG,0.364,0.3471,2015-10-20,XSHG
1171,10000201.XSHG,0.005,0.0054,2015-10-20,XSHG
1172,10000200.XSHG,1.2341,1.23,2015-10-20,XSHG
1173,10000203.XSHG,0.0062,0.0064,2015-10-20,XSHG
1174,10000202.XSHG,0.6929,0.6929,2015-10-20,XSHG
1175,10000205.XSHG,0.0076,0.0076,2015-10-20,XSHG
1176,10000204.XSHG,0.6478,0.648,2015-10-20,XSHG
1177,10000206.XSHG,0.5982,0.5861,2015-10-20,XSHG
1178,10000191.XSHG,1.0301,1.0301,2015-10-20,XSHG
1179,10000190.XSHG,0.9376,0.9376,2015-10-20,XSHG
1180,10000192.XSHG,1.1271,1.1333,2015-10-20,XSHG
1181,10000199.XSHG,0.0013,0.0013,2015-10-20,XSHG
1182,10000428.XSHG,0.1676,0.1725,2015-10-20,XSHG
1183,10000379.XSHG,0.0847,0.092,2015-10-20,XSHG
1184,10000378.XSHG,0.0699,0.0744,2015-10-20,XSHG
1185,10000375.XSHG,0.2831,0.2996,2015-10-20,XSHG
1186,10000374.XSHG,0.3467,0.3403,2015-10-20,XSHG
1187,10000377.XSHG,0.0547,0.0611,2015-10-20,XSHG
1188,10000376.XSHG,0.2601,0.2709,2015-10-20,XSHG
1189,10000371.XSHG,0.0392,0.0428,2015-10-20,XSHG
1190,10000370.XSHG,0.032,0.0325,2015-10-20,XSHG
1191,10000373.XSHG,0.3998,0.3742,2015-10-20,XSHG
1192,10000372.XSHG,0.0526,0.0552,2015-10-20,XSHG
1193,10000274.XSHG,0.4613,0.454,2015-10-20,XSHG
1194,10000270.XSHG,0.0186,0.018,2015-10-20,XSHG
1195,10000271.XSHG,0.0134,0.014,2015-10-20,XSHG
1196,10000272.XSHG,0.3644,0.3646,2015-10-20,XSHG
1197,10000273.XSHG,0.4086,0.4055,2015-10-20,XSHG
1198,10000393.XSHG,0.491,0.4728,2015-10-20,XSHG
1199,10000279.XSHG,0.0322,0.0302,2015-10-20,XSHG
1200,10000289.XSHG,0.0362,0.0368,2015-10-20,XSHG
1201,10000288.XSHG,0.0451,0.0437,2015-10-20,XSHG
1202,10000280.XSHG,0.3204,0.32,2015-10-20,XSHG
1203,10000285.XSHG,0.0413,0.0405,2015-10-20,XSHG
1204,10000287.XSHG,0.0561,0.0534,2015-10-20,XSHG
1205,10000286.XSHG,0.271,0.2804,2015-10-20,XSHG
1206,10000414.XSHG,0.0012,0.0004,2015-10-20,XSHG
1207,10000415.XSHG,0.2069,0.2175,2015-10-20,XSHG
1208,10000416.XSHG,0.1578,0.169,2015-10-20,XSHG
1209,10000417.XSHG,0.1117,0.122,2015-10-20,XSHG
1210,10000410.XSHG,0.0002,0.0003,2015-10-20,XSHG
1211,10000411.XSHG,0.001,0.0004,2015-10-20,XSHG
1212,10000412.XSHG,0.0004,0.0006,2015-10-20,XSHG
1213,10000413.XSHG,0.001,0.0006,2015-10-20,XSHG
1214,10000418.XSHG,0.0018,0.0009,2015-10-20,XSHG
1215,10000419.XSHG,0.0038,0.0032,2015-10-20,XSHG
1216,10000308.XSHG,0.115,0.1081,2015-10-20,XSHG
1217,10000309.XSHG,0.095,0.0922,2015-10-20,XSHG
1218,10000397.XSHG,0.0125,0.014,2015-10-20,XSHG
1219,10000303.XSHG,0.0676,0.0644,2015-10-20,XSHG
1220,10000304.XSHG,0.0528,0.052,2015-10-20,XSHG
1221,10000305.XSHG,0.1965,0.196,2015-10-20,XSHG
1222,10000306.XSHG,0.241,0.241,2015-10-20,XSHG
1223,10000307.XSHG,0.1279,0.125,2015-10-20,XSHG
1224,10000395.XSHG,0.4094,0.3905,2015-10-20,XSHG
1225,10000394.XSHG,0.4541,0.4314,2015-10-20,XSHG
1226,10000407.XSHG,0.358,0.368,2015-10-20,XSHG
1227,10000406.XSHG,0.4091,0.4184,2015-10-20,XSHG
1228,10000405.XSHG,0.4587,0.4649,2015-10-20,XSHG
1229,10000404.XSHG,0.0441,0.0495,2015-10-20,XSHG
1230,10000403.XSHG,0.0357,0.0418,2015-10-20,XSHG
1231,10000396.XSHG,0.0094,0.0095,2015-10-20,XSHG
1232,10000401.XSHG,0.4459,0.4055,2015-10-20,XSHG
1233,10000400.XSHG,0.4901,0.4516,2015-10-20,XSHG
1234,10000399.XSHG,0.5164,0.4798,2015-10-20,XSHG
1235,10000398.XSHG,0.0169,0.0172,2015-10-20,XSHG
1236,10000409.XSHG,0.2582,0.2676,2015-10-20,XSHG
1237,10000408.XSHG,0.3092,0.3154,2015-10-20,XSHG
1238,10000319.XSHG,0.0855,0.0818,2015-10-20,XSHG
1239,10000313.XSHG,0.2888,0.2876,2015-10-20,XSHG
1240,10000312.XSHG,0.257,0.257,2015-10-20,XSHG
1241,10000311.XSHG,0.0677,0.0639,2015-10-20,XSHG
1242,10000310.XSHG,0.0803,0.0748,2015-10-20,XSHG
1243,10000316.XSHG,0.3919,0.3943,2015-10-20,XSHG
1244,10000315.XSHG,0.3602,0.355,2015-10-20,XSHG
1245,10000314.XSHG,0.3209,0.3207,2015-10-20,XSHG
1246,10000380.XSHG,0.1013,0.1089,2015-10-20,XSHG
1247,10000240.XSHG,,,2015-10-20,XSHG
1248,10000328.XSHG,0.1976,0.2007,2015-10-20,XSHG
1249,10000326.XSHG,0.1383,0.1449,2015-10-20,XSHG
1250,10000327.XSHG,0.1804,0.17,2015-10-20,XSHG
1251,10000325.XSHG,0.1023,0.1059,2015-10-20,XSHG
1252,10000322.XSHG,0.2256,0.2297,2015-10-20,XSHG
1253,10000320.XSHG,0.1602,0.1626,2015-10-20,XSHG
1254,10000321.XSHG,0.1491,0.1429,2015-10-20,XSHG
1255,10000228.XSHG,1.3451,1.3302,2015-10-20,XSHG
1256,10000331.XSHG,0.1278,0.1299,2015-10-20,XSHG
1257,10000239.XSHG,0.4901,0.4969,2015-10-20,XSHG
1258,10000333.XSHG,0.2,0.1934,2015-10-20,XSHG
1259,10000332.XSHG,0.1126,0.1129,2015-10-20,XSHG
1260,10000334.XSHG,0.1624,0.1789,2015-10-20,XSHG
1261,10000237.XSHG,0.011,0.0112,2015-10-20,XSHG
1262,10000438.XSHG,0.0158,0.0163,2015-10-20,XSHG
1263,10000439.XSHG,0.0105,0.0113,2015-10-20,XSHG
1264,10000432.XSHG,0.0234,0.0252,2015-10-20,XSHG
1265,10000433.XSHG,0.0352,0.0351,2015-10-20,XSHG
1266,10000430.XSHG,0.1015,0.1038,2015-10-20,XSHG
1267,10000431.XSHG,0.0771,0.0789,2015-10-20,XSHG
1268,10000436.XSHG,0.0959,0.0975,2015-10-20,XSHG
1269,10000437.XSHG,0.257,0.2487,2015-10-20,XSHG
1270,10000434.XSHG,0.0513,0.0532,2015-10-20,XSHG
1271,10000435.XSHG,0.0717,0.073,2015-10-20,XSHG
1272,10000342.XSHG,0.1555,0.157,2015-10-20,XSHG
1273,10000344.XSHG,0.093,0.0923,2015-10-20,XSHG
1274,10000345.XSHG,0.2433,0.2442,2015-10-20,XSHG
1275,10000346.XSHG,0.2112,0.2164,2015-10-20,XSHG
1276,10000347.XSHG,0.122,0.1296,2015-10-20,XSHG
1277,10000341.XSHG,0.1881,0.1825,2015-10-20,XSHG
1278,10000402.XSHG,0.0286,0.033,2015-10-20,XSHG
1279,10000343.XSHG,0.07,0.0721,2015-10-20,XSHG
1280,10000348.XSHG,0.1404,0.151,2015-10-20,XSHG
1281,10000227.XSHG,0.0017,0.0021,2015-10-20,XSHG
1282,10000429.XSHG,0.134,0.131,2015-10-20,XSHG
1283,10000269.XSHG,0.0246,0.0232,2015-10-20,XSHG
1284,10000425.XSHG,0.024,0.0282,2015-10-20,XSHG
1285,10000424.XSHG,0.043,0.0359,2015-10-20,XSHG
1286,10000427.XSHG,0.208,0.2109,2015-10-20,XSHG
1287,10000426.XSHG,0.0718,0.064,2015-10-20,XSHG
1288,10000421.XSHG,0.072,0.0814,2015-10-20,XSHG
1289,10000420.XSHG,0.0106,0.0076,2015-10-20,XSHG
1290,10000423.XSHG,0.0449,0.05,2015-10-20,XSHG
1291,10000422.XSHG,0.021,0.0163,2015-10-20,XSHG
1292,10000296.XSHG,0.59,0.6013,2015-10-20,XSHG
1293,10000297.XSHG,0.0245,0.0228,2015-10-20,XSHG
1294,10000294.XSHG,0.518,0.5134,2015-10-20,XSHG
1295,10000295.XSHG,0.5721,0.572,2015-10-20,XSHG
1296,10000292.XSHG,0.4507,0.4324,2015-10-20,XSHG
1297,10000293.XSHG,0.4678,0.4887,2015-10-20,XSHG
1298,10000290.XSHG,0.0321,0.0317,2015-10-20,XSHG
1299,10000291.XSHG,0.0268,0.0267,2015-10-20,XSHG
1300,10000443.XSHG,0.1239,0.1241,2015-10-20,XSHG
1301,10000442.XSHG,0.0347,0.0372,2015-10-20,XSHG
1302,10000441.XSHG,0.0552,0.058,2015-10-20,XSHG
1303,10000440.XSHG,0.1068,0.0971,2015-10-20,XSHG
1304,10000298.XSHG,0.6489,0.665,2015-10-20,XSHG
1305,10000444.XSHG,0.159,0.1568,2015-10-20,XSHG
1306,10000238.XSHG,0.0086,0.0098,2015-10-20,XSHG
1307,10000183.XSHG,0.0045,0.0041,2015-10-20,XSHG
1308,10000186.XSHG,0.0023,0.0022,2015-10-20,XSHG
1309,10000187.XSHG,0.0018,0.0022,2015-10-20,XSHG
1310,10000184.XSHG,0.0036,0.0033,2015-10-20,XSHG
1311,10000185.XSHG,0.0025,0.0027,2015-10-20,XSHG
1312,10000188.XSHG,0.7416,0.7415,2015-10-20,XSHG
1313,10000189.XSHG,0.8305,0.8309,2015-10-20,XSHG
1314,10000368.XSHG,0.2388,0.1982,2015-10-21,XSHG
1315,10000369.XSHG,0.0231,0.0285,2015-10-21,XSHG
1316,10000366.XSHG,0.3195,0.281,2015-10-21,XSHG
1317,10000367.XSHG,0.275,0.2425,2015-10-21,XSHG
1318,10000365.XSHG,0.3658,0.3254,2015-10-21,XSHG
1319,10000201.XSHG,0.0044,0.0043,2015-10-21,XSHG
1320,10000200.XSHG,1.203,1.2773,2015-10-21,XSHG
1321,10000203.XSHG,0.0054,0.0049,2015-10-21,XSHG
1322,10000202.XSHG,0.6468,0.7082,2015-10-21,XSHG
1323,10000205.XSHG,0.0068,0.0066,2015-10-21,XSHG
1324,10000204.XSHG,0.5993,0.6651,2015-10-21,XSHG
1325,10000206.XSHG,0.5527,0.5926,2015-10-21,XSHG
1326,10000191.XSHG,0.996,1.0758,2015-10-21,XSHG
1327,10000190.XSHG,0.894,0.9649,2015-10-21,XSHG
1328,10000192.XSHG,1.0991,1.1618,2015-10-21,XSHG
1329,10000199.XSHG,0.0012,0.0018,2015-10-21,XSHG
1330,10000428.XSHG,0.1993,0.1553,2015-10-21,XSHG
1331,10000379.XSHG,0.0874,0.105,2015-10-21,XSHG
1332,10000378.XSHG,0.0721,0.0862,2015-10-21,XSHG
1333,10000375.XSHG,0.3165,0.2867,2015-10-21,XSHG
1334,10000374.XSHG,0.3546,0.3202,2015-10-21,XSHG
1335,10000377.XSHG,0.0587,0.0706,2015-10-21,XSHG
1336,10000376.XSHG,0.2839,0.251,2015-10-21,XSHG
1337,10000371.XSHG,0.0397,0.0494,2015-10-21,XSHG
1338,10000370.XSHG,0.0313,0.0379,2015-10-21,XSHG
1339,10000373.XSHG,0.3917,0.3555,2015-10-21,XSHG
1340,10000372.XSHG,0.0536,0.0649,2015-10-21,XSHG
1341,10000274.XSHG,0.4193,0.4626,2015-10-21,XSHG
1342,10000270.XSHG,0.0182,0.0156,2015-10-21,XSHG
1343,10000271.XSHG,0.0133,0.0125,2015-10-21,XSHG
1344,10000272.XSHG,0.3372,0.3739,2015-10-21,XSHG
1345,10000273.XSHG,0.3774,0.4241,2015-10-21,XSHG
1346,10000393.XSHG,0.5098,0.4548,2015-10-21,XSHG
1347,10000279.XSHG,0.0323,0.0267,2015-10-21,XSHG
1348,10000289.XSHG,0.04,0.0313,2015-10-21,XSHG
1349,10000288.XSHG,0.0478,0.0383,2015-10-21,XSHG
1350,10000280.XSHG,0.2986,0.3291,2015-10-21,XSHG
1351,10000285.XSHG,0.0451,0.0352,2015-10-21,XSHG
1352,10000287.XSHG,0.0574,0.0467,2015-10-21,XSHG
1353,10000286.XSHG,0.267,0.305,2015-10-21,XSHG
1354,10000414.XSHG,0.0005,0.0009,2015-10-21,XSHG
1355,10000415.XSHG,0.2327,0.2043,2015-10-21,XSHG
1356,10000416.XSHG,0.1853,0.1543,2015-10-21,XSHG
1357,10000417.XSHG,0.1396,0.1097,2015-10-21,XSHG
1358,10000410.XSHG,0.0003,0.0003,2015-10-21,XSHG
1359,10000411.XSHG,0.0002,0.0004,2015-10-21,XSHG
1360,10000412.XSHG,0.0006,0.0004,2015-10-21,XSHG
1361,10000413.XSHG,0.0003,0.0005,2015-10-21,XSHG
1362,10000418.XSHG,0.0009,0.002,2015-10-21,XSHG
1363,10000419.XSHG,0.0097,0.0031,2015-10-21,XSHG
1364,10000308.XSHG,0.1129,0.1,2015-10-21,XSHG
1365,10000309.XSHG,0.0952,0.0808,2015-10-21,XSHG
1366,10000448.XSHG,0.178,0.2102,2015-10-21,XSHG
1367,10000397.XSHG,0.0118,0.017,2015-10-21,XSHG
1368,10000303.XSHG,0.0682,0.0583,2015-10-21,XSHG
1369,10000304.XSHG,0.0527,0.043,2015-10-21,XSHG
1370,10000305.XSHG,0.1969,0.2164,2015-10-21,XSHG
1371,10000306.XSHG,0.2299,0.269,2015-10-21,XSHG
1372,10000307.XSHG,0.1319,0.1123,2015-10-21,XSHG
1373,10000395.XSHG,0.4131,0.3678,2015-10-21,XSHG
1374,10000394.XSHG,0.4608,0.4116,2015-10-21,XSHG
1375,10000407.XSHG,0.3827,0.3516,2015-10-21,XSHG
1376,10000406.XSHG,0.4325,0.4051,2015-10-21,XSHG
1377,10000405.XSHG,0.4841,0.4502,2015-10-21,XSHG
1378,10000404.XSHG,0.0472,0.0574,2015-10-21,XSHG
1379,10000403.XSHG,0.0378,0.0505,2015-10-21,XSHG
1380,10000396.XSHG,0.0082,0.0121,2015-10-21,XSHG
1381,10000401.XSHG,0.4288,0.3907,2015-10-21,XSHG
1382,10000400.XSHG,0.4753,0.4302,2015-10-21,XSHG
1383,10000399.XSHG,0.5149,0.4666,2015-10-21,XSHG
1384,10000398.XSHG,0.0159,0.0232,2015-10-21,XSHG
1385,10000409.XSHG,0.2828,0.2541,2015-10-21,XSHG
1386,10000408.XSHG,0.3324,0.295,2015-10-21,XSHG
1387,10000319.XSHG,0.0873,0.0722,2015-10-21,XSHG
1388,10000298.XSHG,0.6208,0.6864,2015-10-21,XSHG
1389,10000313.XSHG,0.2868,0.3112,2015-10-21,XSHG
1390,10000312.XSHG,0.2553,0.2798,2015-10-21,XSHG
1391,10000311.XSHG,0.0687,0.0566,2015-10-21,XSHG
1392,10000310.XSHG,0.081,0.0695,2015-10-21,XSHG
1393,10000316.XSHG,0.3938,0.3933,2015-10-21,XSHG
1394,10000315.XSHG,0.3535,0.3844,2015-10-21,XSHG
1395,10000314.XSHG,0.3195,0.3386,2015-10-21,XSHG
1396,10000380.XSHG,0.104,0.1261,2015-10-21,XSHG
1397,10000240.XSHG,0.5071,0.5668,2015-10-21,XSHG
1398,10000328.XSHG,0.1968,0.2289,2015-10-21,XSHG
1399,10000326.XSHG,0.1312,0.1616,2015-10-21,XSHG
1400,10000327.XSHG,0.1787,0.153,2015-10-21,XSHG
1401,10000325.XSHG,0.1098,0.0884,2015-10-21,XSHG
1402,10000322.XSHG,0.2253,0.2564,2015-10-21,XSHG
1403,10000320.XSHG,0.1626,0.1924,2015-10-21,XSHG
1404,10000321.XSHG,0.1549,0.1297,2015-10-21,XSHG
1405,10000228.XSHG,1.3191,1.3725,2015-10-21,XSHG
1406,10000331.XSHG,0.1352,0.1122,2015-10-21,XSHG
1407,10000239.XSHG,0.4626,0.5151,2015-10-21,XSHG
1408,10000333.XSHG,0.1984,0.1743,2015-10-21,XSHG
1409,10000332.XSHG,0.1117,0.1332,2015-10-21,XSHG
1410,10000334.XSHG,0.1699,0.1984,2015-10-21,XSHG
1411,10000237.XSHG,0.0112,0.0097,2015-10-21,XSHG
1412,10000438.XSHG,0.0139,0.0234,2015-10-21,XSHG
1413,10000439.XSHG,0.014,0.0083,2015-10-21,XSHG
1414,10000432.XSHG,0.022,0.0317,2015-10-21,XSHG
1415,10000433.XSHG,0.0318,0.0441,2015-10-21,XSHG
1416,10000430.XSHG,0.1157,0.0925,2015-10-21,XSHG
1417,10000431.XSHG,0.0885,0.0667,2015-10-21,XSHG
1418,10000436.XSHG,0.0886,0.113,2015-10-21,XSHG
1419,10000437.XSHG,0.2961,0.2277,2015-10-21,XSHG
1420,10000434.XSHG,0.0519,0.0631,2015-10-21,XSHG
1421,10000435.XSHG,0.0644,0.0842,2015-10-21,XSHG
1422,10000342.XSHG,0.1721,0.1346,2015-10-21,XSHG
1423,10000344.XSHG,0.0903,0.1088,2015-10-21,XSHG
1424,10000345.XSHG,0.2545,0.215,2015-10-21,XSHG
1425,10000346.XSHG,0.2239,0.1908,2015-10-21,XSHG
1426,10000347.XSHG,0.1241,0.1462,2015-10-21,XSHG
1427,10000341.XSHG,0.2176,0.17,2015-10-21,XSHG
1428,10000402.XSHG,0.0312,0.0389,2015-10-21,XSHG
1429,10000343.XSHG,0.0704,0.0869,2015-10-21,XSHG
1430,10000348.XSHG,0.1446,0.1689,2015-10-21,XSHG
1431,10000227.XSHG,0.0014,0.0019,2015-10-21,XSHG
1432,10000429.XSHG,0.1667,0.1216,2015-10-21,XSHG
1433,10000269.XSHG,0.0247,0.0208,2015-10-21,XSHG
1434,10000425.XSHG,0.0298,0.0199,2015-10-21,XSHG
1435,10000424.XSHG,0.0305,0.0382,2015-10-21,XSHG
1436,10000427.XSHG,0.2366,0.192,2015-10-21,XSHG
1437,10000426.XSHG,0.0554,0.069,2015-10-21,XSHG
1438,10000421.XSHG,0.0963,0.0664,2015-10-21,XSHG
1439,10000420.XSHG,0.007,0.0085,2015-10-21,XSHG
1440,10000423.XSHG,0.056,0.0393,2015-10-21,XSHG
1441,10000422.XSHG,0.0145,0.0194,2015-10-21,XSHG
1442,10000296.XSHG,0.5798,0.6099,2015-10-21,XSHG
1443,10000297.XSHG,0.0259,0.0189,2015-10-21,XSHG
1444,10000294.XSHG,0.501,0.5436,2015-10-21,XSHG
1445,10000295.XSHG,0.5398,0.5871,2015-10-21,XSHG
1446,10000292.XSHG,0.432,0.432,2015-10-21,XSHG
1447,10000293.XSHG,0.4731,0.4988,2015-10-21,XSHG
1448,10000290.XSHG,0.0337,0.0269,2015-10-21,XSHG
1449,10000291.XSHG,0.0285,0.0221,2015-10-21,XSHG
1450,10000443.XSHG,0.1154,0.1399,2015-10-21,XSHG
1451,10000442.XSHG,0.0424,0.0304,2015-10-21,XSHG
1452,10000441.XSHG,0.0632,0.0488,2015-10-21,XSHG
1453,10000440.XSHG,0.085,0.107,2015-10-21,XSHG
1454,10000447.XSHG,0.0269,0.0202,2015-10-21,XSHG
1455,10000446.XSHG,0.1231,0.1516,2015-10-21,XSHG
1456,10000445.XSHG,0.0049,0.0014,2015-10-21,XSHG
1457,10000444.XSHG,0.1447,0.172,2015-10-21,XSHG
1458,10000238.XSHG,0.0091,0.0072,2015-10-21,XSHG
1459,10000183.XSHG,0.0035,0.004,2015-10-21,XSHG
1460,10000186.XSHG,0.0018,0.0023,2015-10-21,XSHG
1461,10000187.XSHG,0.0016,0.002,2015-10-21,XSHG
1462,10000184.XSHG,0.0026,0.003,2015-10-21,XSHG
1463,10000185.XSHG,0.0021,0.0024,2015-10-21,XSHG
1464,10000188.XSHG,0.6951,0.78,2015-10-21,XSHG
1465,10000189.XSHG,0.7935,0.8092,2015-10-21,XSHG
1466,10000368.XSHG,0.2213,0.2133,2015-10-22,XSHG
1467,10000369.XSHG,0.0264,0.0247,2015-10-22,XSHG
1468,10000366.XSHG,0.298,0.3094,2015-10-22,XSHG
1469,10000367.XSHG,0.2585,0.2679,2015-10-22,XSHG
1470,10000365.XSHG,0.3405,0.3519,2015-10-22,XSHG
1471,10000201.XSHG,0.0041,0.0053,2015-10-22,XSHG
1472,10000200.XSHG,1.361,1.2149,2015-10-22,XSHG
1473,10000203.XSHG,0.0056,0.0063,2015-10-22,XSHG
1474,10000202.XSHG,0.6689,0.6836,2015-10-22,XSHG
1475,10000205.XSHG,0.0067,0.008,2015-10-22,XSHG
1476,10000204.XSHG,0.6221,0.6421,2015-10-22,XSHG
1477,10000206.XSHG,0.5755,0.595,2015-10-22,XSHG
1478,10000191.XSHG,1.1295,1.0381,2015-10-22,XSHG
1479,10000190.XSHG,1.0218,0.9551,2015-10-22,XSHG
1480,10000192.XSHG,1.2391,1.1153,2015-10-22,XSHG
1481,10000199.XSHG,0.001,0.0025,2015-10-22,XSHG
1482,10000428.XSHG,0.1602,0.178,2015-10-22,XSHG
1483,10000379.XSHG,0.0996,0.1025,2015-10-22,XSHG
1484,10000378.XSHG,0.0819,0.0765,2015-10-22,XSHG
1485,10000375.XSHG,0.3018,0.2731,2015-10-22,XSHG
1486,10000374.XSHG,0.344,0.3119,2015-10-22,XSHG
1487,10000377.XSHG,0.067,0.065,2015-10-22,XSHG
1488,10000376.XSHG,0.2702,0.25,2015-10-22,XSHG
1489,10000371.XSHG,0.0454,0.0415,2015-10-22,XSHG
1490,10000370.XSHG,0.035,0.0334,2015-10-22,XSHG
1491,10000373.XSHG,0.3807,0.371,2015-10-22,XSHG
1492,10000372.XSHG,0.0582,0.055,2015-10-22,XSHG
1493,10000274.XSHG,0.4388,0.4481,2015-10-22,XSHG
1494,10000270.XSHG,0.0169,0.0186,2015-10-22,XSHG
1495,10000271.XSHG,0.0136,0.0153,2015-10-22,XSHG
1496,10000272.XSHG,0.3521,0.3591,2015-10-22,XSHG
1497,10000273.XSHG,0.3949,0.4,2015-10-22,XSHG
1498,10000393.XSHG,0.4768,0.4799,2015-10-22,XSHG
1499,10000279.XSHG,0.0287,0.0314,2015-10-22,XSHG
1500,10000289.XSHG,0.034,0.0335,2015-10-22,XSHG
1501,10000288.XSHG,0.0416,0.0397,2015-10-22,XSHG
1502,10000280.XSHG,0.3109,0.3201,2015-10-22,XSHG
1503,10000285.XSHG,0.038,0.0406,2015-10-22,XSHG
1504,10000287.XSHG,0.0507,0.0513,2015-10-22,XSHG
1505,10000286.XSHG,0.2717,0.282,2015-10-22,XSHG
1506,10000414.XSHG,0.0011,0.0005,2015-10-22,XSHG
1507,10000415.XSHG,0.221,0.2257,2015-10-22,XSHG
1508,10000416.XSHG,0.1681,0.1751,2015-10-22,XSHG
1509,10000417.XSHG,0.122,0.1262,2015-10-22,XSHG
1510,10000410.XSHG,0.0001,0.0001,2015-10-22,XSHG
1511,10000411.XSHG,0.0003,0.0001,2015-10-22,XSHG
1512,10000412.XSHG,0.0006,0.0003,2015-10-22,XSHG
1513,10000413.XSHG,0.0007,0.0004,2015-10-22,XSHG
1514,10000418.XSHG,0.002,0.0008,2015-10-22,XSHG
1515,10000419.XSHG,0.0013,0.0011,2015-10-22,XSHG
1516,10000308.XSHG,0.1044,0.0969,2015-10-22,XSHG
1517,10000309.XSHG,0.0877,0.0828,2015-10-22,XSHG
1518,10000448.XSHG,0.197,0.1795,2015-10-22,XSHG
1519,10000397.XSHG,0.0152,0.0142,2015-10-22,XSHG
1520,10000303.XSHG,0.0626,0.0674,2015-10-22,XSHG
1521,10000304.XSHG,0.05,0.0542,2015-10-22,XSHG
1522,10000305.XSHG,0.2024,0.1913,2015-10-22,XSHG
1523,10000306.XSHG,0.2355,0.2496,2015-10-22,XSHG
1524,10000307.XSHG,0.1216,0.1156,2015-10-22,XSHG
1525,10000395.XSHG,0.3851,0.3964,2015-10-22,XSHG
1526,10000394.XSHG,0.4309,0.4461,2015-10-22,XSHG
1527,10000407.XSHG,0.357,0.3752,2015-10-22,XSHG
1528,10000406.XSHG,0.4083,0.4262,2015-10-22,XSHG
1529,10000405.XSHG,0.4535,0.4755,2015-10-22,XSHG
1530,10000404.XSHG,0.0545,0.0535,2015-10-22,XSHG
1531,10000403.XSHG,0.0462,0.0429,2015-10-22,XSHG
1532,10000396.XSHG,0.0108,0.0103,2015-10-22,XSHG
1533,10000401.XSHG,0.408,0.4087,2015-10-22,XSHG
1534,10000400.XSHG,0.4635,0.4472,2015-10-22,XSHG
1535,10000399.XSHG,0.4799,0.4798,2015-10-22,XSHG
1536,10000398.XSHG,0.0203,0.0185,2015-10-22,XSHG
1537,10000409.XSHG,0.2696,0.2747,2015-10-22,XSHG
1538,10000408.XSHG,0.309,0.3227,2015-10-22,XSHG
1539,10000319.XSHG,0.0786,0.0836,2015-10-22,XSHG
1540,10000298.XSHG,0.6377,0.6377,2015-10-22,XSHG
1541,10000313.XSHG,0.2946,0.2901,2015-10-22,XSHG
1542,10000312.XSHG,0.2628,0.2612,2015-10-22,XSHG
1543,10000311.XSHG,0.0603,0.0608,2015-10-22,XSHG
1544,10000310.XSHG,0.0742,0.0692,2015-10-22,XSHG
1545,10000316.XSHG,,,2015-10-22,XSHG
1546,10000315.XSHG,0.362,0.3827,2015-10-22,XSHG
1547,10000314.XSHG,0.3316,0.3361,2015-10-22,XSHG
1548,10000380.XSHG,0.1162,0.1116,2015-10-22,XSHG
1549,10000240.XSHG,0.5293,0.5293,2015-10-22,XSHG
1550,10000328.XSHG,0.2094,0.2127,2015-10-22,XSHG
1551,10000326.XSHG,0.1435,0.1403,2015-10-22,XSHG
1552,10000327.XSHG,0.1589,0.1622,2015-10-22,XSHG
1553,10000325.XSHG,0.0993,0.1056,2015-10-22,XSHG
1554,10000322.XSHG,0.2346,0.2303,2015-10-22,XSHG
1555,10000320.XSHG,0.1734,0.1648,2015-10-22,XSHG
1556,10000321.XSHG,0.1403,0.1335,2015-10-22,XSHG
1557,10000228.XSHG,1.3292,1.3156,2015-10-22,XSHG
1558,10000331.XSHG,0.1233,0.13,2015-10-22,XSHG
1559,10000239.XSHG,0.4838,0.51,2015-10-22,XSHG
1560,10000333.XSHG,0.1858,0.1806,2015-10-22,XSHG
1561,10000332.XSHG,0.1178,0.1118,2015-10-22,XSHG
1562,10000334.XSHG,0.1823,0.1869,2015-10-22,XSHG
1563,10000237.XSHG,0.0105,0.012,2015-10-22,XSHG
1564,10000438.XSHG,0.0193,0.016,2015-10-22,XSHG
1565,10000439.XSHG,0.0096,0.0071,2015-10-22,XSHG
1566,10000432.XSHG,0.0288,0.0226,2015-10-22,XSHG
1567,10000433.XSHG,0.0415,0.0333,2015-10-22,XSHG
1568,10000430.XSHG,0.0912,0.1087,2015-10-22,XSHG
1569,10000431.XSHG,0.0715,0.0834,2015-10-22,XSHG
1570,10000436.XSHG,0.1061,0.0886,2015-10-22,XSHG
1571,10000437.XSHG,0.2276,0.26,2015-10-22,XSHG
1572,10000434.XSHG,0.0584,0.0486,2015-10-22,XSHG
1573,10000435.XSHG,0.0774,0.0671,2015-10-22,XSHG
1574,10000342.XSHG,0.1502,0.1606,2015-10-22,XSHG
1575,10000344.XSHG,0.0949,0.0888,2015-10-22,XSHG
1576,10000345.XSHG,0.2371,0.2216,2015-10-22,XSHG
1577,10000346.XSHG,0.207,0.2006,2015-10-22,XSHG
1578,10000347.XSHG,0.1372,0.132,2015-10-22,XSHG
1579,10000341.XSHG,0.187,0.1898,2015-10-22,XSHG
1580,10000402.XSHG,0.0358,0.035,2015-10-22,XSHG
1581,10000343.XSHG,0.0746,0.0702,2015-10-22,XSHG
1582,10000348.XSHG,0.1586,0.16,2015-10-22,XSHG
1583,10000227.XSHG,0.0018,0.0019,2015-10-22,XSHG
1584,10000429.XSHG,0.1339,0.1436,2015-10-22,XSHG
1585,10000269.XSHG,0.0221,0.0244,2015-10-22,XSHG
1586,10000425.XSHG,0.0216,0.0196,2015-10-22,XSHG
1587,10000424.XSHG,0.0358,0.0202,2015-10-22,XSHG
1588,10000427.XSHG,0.1919,0.2189,2015-10-22,XSHG
1589,10000426.XSHG,0.065,0.0437,2015-10-22,XSHG
1590,10000421.XSHG,0.0816,0.082,2015-10-22,XSHG
1591,10000420.XSHG,0.0074,0.0025,2015-10-22,XSHG
1592,10000423.XSHG,0.041,0.0433,2015-10-22,XSHG
1593,10000422.XSHG,0.0165,0.0067,2015-10-22,XSHG
1594,10000296.XSHG,0.595,0.595,2015-10-22,XSHG
1595,10000297.XSHG,0.0201,0.0197,2015-10-22,XSHG
1596,10000294.XSHG,,,2015-10-22,XSHG
1597,10000295.XSHG,0.5517,0.5517,2015-10-22,XSHG
1598,10000292.XSHG,,,2015-10-22,XSHG
1599,10000293.XSHG,,,2015-10-22,XSHG
1600,10000290.XSHG,0.0288,0.0286,2015-10-22,XSHG
1601,10000291.XSHG,0.0236,0.0239,2015-10-22,XSHG
1602,10000443.XSHG,0.1331,0.1122,2015-10-22,XSHG
1603,10000442.XSHG,0.0342,0.0404,2015-10-22,XSHG
1604,10000441.XSHG,0.0522,0.0583,2015-10-22,XSHG
1605,10000440.XSHG,0.0984,0.0808,2015-10-22,XSHG
1606,10000447.XSHG,0.0213,0.0259,2015-10-22,XSHG
1607,10000446.XSHG,0.14,0.1261,2015-10-22,XSHG
1608,10000445.XSHG,0.0028,0.0025,2015-10-22,XSHG
1609,10000444.XSHG,0.1591,0.1434,2015-10-22,XSHG
1610,10000238.XSHG,0.0082,0.0094,2015-10-22,XSHG
1611,10000183.XSHG,0.0035,0.0043,2015-10-22,XSHG
1612,10000186.XSHG,0.0019,0.0024,2015-10-22,XSHG
1613,10000187.XSHG,0.0016,0.0022,2015-10-22,XSHG
1614,10000184.XSHG,0.0027,0.0026,2015-10-22,XSHG
1615,10000185.XSHG,0.002,0.003,2015-10-22,XSHG
1616,10000188.XSHG,0.716,0.7429,2015-10-22,XSHG
1617,10000189.XSHG,0.8107,0.8488,2015-10-22,XSHG
1618,10000368.XSHG,0.2479,0.2358,2015-10-23,XSHG
1619,10000369.XSHG,0.0229,0.0211,2015-10-23,XSHG
1620,10000366.XSHG,0.3206,0.3231,2015-10-23,XSHG
1621,10000367.XSHG,0.2894,0.2813,2015-10-23,XSHG
1622,10000365.XSHG,0.3783,0.3694,2015-10-23,XSHG
1623,10000201.XSHG,0.0055,0.0053,2015-10-23,XSHG
1624,10000200.XSHG,1.2168,1.2169,2015-10-23,XSHG
1625,10000203.XSHG,0.0067,0.0067,2015-10-23,XSHG
1626,10000202.XSHG,0.6526,0.6581,2015-10-23,XSHG
1627,10000205.XSHG,0.0081,0.0076,2015-10-23,XSHG
1628,10000204.XSHG,0.6049,0.6118,2015-10-23,XSHG
1629,10000206.XSHG,0.558,0.558,2015-10-23,XSHG
1630,10000191.XSHG,1.021,1.0211,2015-10-23,XSHG
1631,10000190.XSHG,0.9006,0.9054,2015-10-23,XSHG
1632,10000192.XSHG,1.1174,1.1175,2015-10-23,XSHG
1633,10000199.XSHG,0.0016,0.0023,2015-10-23,XSHG
1634,10000428.XSHG,0.1868,0.1877,2015-10-23,XSHG
1635,10000379.XSHG,0.0937,0.089,2015-10-23,XSHG
1636,10000378.XSHG,0.073,0.0707,2015-10-23,XSHG
1637,10000375.XSHG,0.3117,0.3117,2015-10-23,XSHG
1638,10000374.XSHG,0.3445,0.3486,2015-10-23,XSHG
1639,10000377.XSHG,0.0594,0.0572,2015-10-23,XSHG
1640,10000376.XSHG,0.2749,0.2767,2015-10-23,XSHG
1641,10000371.XSHG,0.04,0.036,2015-10-23,XSHG
1642,10000370.XSHG,0.0308,0.0284,2015-10-23,XSHG
1643,10000373.XSHG,0.3965,0.3875,2015-10-23,XSHG
1644,10000372.XSHG,0.0526,0.046,2015-10-23,XSHG
1645,10000274.XSHG,0.4239,0.4251,2015-10-23,XSHG
1646,10000270.XSHG,0.0196,0.0194,2015-10-23,XSHG
1647,10000271.XSHG,0.0155,0.015,2015-10-23,XSHG
1648,10000272.XSHG,0.3412,0.3341,2015-10-23,XSHG
1649,10000273.XSHG,0.3818,0.3818,2015-10-23,XSHG
1650,10000393.XSHG,0.5023,0.5018,2015-10-23,XSHG
1651,10000279.XSHG,0.0325,0.032,2015-10-23,XSHG
1652,10000289.XSHG,0.036,0.0337,2015-10-23,XSHG
1653,10000288.XSHG,0.043,0.0416,2015-10-23,XSHG
1654,10000280.XSHG,0.3023,0.2901,2015-10-23,XSHG
1655,10000285.XSHG,0.043,0.0416,2015-10-23,XSHG
1656,10000287.XSHG,0.0528,0.0528,2015-10-23,XSHG
1657,10000286.XSHG,0.2663,0.256,2015-10-23,XSHG
1658,10000414.XSHG,0.0002,0.0001,2015-10-23,XSHG
1659,10000415.XSHG,0.233,0.2389,2015-10-23,XSHG
1660,10000416.XSHG,0.1818,0.1902,2015-10-23,XSHG
1661,10000417.XSHG,0.1364,0.1396,2015-10-23,XSHG
1662,10000410.XSHG,0.0002,0.0002,2015-10-23,XSHG
1663,10000411.XSHG,0.0001,0.0002,2015-10-23,XSHG
1664,10000412.XSHG,0.0002,0.0001,2015-10-23,XSHG
1665,10000413.XSHG,0.0002,0.0003,2015-10-23,XSHG
1666,10000418.XSHG,0.0006,0.0002,2015-10-23,XSHG
1667,10000419.XSHG,0.0011,0.0007,2015-10-23,XSHG
1668,10000308.XSHG,0.1052,0.1109,2015-10-23,XSHG
1669,10000309.XSHG,0.0899,0.0918,2015-10-23,XSHG
1670,10000448.XSHG,0.1757,0.1667,2015-10-23,XSHG
1671,10000397.XSHG,0.0129,0.0112,2015-10-23,XSHG
1672,10000303.XSHG,0.0692,0.072,2015-10-23,XSHG
1673,10000304.XSHG,0.0578,0.0545,2015-10-23,XSHG
1674,10000305.XSHG,0.1908,0.1776,2015-10-23,XSHG
1675,10000306.XSHG,0.22,0.2198,2015-10-23,XSHG
1676,10000307.XSHG,0.1255,0.1232,2015-10-23,XSHG
1677,10000395.XSHG,0.4174,0.4149,2015-10-23,XSHG
1678,10000394.XSHG,0.4699,0.4525,2015-10-23,XSHG
1679,10000407.XSHG,0.3805,0.3954,2015-10-23,XSHG
1680,10000406.XSHG,0.4299,0.4415,2015-10-23,XSHG
1681,10000405.XSHG,0.4799,0.489,2015-10-23,XSHG
1682,10000404.XSHG,0.0489,0.0455,2015-10-23,XSHG
1683,10000403.XSHG,0.0398,0.0365,2015-10-23,XSHG
1684,10000396.XSHG,0.0095,0.0086,2015-10-23,XSHG
1685,10000401.XSHG,0.4178,0.423,2015-10-23,XSHG
1686,10000400.XSHG,0.4789,0.456,2015-10-23,XSHG
1687,10000399.XSHG,0.4899,0.496,2015-10-23,XSHG
1688,10000398.XSHG,0.0176,0.0156,2015-10-23,XSHG
1689,10000409.XSHG,0.2745,0.2952,2015-10-23,XSHG
1690,10000408.XSHG,0.333,0.3378,2015-10-23,XSHG
1691,10000319.XSHG,0.0885,0.0909,2015-10-23,XSHG
1692,10000298.XSHG,0.6255,0.6306,2015-10-23,XSHG
1693,10000313.XSHG,0.2725,0.2736,2015-10-23,XSHG
1694,10000312.XSHG,0.2537,0.2421,2015-10-23,XSHG
1695,10000311.XSHG,0.0629,0.0641,2015-10-23,XSHG
1696,10000310.XSHG,0.0752,0.0764,2015-10-23,XSHG
1697,10000316.XSHG,0.3793,0.382,2015-10-23,XSHG
1698,10000315.XSHG,0.352,0.3392,2015-10-23,XSHG
1699,10000314.XSHG,,,2015-10-23,XSHG
1700,10000380.XSHG,0.1053,0.1012,2015-10-23,XSHG
1701,10000240.XSHG,0.5266,0.515,2015-10-23,XSHG
1702,10000328.XSHG,0.1974,0.1946,2015-10-23,XSHG
1703,10000326.XSHG,0.1345,0.1235,2015-10-23,XSHG
1704,10000327.XSHG,0.1701,0.1725,2015-10-23,XSHG
1705,10000325.XSHG,0.1111,0.1149,2015-10-23,XSHG
1706,10000322.XSHG,0.2282,0.2145,2015-10-23,XSHG
1707,10000320.XSHG,0.1569,0.149,2015-10-23,XSHG
1708,10000321.XSHG,0.1449,0.1503,2015-10-23,XSHG
1709,10000228.XSHG,1.318,1.3181,2015-10-23,XSHG
1710,10000331.XSHG,0.1348,0.1382,2015-10-23,XSHG
1711,10000239.XSHG,0.4674,0.4691,2015-10-23,XSHG
1712,10000333.XSHG,0.1933,0.1958,2015-10-23,XSHG
1713,10000332.XSHG,0.1087,0.0983,2015-10-23,XSHG
1714,10000334.XSHG,0.172,0.1636,2015-10-23,XSHG
1715,10000237.XSHG,0.0125,0.0125,2015-10-23,XSHG
1716,10000438.XSHG,0.0154,0.011,2015-10-23,XSHG
1717,10000439.XSHG,0.01,0.0071,2015-10-23,XSHG
1718,10000432.XSHG,0.0218,0.0176,2015-10-23,XSHG
1719,10000433.XSHG,0.0319,0.0268,2015-10-23,XSHG
1720,10000430.XSHG,0.111,0.1153,2015-10-23,XSHG
1721,10000431.XSHG,0.085,0.0863,2015-10-23,XSHG
1722,10000436.XSHG,0.0845,0.077,2015-10-23,XSHG
1723,10000437.XSHG,0.2574,0.2725,2015-10-23,XSHG
1724,10000434.XSHG,0.0468,0.0409,2015-10-23,XSHG
1725,10000435.XSHG,0.0621,0.0567,2015-10-23,XSHG
1726,10000342.XSHG,0.1599,0.1656,2015-10-23,XSHG
1727,10000344.XSHG,0.0841,0.0785,2015-10-23,XSHG
1728,10000345.XSHG,0.2322,0.2443,2015-10-23,XSHG
1729,10000346.XSHG,0.2176,0.2214,2015-10-23,XSHG
1730,10000347.XSHG,0.1257,0.1253,2015-10-23,XSHG
1731,10000341.XSHG,0.2065,0.2044,2015-10-23,XSHG
1732,10000402.XSHG,0.0324,0.0297,2015-10-23,XSHG
1733,10000343.XSHG,0.0699,0.06,2015-10-23,XSHG
1734,10000348.XSHG,0.1463,0.141,2015-10-23,XSHG
1735,10000227.XSHG,0.0018,0.0019,2015-10-23,XSHG
1736,10000429.XSHG,0.145,0.1501,2015-10-23,XSHG
1737,10000269.XSHG,0.0255,0.0256,2015-10-23,XSHG
1738,10000425.XSHG,0.0235,0.0198,2015-10-23,XSHG
1739,10000424.XSHG,0.0191,0.0101,2015-10-23,XSHG
1740,10000427.XSHG,0.2298,0.2274,2015-10-23,XSHG
1741,10000426.XSHG,0.0392,0.0283,2015-10-23,XSHG
1742,10000421.XSHG,0.0862,0.0937,2015-10-23,XSHG
1743,10000420.XSHG,0.0023,0.0005,2015-10-23,XSHG
1744,10000423.XSHG,0.0464,0.05,2015-10-23,XSHG
1745,10000422.XSHG,0.0069,0.0028,2015-10-23,XSHG
1746,10000296.XSHG,0.61,0.609,2015-10-23,XSHG
1747,10000297.XSHG,0.0205,0.02,2015-10-23,XSHG
1748,10000294.XSHG,0.5112,0.512,2015-10-23,XSHG
1749,10000295.XSHG,,,2015-10-23,XSHG
1750,10000292.XSHG,0.426,0.4131,2015-10-23,XSHG
1751,10000293.XSHG,0.4664,0.4588,2015-10-23,XSHG
1752,10000290.XSHG,0.0299,0.0297,2015-10-23,XSHG
1753,10000291.XSHG,0.0246,0.0233,2015-10-23,XSHG
1754,10000443.XSHG,0.1103,0.0991,2015-10-23,XSHG
1755,10000442.XSHG,0.0431,0.0421,2015-10-23,XSHG
1756,10000441.XSHG,0.063,0.062,2015-10-23,XSHG
1757,10000440.XSHG,0.0796,0.0647,2015-10-23,XSHG
1758,10000447.XSHG,0.0281,0.027,2015-10-23,XSHG
1759,10000446.XSHG,0.1243,0.111,2015-10-23,XSHG
1760,10000445.XSHG,0.0037,0.0021,2015-10-23,XSHG
1761,10000444.XSHG,0.1418,0.1297,2015-10-23,XSHG
1762,10000238.XSHG,0.0091,0.009,2015-10-23,XSHG
1763,10000183.XSHG,0.0045,0.0044,2015-10-23,XSHG
1764,10000186.XSHG,0.0021,0.0021,2015-10-23,XSHG
1765,10000187.XSHG,0.0017,0.0025,2015-10-23,XSHG
1766,10000184.XSHG,0.0031,0.0031,2015-10-23,XSHG
1767,10000185.XSHG,0.0026,0.0027,2015-10-23,XSHG
1768,10000188.XSHG,0.701,0.7062,2015-10-23,XSHG
1769,10000189.XSHG,0.7998,0.8045,2015-10-23,XSHG
1770,10000368.XSHG,0.278,0.2428,2015-10-26,XSHG
1771,10000369.XSHG,0.0173,0.0185,2015-10-26,XSHG
1772,10000366.XSHG,0.3578,0.3202,2015-10-26,XSHG
1773,10000367.XSHG,0.3137,0.2885,2015-10-26,XSHG
1774,10000365.XSHG,0.4038,0.3627,2015-10-26,XSHG
1775,10000201.XSHG,0.0061,0.0049,2015-10-26,XSHG
1776,10000200.XSHG,1.1738,1.17,2015-10-26,XSHG
1777,10000203.XSHG,0.0073,0.006,2015-10-26,XSHG
1778,10000202.XSHG,0.6309,0.6559,2015-10-26,XSHG
1779,10000205.XSHG,0.0087,0.0074,2015-10-26,XSHG
1780,10000204.XSHG,,,2015-10-26,XSHG
1781,10000206.XSHG,0.5205,0.5591,2015-10-26,XSHG
1782,10000191.XSHG,,,2015-10-26,XSHG
1783,10000190.XSHG,0.8764,0.8785,2015-10-26,XSHG
1784,10000192.XSHG,1.0745,1.0745,2015-10-26,XSHG
1785,10000199.XSHG,0.002,0.0019,2015-10-26,XSHG
1786,10000428.XSHG,0.2173,0.192,2015-10-26,XSHG
1787,10000379.XSHG,0.0804,0.084,2015-10-26,XSHG
1788,10000378.XSHG,0.0656,0.0682,2015-10-26,XSHG
1789,10000375.XSHG,0.3433,0.3051,2015-10-26,XSHG
1790,10000374.XSHG,0.3805,0.3662,2015-10-26,XSHG
1791,10000377.XSHG,0.053,0.0544,2015-10-26,XSHG
1792,10000376.XSHG,0.3123,0.2839,2015-10-26,XSHG
1793,10000371.XSHG,0.03,0.0332,2015-10-26,XSHG
1794,10000370.XSHG,0.0235,0.025,2015-10-26,XSHG
1795,10000373.XSHG,0.4214,0.4,2015-10-26,XSHG
1796,10000372.XSHG,0.04,0.042,2015-10-26,XSHG
1797,10000274.XSHG,0.3872,0.41,2015-10-26,XSHG
1798,10000270.XSHG,0.0194,0.0196,2015-10-26,XSHG
1799,10000271.XSHG,0.0172,0.0157,2015-10-26,XSHG
1800,10000272.XSHG,0.3072,0.322,2015-10-26,XSHG
1801,10000273.XSHG,0.3447,0.3661,2015-10-26,XSHG
1802,10000393.XSHG,0.5127,0.508,2015-10-26,XSHG
1803,10000279.XSHG,0.0378,0.0336,2015-10-26,XSHG
1804,10000289.XSHG,0.0399,0.0353,2015-10-26,XSHG
1805,10000288.XSHG,0.0468,0.0447,2015-10-26,XSHG
1806,10000280.XSHG,0.2681,0.2764,2015-10-26,XSHG
1807,10000285.XSHG,0.0503,0.0443,2015-10-26,XSHG
1808,10000287.XSHG,0.0594,0.055,2015-10-26,XSHG
1809,10000286.XSHG,0.236,0.2349,2015-10-26,XSHG
1810,10000414.XSHG,0.0001,0.0002,2015-10-26,XSHG
1811,10000415.XSHG,0.2599,0.2505,2015-10-26,XSHG
1812,10000416.XSHG,0.2111,0.1973,2015-10-26,XSHG
1813,10000417.XSHG,0.1645,0.147,2015-10-26,XSHG
1814,10000410.XSHG,0.0001,0.0001,2015-10-26,XSHG
1815,10000411.XSHG,0.0001,0.0001,2015-10-26,XSHG
1816,10000412.XSHG,0.0001,0.0001,2015-10-26,XSHG
1817,10000413.XSHG,0.0001,0.0002,2015-10-26,XSHG
1818,10000418.XSHG,0.0002,0.0001,2015-10-26,XSHG
1819,10000419.XSHG,0.0005,0.0003,2015-10-26,XSHG
1820,10000308.XSHG,0.1199,0.1069,2015-10-26,XSHG
1821,10000309.XSHG,0.1033,0.0939,2015-10-26,XSHG
1822,10000448.XSHG,0.1473,0.1613,2015-10-26,XSHG
1823,10000397.XSHG,0.0091,0.0095,2015-10-26,XSHG
1824,10000303.XSHG,0.1223,0.0729,2015-10-26,XSHG
1825,10000304.XSHG,0.063,0.0563,2015-10-26,XSHG
1826,10000305.XSHG,0.1628,0.1715,2015-10-26,XSHG
1827,10000306.XSHG,0.2009,0.2048,2015-10-26,XSHG
1828,10000307.XSHG,0.1398,0.1245,2015-10-26,XSHG
1829,10000395.XSHG,0.4513,0.4125,2015-10-26,XSHG
1830,10000394.XSHG,0.4998,0.4557,2015-10-26,XSHG
1831,10000407.XSHG,0.4143,0.3975,2015-10-26,XSHG
1832,10000406.XSHG,0.4623,0.446,2015-10-26,XSHG
1833,10000405.XSHG,0.505,0.499,2015-10-26,XSHG
1834,10000404.XSHG,0.0425,0.0442,2015-10-26,XSHG
1835,10000403.XSHG,0.0338,0.0355,2015-10-26,XSHG
1836,10000396.XSHG,0.0071,0.0073,2015-10-26,XSHG
1837,10000401.XSHG,0.46,0.4218,2015-10-26,XSHG
1838,10000400.XSHG,0.494,0.474,2015-10-26,XSHG
1839,10000399.XSHG,0.528,0.5079,2015-10-26,XSHG
1840,10000398.XSHG,0.0126,0.0138,2015-10-26,XSHG
1841,10000409.XSHG,0.3169,0.2996,2015-10-26,XSHG
1842,10000408.XSHG,0.3558,0.3448,2015-10-26,XSHG
1843,10000319.XSHG,0.1037,0.0925,2015-10-26,XSHG
1844,10000298.XSHG,0.6063,0.6063,2015-10-26,XSHG
1845,10000313.XSHG,0.2652,0.2679,2015-10-26,XSHG
1846,10000312.XSHG,0.2356,0.2348,2015-10-26,XSHG
1847,10000311.XSHG,0.0721,0.0677,2015-10-26,XSHG
1848,10000310.XSHG,0.0861,0.0788,2015-10-26,XSHG
1849,10000316.XSHG,,,2015-10-26,XSHG
1850,10000315.XSHG,0.3288,0.3333,2015-10-26,XSHG
1851,10000314.XSHG,0.3031,0.3,2015-10-26,XSHG
1852,10000380.XSHG,0.0942,0.1009,2015-10-26,XSHG
1853,10000240.XSHG,0.4869,0.5025,2015-10-26,XSHG
1854,10000328.XSHG,0.1777,0.1814,2015-10-26,XSHG
1855,10000326.XSHG,0.1123,0.1171,2015-10-26,XSHG
1856,10000327.XSHG,0.1879,0.1691,2015-10-26,XSHG
1857,10000325.XSHG,0.1219,0.1158,2015-10-26,XSHG
1858,10000322.XSHG,0.2087,0.2072,2015-10-26,XSHG
1859,10000320.XSHG,0.1356,0.1384,2015-10-26,XSHG
1860,10000321.XSHG,0.1631,0.1469,2015-10-26,XSHG
1861,10000228.XSHG,1.2851,1.2646,2015-10-26,XSHG
1862,10000331.XSHG,0.1632,0.1442,2015-10-26,XSHG
1863,10000239.XSHG,0.4319,0.4564,2015-10-26,XSHG
1864,10000333.XSHG,0.2134,0.1956,2015-10-26,XSHG
1865,10000332.XSHG,0.0903,0.0911,2015-10-26,XSHG
1866,10000334.XSHG,0.1521,0.1611,2015-10-26,XSHG
1867,10000237.XSHG,0.0135,0.0128,2015-10-26,XSHG
1868,10000438.XSHG,0.009,0.01,2015-10-26,XSHG
1869,10000439.XSHG,0.0123,0.0045,2015-10-26,XSHG
1870,10000432.XSHG,0.0137,0.0166,2015-10-26,XSHG
1871,10000433.XSHG,0.022,0.0266,2015-10-26,XSHG
1872,10000430.XSHG,0.155,0.119,2015-10-26,XSHG
1873,10000431.XSHG,0.1347,0.0917,2015-10-26,XSHG
1874,10000436.XSHG,0.0565,0.0755,2015-10-26,XSHG
1875,10000437.XSHG,0.3087,0.2752,2015-10-26,XSHG
1876,10000434.XSHG,0.0336,0.0407,2015-10-26,XSHG
1877,10000435.XSHG,0.044,0.0559,2015-10-26,XSHG
1878,10000342.XSHG,0.1798,0.1714,2015-10-26,XSHG
1879,10000344.XSHG,0.065,0.072,2015-10-26,XSHG
1880,10000345.XSHG,0.273,0.2701,2015-10-26,XSHG
1881,10000346.XSHG,0.2372,0.2177,2015-10-26,XSHG
1882,10000347.XSHG,0.1141,0.1168,2015-10-26,XSHG
1883,10000341.XSHG,0.2328,0.2086,2015-10-26,XSHG
1884,10000402.XSHG,0.0271,0.028,2015-10-26,XSHG
1885,10000343.XSHG,0.05,0.056,2015-10-26,XSHG
1886,10000348.XSHG,0.1304,0.1366,2015-10-26,XSHG
1887,10000227.XSHG,0.0018,0.0021,2015-10-26,XSHG
1888,10000429.XSHG,0.16,0.1537,2015-10-26,XSHG
1889,10000269.XSHG,0.0281,0.0258,2015-10-26,XSHG
1890,10000425.XSHG,0.0317,0.0185,2015-10-26,XSHG
1891,10000424.XSHG,0.006,0.0036,2015-10-26,XSHG
1892,10000427.XSHG,0.25,0.2355,2015-10-26,XSHG
1893,10000426.XSHG,0.016,0.0199,2015-10-26,XSHG
1894,10000421.XSHG,0.1228,0.0996,2015-10-26,XSHG
1895,10000420.XSHG,0.0007,0.0003,2015-10-26,XSHG
1896,10000423.XSHG,0.073,0.0542,2015-10-26,XSHG
1897,10000422.XSHG,0.0025,0.0008,2015-10-26,XSHG
1898,10000296.XSHG,0.555,0.584,2015-10-26,XSHG
1899,10000297.XSHG,0.025,0.0206,2015-10-26,XSHG
1900,10000294.XSHG,0.48,0.48,2015-10-26,XSHG
1901,10000295.XSHG,,,2015-10-26,XSHG
1902,10000292.XSHG,0.405,0.4147,2015-10-26,XSHG
1903,10000293.XSHG,0.4403,0.4559,2015-10-26,XSHG
1904,10000290.XSHG,0.0334,0.0313,2015-10-26,XSHG
1905,10000291.XSHG,0.0278,0.0242,2015-10-26,XSHG
1906,10000443.XSHG,0.0855,0.0979,2015-10-26,XSHG
1907,10000442.XSHG,0.051,0.0459,2015-10-26,XSHG
1908,10000441.XSHG,0.09,0.0651,2015-10-26,XSHG
1909,10000440.XSHG,0.044,0.0534,2015-10-26,XSHG
1910,10000447.XSHG,0.0368,0.0292,2015-10-26,XSHG
1911,10000446.XSHG,0.0856,0.1023,2015-10-26,XSHG
1912,10000445.XSHG,0.0032,0.0007,2015-10-26,XSHG
1913,10000444.XSHG,0.1315,0.129,2015-10-26,XSHG
1914,10000238.XSHG,0.0105,0.0092,2015-10-26,XSHG
1915,10000183.XSHG,0.005,0.0045,2015-10-26,XSHG
1916,10000186.XSHG,0.0025,0.0026,2015-10-26,XSHG
1917,10000187.XSHG,0.0024,0.0018,2015-10-26,XSHG
1918,10000184.XSHG,0.0036,0.0033,2015-10-26,XSHG
1919,10000185.XSHG,0.0029,0.0024,2015-10-26,XSHG
1920,10000188.XSHG,0.6799,0.6722,2015-10-26,XSHG
1921,10000189.XSHG,0.7911,0.7797,2015-10-26,XSHG
1922,10000368.XSHG,0.2512,0.2425,2015-10-27,XSHG
1923,10000369.XSHG,0.0167,0.016,2015-10-27,XSHG
1924,10000366.XSHG,0.3319,0.3254,2015-10-27,XSHG
1925,10000367.XSHG,0.2915,0.2743,2015-10-27,XSHG
1926,10000365.XSHG,0.3786,0.36,2015-10-27,XSHG
1927,10000201.XSHG,0.0047,0.0051,2015-10-27,XSHG
1928,10000200.XSHG,1.1948,1.2194,2015-10-27,XSHG
1929,10000203.XSHG,0.0058,0.0058,2015-10-27,XSHG
1930,10000202.XSHG,0.6508,0.6486,2015-10-27,XSHG
1931,10000205.XSHG,0.0071,0.0072,2015-10-27,XSHG
1932,10000204.XSHG,0.6007,0.6007,2015-10-27,XSHG
1933,10000206.XSHG,0.5779,0.5805,2015-10-27,XSHG
1934,10000191.XSHG,1.011,0.9938,2015-10-27,XSHG
1935,10000190.XSHG,0.8995,0.8967,2015-10-27,XSHG
1936,10000192.XSHG,1.0955,1.0999,2015-10-27,XSHG
1937,10000199.XSHG,0.0018,0.002,2015-10-27,XSHG
1938,10000428.XSHG,0.1944,0.1892,2015-10-27,XSHG
1939,10000379.XSHG,0.0813,0.0763,2015-10-27,XSHG
1940,10000378.XSHG,0.0661,0.063,2015-10-27,XSHG
1941,10000375.XSHG,0.3241,0.3055,2015-10-27,XSHG
1942,10000374.XSHG,0.3603,0.3285,2015-10-27,XSHG
1943,10000377.XSHG,0.0539,0.0486,2015-10-27,XSHG
1944,10000376.XSHG,0.2903,0.2682,2015-10-27,XSHG
1945,10000371.XSHG,0.0339,0.0294,2015-10-27,XSHG
1946,10000370.XSHG,0.026,0.022,2015-10-27,XSHG
1947,10000373.XSHG,0.4088,0.3883,2015-10-27,XSHG
1948,10000372.XSHG,0.042,0.04,2015-10-27,XSHG
1949,10000274.XSHG,0.42,0.44,2015-10-27,XSHG
1950,10000270.XSHG,0.0178,0.0188,2015-10-27,XSHG
1951,10000271.XSHG,0.0144,0.0149,2015-10-27,XSHG
1952,10000272.XSHG,0.3247,0.3184,2015-10-27,XSHG
1953,10000273.XSHG,,,2015-10-27,XSHG
1954,10000393.XSHG,0.5151,0.5013,2015-10-27,XSHG
1955,10000279.XSHG,0.0312,0.0318,2015-10-27,XSHG
1956,10000289.XSHG,0.0368,0.032,2015-10-27,XSHG
1957,10000288.XSHG,0.043,0.0396,2015-10-27,XSHG
1958,10000280.XSHG,0.2766,0.2766,2015-10-27,XSHG
1959,10000285.XSHG,0.0418,0.0416,2015-10-27,XSHG
1960,10000287.XSHG,0.0523,0.0503,2015-10-27,XSHG
1961,10000286.XSHG,0.2528,0.262,2015-10-27,XSHG
1962,10000414.XSHG,0.0001,0.0001,2015-10-27,XSHG
1963,10000415.XSHG,0.2362,0.2497,2015-10-27,XSHG
1964,10000416.XSHG,0.1912,0.1977,2015-10-27,XSHG
1965,10000417.XSHG,0.1436,0.1459,2015-10-27,XSHG
1966,10000410.XSHG,0.0001,0.0001,2015-10-27,XSHG
1967,10000411.XSHG,0.0001,0.0001,2015-10-27,XSHG
1968,10000412.XSHG,0.0001,0.0001,2015-10-27,XSHG
1969,10000413.XSHG,0.0001,0.0001,2015-10-27,XSHG
1970,10000418.XSHG,0.0001,0.0001,2015-10-27,XSHG
1971,10000419.XSHG,0.0001,0.0001,2015-10-27,XSHG
1972,10000308.XSHG,0.1086,0.1024,2015-10-27,XSHG
1973,10000309.XSHG,0.0904,0.0884,2015-10-27,XSHG
1974,10000448.XSHG,0.1688,0.1568,2015-10-27,XSHG
1975,10000397.XSHG,0.01,0.0082,2015-10-27,XSHG
1976,10000303.XSHG,0.0702,0.0691,2015-10-27,XSHG
1977,10000304.XSHG,0.0546,0.0564,2015-10-27,XSHG
1978,10000305.XSHG,0.1696,0.1665,2015-10-27,XSHG
1979,10000306.XSHG,0.1986,0.2042,2015-10-27,XSHG
1980,10000307.XSHG,0.13,0.1166,2015-10-27,XSHG
1981,10000395.XSHG,0.4245,0.4122,2015-10-27,XSHG
1982,10000394.XSHG,0.4722,0.4391,2015-10-27,XSHG
1983,10000407.XSHG,0.38,0.4014,2015-10-27,XSHG
1984,10000406.XSHG,0.4357,0.4414,2015-10-27,XSHG
1985,10000405.XSHG,0.4855,0.4997,2015-10-27,XSHG
1986,10000404.XSHG,0.0434,0.0397,2015-10-27,XSHG
1987,10000403.XSHG,0.0343,0.0321,2015-10-27,XSHG
1988,10000396.XSHG,0.0073,0.0059,2015-10-27,XSHG
1989,10000401.XSHG,0.4494,0.4266,2015-10-27,XSHG
1990,10000400.XSHG,0.475,0.4665,2015-10-27,XSHG
1991,10000399.XSHG,0.5167,0.5081,2015-10-27,XSHG
1992,10000398.XSHG,0.0133,0.0111,2015-10-27,XSHG
1993,10000409.XSHG,0.2861,0.3005,2015-10-27,XSHG
1994,10000408.XSHG,0.3368,0.3482,2015-10-27,XSHG
1995,10000319.XSHG,0.0894,0.093,2015-10-27,XSHG
1996,10000298.XSHG,0.6245,0.6414,2015-10-27,XSHG
1997,10000313.XSHG,0.2696,0.2741,2015-10-27,XSHG
1998,10000312.XSHG,0.2393,0.24,2015-10-27,XSHG
1999,10000311.XSHG,0.064,0.0574,2015-10-27,XSHG
2000,10000310.XSHG,0.0778,0.071,2015-10-27,XSHG
2001,10000316.XSHG,0.3974,0.386,2015-10-27,XSHG
2002,10000315.XSHG,,,2015-10-27,XSHG
2003,10000314.XSHG,,,2015-10-27,XSHG
2004,10000380.XSHG,0.0999,0.0969,2015-10-27,XSHG
2005,10000240.XSHG,,,2015-10-27,XSHG
2006,10000328.XSHG,0.1926,0.1804,2015-10-27,XSHG
2007,10000326.XSHG,0.1192,0.1126,2015-10-27,XSHG
2008,10000327.XSHG,0.1753,0.1616,2015-10-27,XSHG
2009,10000325.XSHG,0.1128,0.1163,2015-10-27,XSHG
2010,10000322.XSHG,0.2279,0.2122,2015-10-27,XSHG
2011,10000320.XSHG,0.1455,0.1402,2015-10-27,XSHG
2012,10000321.XSHG,0.1523,0.144,2015-10-27,XSHG
2013,10000228.XSHG,1.297,1.31,2015-10-27,XSHG
2014,10000331.XSHG,0.1387,0.1412,2015-10-27,XSHG
2015,10000239.XSHG,0.461,0.4924,2015-10-27,XSHG
2016,10000333.XSHG,0.2001,0.1848,2015-10-27,XSHG
2017,10000332.XSHG,0.0966,0.0893,2015-10-27,XSHG
2018,10000334.XSHG,0.1505,0.1576,2015-10-27,XSHG
2019,10000237.XSHG,0.0117,0.0122,2015-10-27,XSHG
2020,10000438.XSHG,0.0106,0.0075,2015-10-27,XSHG
2021,10000439.XSHG,0.0036,0.0008,2015-10-27,XSHG
2022,10000432.XSHG,0.0164,0.012,2015-10-27,XSHG
2023,10000433.XSHG,0.0264,0.0207,2015-10-27,XSHG
2024,10000430.XSHG,0.1159,0.1159,2015-10-27,XSHG
2025,10000431.XSHG,0.0873,0.0854,2015-10-27,XSHG
2026,10000436.XSHG,0.0725,0.0683,2015-10-27,XSHG
2027,10000437.XSHG,0.2801,0.2728,2015-10-27,XSHG
2028,10000434.XSHG,0.0404,0.0325,2015-10-27,XSHG
2029,10000435.XSHG,0.0563,0.0468,2015-10-27,XSHG
2030,10000342.XSHG,0.1682,0.1757,2015-10-27,XSHG
2031,10000344.XSHG,0.0771,0.0704,2015-10-27,XSHG
2032,10000345.XSHG,0.2532,0.2309,2015-10-27,XSHG
2033,10000346.XSHG,0.2265,0.2103,2015-10-27,XSHG
2034,10000347.XSHG,0.1193,0.1146,2015-10-27,XSHG
2035,10000341.XSHG,0.2113,0.2044,2015-10-27,XSHG
2036,10000402.XSHG,0.0266,0.0258,2015-10-27,XSHG
2037,10000343.XSHG,0.056,0.0529,2015-10-27,XSHG
2038,10000348.XSHG,0.1341,0.1359,2015-10-27,XSHG
2039,10000227.XSHG,0.0012,0.0017,2015-10-27,XSHG
2040,10000429.XSHG,0.1499,0.149,2015-10-27,XSHG
2041,10000269.XSHG,0.0235,0.024,2015-10-27,XSHG
2042,10000425.XSHG,0.0185,0.0106,2015-10-27,XSHG
2043,10000424.XSHG,0.0047,0.0019,2015-10-27,XSHG
2044,10000427.XSHG,0.2358,0.2279,2015-10-27,XSHG
2045,10000426.XSHG,0.03,0.0136,2015-10-27,XSHG
2046,10000421.XSHG,0.0964,0.097,2015-10-27,XSHG
2047,10000420.XSHG,0.0001,0.0001,2015-10-27,XSHG
2048,10000423.XSHG,0.0519,0.0479,2015-10-27,XSHG
2049,10000422.XSHG,0.0007,0.0002,2015-10-27,XSHG
2050,10000296.XSHG,,,2015-10-27,XSHG
2051,10000297.XSHG,0.0202,0.0187,2015-10-27,XSHG
2052,10000294.XSHG,,,2015-10-27,XSHG
2053,10000295.XSHG,,,2015-10-27,XSHG
2054,10000292.XSHG,0.4267,0.4267,2015-10-27,XSHG
2055,10000293.XSHG,,,2015-10-27,XSHG
2056,10000290.XSHG,0.0297,0.0266,2015-10-27,XSHG
2057,10000291.XSHG,0.0242,0.0224,2015-10-27,XSHG
2058,10000443.XSHG,0.1019,0.09,2015-10-27,XSHG
2059,10000442.XSHG,0.044,0.0406,2015-10-27,XSHG
2060,10000441.XSHG,0.0628,0.0582,2015-10-27,XSHG
2061,10000440.XSHG,0.057,0.0537,2015-10-27,XSHG
2062,10000447.XSHG,0.028,0.0255,2015-10-27,XSHG
2063,10000446.XSHG,0.107,0.1059,2015-10-27,XSHG
2064,10000445.XSHG,0.0007,0.0002,2015-10-27,XSHG
2065,10000444.XSHG,0.1342,0.1218,2015-10-27,XSHG
2066,10000238.XSHG,0.0091,0.0095,2015-10-27,XSHG
2067,10000183.XSHG,0.0039,0.004,2015-10-27,XSHG
2068,10000186.XSHG,0.002,0.002,2015-10-27,XSHG
2069,10000187.XSHG,0.0021,0.0024,2015-10-27,XSHG
2070,10000184.XSHG,0.0029,0.0033,2015-10-27,XSHG
2071,10000185.XSHG,0.0023,0.0027,2015-10-27,XSHG
2072,10000188.XSHG,0.7,0.7033,2015-10-27,XSHG
2073,10000189.XSHG,0.7984,0.7995,2015-10-27,XSHG
2074,10000368.XSHG,0.2477,0.2088,2015-10-28,XSHG
2075,10000369.XSHG,0.0173,0.0167,2015-10-28,XSHG
2076,10000366.XSHG,0.334,0.2922,2015-10-28,XSHG
2077,10000367.XSHG,0.2898,0.2475,2015-10-28,XSHG
2078,10000365.XSHG,0.3799,0.3317,2015-10-28,XSHG
2079,10000201.XSHG,0.0043,0.0038,2015-10-28,XSHG
2080,10000200.XSHG,,,2015-10-28,XSHG
2081,10000203.XSHG,0.0054,0.0045,2015-10-28,XSHG
2082,10000202.XSHG,0.66,0.6876,2015-10-28,XSHG
2083,10000205.XSHG,0.0065,0.0053,2015-10-28,XSHG
2084,10000204.XSHG,0.6113,0.638,2015-10-28,XSHG
2085,10000206.XSHG,,,2015-10-28,XSHG
2086,10000191.XSHG,1.0223,1.0226,2015-10-28,XSHG
2087,10000190.XSHG,,,2015-10-28,XSHG
2088,10000192.XSHG,,,2015-10-28,XSHG
2089,10000199.XSHG,0.0012,0.0018,2015-10-28,XSHG
2090,10000428.XSHG,0.1934,0.1609,2015-10-28,XSHG
2091,10000379.XSHG,0.0802,0.0792,2015-10-28,XSHG
2092,10000378.XSHG,0.0652,0.0618,2015-10-28,XSHG
2093,10000375.XSHG,0.3214,0.3,2015-10-28,XSHG
2094,10000374.XSHG,0.3551,0.3251,2015-10-28,XSHG
2095,10000377.XSHG,0.0521,0.0509,2015-10-28,XSHG
2096,10000376.XSHG,0.281,0.2609,2015-10-28,XSHG
2097,10000371.XSHG,0.0334,0.031,2015-10-28,XSHG
2098,10000370.XSHG,0.023,0.0222,2015-10-28,XSHG
2099,10000373.XSHG,0.4039,0.3642,2015-10-28,XSHG
2100,10000372.XSHG,0.038,0.0427,2015-10-28,XSHG
2101,10000274.XSHG,0.4118,0.4352,2015-10-28,XSHG
2102,10000270.XSHG,0.0171,0.0129,2015-10-28,XSHG
2103,10000271.XSHG,0.0132,0.0099,2015-10-28,XSHG
2104,10000272.XSHG,0.3231,0.3519,2015-10-28,XSHG
2105,10000273.XSHG,0.3649,0.3649,2015-10-28,XSHG
2106,10000393.XSHG,0.5038,0.47,2015-10-28,XSHG
2107,10000279.XSHG,0.0295,0.0231,2015-10-28,XSHG
2108,10000289.XSHG,0.0312,0.0281,2015-10-28,XSHG
2109,10000288.XSHG,0.0375,0.0348,2015-10-28,XSHG
2110,10000280.XSHG,0.2817,0.3141,2015-10-28,XSHG
2111,10000285.XSHG,0.0391,0.0307,2015-10-28,XSHG
2112,10000287.XSHG,0.048,0.0445,2015-10-28,XSHG
2113,10000286.XSHG,0.2455,0.2649,2015-10-28,XSHG
2114,10000414.XSHG,0.0001,0.0001,2015-10-28,XSHG
2115,10000415.XSHG,0.231,0.2153,2015-10-28,XSHG
2116,10000416.XSHG,0.1869,0.1511,2015-10-28,XSHG
2117,10000417.XSHG,0.1373,0.1,2015-10-28,XSHG
2118,10000410.XSHG,0.0001,0.0001,2015-10-28,XSHG
2119,10000411.XSHG,0.0001,0.0001,2015-10-28,XSHG
2120,10000412.XSHG,0.0001,0.0001,2015-10-28,XSHG
2121,10000413.XSHG,0.0001,0.0001,2015-10-28,XSHG
2122,10000418.XSHG,0.0001,0.0001,2015-10-28,XSHG
2123,10000419.XSHG,0.0001,0.0001,2015-10-28,XSHG
2124,10000308.XSHG,0.1005,0.0903,2015-10-28,XSHG
2125,10000309.XSHG,0.0841,0.0776,2015-10-28,XSHG
2126,10000448.XSHG,0.1662,0.187,2015-10-28,XSHG
2127,10000397.XSHG,0.0088,0.0088,2015-10-28,XSHG
2128,10000303.XSHG,0.0668,0.053,2015-10-28,XSHG
2129,10000304.XSHG,0.0514,0.0395,2015-10-28,XSHG
2130,10000305.XSHG,0.1745,0.185,2015-10-28,XSHG
2131,10000306.XSHG,0.2084,0.2281,2015-10-28,XSHG
2132,10000307.XSHG,0.1179,0.1048,2015-10-28,XSHG
2133,10000395.XSHG,0.426,0.3788,2015-10-28,XSHG
2134,10000394.XSHG,0.4499,0.42,2015-10-28,XSHG
2135,10000407.XSHG,0.3761,0.361,2015-10-28,XSHG
2136,10000406.XSHG,0.43,0.423,2015-10-28,XSHG
2137,10000405.XSHG,0.4821,0.45,2015-10-28,XSHG
2138,10000404.XSHG,0.0415,0.0394,2015-10-28,XSHG
2139,10000403.XSHG,0.033,0.0309,2015-10-28,XSHG
2140,10000396.XSHG,0.0063,0.0064,2015-10-28,XSHG
2141,10000401.XSHG,0.4418,0.41,2015-10-28,XSHG
2142,10000400.XSHG,0.47,0.4445,2015-10-28,XSHG
2143,10000399.XSHG,0.5,0.4813,2015-10-28,XSHG
2144,10000398.XSHG,0.0122,0.0123,2015-10-28,XSHG
2145,10000409.XSHG,0.2855,0.259,2015-10-28,XSHG
2146,10000408.XSHG,0.3324,0.3141,2015-10-28,XSHG
2147,10000319.XSHG,0.0863,0.0684,2015-10-28,XSHG
2148,10000298.XSHG,0.6253,0.6253,2015-10-28,XSHG
2149,10000313.XSHG,0.2792,0.2792,2015-10-28,XSHG
2150,10000312.XSHG,0.238,0.246,2015-10-28,XSHG
2151,10000311.XSHG,0.0583,0.056,2015-10-28,XSHG
2152,10000310.XSHG,0.0702,0.0636,2015-10-28,XSHG
2153,10000316.XSHG,0.3823,0.3925,2015-10-28,XSHG
2154,10000315.XSHG,,,2015-10-28,XSHG
2155,10000314.XSHG,,,2015-10-28,XSHG
2156,10000380.XSHG,0.097,0.0954,2015-10-28,XSHG
2157,10000240.XSHG,0.5097,0.543,2015-10-28,XSHG
2158,10000328.XSHG,0.1815,0.1905,2015-10-28,XSHG
2159,10000326.XSHG,0.121,0.1258,2015-10-28,XSHG
2160,10000327.XSHG,0.1606,0.148,2015-10-28,XSHG
2161,10000325.XSHG,0.1099,0.0894,2015-10-28,XSHG
2162,10000322.XSHG,0.2084,0.2145,2015-10-28,XSHG
2163,10000320.XSHG,0.1438,0.1561,2015-10-28,XSHG
2164,10000321.XSHG,0.1383,0.126,2015-10-28,XSHG
2165,10000228.XSHG,,,2015-10-28,XSHG
2166,10000331.XSHG,0.1374,0.111,2015-10-28,XSHG
2167,10000239.XSHG,0.4774,0.4774,2015-10-28,XSHG
2168,10000333.XSHG,0.1847,0.1721,2015-10-28,XSHG
2169,10000332.XSHG,0.092,0.102,2015-10-28,XSHG
2170,10000334.XSHG,0.1564,0.1609,2015-10-28,XSHG
2171,10000237.XSHG,0.0108,0.0086,2015-10-28,XSHG
2172,10000438.XSHG,0.0085,0.0091,2015-10-28,XSHG
2173,10000439.XSHG,0.001,0.0001,2015-10-28,XSHG
2174,10000432.XSHG,0.011,0.0156,2015-10-28,XSHG
2175,10000433.XSHG,0.02,0.024,2015-10-28,XSHG
2176,10000430.XSHG,0.1105,0.0916,2015-10-28,XSHG
2177,10000431.XSHG,0.08,0.067,2015-10-28,XSHG
2178,10000436.XSHG,0.0717,0.083,2015-10-28,XSHG
2179,10000437.XSHG,0.268,0.244,2015-10-28,XSHG
2180,10000434.XSHG,0.031,0.0385,2015-10-28,XSHG
2181,10000435.XSHG,0.05,0.0578,2015-10-28,XSHG
2182,10000342.XSHG,0.1686,0.138,2015-10-28,XSHG
2183,10000344.XSHG,0.0704,0.0749,2015-10-28,XSHG
2184,10000345.XSHG,0.2393,0.222,2015-10-28,XSHG
2185,10000346.XSHG,0.2105,0.1954,2015-10-28,XSHG
2186,10000347.XSHG,,,2015-10-28,XSHG
2187,10000341.XSHG,0.2012,0.1749,2015-10-28,XSHG
2188,10000402.XSHG,0.0258,0.025,2015-10-28,XSHG
2189,10000343.XSHG,0.05,0.0587,2015-10-28,XSHG
2190,10000348.XSHG,0.1371,0.1397,2015-10-28,XSHG
2191,10000227.XSHG,0.0012,0.0015,2015-10-28,XSHG
2192,10000429.XSHG,0.145,0.122,2015-10-28,XSHG
2193,10000269.XSHG,0.0211,0.0173,2015-10-28,XSHG
2194,10000425.XSHG,0.0094,0.0001,2015-10-28,XSHG
2195,10000424.XSHG,0.003,0.0009,2015-10-28,XSHG
2196,10000427.XSHG,0.2229,0.2015,2015-10-28,XSHG
2197,10000426.XSHG,0.015,0.03,2015-10-28,XSHG
2198,10000421.XSHG,0.0885,0.0538,2015-10-28,XSHG
2199,10000420.XSHG,0.0001,0.0001,2015-10-28,XSHG
2200,10000423.XSHG,0.0407,0.0021,2015-10-28,XSHG
2201,10000422.XSHG,0.0001,0.0001,2015-10-28,XSHG
2202,10000296.XSHG,,,2015-10-28,XSHG
2203,10000297.XSHG,0.0177,0.0156,2015-10-28,XSHG
2204,10000294.XSHG,0.5067,0.4978,2015-10-28,XSHG
2205,10000295.XSHG,,,2015-10-28,XSHG
2206,10000292.XSHG,0.4138,0.4138,2015-10-28,XSHG
2207,10000293.XSHG,0.4555,0.4653,2015-10-28,XSHG
2208,10000290.XSHG,0.0257,0.0231,2015-10-28,XSHG
2209,10000291.XSHG,0.0213,0.0188,2015-10-28,XSHG
2210,10000443.XSHG,0.0965,0.1105,2015-10-28,XSHG
2211,10000442.XSHG,0.0407,0.0318,2015-10-28,XSHG
2212,10000441.XSHG,0.058,0.0466,2015-10-28,XSHG
2213,10000440.XSHG,0.0628,0.087,2015-10-28,XSHG
2214,10000447.XSHG,0.0217,0.0199,2015-10-28,XSHG
2215,10000446.XSHG,0.1156,0.1437,2015-10-28,XSHG
2216,10000445.XSHG,0.0001,0.0001,2015-10-28,XSHG
2217,10000444.XSHG,0.1273,0.1456,2015-10-28,XSHG
2218,10000238.XSHG,0.0083,0.0065,2015-10-28,XSHG
2219,10000183.XSHG,0.0035,0.0033,2015-10-28,XSHG
2220,10000186.XSHG,0.0016,0.0019,2015-10-28,XSHG
2221,10000187.XSHG,0.0014,0.0015,2015-10-28,XSHG
2222,10000184.XSHG,0.0025,0.0025,2015-10-28,XSHG
2223,10000185.XSHG,0.0019,0.0018,2015-10-28,XSHG
2224,10000188.XSHG,0.709,0.709,2015-10-28,XSHG
2225,10000189.XSHG,,,2015-10-28,XSHG
2226,10000368.XSHG,0.2128,0.2118,2015-10-29,XSHG
2227,10000369.XSHG,0.0171,0.0145,2015-10-29,XSHG
2228,10000366.XSHG,0.2949,0.2923,2015-10-29,XSHG
2229,10000367.XSHG,0.2524,0.251,2015-10-29,XSHG
2230,10000365.XSHG,0.3358,0.3355,2015-10-29,XSHG
2231,10000201.XSHG,0.0036,0.0035,2015-10-29,XSHG
2232,10000200.XSHG,1.2094,1.2232,2015-10-29,XSHG
2233,10000203.XSHG,0.0043,0.0041,2015-10-29,XSHG
2234,10000202.XSHG,0.6695,0.6805,2015-10-29,XSHG
2235,10000205.XSHG,0.0051,0.005,2015-10-29,XSHG
2236,10000204.XSHG,0.6206,0.6304,2015-10-29,XSHG
2237,10000206.XSHG,0.5707,0.5814,2015-10-29,XSHG
2238,10000191.XSHG,1.0298,1.0166,2015-10-29,XSHG
2239,10000190.XSHG,0.9146,0.9146,2015-10-29,XSHG
2240,10000192.XSHG,1.1211,1.1103,2015-10-29,XSHG
2241,10000199.XSHG,0.0014,0.0021,2015-10-29,XSHG
2242,10000428.XSHG,0.1642,0.1616,2015-10-29,XSHG
2243,10000379.XSHG,0.0797,0.075,2015-10-29,XSHG
2244,10000378.XSHG,0.0652,0.0558,2015-10-29,XSHG
2245,10000375.XSHG,0.2926,0.29,2015-10-29,XSHG
2246,10000374.XSHG,0.3282,0.3183,2015-10-29,XSHG
2247,10000377.XSHG,0.0527,0.0441,2015-10-29,XSHG
2248,10000376.XSHG,0.2597,0.2504,2015-10-29,XSHG
2249,10000371.XSHG,0.031,0.0288,2015-10-29,XSHG
2250,10000370.XSHG,0.0221,0.0203,2015-10-29,XSHG
2251,10000373.XSHG,0.3653,0.3569,2015-10-29,XSHG
2252,10000372.XSHG,0.043,0.0396,2015-10-29,XSHG
2253,10000274.XSHG,0.432,0.4384,2015-10-29,XSHG
2254,10000270.XSHG,0.013,0.0125,2015-10-29,XSHG
2255,10000271.XSHG,0.0103,0.0104,2015-10-29,XSHG
2256,10000272.XSHG,0.35,0.3455,2015-10-29,XSHG
2257,10000273.XSHG,0.39,0.3906,2015-10-29,XSHG
2258,10000279.XSHG,0.0231,0.0217,2015-10-29,XSHG
2259,10000289.XSHG,0.0279,0.0259,2015-10-29,XSHG
2260,10000288.XSHG,0.0338,0.0326,2015-10-29,XSHG
2261,10000280.XSHG,0.2974,0.2995,2015-10-29,XSHG
2262,10000285.XSHG,0.0305,0.0293,2015-10-29,XSHG
2263,10000287.XSHG,0.0436,0.0433,2015-10-29,XSHG
2264,10000286.XSHG,0.2648,0.259,2015-10-29,XSHG
2265,10000380.XSHG,0.0962,0.0891,2015-10-29,XSHG
2266,10000294.XSHG,0.508,0.5058,2015-10-29,XSHG
2267,10000308.XSHG,0.0935,0.0886,2015-10-29,XSHG
2268,10000309.XSHG,0.0778,0.0728,2015-10-29,XSHG
2269,10000448.XSHG,0.1801,0.1797,2015-10-29,XSHG
2270,10000397.XSHG,0.009,0.007,2015-10-29,XSHG
2271,10000303.XSHG,0.0535,0.0522,2015-10-29,XSHG
2272,10000304.XSHG,0.0407,0.0399,2015-10-29,XSHG
2273,10000305.XSHG,0.1844,0.1843,2015-10-29,XSHG
2274,10000306.XSHG,0.2219,0.2169,2015-10-29,XSHG
2275,10000307.XSHG,0.1102,0.1055,2015-10-29,XSHG
2276,10000395.XSHG,0.382,0.3812,2015-10-29,XSHG
2277,10000394.XSHG,0.4295,0.4271,2015-10-29,XSHG
2278,10000393.XSHG,0.477,0.4767,2015-10-29,XSHG
2279,10000404.XSHG,0.0406,0.0342,2015-10-29,XSHG
2280,10000403.XSHG,0.0313,0.0279,2015-10-29,XSHG
2281,10000402.XSHG,0.0237,0.0212,2015-10-29,XSHG
2282,10000401.XSHG,0.4202,0.4,2015-10-29,XSHG
2283,10000400.XSHG,0.4599,0.4599,2015-10-29,XSHG
2284,10000399.XSHG,0.4889,0.4799,2015-10-29,XSHG
2285,10000398.XSHG,0.0124,0.0105,2015-10-29,XSHG
2286,10000319.XSHG,0.0701,0.0682,2015-10-29,XSHG
2287,10000313.XSHG,0.2827,0.2815,2015-10-29,XSHG
2288,10000312.XSHG,0.2483,0.2411,2015-10-29,XSHG
2289,10000311.XSHG,0.0533,0.0525,2015-10-29,XSHG
2290,10000310.XSHG,0.0646,0.0638,2015-10-29,XSHG
2291,10000316.XSHG,,0.3925,2015-10-29,XSHG
2292,10000315.XSHG,0.3555,0.34,2015-10-29,XSHG
2293,10000314.XSHG,0.315,0.315,2015-10-29,XSHG
2294,10000396.XSHG,0.0063,0.0055,2015-10-29,XSHG
2295,10000240.XSHG,0.5262,0.5351,2015-10-29,XSHG
2296,10000328.XSHG,0.1823,0.1786,2015-10-29,XSHG
2297,10000326.XSHG,0.1295,0.1185,2015-10-29,XSHG
2298,10000327.XSHG,0.1519,0.146,2015-10-29,XSHG
2299,10000325.XSHG,0.0906,0.0892,2015-10-29,XSHG
2300,10000322.XSHG,0.2112,0.2076,2015-10-29,XSHG
2301,10000320.XSHG,0.1549,0.1503,2015-10-29,XSHG
2302,10000321.XSHG,0.1301,0.1249,2015-10-29,XSHG
2303,10000331.XSHG,0.1149,0.1126,2015-10-29,XSHG
2304,10000239.XSHG,0.4838,0.4838,2015-10-29,XSHG
2305,10000333.XSHG,0.1755,0.1717,2015-10-29,XSHG
2306,10000332.XSHG,0.1025,0.0944,2015-10-29,XSHG
2307,10000334.XSHG,0.16,0.1569,2015-10-29,XSHG
2308,10000237.XSHG,0.01,0.0088,2015-10-29,XSHG
2309,10000438.XSHG,0.0089,0.0083,2015-10-29,XSHG
2310,10000228.XSHG,1.3103,1.3093,2015-10-29,XSHG
2311,10000432.XSHG,0.015,0.0129,2015-10-29,XSHG
2312,10000433.XSHG,0.0239,0.0211,2015-10-29,XSHG
2313,10000430.XSHG,0.0931,0.0935,2015-10-29,XSHG
2314,10000431.XSHG,0.0682,0.0684,2015-10-29,XSHG
2315,10000436.XSHG,0.083,0.0828,2015-10-29,XSHG
2316,10000437.XSHG,0.2503,0.2454,2015-10-29,XSHG
2317,10000434.XSHG,0.038,0.036,2015-10-29,XSHG
2318,10000435.XSHG,0.059,0.0556,2015-10-29,XSHG
2319,10000458.XSHG,0.2819,0.273,2015-10-29,XSHG
2320,10000450.XSHG,0.2196,0.1966,2015-10-29,XSHG
2321,10000451.XSHG,0.1848,0.1728,2015-10-29,XSHG
2322,10000452.XSHG,0.1576,0.16,2015-10-29,XSHG
2323,10000453.XSHG,0.1455,0.1364,2015-10-29,XSHG
2324,10000454.XSHG,0.168,0.1606,2015-10-29,XSHG
2325,10000455.XSHG,0.1923,0.1901,2015-10-29,XSHG
2326,10000456.XSHG,0.2261,0.2093,2015-10-29,XSHG
2327,10000457.XSHG,0.2532,0.2362,2015-10-29,XSHG
2328,10000344.XSHG,0.076,0.0724,2015-10-29,XSHG
2329,10000345.XSHG,0.2293,0.2183,2015-10-29,XSHG
2330,10000346.XSHG,0.2009,0.1949,2015-10-29,XSHG
2331,10000347.XSHG,0.1142,0.1099,2015-10-29,XSHG
2332,10000341.XSHG,0.1755,0.1735,2015-10-29,XSHG
2333,10000342.XSHG,0.1429,0.1408,2015-10-29,XSHG
2334,10000343.XSHG,0.058,0.053,2015-10-29,XSHG
2335,10000348.XSHG,0.1353,0.1316,2015-10-29,XSHG
2336,10000227.XSHG,0.0013,0.002,2015-10-29,XSHG
2337,10000429.XSHG,0.1222,0.1223,2015-10-29,XSHG
2338,10000269.XSHG,0.017,0.0165,2015-10-29,XSHG
2339,10000427.XSHG,0.2083,0.201,2015-10-29,XSHG
2340,10000296.XSHG,0.5999,0.6049,2015-10-29,XSHG
2341,10000297.XSHG,0.0155,0.0155,2015-10-29,XSHG
2342,10000449.XSHG,0.2448,0.2316,2015-10-29,XSHG
2343,10000295.XSHG,,0.5517,2015-10-29,XSHG
2344,10000292.XSHG,,0.4138,2015-10-29,XSHG
2345,10000293.XSHG,0.4621,0.4621,2015-10-29,XSHG
2346,10000290.XSHG,0.0228,0.0212,2015-10-29,XSHG
2347,10000291.XSHG,0.0188,0.0175,2015-10-29,XSHG
2348,10000443.XSHG,0.1146,0.1102,2015-10-29,XSHG
2349,10000442.XSHG,0.0331,0.0308,2015-10-29,XSHG
2350,10000441.XSHG,0.0469,0.048,2015-10-29,XSHG
2351,10000447.XSHG,0.0206,0.0182,2015-10-29,XSHG
2352,10000298.XSHG,0.6326,0.65,2015-10-29,XSHG
2353,10000444.XSHG,0.1449,0.1435,2015-10-29,XSHG
2354,10000238.XSHG,0.0062,0.0069,2015-10-29,XSHG
2355,10000183.XSHG,0.0149,0.003,2015-10-29,XSHG
2356,10000186.XSHG,0.0018,0.0026,2015-10-29,XSHG
2357,10000187.XSHG,0.0013,0.0025,2015-10-29,XSHG
2358,10000184.XSHG,0.0025,0.0029,2015-10-29,XSHG
2359,10000185.XSHG,0.0015,0.0028,2015-10-29,XSHG
2360,10000188.XSHG,0.7159,0.7232,2015-10-29,XSHG
2361,10000189.XSHG,0.8301,0.8233,2015-10-29,XSHG
2362,10000368.XSHG,0.2173,0.2155,2015-10-30,XSHG
2363,10000369.XSHG,0.015,0.012,2015-10-30,XSHG
2364,10000366.XSHG,0.2946,0.2974,2015-10-30,XSHG
2365,10000367.XSHG,0.2571,0.2557,2015-10-30,XSHG
2366,10000365.XSHG,0.3457,0.3438,2015-10-30,XSHG
2367,10000201.XSHG,0.0033,0.0037,2015-10-30,XSHG
2368,10000200.XSHG,1.2174,1.2078,2015-10-30,XSHG
2369,10000203.XSHG,0.0039,0.0043,2015-10-30,XSHG
2370,10000202.XSHG,0.6629,0.6621,2015-10-30,XSHG
2371,10000205.XSHG,0.0048,0.0052,2015-10-30,XSHG
2372,10000204.XSHG,0.6155,0.6159,2015-10-30,XSHG
2373,10000206.XSHG,0.5686,0.5645,2015-10-30,XSHG
2374,10000191.XSHG,1.0207,1.0147,2015-10-30,XSHG
2375,10000190.XSHG,0.9048,0.9103,2015-10-30,XSHG
2376,10000192.XSHG,1.1156,1.1085,2015-10-30,XSHG
2377,10000199.XSHG,0.0012,0.0017,2015-10-30,XSHG
2378,10000428.XSHG,0.1633,0.1606,2015-10-30,XSHG
2379,10000379.XSHG,0.0754,0.0715,2015-10-30,XSHG
2380,10000378.XSHG,0.0603,0.0543,2015-10-30,XSHG
2381,10000375.XSHG,0.2903,0.293,2015-10-30,XSHG
2382,10000374.XSHG,0.318,0.3172,2015-10-30,XSHG
2383,10000377.XSHG,0.0476,0.0437,2015-10-30,XSHG
2384,10000376.XSHG,0.2568,0.2605,2015-10-30,XSHG
2385,10000371.XSHG,0.0276,0.0237,2015-10-30,XSHG
2386,10000370.XSHG,0.02,0.0167,2015-10-30,XSHG
2387,10000373.XSHG,0.3714,0.3618,2015-10-30,XSHG
2388,10000372.XSHG,0.0382,0.0345,2015-10-30,XSHG
2389,10000274.XSHG,0.4433,0.4281,2015-10-30,XSHG
2390,10000270.XSHG,0.013,0.0121,2015-10-30,XSHG
2391,10000271.XSHG,0.0102,0.0102,2015-10-30,XSHG
2392,10000272.XSHG,0.3383,0.3249,2015-10-30,XSHG
2393,10000273.XSHG,0.3829,0.3778,2015-10-30,XSHG
2394,10000279.XSHG,0.0226,0.022,2015-10-30,XSHG
2395,10000289.XSHG,0.0275,0.0237,2015-10-30,XSHG
2396,10000288.XSHG,0.0331,0.0309,2015-10-30,XSHG
2397,10000280.XSHG,0.3037,0.2884,2015-10-30,XSHG
2398,10000285.XSHG,0.0304,0.0304,2015-10-30,XSHG
2399,10000287.XSHG,0.0425,0.0418,2015-10-30,XSHG
2400,10000286.XSHG,0.26,0.2483,2015-10-30,XSHG
2401,10000380.XSHG,0.0927,0.083,2015-10-30,XSHG
2402,10000294.XSHG,,,2015-10-30,XSHG
2403,10000308.XSHG,0.0903,0.0885,2015-10-30,XSHG
2404,10000309.XSHG,0.0751,0.0733,2015-10-30,XSHG
2405,10000448.XSHG,0.1826,0.166,2015-10-30,XSHG
2406,10000397.XSHG,0.0069,0.0056,2015-10-30,XSHG
2407,10000303.XSHG,0.0531,0.055,2015-10-30,XSHG
2408,10000304.XSHG,0.0402,0.0384,2015-10-30,XSHG
2409,10000305.XSHG,0.1873,0.1758,2015-10-30,XSHG
2410,10000306.XSHG,0.221,0.2123,2015-10-30,XSHG
2411,10000307.XSHG,0.1067,0.1058,2015-10-30,XSHG
2412,10000395.XSHG,0.393,0.3899,2015-10-30,XSHG
2413,10000394.XSHG,0.433,0.4367,2015-10-30,XSHG
2414,10000393.XSHG,0.4911,0.4848,2015-10-30,XSHG
2415,10000404.XSHG,0.0353,0.0319,2015-10-30,XSHG
2416,10000403.XSHG,0.0276,0.0235,2015-10-30,XSHG
2417,10000402.XSHG,0.0206,0.0186,2015-10-30,XSHG
2418,10000401.XSHG,0.4123,0.4019,2015-10-30,XSHG
2419,10000400.XSHG,0.455,0.4515,2015-10-30,XSHG
2420,10000399.XSHG,0.4798,0.4841,2015-10-30,XSHG
2421,10000398.XSHG,0.0109,0.0083,2015-10-30,XSHG
2422,10000319.XSHG,0.0696,0.0702,2015-10-30,XSHG
2423,10000313.XSHG,0.2548,0.2548,2015-10-30,XSHG
2424,10000312.XSHG,0.245,0.2245,2015-10-30,XSHG
2425,10000311.XSHG,0.0516,0.0524,2015-10-30,XSHG
2426,10000310.XSHG,0.0624,0.0619,2015-10-30,XSHG
2427,10000316.XSHG,,,2015-10-30,XSHG
2428,10000315.XSHG,0.3539,0.3565,2015-10-30,XSHG
2429,10000314.XSHG,0.3078,0.2933,2015-10-30,XSHG
2430,10000396.XSHG,0.0053,0.0038,2015-10-30,XSHG
2431,10000240.XSHG,0.542,0.5237,2015-10-30,XSHG
2432,10000328.XSHG,0.1845,0.1677,2015-10-30,XSHG
2433,10000326.XSHG,0.122,0.109,2015-10-30,XSHG
2434,10000327.XSHG,0.148,0.1457,2015-10-30,XSHG
2435,10000325.XSHG,0.09,0.092,2015-10-30,XSHG
2436,10000322.XSHG,0.2133,0.2006,2015-10-30,XSHG
2437,10000320.XSHG,0.1527,0.1411,2015-10-30,XSHG
2438,10000321.XSHG,0.1263,0.1315,2015-10-30,XSHG
2439,10000331.XSHG,0.1146,0.1157,2015-10-30,XSHG
2440,10000239.XSHG,0.4809,0.4736,2015-10-30,XSHG
2441,10000333.XSHG,0.1717,0.1721,2015-10-30,XSHG
2442,10000332.XSHG,0.0953,0.086,2015-10-30,XSHG
2443,10000334.XSHG,0.1548,0.1489,2015-10-30,XSHG
2444,10000237.XSHG,0.0089,0.009,2015-10-30,XSHG
2445,10000438.XSHG,0.0084,0.0048,2015-10-30,XSHG
2446,10000228.XSHG,1.3198,1.3071,2015-10-30,XSHG
2447,10000432.XSHG,0.0128,0.0064,2015-10-30,XSHG
2448,10000433.XSHG,0.0211,0.0128,2015-10-30,XSHG
2449,10000430.XSHG,0.092,0.0867,2015-10-30,XSHG
2450,10000431.XSHG,0.0672,0.0606,2015-10-30,XSHG
2451,10000436.XSHG,0.0818,0.064,2015-10-30,XSHG
2452,10000437.XSHG,0.2488,0.251,2015-10-30,XSHG
2453,10000434.XSHG,0.0363,0.0227,2015-10-30,XSHG
2454,10000435.XSHG,0.0561,0.0373,2015-10-30,XSHG
2455,10000458.XSHG,0.2799,0.2756,2015-10-30,XSHG
2456,10000450.XSHG,0.192,0.1956,2015-10-30,XSHG
2457,10000451.XSHG,0.1855,0.1816,2015-10-30,XSHG
2458,10000452.XSHG,0.164,0.1637,2015-10-30,XSHG
2459,10000453.XSHG,0.1362,0.1351,2015-10-30,XSHG
2460,10000454.XSHG,0.1647,0.1645,2015-10-30,XSHG
2461,10000455.XSHG,0.1936,0.1914,2015-10-30,XSHG
2462,10000456.XSHG,0.2198,0.2132,2015-10-30,XSHG
2463,10000457.XSHG,0.2418,0.25,2015-10-30,XSHG
2464,10000344.XSHG,0.0728,0.0656,2015-10-30,XSHG
2465,10000345.XSHG,0.226,0.228,2015-10-30,XSHG
2466,10000346.XSHG,0.1972,0.196,2015-10-30,XSHG
2467,10000347.XSHG,0.1125,0.1023,2015-10-30,XSHG
2468,10000341.XSHG,0.1788,0.1776,2015-10-30,XSHG
2469,10000342.XSHG,0.1417,0.145,2015-10-30,XSHG
2470,10000343.XSHG,0.0544,0.0473,2015-10-30,XSHG
2471,10000348.XSHG,0.1349,0.124,2015-10-30,XSHG
2472,10000227.XSHG,0.0012,0.0014,2015-10-30,XSHG
2473,10000429.XSHG,0.1239,0.12,2015-10-30,XSHG
2474,10000269.XSHG,0.017,0.017,2015-10-30,XSHG
2475,10000427.XSHG,0.2049,0.2046,2015-10-30,XSHG
2476,10000296.XSHG,0.5931,0.584,2015-10-30,XSHG
2477,10000297.XSHG,0.0154,0.014,2015-10-30,XSHG
2478,10000449.XSHG,0.23,0.23,2015-10-30,XSHG
2479,10000295.XSHG,0.5502,0.5502,2015-10-30,XSHG
2480,10000292.XSHG,0.4206,0.406,2015-10-30,XSHG
2481,10000293.XSHG,0.4737,0.4525,2015-10-30,XSHG
2482,10000290.XSHG,0.0227,0.0209,2015-10-30,XSHG
2483,10000291.XSHG,0.0186,0.0167,2015-10-30,XSHG
2484,10000443.XSHG,0.1112,0.0918,2015-10-30,XSHG
2485,10000442.XSHG,0.0309,0.0257,2015-10-30,XSHG
2486,10000441.XSHG,0.0469,0.039,2015-10-30,XSHG
2487,10000447.XSHG,0.0188,0.0144,2015-10-30,XSHG
2488,10000298.XSHG,0.6615,0.6434,2015-10-30,XSHG
2489,10000444.XSHG,0.1464,0.1299,2015-10-30,XSHG
2490,10000238.XSHG,0.0066,0.0062,2015-10-30,XSHG
2491,10000183.XSHG,0.0028,0.0029,2015-10-30,XSHG
2492,10000186.XSHG,0.0024,0.0022,2015-10-30,XSHG
2493,10000187.XSHG,0.0018,0.0023,2015-10-30,XSHG
2494,10000184.XSHG,0.0028,0.0026,2015-10-30,XSHG
2495,10000185.XSHG,0.0026,0.0025,2015-10-30,XSHG
2496,10000188.XSHG,0.7107,0.7188,2015-10-30,XSHG
2497,10000189.XSHG,0.8072,0.8115,2015-10-30,XSHG
2498,10000368.XSHG,0.2066,0.196,2015-11-02,XSHG
2499,10000369.XSHG,0.013,0.0122,2015-11-02,XSHG
2500,10000366.XSHG,0.2907,0.278,2015-11-02,XSHG
2501,10000367.XSHG,0.2472,0.2363,2015-11-02,XSHG
2502,10000365.XSHG,0.3367,0.3242,2015-11-02,XSHG
2503,10000201.XSHG,0.0025,0.0032,2015-11-02,XSHG
2504,10000200.XSHG,1.2334,1.2308,2015-11-02,XSHG
2505,10000203.XSHG,0.0031,0.0034,2015-11-02,XSHG
2506,10000202.XSHG,0.6819,0.6819,2015-11-02,XSHG
2507,10000205.XSHG,0.0039,0.0041,2015-11-02,XSHG
2508,10000204.XSHG,0.6205,0.6333,2015-11-02,XSHG
2509,10000206.XSHG,0.577,0.5879,2015-11-02,XSHG
2510,10000191.XSHG,1.0371,1.0308,2015-11-02,XSHG
2511,10000190.XSHG,0.9376,0.9299,2015-11-02,XSHG
2512,10000192.XSHG,1.1364,1.129,2015-11-02,XSHG
2513,10000199.XSHG,0.0014,0.002,2015-11-02,XSHG
2514,10000428.XSHG,0.1489,0.1367,2015-11-02,XSHG
2515,10000379.XSHG,0.0744,0.0697,2015-11-02,XSHG
2516,10000378.XSHG,0.0589,0.0543,2015-11-02,XSHG
2517,10000375.XSHG,0.2793,0.2695,2015-11-02,XSHG
2518,10000374.XSHG,0.3155,0.306,2015-11-02,XSHG
2519,10000377.XSHG,0.0461,0.0431,2015-11-02,XSHG
2520,10000376.XSHG,0.246,0.2369,2015-11-02,XSHG
2521,10000371.XSHG,0.024,0.0245,2015-11-02,XSHG
2522,10000370.XSHG,0.0178,0.0166,2015-11-02,XSHG
2523,10000373.XSHG,0.3534,0.346,2015-11-02,XSHG
2524,10000372.XSHG,0.0349,0.0349,2015-11-02,XSHG
2525,10000274.XSHG,0.4311,0.4432,2015-11-02,XSHG
2526,10000270.XSHG,0.0116,0.0106,2015-11-02,XSHG
2527,10000271.XSHG,0.0093,0.0086,2015-11-02,XSHG
2528,10000272.XSHG,0.3416,0.348,2015-11-02,XSHG
2529,10000273.XSHG,0.3919,0.3954,2015-11-02,XSHG
2530,10000279.XSHG,0.0202,0.0171,2015-11-02,XSHG
2531,10000289.XSHG,0.0237,0.0232,2015-11-02,XSHG
2532,10000288.XSHG,0.0292,0.0289,2015-11-02,XSHG
2533,10000280.XSHG,0.3,0.3046,2015-11-02,XSHG
2534,10000285.XSHG,0.027,0.0233,2015-11-02,XSHG
2535,10000287.XSHG,0.0389,0.0357,2015-11-02,XSHG
2536,10000286.XSHG,0.2606,0.2608,2015-11-02,XSHG
2537,10000380.XSHG,0.0901,0.088,2015-11-02,XSHG
2538,10000294.XSHG,,,2015-11-02,XSHG
2539,10000308.XSHG,0.0818,0.08,2015-11-02,XSHG
2540,10000309.XSHG,0.0702,0.067,2015-11-02,XSHG
2541,10000448.XSHG,0.1791,0.1862,2015-11-02,XSHG
2542,10000397.XSHG,0.0061,0.0054,2015-11-02,XSHG
2543,10000303.XSHG,0.0463,0.043,2015-11-02,XSHG
2544,10000304.XSHG,0.0368,0.0327,2015-11-02,XSHG
2545,10000305.XSHG,0.1823,0.1816,2015-11-02,XSHG
2546,10000306.XSHG,0.2202,0.2192,2015-11-02,XSHG
2547,10000307.XSHG,0.0978,0.0968,2015-11-02,XSHG
2548,10000395.XSHG,0.3844,0.3665,2015-11-02,XSHG
2549,10000394.XSHG,0.4299,0.4169,2015-11-02,XSHG
2550,10000393.XSHG,0.468,0.4633,2015-11-02,XSHG
2551,10000404.XSHG,0.0344,0.0328,2015-11-02,XSHG
2552,10000403.XSHG,0.0263,0.0237,2015-11-02,XSHG
2553,10000402.XSHG,0.0201,0.0175,2015-11-02,XSHG
2554,10000401.XSHG,0.4038,0.3825,2015-11-02,XSHG
2555,10000400.XSHG,0.445,0.4331,2015-11-02,XSHG
2556,10000399.XSHG,0.4801,0.4606,2015-11-02,XSHG
2557,10000398.XSHG,0.0088,0.0084,2015-11-02,XSHG
2558,10000319.XSHG,0.0651,0.0584,2015-11-02,XSHG
2559,10000313.XSHG,0.27,0.2731,2015-11-02,XSHG
2560,10000312.XSHG,0.2395,0.2393,2015-11-02,XSHG
2561,10000311.XSHG,0.0485,0.0466,2015-11-02,XSHG
2562,10000310.XSHG,0.0582,0.0569,2015-11-02,XSHG
2563,10000316.XSHG,,,2015-11-02,XSHG
2564,10000315.XSHG,,,2015-11-02,XSHG
2565,10000314.XSHG,,,2015-11-02,XSHG
2566,10000396.XSHG,0.0041,0.0031,2015-11-02,XSHG
2567,10000240.XSHG,0.5256,0.5386,2015-11-02,XSHG
2568,10000328.XSHG,0.182,0.1785,2015-11-02,XSHG
2569,10000326.XSHG,0.1193,0.1183,2015-11-02,XSHG
2570,10000327.XSHG,0.1381,0.1325,2015-11-02,XSHG
2571,10000325.XSHG,0.0838,0.0757,2015-11-02,XSHG
2572,10000322.XSHG,0.2097,0.2082,2015-11-02,XSHG
2573,10000320.XSHG,0.1516,0.1475,2015-11-02,XSHG
2574,10000321.XSHG,0.1232,0.1243,2015-11-02,XSHG
2575,10000331.XSHG,0.1089,0.098,2015-11-02,XSHG
2576,10000239.XSHG,0.4784,0.4917,2015-11-02,XSHG
2577,10000333.XSHG,0.1615,0.1635,2015-11-02,XSHG
2578,10000332.XSHG,0.0893,0.0895,2015-11-02,XSHG
2579,10000334.XSHG,0.1573,0.1572,2015-11-02,XSHG
2580,10000237.XSHG,0.0081,0.0074,2015-11-02,XSHG
2581,10000438.XSHG,0.005,0.0057,2015-11-02,XSHG
2582,10000228.XSHG,1.3363,1.3331,2015-11-02,XSHG
2583,10000432.XSHG,0.0075,0.0069,2015-11-02,XSHG
2584,10000433.XSHG,0.0138,0.0145,2015-11-02,XSHG
2585,10000430.XSHG,0.0765,0.0663,2015-11-02,XSHG
2586,10000431.XSHG,0.0503,0.0451,2015-11-02,XSHG
2587,10000436.XSHG,0.0708,0.0703,2015-11-02,XSHG
2588,10000437.XSHG,0.2381,0.2275,2015-11-02,XSHG
2589,10000434.XSHG,0.0273,0.0232,2015-11-02,XSHG
2590,10000435.XSHG,0.0432,0.0437,2015-11-02,XSHG
2591,10000458.XSHG,0.2925,0.2896,2015-11-02,XSHG
2592,10000450.XSHG,0.192,0.1989,2015-11-02,XSHG
2593,10000451.XSHG,0.169,0.1776,2015-11-02,XSHG
2594,10000452.XSHG,0.1519,0.1581,2015-11-02,XSHG
2595,10000453.XSHG,0.1327,0.1386,2015-11-02,XSHG
2596,10000454.XSHG,0.165,0.1734,2015-11-02,XSHG
2597,10000455.XSHG,0.1983,0.205,2015-11-02,XSHG
2598,10000456.XSHG,0.2312,0.2243,2015-11-02,XSHG
2599,10000457.XSHG,0.2576,0.255,2015-11-02,XSHG
2600,10000344.XSHG,0.0691,0.0688,2015-11-02,XSHG
2601,10000345.XSHG,0.2153,0.204,2015-11-02,XSHG
2602,10000346.XSHG,0.1868,0.186,2015-11-02,XSHG
2603,10000347.XSHG,0.1095,0.108,2015-11-02,XSHG
2604,10000341.XSHG,0.1658,0.1571,2015-11-02,XSHG
2605,10000342.XSHG,0.1329,0.1257,2015-11-02,XSHG
2606,10000343.XSHG,0.0492,0.0487,2015-11-02,XSHG
2607,10000348.XSHG,0.1328,0.128,2015-11-02,XSHG
2608,10000227.XSHG,0.0012,0.002,2015-11-02,XSHG
2609,10000429.XSHG,0.1076,0.0975,2015-11-02,XSHG
2610,10000269.XSHG,0.0156,0.0139,2015-11-02,XSHG
2611,10000427.XSHG,0.1946,0.1818,2015-11-02,XSHG
2612,10000296.XSHG,,,2015-11-02,XSHG
2613,10000297.XSHG,0.0131,0.0135,2015-11-02,XSHG
2614,10000449.XSHG,0.22,0.2173,2015-11-02,XSHG
2615,10000295.XSHG,,,2015-11-02,XSHG
2616,10000292.XSHG,,,2015-11-02,XSHG
2617,10000293.XSHG,0.4707,0.4718,2015-11-02,XSHG
2618,10000290.XSHG,0.0196,0.0196,2015-11-02,XSHG
2619,10000291.XSHG,0.0157,0.0152,2015-11-02,XSHG
2620,10000443.XSHG,0.105,0.1033,2015-11-02,XSHG
2621,10000442.XSHG,0.0226,0.017,2015-11-02,XSHG
2622,10000441.XSHG,0.0354,0.0287,2015-11-02,XSHG
2623,10000447.XSHG,0.0103,0.01,2015-11-02,XSHG
2624,10000298.XSHG,,,2015-11-02,XSHG
2625,10000444.XSHG,0.138,0.1421,2015-11-02,XSHG
2626,10000238.XSHG,0.0051,0.0055,2015-11-02,XSHG
2627,10000183.XSHG,0.002,0.0027,2015-11-02,XSHG
2628,10000186.XSHG,0.0015,0.0023,2015-11-02,XSHG
2629,10000187.XSHG,0.0016,0.0022,2015-11-02,XSHG
2630,10000184.XSHG,0.0016,0.0026,2015-11-02,XSHG
2631,10000185.XSHG,0.002,0.0027,2015-11-02,XSHG
2632,10000188.XSHG,0.7348,0.733,2015-11-02,XSHG
2633,10000189.XSHG,0.8297,0.8297,2015-11-02,XSHG
2634,10000368.XSHG,0.2027,0.184,2015-11-03,XSHG
2635,10000369.XSHG,0.0119,0.012,2015-11-03,XSHG
2636,10000366.XSHG,0.287,0.2676,2015-11-03,XSHG
2637,10000367.XSHG,0.2434,0.2248,2015-11-03,XSHG
2638,10000365.XSHG,0.3347,0.3125,2015-11-03,XSHG
2639,10000201.XSHG,0.003,0.0028,2015-11-03,XSHG
2640,10000200.XSHG,1.2227,1.2443,2015-11-03,XSHG
2641,10000203.XSHG,0.0035,0.0031,2015-11-03,XSHG
2642,10000202.XSHG,0.6858,0.696,2015-11-03,XSHG
2643,10000205.XSHG,0.0041,0.004,2015-11-03,XSHG
2644,10000204.XSHG,0.6341,0.6472,2015-11-03,XSHG
2645,10000206.XSHG,0.584,0.6002,2015-11-03,XSHG
2646,10000191.XSHG,1.0378,1.0437,2015-11-03,XSHG
2647,10000190.XSHG,0.9377,0.9449,2015-11-03,XSHG
2648,10000192.XSHG,1.1256,1.144,2015-11-03,XSHG
2649,10000199.XSHG,0.0022,0.002,2015-11-03,XSHG
2650,10000428.XSHG,0.1432,0.127,2015-11-03,XSHG
2651,10000379.XSHG,0.0723,0.0759,2015-11-03,XSHG
2652,10000378.XSHG,0.0569,0.0555,2015-11-03,XSHG
2653,10000375.XSHG,0.2848,0.2641,2015-11-03,XSHG
2654,10000374.XSHG,0.3188,0.2938,2015-11-03,XSHG
2655,10000377.XSHG,0.0441,0.0453,2015-11-03,XSHG
2656,10000376.XSHG,0.2493,0.2493,2015-11-03,XSHG
2657,10000371.XSHG,0.024,0.0247,2015-11-03,XSHG
2658,10000370.XSHG,0.0165,0.0165,2015-11-03,XSHG
2659,10000373.XSHG,0.3594,0.33,2015-11-03,XSHG
2660,10000372.XSHG,0.0345,0.0349,2015-11-03,XSHG
2661,10000274.XSHG,0.4581,0.4524,2015-11-03,XSHG
2662,10000270.XSHG,0.0098,0.009,2015-11-03,XSHG
2663,10000271.XSHG,0.0078,0.0066,2015-11-03,XSHG
2664,10000272.XSHG,0.348,0.3592,2015-11-03,XSHG
2665,10000273.XSHG,0.3896,0.4059,2015-11-03,XSHG
2666,10000279.XSHG,0.0179,0.0146,2015-11-03,XSHG
2667,10000289.XSHG,0.0247,0.0226,2015-11-03,XSHG
2668,10000288.XSHG,0.0297,0.028,2015-11-03,XSHG
2669,10000280.XSHG,0.3022,0.3127,2015-11-03,XSHG
2670,10000285.XSHG,0.0245,0.0205,2015-11-03,XSHG
2671,10000287.XSHG,0.0378,0.0341,2015-11-03,XSHG
2672,10000286.XSHG,0.2641,0.2699,2015-11-03,XSHG
2673,10000380.XSHG,0.0894,0.0889,2015-11-03,XSHG
2674,10000294.XSHG,,,2015-11-03,XSHG
2675,10000308.XSHG,0.0842,0.0745,2015-11-03,XSHG
2676,10000309.XSHG,0.0702,0.0618,2015-11-03,XSHG
2677,10000448.XSHG,0.1837,0.1951,2015-11-03,XSHG
2678,10000397.XSHG,0.0053,0.0055,2015-11-03,XSHG
2679,10000303.XSHG,0.0445,0.0378,2015-11-03,XSHG
2680,10000304.XSHG,0.0332,0.0274,2015-11-03,XSHG
2681,10000305.XSHG,0.1827,0.1876,2015-11-03,XSHG
2682,10000306.XSHG,0.2219,0.2272,2015-11-03,XSHG
2683,10000307.XSHG,0.1,0.0882,2015-11-03,XSHG
2684,10000395.XSHG,0.3806,0.3592,2015-11-03,XSHG
2685,10000394.XSHG,0.429,0.405,2015-11-03,XSHG
2686,10000393.XSHG,0.4783,0.4498,2015-11-03,XSHG
2687,10000404.XSHG,0.0332,0.033,2015-11-03,XSHG
2688,10000403.XSHG,0.0244,0.0239,2015-11-03,XSHG
2689,10000402.XSHG,0.0189,0.018,2015-11-03,XSHG
2690,10000401.XSHG,0.3988,0.3701,2015-11-03,XSHG
2691,10000400.XSHG,0.442,0.412,2015-11-03,XSHG
2692,10000399.XSHG,0.4721,0.4529,2015-11-03,XSHG
2693,10000398.XSHG,0.0081,0.0076,2015-11-03,XSHG
2694,10000319.XSHG,0.0598,0.0527,2015-11-03,XSHG
2695,10000313.XSHG,,,2015-11-03,XSHG
2696,10000312.XSHG,0.242,0.2528,2015-11-03,XSHG
2697,10000311.XSHG,0.0476,0.0418,2015-11-03,XSHG
2698,10000310.XSHG,0.0576,0.0539,2015-11-03,XSHG
2699,10000316.XSHG,,,2015-11-03,XSHG
2700,10000315.XSHG,0.36,0.36,2015-11-03,XSHG
2701,10000314.XSHG,0.3141,0.3197,2015-11-03,XSHG
2702,10000396.XSHG,0.0033,0.0031,2015-11-03,XSHG
2703,10000240.XSHG,0.5408,0.5497,2015-11-03,XSHG
2704,10000328.XSHG,0.1841,0.1898,2015-11-03,XSHG
2705,10000326.XSHG,0.1162,0.1198,2015-11-03,XSHG
2706,10000327.XSHG,0.1414,0.1268,2015-11-03,XSHG
2707,10000325.XSHG,0.08,0.069,2015-11-03,XSHG
2708,10000322.XSHG,0.2165,0.2219,2015-11-03,XSHG
2709,10000320.XSHG,0.1471,0.152,2015-11-03,XSHG
2710,10000321.XSHG,0.1203,0.1098,2015-11-03,XSHG
2711,10000331.XSHG,0.1017,0.0898,2015-11-03,XSHG
2712,10000239.XSHG,0.5085,0.503,2015-11-03,XSHG
2713,10000333.XSHG,0.1656,0.1456,2015-11-03,XSHG
2714,10000332.XSHG,0.0894,0.0927,2015-11-03,XSHG
2715,10000334.XSHG,0.1569,0.1634,2015-11-03,XSHG
2716,10000237.XSHG,0.0069,0.0061,2015-11-03,XSHG
2717,10000438.XSHG,0.0056,0.0064,2015-11-03,XSHG
2718,10000228.XSHG,1.3238,1.3514,2015-11-03,XSHG
2719,10000432.XSHG,0.0078,0.0081,2015-11-03,XSHG
2720,10000433.XSHG,0.0132,0.0147,2015-11-03,XSHG
2721,10000430.XSHG,0.0684,0.0589,2015-11-03,XSHG
2722,10000431.XSHG,0.0471,0.0423,2015-11-03,XSHG
2723,10000436.XSHG,0.0666,0.0758,2015-11-03,XSHG
2724,10000437.XSHG,0.2385,0.2191,2015-11-03,XSHG
2725,10000434.XSHG,0.0232,0.0262,2015-11-03,XSHG
2726,10000435.XSHG,0.0412,0.0461,2015-11-03,XSHG
2727,10000458.XSHG,0.2928,0.2917,2015-11-03,XSHG
2728,10000450.XSHG,0.2002,0.1908,2015-11-03,XSHG
2729,10000451.XSHG,0.1765,0.173,2015-11-03,XSHG
2730,10000452.XSHG,0.1549,0.1536,2015-11-03,XSHG
2731,10000453.XSHG,0.1371,0.1341,2015-11-03,XSHG
2732,10000454.XSHG,0.1699,0.1818,2015-11-03,XSHG
2733,10000455.XSHG,0.1974,0.2086,2015-11-03,XSHG
2734,10000456.XSHG,0.2251,0.2395,2015-11-03,XSHG
2735,10000457.XSHG,0.2574,0.2689,2015-11-03,XSHG
2736,10000344.XSHG,0.067,0.069,2015-11-03,XSHG
2737,10000345.XSHG,0.218,0.1989,2015-11-03,XSHG
2738,10000346.XSHG,0.1902,0.1689,2015-11-03,XSHG
2739,10000347.XSHG,0.11,0.1145,2015-11-03,XSHG
2740,10000341.XSHG,0.1594,0.1467,2015-11-03,XSHG
2741,10000342.XSHG,0.1296,0.1159,2015-11-03,XSHG
2742,10000343.XSHG,0.0483,0.0506,2015-11-03,XSHG
2743,10000348.XSHG,0.132,0.139,2015-11-03,XSHG
2744,10000227.XSHG,0.0019,0.0019,2015-11-03,XSHG
2745,10000429.XSHG,0.1014,0.0902,2015-11-03,XSHG
2746,10000269.XSHG,0.0144,0.0111,2015-11-03,XSHG
2747,10000427.XSHG,0.1893,0.1729,2015-11-03,XSHG
2748,10000296.XSHG,0.6054,0.6129,2015-11-03,XSHG
2749,10000297.XSHG,0.014,0.0134,2015-11-03,XSHG
2750,10000449.XSHG,0.225,0.2157,2015-11-03,XSHG
2751,10000295.XSHG,0.5675,0.5692,2015-11-03,XSHG
2752,10000292.XSHG,,,2015-11-03,XSHG
2753,10000293.XSHG,0.4666,0.4785,2015-11-03,XSHG
2754,10000290.XSHG,0.0207,0.0189,2015-11-03,XSHG
2755,10000291.XSHG,0.0161,0.0148,2015-11-03,XSHG
2756,10000443.XSHG,0.1011,0.1123,2015-11-03,XSHG
2757,10000442.XSHG,0.0189,0.0151,2015-11-03,XSHG
2758,10000441.XSHG,0.03,0.0241,2015-11-03,XSHG
2759,10000447.XSHG,0.0104,0.0085,2015-11-03,XSHG
2760,10000298.XSHG,0.6517,0.6517,2015-11-03,XSHG
2761,10000444.XSHG,0.1398,0.1554,2015-11-03,XSHG
2762,10000238.XSHG,0.0053,0.0046,2015-11-03,XSHG
2763,10000183.XSHG,0.0026,0.0025,2015-11-03,XSHG
2764,10000186.XSHG,0.0024,0.002,2015-11-03,XSHG
2765,10000187.XSHG,0.0024,0.002,2015-11-03,XSHG
2766,10000184.XSHG,0.0024,0.0021,2015-11-03,XSHG
2767,10000185.XSHG,0.0025,0.002,2015-11-03,XSHG
2768,10000188.XSHG,0.7389,0.7454,2015-11-03,XSHG
2769,10000189.XSHG,0.8399,0.8451,2015-11-03,XSHG
2770,10000368.XSHG,0.1892,0.2626,2015-11-04,XSHG
2771,10000369.XSHG,0.0113,0.0065,2015-11-04,XSHG
2772,10000366.XSHG,0.2748,0.3485,2015-11-04,XSHG
2773,10000367.XSHG,0.2415,0.3016,2015-11-04,XSHG
2774,10000365.XSHG,0.3211,0.3984,2015-11-04,XSHG
2775,10000201.XSHG,0.0026,0.0041,2015-11-04,XSHG
2776,10000200.XSHG,1.2146,1.1531,2015-11-04,XSHG
2777,10000203.XSHG,0.0028,0.0047,2015-11-04,XSHG
2778,10000202.XSHG,0.6826,0.6058,2015-11-04,XSHG
2779,10000205.XSHG,0.0047,0.0055,2015-11-04,XSHG
2780,10000204.XSHG,0.6383,0.5564,2015-11-04,XSHG
2781,10000206.XSHG,0.5899,0.5107,2015-11-04,XSHG
2782,10000191.XSHG,1.0299,0.9571,2015-11-04,XSHG
2783,10000190.XSHG,0.9263,0.8571,2015-11-04,XSHG
2784,10000192.XSHG,1.1182,1.0548,2015-11-04,XSHG
2785,10000199.XSHG,0.0022,0.0022,2015-11-04,XSHG
2786,10000428.XSHG,0.1321,0.221,2015-11-04,XSHG
2787,10000460.XSHG,0.1475,0.1179,2015-11-04,XSHG
2788,10000379.XSHG,0.0642,0.0481,2015-11-04,XSHG
2789,10000378.XSHG,0.0543,0.0387,2015-11-04,XSHG
2790,10000375.XSHG,0.2897,0.3159,2015-11-04,XSHG
2791,10000374.XSHG,0.3168,0.3638,2015-11-04,XSHG
2792,10000377.XSHG,0.0412,0.0311,2015-11-04,XSHG
2793,10000376.XSHG,0.2429,0.2916,2015-11-04,XSHG
2794,10000371.XSHG,0.0238,0.013,2015-11-04,XSHG
2795,10000370.XSHG,0.0163,0.01,2015-11-04,XSHG
2796,10000373.XSHG,0.3261,0.4097,2015-11-04,XSHG
2797,10000372.XSHG,0.0344,0.0189,2015-11-04,XSHG
2798,10000274.XSHG,0.4445,0.3722,2015-11-04,XSHG
2799,10000270.XSHG,0.0107,0.0153,2015-11-04,XSHG
2800,10000271.XSHG,0.0076,0.0112,2015-11-04,XSHG
2801,10000272.XSHG,0.3369,0.2837,2015-11-04,XSHG
2802,10000273.XSHG,0.3982,0.3252,2015-11-04,XSHG
2803,10000279.XSHG,0.015,0.0272,2015-11-04,XSHG
2804,10000289.XSHG,0.0241,0.0296,2015-11-04,XSHG
2805,10000288.XSHG,0.0287,0.0383,2015-11-04,XSHG
2806,10000280.XSHG,0.291,0.2423,2015-11-04,XSHG
2807,10000285.XSHG,0.021,0.0375,2015-11-04,XSHG
2808,10000287.XSHG,0.0356,0.047,2015-11-04,XSHG
2809,10000286.XSHG,0.2588,0.196,2015-11-04,XSHG
2810,10000380.XSHG,0.0809,0.0603,2015-11-04,XSHG
2811,10000294.XSHG,0.4712,0.4403,2015-11-04,XSHG
2812,10000308.XSHG,0.0843,0.1012,2015-11-04,XSHG
2813,10000309.XSHG,0.0642,0.0868,2015-11-04,XSHG
2814,10000448.XSHG,0.1853,0.1051,2015-11-04,XSHG
2815,10000397.XSHG,0.0053,0.0038,2015-11-04,XSHG
2816,10000303.XSHG,0.0383,0.0693,2015-11-04,XSHG
2817,10000304.XSHG,0.0284,0.0497,2015-11-04,XSHG
2818,10000305.XSHG,0.179,0.1264,2015-11-04,XSHG
2819,10000306.XSHG,0.2148,0.157,2015-11-04,XSHG
2820,10000307.XSHG,0.0913,0.1273,2015-11-04,XSHG
2821,10000395.XSHG,0.3689,0.4503,2015-11-04,XSHG
2822,10000394.XSHG,0.4111,0.492,2015-11-04,XSHG
2823,10000393.XSHG,0.4564,0.5469,2015-11-04,XSHG
2824,10000404.XSHG,0.0306,0.0237,2015-11-04,XSHG
2825,10000403.XSHG,0.024,0.0162,2015-11-04,XSHG
2826,10000402.XSHG,0.0172,0.0119,2015-11-04,XSHG
2827,10000401.XSHG,0.3908,0.4665,2015-11-04,XSHG
2828,10000400.XSHG,0.4273,0.5,2015-11-04,XSHG
2829,10000399.XSHG,0.463,0.5427,2015-11-04,XSHG
2830,10000398.XSHG,0.0065,0.0054,2015-11-04,XSHG
2831,10000319.XSHG,0.053,0.0903,2015-11-04,XSHG
2832,10000313.XSHG,0.251,0.2161,2015-11-04,XSHG
2833,10000312.XSHG,0.2374,0.1848,2015-11-04,XSHG
2834,10000311.XSHG,0.0443,0.0581,2015-11-04,XSHG
2835,10000310.XSHG,0.0636,0.072,2015-11-04,XSHG
2836,10000316.XSHG,0.3722,0.3202,2015-11-04,XSHG
2837,10000315.XSHG,0.3319,0.2837,2015-11-04,XSHG
2838,10000314.XSHG,0.3085,0.2573,2015-11-04,XSHG
2839,10000396.XSHG,0.0031,0.0021,2015-11-04,XSHG
2840,10000240.XSHG,0.5405,0.4764,2015-11-04,XSHG
2841,10000328.XSHG,0.1881,0.1368,2015-11-04,XSHG
2842,10000326.XSHG,0.1139,0.0756,2015-11-04,XSHG
2843,10000327.XSHG,0.143,0.1755,2015-11-04,XSHG
2844,10000325.XSHG,0.0709,0.1145,2015-11-04,XSHG
2845,10000322.XSHG,0.2102,0.1641,2015-11-04,XSHG
2846,10000320.XSHG,0.1459,0.0999,2015-11-04,XSHG
2847,10000321.XSHG,0.1224,0.1492,2015-11-04,XSHG
2848,10000331.XSHG,0.0926,0.1447,2015-11-04,XSHG
2849,10000239.XSHG,0.4685,0.4212,2015-11-04,XSHG
2850,10000333.XSHG,0.1562,0.2008,2015-11-04,XSHG
2851,10000332.XSHG,0.0861,0.056,2015-11-04,XSHG
2852,10000334.XSHG,0.1544,0.1163,2015-11-04,XSHG
2853,10000237.XSHG,0.0061,0.01,2015-11-04,XSHG
2854,10000438.XSHG,0.0061,0.0025,2015-11-04,XSHG
2855,10000228.XSHG,1.3248,1.2499,2015-11-04,XSHG
2856,10000432.XSHG,0.0075,0.0031,2015-11-04,XSHG
2857,10000433.XSHG,0.0138,0.0055,2015-11-04,XSHG
2858,10000430.XSHG,0.0622,0.132,2015-11-04,XSHG
2859,10000431.XSHG,0.0431,0.0925,2015-11-04,XSHG
2860,10000436.XSHG,0.0724,0.0285,2015-11-04,XSHG
2861,10000437.XSHG,0.2277,0.3157,2015-11-04,XSHG
2862,10000434.XSHG,0.025,0.0089,2015-11-04,XSHG
2863,10000435.XSHG,0.044,0.0155,2015-11-04,XSHG
2864,10000458.XSHG,0.284,0.2451,2015-11-04,XSHG
2865,10000459.XSHG,0.2596,0.2904,2015-11-04,XSHG
2866,10000450.XSHG,0.2039,0.2328,2015-11-04,XSHG
2867,10000451.XSHG,0.1836,0.207,2015-11-04,XSHG
2868,10000452.XSHG,0.1625,0.1861,2015-11-04,XSHG
2869,10000453.XSHG,0.1396,0.1556,2015-11-04,XSHG
2870,10000454.XSHG,0.1751,0.1405,2015-11-04,XSHG
2871,10000455.XSHG,0.2084,0.1662,2015-11-04,XSHG
2872,10000456.XSHG,0.2301,0.1948,2015-11-04,XSHG
2873,10000457.XSHG,0.2481,0.2156,2015-11-04,XSHG
2874,10000344.XSHG,0.0644,0.0389,2015-11-04,XSHG
2875,10000345.XSHG,0.2201,0.254,2015-11-04,XSHG
2876,10000346.XSHG,0.1886,0.2295,2015-11-04,XSHG
2877,10000347.XSHG,0.113,0.0829,2015-11-04,XSHG
2878,10000341.XSHG,0.1492,0.2189,2015-11-04,XSHG
2879,10000342.XSHG,0.1184,0.1806,2015-11-04,XSHG
2880,10000343.XSHG,0.0459,0.0272,2015-11-04,XSHG
2881,10000348.XSHG,0.1286,0.0922,2015-11-04,XSHG
2882,10000227.XSHG,0.0019,0.0022,2015-11-04,XSHG
2883,10000429.XSHG,0.0932,0.174,2015-11-04,XSHG
2884,10000269.XSHG,0.0121,0.0202,2015-11-04,XSHG
2885,10000427.XSHG,0.181,0.2686,2015-11-04,XSHG
2886,10000296.XSHG,0.569,0.5556,2015-11-04,XSHG
2887,10000297.XSHG,0.0137,0.0175,2015-11-04,XSHG
2888,10000449.XSHG,0.2199,0.2599,2015-11-04,XSHG
2889,10000295.XSHG,0.554,0.491,2015-11-04,XSHG
2890,10000292.XSHG,0.402,0.3901,2015-11-04,XSHG
2891,10000293.XSHG,0.4356,0.4279,2015-11-04,XSHG
2892,10000290.XSHG,0.0201,0.0248,2015-11-04,XSHG
2893,10000291.XSHG,0.0155,0.0203,2015-11-04,XSHG
2894,10000443.XSHG,0.1058,0.0469,2015-11-04,XSHG
2895,10000442.XSHG,0.0159,0.042,2015-11-04,XSHG
2896,10000441.XSHG,0.0255,0.063,2015-11-04,XSHG
2897,10000447.XSHG,0.0093,0.0245,2015-11-04,XSHG
2898,10000298.XSHG,0.5844,0.5741,2015-11-04,XSHG
2899,10000444.XSHG,0.1465,0.0742,2015-11-04,XSHG
2900,10000238.XSHG,0.0051,0.0065,2015-11-04,XSHG
2901,10000183.XSHG,0.0027,0.0031,2015-11-04,XSHG
2902,10000186.XSHG,0.0018,0.0028,2015-11-04,XSHG
2903,10000187.XSHG,0.0023,0.0027,2015-11-04,XSHG
2904,10000184.XSHG,0.0022,0.0024,2015-11-04,XSHG
2905,10000185.XSHG,0.0024,0.0023,2015-11-04,XSHG
2906,10000188.XSHG,0.7458,0.6567,2015-11-04,XSHG
2907,10000189.XSHG,0.8292,0.766,2015-11-04,XSHG
2908,10000368.XSHG,0.2607,0.3284,2015-11-05,XSHG
2909,10000369.XSHG,0.0062,0.0068,2015-11-05,XSHG
2910,10000366.XSHG,0.353,0.4158,2015-11-05,XSHG
2911,10000367.XSHG,0.3059,0.3727,2015-11-05,XSHG
2912,10000365.XSHG,0.4018,0.4684,2015-11-05,XSHG
2913,10000201.XSHG,0.0043,0.0066,2015-11-05,XSHG
2914,10000200.XSHG,1.1411,1.0702,2015-11-05,XSHG
2915,10000203.XSHG,0.0049,0.0075,2015-11-05,XSHG
2916,10000202.XSHG,0.5911,0.5488,2015-11-05,XSHG
2917,10000205.XSHG,0.0064,0.0091,2015-11-05,XSHG
2918,10000204.XSHG,0.5457,0.4989,2015-11-05,XSHG
2919,10000206.XSHG,0.4791,0.4538,2015-11-05,XSHG
2920,10000191.XSHG,0.9607,0.8703,2015-11-05,XSHG
2921,10000190.XSHG,0.8614,0.7931,2015-11-05,XSHG
2922,10000192.XSHG,1.0602,0.9929,2015-11-05,XSHG
2923,10000199.XSHG,0.0022,0.0024,2015-11-05,XSHG
2924,10000428.XSHG,0.2225,0.2756,2015-11-05,XSHG
2925,10000461.XSHG,0.0135,0.0353,2015-11-05,XSHG
2926,10000460.XSHG,0.12,0.1051,2015-11-05,XSHG
2927,10000463.XSHG,0.1396,0.16,2015-11-05,XSHG
2928,10000462.XSHG,0.1475,0.1115,2015-11-05,XSHG
2929,10000465.XSHG,0.2622,0.2291,2015-11-05,XSHG
2930,10000464.XSHG,0.1166,0.1423,2015-11-05,XSHG
2931,10000466.XSHG,0.3,0.255,2015-11-05,XSHG
2932,10000375.XSHG,0.3404,0.3877,2015-11-05,XSHG
2933,10000374.XSHG,0.3804,0.4286,2015-11-05,XSHG
2934,10000377.XSHG,0.0266,0.0247,2015-11-05,XSHG
2935,10000376.XSHG,0.3069,0.3502,2015-11-05,XSHG
2936,10000371.XSHG,0.0134,0.0109,2015-11-05,XSHG
2937,10000370.XSHG,0.0104,0.008,2015-11-05,XSHG
2938,10000373.XSHG,0.422,0.4706,2015-11-05,XSHG
2939,10000372.XSHG,0.0196,0.0148,2015-11-05,XSHG
2940,10000274.XSHG,0.3391,0.3065,2015-11-05,XSHG
2941,10000270.XSHG,0.0152,0.0259,2015-11-05,XSHG
2942,10000271.XSHG,0.0112,0.0185,2015-11-05,XSHG
2943,10000272.XSHG,0.2626,0.232,2015-11-05,XSHG
2944,10000273.XSHG,0.2962,0.2678,2015-11-05,XSHG
2945,10000279.XSHG,0.0263,0.0445,2015-11-05,XSHG
2946,10000289.XSHG,0.0326,0.0449,2015-11-05,XSHG
2947,10000288.XSHG,0.0403,0.0517,2015-11-05,XSHG
2948,10000280.XSHG,0.2403,0.1905,2015-11-05,XSHG
2949,10000285.XSHG,0.038,0.0599,2015-11-05,XSHG
2950,10000287.XSHG,0.0501,0.0679,2015-11-05,XSHG
2951,10000286.XSHG,0.1946,0.1539,2015-11-05,XSHG
2952,10000380.XSHG,0.0611,0.0513,2015-11-05,XSHG
2953,10000294.XSHG,0.4199,0.4199,2015-11-05,XSHG
2954,10000308.XSHG,0.1023,0.1349,2015-11-05,XSHG
2955,10000309.XSHG,0.0938,0.1064,2015-11-05,XSHG
2956,10000448.XSHG,0.1099,0.0781,2015-11-05,XSHG
2957,10000397.XSHG,0.0039,0.0037,2015-11-05,XSHG
2958,10000303.XSHG,0.0689,0.1011,2015-11-05,XSHG
2959,10000304.XSHG,0.0482,0.079,2015-11-05,XSHG
2960,10000305.XSHG,0.1265,0.0953,2015-11-05,XSHG
2961,10000306.XSHG,0.16,0.1227,2015-11-05,XSHG
2962,10000307.XSHG,0.0918,0.155,2015-11-05,XSHG
2963,10000395.XSHG,0.4515,0.5167,2015-11-05,XSHG
2964,10000394.XSHG,0.5019,0.5677,2015-11-05,XSHG
2965,10000393.XSHG,0.5527,0.611,2015-11-05,XSHG
2966,10000404.XSHG,0.0216,0.0189,2015-11-05,XSHG
2967,10000403.XSHG,0.0166,0.0137,2015-11-05,XSHG
2968,10000402.XSHG,0.0122,0.0105,2015-11-05,XSHG
2969,10000401.XSHG,0.4653,0.5186,2015-11-05,XSHG
2970,10000400.XSHG,0.5099,0.554,2015-11-05,XSHG
2971,10000399.XSHG,0.5479,0.6047,2015-11-05,XSHG
2972,10000398.XSHG,0.0052,0.0052,2015-11-05,XSHG
2973,10000319.XSHG,0.108,0.1293,2015-11-05,XSHG
2974,10000313.XSHG,0.207,0.1888,2015-11-05,XSHG
2975,10000312.XSHG,0.1851,0.1575,2015-11-05,XSHG
2976,10000311.XSHG,0.0619,0.078,2015-11-05,XSHG
2977,10000310.XSHG,0.0737,0.0912,2015-11-05,XSHG
2978,10000316.XSHG,0.314,0.2781,2015-11-05,XSHG
2979,10000315.XSHG,0.2671,0.2374,2015-11-05,XSHG
2980,10000314.XSHG,0.2391,0.21,2015-11-05,XSHG
2981,10000396.XSHG,0.0023,0.0027,2015-11-05,XSHG
2982,10000240.XSHG,0.4473,0.4032,2015-11-05,XSHG
2983,10000328.XSHG,0.1368,0.11,2015-11-05,XSHG
2984,10000326.XSHG,0.0752,0.0536,2015-11-05,XSHG
2985,10000327.XSHG,0.1755,0.2114,2015-11-05,XSHG
2986,10000325.XSHG,0.1145,0.161,2015-11-05,XSHG
2987,10000322.XSHG,0.1583,0.1315,2015-11-05,XSHG
2988,10000320.XSHG,0.1011,0.0726,2015-11-05,XSHG
2989,10000321.XSHG,0.1567,0.17,2015-11-05,XSHG
2990,10000331.XSHG,0.1437,0.1921,2015-11-05,XSHG
2991,10000239.XSHG,0.3905,0.3614,2015-11-05,XSHG
2992,10000333.XSHG,0.2066,0.236,2015-11-05,XSHG
2993,10000332.XSHG,0.0552,0.0376,2015-11-05,XSHG
2994,10000334.XSHG,0.113,0.0969,2015-11-05,XSHG
2995,10000237.XSHG,0.0093,0.0161,2015-11-05,XSHG
2996,10000438.XSHG,0.0023,0.0025,2015-11-05,XSHG
2997,10000228.XSHG,1.2366,1.1682,2015-11-05,XSHG
2998,10000432.XSHG,0.0033,0.0038,2015-11-05,XSHG
2999,10000433.XSHG,0.0055,0.0052,2015-11-05,XSHG
3000,10000430.XSHG,0.1341,0.1863,2015-11-05,XSHG
3001,10000431.XSHG,0.0896,0.1414,2015-11-05,XSHG
3002,10000436.XSHG,0.0291,0.024,2015-11-05,XSHG
3003,10000437.XSHG,0.322,0.378,2015-11-05,XSHG
3004,10000434.XSHG,0.009,0.0084,2015-11-05,XSHG
3005,10000435.XSHG,0.0155,0.0126,2015-11-05,XSHG
3006,10000458.XSHG,0.2351,0.2093,2015-11-05,XSHG
3007,10000459.XSHG,0.2936,0.3207,2015-11-05,XSHG
3008,10000450.XSHG,0.2364,0.252,2015-11-05,XSHG
3009,10000451.XSHG,0.205,0.2305,2015-11-05,XSHG
3010,10000452.XSHG,0.1888,0.2035,2015-11-05,XSHG
3011,10000453.XSHG,0.16,0.1867,2015-11-05,XSHG
3012,10000454.XSHG,0.1411,0.1197,2015-11-05,XSHG
3013,10000455.XSHG,0.1597,0.1407,2015-11-05,XSHG
3014,10000456.XSHG,0.1862,0.159,2015-11-05,XSHG
3015,10000457.XSHG,0.2119,0.1865,2015-11-05,XSHG
3016,10000344.XSHG,0.0385,0.0288,2015-11-05,XSHG
3017,10000345.XSHG,0.2737,0.3137,2015-11-05,XSHG
3018,10000346.XSHG,0.15,0.2756,2015-11-05,XSHG
3019,10000347.XSHG,0.0806,0.0639,2015-11-05,XSHG
3020,10000341.XSHG,0.2182,0.2799,2015-11-05,XSHG
3021,10000342.XSHG,0.1789,0.2404,2015-11-05,XSHG
3022,10000343.XSHG,0.0272,0.0191,2015-11-05,XSHG
3023,10000379.XSHG,0.0482,0.0406,2015-11-05,XSHG
3024,10000348.XSHG,0.0952,0.0753,2015-11-05,XSHG
3025,10000378.XSHG,0.0354,0.0297,2015-11-05,XSHG
3026,10000227.XSHG,0.002,0.002,2015-11-05,XSHG
3027,10000429.XSHG,0.1777,0.2313,2015-11-05,XSHG
3028,10000269.XSHG,0.0202,0.034,2015-11-05,XSHG
3029,10000427.XSHG,0.2555,0.3268,2015-11-05,XSHG
3030,10000296.XSHG,0.5046,0.5046,2015-11-05,XSHG
3031,10000297.XSHG,0.0194,0.024,2015-11-05,XSHG
3032,10000449.XSHG,0.2681,0.29,2015-11-05,XSHG
3033,10000295.XSHG,0.4849,0.4398,2015-11-05,XSHG
3034,10000292.XSHG,0.3392,0.3101,2015-11-05,XSHG
3035,10000293.XSHG,0.3794,0.3669,2015-11-05,XSHG
3036,10000290.XSHG,0.0268,0.0385,2015-11-05,XSHG
3037,10000291.XSHG,0.0212,0.0297,2015-11-05,XSHG
3038,10000443.XSHG,0.0486,0.0379,2015-11-05,XSHG
3039,10000442.XSHG,0.0407,0.0766,2015-11-05,XSHG
3040,10000441.XSHG,0.0621,0.105,2015-11-05,XSHG
3041,10000447.XSHG,0.0298,0.0521,2015-11-05,XSHG
3042,10000298.XSHG,0.5501,0.538,2015-11-05,XSHG
3043,10000444.XSHG,0.074,0.056,2015-11-05,XSHG
3044,10000238.XSHG,0.0072,0.011,2015-11-05,XSHG
3045,10000183.XSHG,0.0036,0.0048,2015-11-05,XSHG
3046,10000186.XSHG,0.0028,0.003,2015-11-05,XSHG
3047,10000187.XSHG,0.0028,0.0021,2015-11-05,XSHG
3048,10000184.XSHG,0.0026,0.0033,2015-11-05,XSHG
3049,10000185.XSHG,0.003,0.0033,2015-11-05,XSHG
3050,10000188.XSHG,0.6431,0.6,2015-11-05,XSHG
3051,10000189.XSHG,0.7622,0.6817,2015-11-05,XSHG
3052,10000368.XSHG,0.3291,0.3894,2015-11-06,XSHG
3053,10000369.XSHG,0.0066,0.0051,2015-11-06,XSHG
3054,10000366.XSHG,0.4147,0.4784,2015-11-06,XSHG
3055,10000367.XSHG,0.3667,0.4248,2015-11-06,XSHG
3056,10000470.XSHG,0.2721,0.2551,2015-11-06,XSHG
3057,10000365.XSHG,0.4637,0.5238,2015-11-06,XSHG
3058,10000201.XSHG,0.0062,0.0094,2015-11-06,XSHG
3059,10000200.XSHG,1.08,1.0227,2015-11-06,XSHG
3060,10000203.XSHG,0.0072,0.0114,2015-11-06,XSHG
3061,10000202.XSHG,0.534,0.4977,2015-11-06,XSHG
3062,10000205.XSHG,0.0102,0.0142,2015-11-06,XSHG
3063,10000204.XSHG,0.4904,0.4488,2015-11-06,XSHG
3064,10000206.XSHG,0.4298,0.3831,2015-11-06,XSHG
3065,10000191.XSHG,0.8756,0.8307,2015-11-06,XSHG
3066,10000190.XSHG,0.7441,0.7264,2015-11-06,XSHG
3067,10000192.XSHG,0.9749,0.9251,2015-11-06,XSHG
3068,10000199.XSHG,0.0028,0.0034,2015-11-06,XSHG
3069,10000428.XSHG,0.2836,0.3335,2015-11-06,XSHG
3070,10000461.XSHG,0.0349,0.061,2015-11-06,XSHG
3071,10000460.XSHG,0.1,0.0788,2015-11-06,XSHG
3072,10000463.XSHG,0.1574,0.195,2015-11-06,XSHG
3073,10000462.XSHG,0.109,0.0741,2015-11-06,XSHG
3074,10000465.XSHG,0.2414,0.2038,2015-11-06,XSHG
3075,10000464.XSHG,0.1406,0.1722,2015-11-06,XSHG
3076,10000467.XSHG,0.0249,0.0441,2015-11-06,XSHG
3077,10000466.XSHG,0.2493,0.2281,2015-11-06,XSHG
3078,10000469.XSHG,0.1232,0.1522,2015-11-06,XSHG
3079,10000468.XSHG,0.1527,0.1054,2015-11-06,XSHG
3080,10000377.XSHG,0.0241,0.02,2015-11-06,XSHG
3081,10000376.XSHG,0.348,0.393,2015-11-06,XSHG
3082,10000371.XSHG,0.0109,0.0078,2015-11-06,XSHG
3083,10000370.XSHG,0.0083,0.0064,2015-11-06,XSHG
3084,10000373.XSHG,0.4662,0.5062,2015-11-06,XSHG
3085,10000372.XSHG,0.0144,0.0103,2015-11-06,XSHG
3086,10000274.XSHG,0.3085,0.2568,2015-11-06,XSHG
3087,10000270.XSHG,0.0252,0.0399,2015-11-06,XSHG
3088,10000271.XSHG,0.0184,0.0318,2015-11-06,XSHG
3089,10000272.XSHG,0.224,0.1781,2015-11-06,XSHG
3090,10000273.XSHG,0.2651,0.2168,2015-11-06,XSHG
3091,10000279.XSHG,0.0443,0.07,2015-11-06,XSHG
3092,10000289.XSHG,0.0442,0.0606,2015-11-06,XSHG
3093,10000288.XSHG,0.0535,0.0728,2015-11-06,XSHG
3094,10000280.XSHG,0.1857,0.143,2015-11-06,XSHG
3095,10000285.XSHG,0.0595,0.089,2015-11-06,XSHG
3096,10000287.XSHG,0.0701,0.0858,2015-11-06,XSHG
3097,10000286.XSHG,0.151,0.1146,2015-11-06,XSHG
3098,10000380.XSHG,0.0508,0.0414,2015-11-06,XSHG
3099,10000294.XSHG,0.3903,0.3576,2015-11-06,XSHG
3100,10000308.XSHG,0.1387,0.164,2015-11-06,XSHG
3101,10000309.XSHG,0.1185,0.1362,2015-11-06,XSHG
3102,10000448.XSHG,0.0746,0.05,2015-11-06,XSHG
3103,10000397.XSHG,0.0038,0.0032,2015-11-06,XSHG
3104,10000303.XSHG,0.1018,0.143,2015-11-06,XSHG
3105,10000304.XSHG,0.0786,0.1132,2015-11-06,XSHG
3106,10000305.XSHG,0.097,0.065,2015-11-06,XSHG
3107,10000306.XSHG,0.121,0.0885,2015-11-06,XSHG
3108,10000307.XSHG,0.158,0.1893,2015-11-06,XSHG
3109,10000395.XSHG,0.5133,0.5764,2015-11-06,XSHG
3110,10000394.XSHG,0.5631,0.6206,2015-11-06,XSHG
3111,10000393.XSHG,0.6183,0.6696,2015-11-06,XSHG
3112,10000404.XSHG,0.0185,0.0158,2015-11-06,XSHG
3113,10000403.XSHG,0.0137,0.0121,2015-11-06,XSHG
3114,10000402.XSHG,0.0104,0.0091,2015-11-06,XSHG
3115,10000401.XSHG,0.5109,0.5458,2015-11-06,XSHG
3116,10000400.XSHG,0.5644,0.6167,2015-11-06,XSHG
3117,10000399.XSHG,0.6093,0.6569,2015-11-06,XSHG
3118,10000398.XSHG,0.0042,0.0038,2015-11-06,XSHG
3119,10000319.XSHG,0.1263,0.1731,2015-11-06,XSHG
3120,10000313.XSHG,0.1773,0.1589,2015-11-06,XSHG
3121,10000312.XSHG,0.1574,0.134,2015-11-06,XSHG
3122,10000311.XSHG,0.0786,0.1049,2015-11-06,XSHG
3123,10000310.XSHG,0.0931,0.1179,2015-11-06,XSHG
3124,10000316.XSHG,0.2493,0.2408,2015-11-06,XSHG
3125,10000315.XSHG,0.2388,0.2101,2015-11-06,XSHG
3126,10000314.XSHG,0.2097,0.1829,2015-11-06,XSHG
3127,10000396.XSHG,0.0033,0.0029,2015-11-06,XSHG
3128,10000240.XSHG,0.3963,0.3433,2015-11-06,XSHG
3129,10000328.XSHG,0.1163,0.0971,2015-11-06,XSHG
3130,10000326.XSHG,0.0526,0.0357,2015-11-06,XSHG
3131,10000327.XSHG,0.2059,0.2421,2015-11-06,XSHG
3132,10000325.XSHG,0.1648,0.21,2015-11-06,XSHG
3133,10000322.XSHG,0.1275,0.1151,2015-11-06,XSHG
3134,10000320.XSHG,0.071,0.048,2015-11-06,XSHG
3135,10000321.XSHG,0.1946,0.2251,2015-11-06,XSHG
3136,10000331.XSHG,0.2014,0.25,2015-11-06,XSHG
3137,10000239.XSHG,0.3538,0.2997,2015-11-06,XSHG
3138,10000333.XSHG,0.2463,0.274,2015-11-06,XSHG
3139,10000332.XSHG,0.0376,0.0252,2015-11-06,XSHG
3140,10000334.XSHG,0.0955,0.0805,2015-11-06,XSHG
3141,10000237.XSHG,0.0161,0.0254,2015-11-06,XSHG
3142,10000438.XSHG,0.0025,0.0018,2015-11-06,XSHG
3143,10000228.XSHG,1.1762,1.1138,2015-11-06,XSHG
3144,10000432.XSHG,0.0029,0.0024,2015-11-06,XSHG
3145,10000433.XSHG,0.0054,0.0025,2015-11-06,XSHG
3146,10000430.XSHG,0.1907,0.2434,2015-11-06,XSHG
3147,10000431.XSHG,0.1588,0.1931,2015-11-06,XSHG
3148,10000436.XSHG,0.0229,0.0125,2015-11-06,XSHG
3149,10000437.XSHG,0.382,0.435,2015-11-06,XSHG
3150,10000434.XSHG,0.008,0.0042,2015-11-06,XSHG
3151,10000435.XSHG,0.0126,0.0069,2015-11-06,XSHG
3152,10000458.XSHG,0.2154,0.1802,2015-11-06,XSHG
3153,10000459.XSHG,0.3528,0.368,2015-11-06,XSHG
3154,10000450.XSHG,0.2492,0.3003,2015-11-06,XSHG
3155,10000451.XSHG,0.2205,0.2846,2015-11-06,XSHG
3156,10000452.XSHG,0.1971,0.2468,2015-11-06,XSHG
3157,10000453.XSHG,0.1765,0.2184,2015-11-06,XSHG
3158,10000454.XSHG,0.1237,0.0981,2015-11-06,XSHG
3159,10000455.XSHG,0.1439,0.12,2015-11-06,XSHG
3160,10000456.XSHG,0.1673,0.1389,2015-11-06,XSHG
3161,10000457.XSHG,0.1893,0.1574,2015-11-06,XSHG
3162,10000344.XSHG,0.0279,0.018,2015-11-06,XSHG
3163,10000345.XSHG,0.3073,0.3422,2015-11-06,XSHG
3164,10000346.XSHG,0.2814,0.31,2015-11-06,XSHG
3165,10000347.XSHG,0.0647,0.0489,2015-11-06,XSHG
3166,10000341.XSHG,0.2848,0.3425,2015-11-06,XSHG
3167,10000342.XSHG,0.2409,0.2947,2015-11-06,XSHG
3168,10000343.XSHG,0.019,0.0133,2015-11-06,XSHG
3169,10000379.XSHG,0.0408,0.0337,2015-11-06,XSHG
3170,10000348.XSHG,0.0739,0.0601,2015-11-06,XSHG
3171,10000378.XSHG,0.0315,0.0254,2015-11-06,XSHG
3172,10000227.XSHG,0.0024,0.003,2015-11-06,XSHG
3173,10000375.XSHG,0.3813,0.4202,2015-11-06,XSHG
3174,10000429.XSHG,0.2364,0.2902,2015-11-06,XSHG
3175,10000269.XSHG,0.0334,0.0522,2015-11-06,XSHG
3176,10000374.XSHG,0.4232,0.4843,2015-11-06,XSHG
3177,10000427.XSHG,0.3356,0.3872,2015-11-06,XSHG
3178,10000296.XSHG,0.4491,0.4491,2015-11-06,XSHG
3179,10000297.XSHG,0.0253,0.0353,2015-11-06,XSHG
3180,10000449.XSHG,0.3228,0.3348,2015-11-06,XSHG
3181,10000295.XSHG,0.4235,0.394,2015-11-06,XSHG
3182,10000292.XSHG,0.3175,0.2827,2015-11-06,XSHG
3183,10000293.XSHG,0.361,0.3193,2015-11-06,XSHG
3184,10000290.XSHG,0.0365,0.0512,2015-11-06,XSHG
3185,10000291.XSHG,0.0301,0.042,2015-11-06,XSHG
3186,10000443.XSHG,0.0362,0.02,2015-11-06,XSHG
3187,10000442.XSHG,0.0759,0.115,2015-11-06,XSHG
3188,10000441.XSHG,0.1091,0.1517,2015-11-06,XSHG
3189,10000447.XSHG,0.05,0.0847,2015-11-06,XSHG
3190,10000298.XSHG,0.5039,0.5011,2015-11-06,XSHG
3191,10000444.XSHG,0.0555,0.033,2015-11-06,XSHG
3192,10000238.XSHG,0.0108,0.018,2015-11-06,XSHG
3193,10000183.XSHG,0.0054,0.0078,2015-11-06,XSHG
3194,10000186.XSHG,0.0032,0.0038,2015-11-06,XSHG
3195,10000187.XSHG,0.003,0.003,2015-11-06,XSHG
3196,10000184.XSHG,0.0038,0.0048,2015-11-06,XSHG
3197,10000185.XSHG,0.0035,0.0043,2015-11-06,XSHG
3198,10000188.XSHG,0.556,0.5555,2015-11-06,XSHG
3199,10000189.XSHG,0.647,0.6269,2015-11-06,XSHG
3200,10000368.XSHG,0.3979,0.4427,2015-11-09,XSHG
3201,10000369.XSHG,0.0043,0.0066,2015-11-09,XSHG
3202,10000474.XSHG,0.2691,0.2639,2015-11-09,XSHG
3203,10000472.XSHG,0.1379,0.1269,2015-11-09,XSHG
3204,10000473.XSHG,0.1258,0.2028,2015-11-09,XSHG
3205,10000470.XSHG,0.2501,0.2343,2015-11-09,XSHG
3206,10000471.XSHG,0.0331,0.0582,2015-11-09,XSHG
3207,10000201.XSHG,0.0094,0.03,2015-11-09,XSHG
3208,10000200.XSHG,1.0146,0.9649,2015-11-09,XSHG
3209,10000203.XSHG,0.0115,0.0349,2015-11-09,XSHG
3210,10000202.XSHG,0.4617,0.4523,2015-11-09,XSHG
3211,10000205.XSHG,0.0142,0.0414,2015-11-09,XSHG
3212,10000204.XSHG,0.4166,0.403,2015-11-09,XSHG
3213,10000206.XSHG,0.3816,0.3587,2015-11-09,XSHG
3214,10000191.XSHG,0.5763,0.7743,2015-11-09,XSHG
3215,10000190.XSHG,0.6501,0.6796,2015-11-09,XSHG
3216,10000192.XSHG,0.6799,0.855,2015-11-09,XSHG
3217,10000199.XSHG,0.0022,0.007,2015-11-09,XSHG
3218,10000428.XSHG,0.3375,0.3838,2015-11-09,XSHG
3219,10000461.XSHG,0.0613,0.0946,2015-11-09,XSHG
3220,10000460.XSHG,0.0855,0.0761,2015-11-09,XSHG
3221,10000463.XSHG,0.1821,0.2673,2015-11-09,XSHG
3222,10000462.XSHG,0.0701,0.07,2015-11-09,XSHG
3223,10000465.XSHG,0.2026,0.1894,2015-11-09,XSHG
3224,10000464.XSHG,0.1742,0.2495,2015-11-09,XSHG
3225,10000467.XSHG,0.0465,0.0727,2015-11-09,XSHG
3226,10000466.XSHG,0.2301,0.2091,2015-11-09,XSHG
3227,10000469.XSHG,0.1431,0.2205,2015-11-09,XSHG
3228,10000468.XSHG,0.1085,0.0949,2015-11-09,XSHG
3229,10000377.XSHG,0.0198,0.0209,2015-11-09,XSHG
3230,10000376.XSHG,0.4216,0.4624,2015-11-09,XSHG
3231,10000371.XSHG,0.0076,0.0113,2015-11-09,XSHG
3232,10000370.XSHG,0.006,0.0084,2015-11-09,XSHG
3233,10000373.XSHG,0.5381,0.5943,2015-11-09,XSHG
3234,10000372.XSHG,0.0099,0.0139,2015-11-09,XSHG
3235,10000274.XSHG,0.2641,0.246,2015-11-09,XSHG
3236,10000270.XSHG,0.0401,0.0845,2015-11-09,XSHG
3237,10000271.XSHG,0.0318,0.0702,2015-11-09,XSHG
3238,10000272.XSHG,0.1837,0.1744,2015-11-09,XSHG
3239,10000273.XSHG,0.2226,0.2099,2015-11-09,XSHG
3240,10000365.XSHG,0.5415,0.585,2015-11-09,XSHG
3241,10000279.XSHG,0.0701,0.1172,2015-11-09,XSHG
3242,10000289.XSHG,0.0609,0.1011,2015-11-09,XSHG
3243,10000288.XSHG,0.0718,0.1206,2015-11-09,XSHG
3244,10000280.XSHG,0.1487,0.1451,2015-11-09,XSHG
3245,10000285.XSHG,0.0901,0.1378,2015-11-09,XSHG
3246,10000287.XSHG,0.0875,0.1321,2015-11-09,XSHG
3247,10000286.XSHG,0.1176,0.12,2015-11-09,XSHG
3248,10000380.XSHG,0.0417,0.041,2015-11-09,XSHG
3249,10000294.XSHG,0.3017,0.3143,2015-11-09,XSHG
3250,10000308.XSHG,0.1664,0.222,2015-11-09,XSHG
3251,10000309.XSHG,0.1423,0.202,2015-11-09,XSHG
3252,10000448.XSHG,0.0484,0.0501,2015-11-09,XSHG
3253,10000397.XSHG,0.0024,0.0042,2015-11-09,XSHG
3254,10000303.XSHG,0.1379,0.2,2015-11-09,XSHG
3255,10000304.XSHG,0.1099,0.1664,2015-11-09,XSHG
3256,10000305.XSHG,0.0639,0.0738,2015-11-09,XSHG
3257,10000306.XSHG,0.087,0.0956,2015-11-09,XSHG
3258,10000307.XSHG,0.192,0.2507,2015-11-09,XSHG
3259,10000395.XSHG,0.5839,0.639,2015-11-09,XSHG
3260,10000394.XSHG,0.6372,0.6731,2015-11-09,XSHG
3261,10000393.XSHG,0.6862,0.726,2015-11-09,XSHG
3262,10000404.XSHG,0.0148,0.0175,2015-11-09,XSHG
3263,10000403.XSHG,0.0113,0.013,2015-11-09,XSHG
3264,10000402.XSHG,0.009,0.01,2015-11-09,XSHG
3265,10000401.XSHG,0.5798,0.631,2015-11-09,XSHG
3266,10000400.XSHG,0.6272,0.67,2015-11-09,XSHG
3267,10000399.XSHG,0.6699,0.7247,2015-11-09,XSHG
3268,10000398.XSHG,0.0034,0.0051,2015-11-09,XSHG
3269,10000319.XSHG,0.1699,0.2312,2015-11-09,XSHG
3270,10000313.XSHG,0.1647,0.1433,2015-11-09,XSHG
3271,10000312.XSHG,0.1397,0.1261,2015-11-09,XSHG
3272,10000311.XSHG,0.103,0.1521,2015-11-09,XSHG
3273,10000310.XSHG,0.1209,0.1807,2015-11-09,XSHG
3274,10000316.XSHG,0.256,0.2182,2015-11-09,XSHG
3275,10000315.XSHG,0.2229,0.2008,2015-11-09,XSHG
3276,10000314.XSHG,0.1928,0.1712,2015-11-09,XSHG
3277,10000396.XSHG,0.002,0.0031,2015-11-09,XSHG
3278,10000240.XSHG,0.3287,0.3164,2015-11-09,XSHG
3279,10000366.XSHG,0.489,0.5247,2015-11-09,XSHG
3280,10000328.XSHG,0.0976,0.0936,2015-11-09,XSHG
3281,10000326.XSHG,0.0345,0.0444,2015-11-09,XSHG
3282,10000327.XSHG,0.2533,0.3156,2015-11-09,XSHG
3283,10000325.XSHG,0.2,0.2699,2015-11-09,XSHG
3284,10000322.XSHG,0.1174,0.105,2015-11-09,XSHG
3285,10000320.XSHG,0.0468,0.0568,2015-11-09,XSHG
3286,10000321.XSHG,0.2217,0.2833,2015-11-09,XSHG
3287,10000367.XSHG,0.4429,0.4987,2015-11-09,XSHG
3288,10000331.XSHG,0.2492,0.3161,2015-11-09,XSHG
3289,10000239.XSHG,0.304,0.2842,2015-11-09,XSHG
3290,10000333.XSHG,0.2871,0.3521,2015-11-09,XSHG
3291,10000332.XSHG,0.024,0.0327,2015-11-09,XSHG
3292,10000334.XSHG,0.0806,0.0743,2015-11-09,XSHG
3293,10000237.XSHG,0.0256,0.0618,2015-11-09,XSHG
3294,10000438.XSHG,0.0014,0.0023,2015-11-09,XSHG
3295,10000228.XSHG,0.8639,1.0784,2015-11-09,XSHG
3296,10000432.XSHG,0.002,0.0032,2015-11-09,XSHG
3297,10000433.XSHG,0.0025,0.005,2015-11-09,XSHG
3298,10000430.XSHG,0.245,0.2893,2015-11-09,XSHG
3299,10000431.XSHG,0.205,0.24,2015-11-09,XSHG
3300,10000436.XSHG,0.0117,0.0156,2015-11-09,XSHG
3301,10000437.XSHG,0.4411,0.4752,2015-11-09,XSHG
3302,10000434.XSHG,0.0037,0.0069,2015-11-09,XSHG
3303,10000435.XSHG,0.0062,0.0103,2015-11-09,XSHG
3304,10000458.XSHG,0.1759,0.1629,2015-11-09,XSHG
3305,10000459.XSHG,0.3761,0.4558,2015-11-09,XSHG
3306,10000450.XSHG,0.3054,0.3894,2015-11-09,XSHG
3307,10000451.XSHG,0.2778,0.365,2015-11-09,XSHG
3308,10000452.XSHG,0.248,0.3315,2015-11-09,XSHG
3309,10000453.XSHG,0.2201,0.304,2015-11-09,XSHG
3310,10000454.XSHG,0.104,0.0923,2015-11-09,XSHG
3311,10000455.XSHG,0.1166,0.1118,2015-11-09,XSHG
3312,10000456.XSHG,0.1442,0.1233,2015-11-09,XSHG
3313,10000457.XSHG,0.153,0.1457,2015-11-09,XSHG
3314,10000344.XSHG,0.0175,0.0249,2015-11-09,XSHG
3315,10000345.XSHG,0.3613,0.43,2015-11-09,XSHG
3316,10000346.XSHG,0.3228,0.3809,2015-11-09,XSHG
3317,10000347.XSHG,0.0529,0.051,2015-11-09,XSHG
3318,10000341.XSHG,0.3533,0.3909,2015-11-09,XSHG
3319,10000342.XSHG,0.3104,0.346,2015-11-09,XSHG
3320,10000343.XSHG,0.0129,0.0181,2015-11-09,XSHG
3321,10000379.XSHG,0.0333,0.0331,2015-11-09,XSHG
3322,10000348.XSHG,0.0651,0.061,2015-11-09,XSHG
3323,10000378.XSHG,0.0248,0.0298,2015-11-09,XSHG
3324,10000227.XSHG,0.002,0.0053,2015-11-09,XSHG
3325,10000375.XSHG,0.4654,0.517,2015-11-09,XSHG
3326,10000429.XSHG,0.297,0.331,2015-11-09,XSHG
3327,10000269.XSHG,0.0542,0.0997,2015-11-09,XSHG
3328,10000374.XSHG,0.5108,0.5541,2015-11-09,XSHG
3329,10000427.XSHG,0.3916,0.4346,2015-11-09,XSHG
3330,10000296.XSHG,0.395,0.3722,2015-11-09,XSHG
3331,10000297.XSHG,0.0362,0.069,2015-11-09,XSHG
3332,10000449.XSHG,0.3415,0.419,2015-11-09,XSHG
3333,10000295.XSHG,0.3544,0.3555,2015-11-09,XSHG
3334,10000292.XSHG,0.2844,0.25,2015-11-09,XSHG
3335,10000293.XSHG,0.2647,0.2885,2015-11-09,XSHG
3336,10000290.XSHG,0.051,0.0877,2015-11-09,XSHG
3337,10000291.XSHG,0.0424,0.0787,2015-11-09,XSHG
3338,10000443.XSHG,0.0192,0.0234,2015-11-09,XSHG
3339,10000442.XSHG,0.111,0.1611,2015-11-09,XSHG
3340,10000441.XSHG,0.1519,0.2019,2015-11-09,XSHG
3341,10000447.XSHG,0.0883,0.1256,2015-11-09,XSHG
3342,10000298.XSHG,0.4192,0.4377,2015-11-09,XSHG
3343,10000444.XSHG,0.0319,0.036,2015-11-09,XSHG
3344,10000238.XSHG,0.0181,0.05,2015-11-09,XSHG
3345,10000183.XSHG,0.0066,0.0251,2015-11-09,XSHG
3346,10000186.XSHG,0.003,0.0121,2015-11-09,XSHG
3347,10000187.XSHG,0.0023,0.0097,2015-11-09,XSHG
3348,10000184.XSHG,0.0041,0.0192,2015-11-09,XSHG
3349,10000185.XSHG,0.0037,0.0152,2015-11-09,XSHG
3350,10000188.XSHG,0.5039,0.4954,2015-11-09,XSHG
3351,10000189.XSHG,0.6158,0.5836,2015-11-09,XSHG
3352,10000368.XSHG,0.4063,0.4163,2015-11-10,XSHG
3353,10000369.XSHG,0.0066,0.0067,2015-11-10,XSHG
3354,10000478.XSHG,0.312,0.3155,2015-11-10,XSHG
3355,10000476.XSHG,0.1793,0.1722,2015-11-10,XSHG
3356,10000477.XSHG,0.1664,0.2242,2015-11-10,XSHG
3357,10000474.XSHG,0.2877,0.2901,2015-11-10,XSHG
3358,10000475.XSHG,0.037,0.0363,2015-11-10,XSHG
3359,10000472.XSHG,0.143,0.1376,2015-11-10,XSHG
3360,10000473.XSHG,0.1856,0.245,2015-11-10,XSHG
3361,10000470.XSHG,0.26,0.265,2015-11-10,XSHG
3362,10000471.XSHG,0.0543,0.0494,2015-11-10,XSHG
3363,10000201.XSHG,0.0278,0.0306,2015-11-10,XSHG
3364,10000200.XSHG,1.0031,0.9832,2015-11-10,XSHG
3365,10000203.XSHG,0.0324,0.0343,2015-11-10,XSHG
3366,10000202.XSHG,0.4693,0.4644,2015-11-10,XSHG
3367,10000205.XSHG,0.0415,0.0402,2015-11-10,XSHG
3368,10000204.XSHG,0.4128,0.4187,2015-11-10,XSHG
3369,10000206.XSHG,0.3757,0.3741,2015-11-10,XSHG
3370,10000191.XSHG,0.8096,0.8033,2015-11-10,XSHG
3371,10000190.XSHG,0.7114,0.7009,2015-11-10,XSHG
3372,10000192.XSHG,0.9064,0.8892,2015-11-10,XSHG
3373,10000199.XSHG,0.0063,0.0084,2015-11-10,XSHG
3374,10000428.XSHG,0.3667,0.3637,2015-11-10,XSHG
3375,10000461.XSHG,0.0809,0.084,2015-11-10,XSHG
3376,10000460.XSHG,0.0826,0.0982,2015-11-10,XSHG
3377,10000463.XSHG,0.262,0.3009,2015-11-10,XSHG
3378,10000462.XSHG,0.075,0.075,2015-11-10,XSHG
3379,10000465.XSHG,0.2032,0.2118,2015-11-10,XSHG
3380,10000464.XSHG,0.2264,0.2921,2015-11-10,XSHG
3381,10000467.XSHG,0.069,0.0648,2015-11-10,XSHG
3382,10000466.XSHG,0.221,0.2343,2015-11-10,XSHG
3383,10000469.XSHG,0.2044,0.278,2015-11-10,XSHG
3384,10000468.XSHG,0.11,0.1031,2015-11-10,XSHG
3385,10000377.XSHG,0.0227,0.0309,2015-11-10,XSHG
3386,10000376.XSHG,0.4376,0.4724,2015-11-10,XSHG
3387,10000371.XSHG,0.012,0.0113,2015-11-10,XSHG
3388,10000370.XSHG,0.0085,0.0093,2015-11-10,XSHG
3389,10000373.XSHG,0.5786,0.6111,2015-11-10,XSHG
3390,10000372.XSHG,0.015,0.0142,2015-11-10,XSHG
3391,10000274.XSHG,0.263,0.2508,2015-11-10,XSHG
3392,10000270.XSHG,0.0821,0.0828,2015-11-10,XSHG
3393,10000271.XSHG,0.0676,0.0695,2015-11-10,XSHG
3394,10000272.XSHG,0.191,0.1846,2015-11-10,XSHG
3395,10000273.XSHG,0.2261,0.2105,2015-11-10,XSHG
3396,10000365.XSHG,0.5665,0.568,2015-11-10,XSHG
3397,10000279.XSHG,0.1111,0.117,2015-11-10,XSHG
3398,10000289.XSHG,0.0948,0.1444,2015-11-10,XSHG
3399,10000288.XSHG,0.1074,0.16,2015-11-10,XSHG
3400,10000280.XSHG,0.1599,0.1537,2015-11-10,XSHG
3401,10000285.XSHG,0.1305,0.1335,2015-11-10,XSHG
3402,10000287.XSHG,0.1328,0.1798,2015-11-10,XSHG
3403,10000286.XSHG,0.1312,0.1235,2015-11-10,XSHG
3404,10000380.XSHG,0.0445,0.0559,2015-11-10,XSHG
3405,10000294.XSHG,0.3471,0.3471,2015-11-10,XSHG
3406,10000308.XSHG,0.21,0.2756,2015-11-10,XSHG
3407,10000309.XSHG,0.1906,0.2475,2015-11-10,XSHG
3408,10000448.XSHG,0.0525,0.0505,2015-11-10,XSHG
3409,10000397.XSHG,0.004,0.0042,2015-11-10,XSHG
3410,10000303.XSHG,0.184,0.1924,2015-11-10,XSHG
3411,10000304.XSHG,0.1546,0.1615,2015-11-10,XSHG
3412,10000305.XSHG,0.082,0.0788,2015-11-10,XSHG
3413,10000306.XSHG,0.1038,0.1005,2015-11-10,XSHG
3414,10000307.XSHG,0.2409,0.2914,2015-11-10,XSHG
3415,10000395.XSHG,0.6145,0.6118,2015-11-10,XSHG
3416,10000394.XSHG,0.6645,0.6693,2015-11-10,XSHG
3417,10000393.XSHG,0.7112,0.717,2015-11-10,XSHG
3418,10000404.XSHG,0.0183,0.0256,2015-11-10,XSHG
3419,10000403.XSHG,0.014,0.0215,2015-11-10,XSHG
3420,10000402.XSHG,0.0108,0.0155,2015-11-10,XSHG
3421,10000401.XSHG,0.6233,0.6571,2015-11-10,XSHG
3422,10000400.XSHG,0.668,0.698,2015-11-10,XSHG
3423,10000399.XSHG,0.7127,0.7426,2015-11-10,XSHG
3424,10000398.XSHG,0.0051,0.0052,2015-11-10,XSHG
3425,10000319.XSHG,0.2149,0.2255,2015-11-10,XSHG
3426,10000313.XSHG,0.1555,0.1788,2015-11-10,XSHG
3427,10000312.XSHG,0.1358,0.1562,2015-11-10,XSHG
3428,10000311.XSHG,0.1457,0.2002,2015-11-10,XSHG
3429,10000310.XSHG,0.1653,0.2265,2015-11-10,XSHG
3430,10000316.XSHG,0.2367,0.2463,2015-11-10,XSHG
3431,10000315.XSHG,0.2147,0.231,2015-11-10,XSHG
3432,10000314.XSHG,0.1833,0.199,2015-11-10,XSHG
3433,10000396.XSHG,0.003,0.0036,2015-11-10,XSHG
3434,10000240.XSHG,0.3342,0.3316,2015-11-10,XSHG
3435,10000366.XSHG,0.5176,0.5157,2015-11-10,XSHG
3436,10000328.XSHG,0.099,0.1126,2015-11-10,XSHG
3437,10000326.XSHG,0.0492,0.0472,2015-11-10,XSHG
3438,10000327.XSHG,0.294,0.3526,2015-11-10,XSHG
3439,10000325.XSHG,0.2536,0.26,2015-11-10,XSHG
3440,10000322.XSHG,0.1139,0.1305,2015-11-10,XSHG
3441,10000320.XSHG,0.0636,0.058,2015-11-10,XSHG
3442,10000321.XSHG,0.2719,0.3233,2015-11-10,XSHG
3443,10000367.XSHG,0.4712,0.4709,2015-11-10,XSHG
3444,10000331.XSHG,0.2907,0.2958,2015-11-10,XSHG
3445,10000239.XSHG,0.297,0.2907,2015-11-10,XSHG
3446,10000333.XSHG,0.3217,0.388,2015-11-10,XSHG
3447,10000332.XSHG,0.0349,0.034,2015-11-10,XSHG
3448,10000334.XSHG,0.0806,0.0978,2015-11-10,XSHG
3449,10000237.XSHG,0.0617,0.0594,2015-11-10,XSHG
3450,10000438.XSHG,0.0021,0.0023,2015-11-10,XSHG
3451,10000228.XSHG,1.1014,1.0874,2015-11-10,XSHG
3452,10000432.XSHG,0.003,0.003,2015-11-10,XSHG
3453,10000433.XSHG,0.0048,0.0039,2015-11-10,XSHG
3454,10000430.XSHG,0.2762,0.2723,2015-11-10,XSHG
3455,10000431.XSHG,0.2279,0.2234,2015-11-10,XSHG
3456,10000436.XSHG,0.0178,0.0154,2015-11-10,XSHG
3457,10000437.XSHG,0.467,0.466,2015-11-10,XSHG
3458,10000434.XSHG,0.0071,0.0052,2015-11-10,XSHG
3459,10000435.XSHG,0.0103,0.0081,2015-11-10,XSHG
3460,10000458.XSHG,0.1749,0.187,2015-11-10,XSHG
3461,10000459.XSHG,0.4298,0.4747,2015-11-10,XSHG
3462,10000450.XSHG,0.3677,0.412,2015-11-10,XSHG
3463,10000451.XSHG,0.3367,0.4,2015-11-10,XSHG
3464,10000452.XSHG,0.3019,0.3608,2015-11-10,XSHG
3465,10000453.XSHG,0.2801,0.3427,2015-11-10,XSHG
3466,10000454.XSHG,0.0986,0.1155,2015-11-10,XSHG
3467,10000455.XSHG,0.1138,0.1311,2015-11-10,XSHG
3468,10000456.XSHG,0.135,0.1474,2015-11-10,XSHG
3469,10000457.XSHG,0.1545,0.175,2015-11-10,XSHG
3470,10000344.XSHG,0.0282,0.0256,2015-11-10,XSHG
3471,10000345.XSHG,0.4,0.454,2015-11-10,XSHG
3472,10000346.XSHG,0.3628,0.4171,2015-11-10,XSHG
3473,10000347.XSHG,0.0553,0.0697,2015-11-10,XSHG
3474,10000341.XSHG,0.3744,0.3845,2015-11-10,XSHG
3475,10000342.XSHG,0.3328,0.3424,2015-11-10,XSHG
3476,10000343.XSHG,0.02,0.0186,2015-11-10,XSHG
3477,10000379.XSHG,0.0357,0.0477,2015-11-10,XSHG
3478,10000348.XSHG,0.0655,0.0787,2015-11-10,XSHG
3479,10000378.XSHG,0.0285,0.0388,2015-11-10,XSHG
3480,10000227.XSHG,0.0079,0.0063,2015-11-10,XSHG
3481,10000375.XSHG,0.4897,0.5299,2015-11-10,XSHG
3482,10000429.XSHG,0.313,0.3156,2015-11-10,XSHG
3483,10000269.XSHG,0.0921,0.0985,2015-11-10,XSHG
3484,10000374.XSHG,0.534,0.5745,2015-11-10,XSHG
3485,10000427.XSHG,0.4163,0.4164,2015-11-10,XSHG
3486,10000296.XSHG,0.426,0.4109,2015-11-10,XSHG
3487,10000297.XSHG,0.069,0.1083,2015-11-10,XSHG
3488,10000449.XSHG,0.409,0.4478,2015-11-10,XSHG
3489,10000295.XSHG,0.3629,0.3803,2015-11-10,XSHG
3490,10000292.XSHG,0.2713,0.2912,2015-11-10,XSHG
3491,10000293.XSHG,0.3145,0.3202,2015-11-10,XSHG
3492,10000290.XSHG,0.0877,0.1321,2015-11-10,XSHG
3493,10000291.XSHG,0.08,0.1182,2015-11-10,XSHG
3494,10000443.XSHG,0.0258,0.023,2015-11-10,XSHG
3495,10000442.XSHG,0.1472,0.1448,2015-11-10,XSHG
3496,10000441.XSHG,0.1901,0.1806,2015-11-10,XSHG
3497,10000447.XSHG,0.103,0.1115,2015-11-10,XSHG
3498,10000298.XSHG,0.4536,0.4646,2015-11-10,XSHG
3499,10000444.XSHG,0.0404,0.036,2015-11-10,XSHG
3500,10000238.XSHG,0.0497,0.0497,2015-11-10,XSHG
3501,10000183.XSHG,0.0201,0.026,2015-11-10,XSHG
3502,10000186.XSHG,0.012,0.012,2015-11-10,XSHG
3503,10000187.XSHG,0.0087,0.0102,2015-11-10,XSHG
3504,10000184.XSHG,0.0165,0.0191,2015-11-10,XSHG
3505,10000185.XSHG,0.0142,0.0152,2015-11-10,XSHG
3506,10000188.XSHG,0.5126,0.5079,2015-11-10,XSHG
3507,10000189.XSHG,0.62,0.5983,2015-11-10,XSHG
3508,10000368.XSHG,0.4219,0.4033,2015-11-11,XSHG
3509,10000369.XSHG,0.007,0.005,2015-11-11,XSHG
3510,10000478.XSHG,0.3468,0.3625,2015-11-11,XSHG
3511,10000476.XSHG,0.1755,0.1768,2015-11-11,XSHG
3512,10000477.XSHG,0.2171,0.2181,2015-11-11,XSHG
3513,10000474.XSHG,0.3091,0.3148,2015-11-11,XSHG
3514,10000475.XSHG,0.0367,0.024,2015-11-11,XSHG
3515,10000472.XSHG,0.1372,0.1365,2015-11-11,XSHG
3516,10000473.XSHG,0.2368,0.238,2015-11-11,XSHG
3517,10000470.XSHG,0.269,0.2944,2015-11-11,XSHG
3518,10000471.XSHG,0.0487,0.0347,2015-11-11,XSHG
3519,10000201.XSHG,0.0306,0.0224,2015-11-11,XSHG
3520,10000200.XSHG,0.9983,1.0007,2015-11-11,XSHG
3521,10000203.XSHG,0.0351,0.0263,2015-11-11,XSHG
3522,10000202.XSHG,0.4726,0.4711,2015-11-11,XSHG
3523,10000205.XSHG,0.0409,0.0312,2015-11-11,XSHG
3524,10000204.XSHG,0.4286,0.4325,2015-11-11,XSHG
3525,10000206.XSHG,0.3838,0.384,2015-11-11,XSHG
3526,10000191.XSHG,0.8071,0.8057,2015-11-11,XSHG
3527,10000190.XSHG,0.7113,0.7293,2015-11-11,XSHG
3528,10000192.XSHG,0.9101,0.9021,2015-11-11,XSHG
3529,10000199.XSHG,0.0077,0.0058,2015-11-11,XSHG
3530,10000428.XSHG,0.3558,0.35,2015-11-11,XSHG
3531,10000461.XSHG,0.084,0.0662,2015-11-11,XSHG
3532,10000460.XSHG,0.1022,0.1085,2015-11-11,XSHG
3533,10000463.XSHG,0.3026,0.3131,2015-11-11,XSHG
3534,10000462.XSHG,0.075,0.0666,2015-11-11,XSHG
3535,10000465.XSHG,0.2273,0.2384,2015-11-11,XSHG
3536,10000464.XSHG,0.2863,0.2761,2015-11-11,XSHG
3537,10000467.XSHG,0.063,0.0483,2015-11-11,XSHG
3538,10000466.XSHG,0.25,0.2655,2015-11-11,XSHG
3539,10000469.XSHG,0.2583,0.2556,2015-11-11,XSHG
3540,10000468.XSHG,0.1021,0.0984,2015-11-11,XSHG
3541,10000377.XSHG,0.0322,0.0303,2015-11-11,XSHG
3542,10000376.XSHG,0.476,0.455,2015-11-11,XSHG
3543,10000371.XSHG,0.0116,0.0081,2015-11-11,XSHG
3544,10000370.XSHG,0.0092,0.0069,2015-11-11,XSHG
3545,10000373.XSHG,0.5971,0.5767,2015-11-11,XSHG
3546,10000372.XSHG,0.0139,0.0115,2015-11-11,XSHG
3547,10000274.XSHG,0.26,0.2666,2015-11-11,XSHG
3548,10000270.XSHG,0.0819,0.066,2015-11-11,XSHG
3549,10000271.XSHG,0.0689,0.0539,2015-11-11,XSHG
3550,10000272.XSHG,0.1924,0.1912,2015-11-11,XSHG
3551,10000273.XSHG,0.2199,0.2277,2015-11-11,XSHG
3552,10000365.XSHG,0.5622,0.5519,2015-11-11,XSHG
3553,10000279.XSHG,0.1144,0.0936,2015-11-11,XSHG
3554,10000289.XSHG,0.1461,0.1308,2015-11-11,XSHG
3555,10000288.XSHG,0.16,0.1435,2015-11-11,XSHG
3556,10000280.XSHG,0.1542,0.1535,2015-11-11,XSHG
3557,10000285.XSHG,0.13,0.114,2015-11-11,XSHG
3558,10000287.XSHG,0.174,0.161,2015-11-11,XSHG
3559,10000286.XSHG,0.1283,0.1231,2015-11-11,XSHG
3560,10000380.XSHG,0.056,0.0562,2015-11-11,XSHG
3561,10000294.XSHG,0.3748,0.3705,2015-11-11,XSHG
3562,10000308.XSHG,0.2538,0.2303,2015-11-11,XSHG
3563,10000309.XSHG,0.2374,0.215,2015-11-11,XSHG
3564,10000448.XSHG,0.0512,0.041,2015-11-11,XSHG
3565,10000397.XSHG,0.0045,0.0034,2015-11-11,XSHG
3566,10000303.XSHG,0.1878,0.1636,2015-11-11,XSHG
3567,10000304.XSHG,0.1597,0.1354,2015-11-11,XSHG
3568,10000305.XSHG,0.0786,0.0748,2015-11-11,XSHG
3569,10000306.XSHG,0.1005,0.0966,2015-11-11,XSHG
3570,10000307.XSHG,0.2784,0.2719,2015-11-11,XSHG
3571,10000395.XSHG,0.6105,0.5974,2015-11-11,XSHG
3572,10000394.XSHG,0.6592,0.6441,2015-11-11,XSHG
3573,10000393.XSHG,0.7082,0.6877,2015-11-11,XSHG
3574,10000404.XSHG,0.0264,0.0262,2015-11-11,XSHG
3575,10000403.XSHG,0.0209,0.0207,2015-11-11,XSHG
3576,10000402.XSHG,0.017,0.0169,2015-11-11,XSHG
3577,10000401.XSHG,0.6494,0.623,2015-11-11,XSHG
3578,10000400.XSHG,0.6935,0.668,2015-11-11,XSHG
3579,10000399.XSHG,0.7292,0.7099,2015-11-11,XSHG
3580,10000398.XSHG,0.0057,0.004,2015-11-11,XSHG
3581,10000319.XSHG,0.2193,0.1929,2015-11-11,XSHG
3582,10000313.XSHG,0.18,0.1849,2015-11-11,XSHG
3583,10000312.XSHG,0.16,0.1524,2015-11-11,XSHG
3584,10000311.XSHG,0.1942,0.1724,2015-11-11,XSHG
3585,10000310.XSHG,0.2168,0.194,2015-11-11,XSHG
3586,10000316.XSHG,0.2586,0.2647,2015-11-11,XSHG
3587,10000315.XSHG,0.233,0.2369,2015-11-11,XSHG
3588,10000314.XSHG,0.2035,0.2056,2015-11-11,XSHG
3589,10000396.XSHG,0.0033,0.0031,2015-11-11,XSHG
3590,10000240.XSHG,0.337,0.341,2015-11-11,XSHG
3591,10000366.XSHG,0.5143,0.496,2015-11-11,XSHG
3592,10000328.XSHG,0.1187,0.1153,2015-11-11,XSHG
3593,10000326.XSHG,0.0463,0.0406,2015-11-11,XSHG
3594,10000327.XSHG,0.3427,0.3191,2015-11-11,XSHG
3595,10000325.XSHG,0.2268,0.2249,2015-11-11,XSHG
3596,10000322.XSHG,0.1394,0.1382,2015-11-11,XSHG
3597,10000320.XSHG,0.0603,0.055,2015-11-11,XSHG
3598,10000321.XSHG,0.32,0.2871,2015-11-11,XSHG
3599,10000367.XSHG,0.4676,0.4456,2015-11-11,XSHG
3600,10000331.XSHG,0.2938,0.2666,2015-11-11,XSHG
3601,10000239.XSHG,0.2992,0.3024,2015-11-11,XSHG
3602,10000333.XSHG,0.385,0.36,2015-11-11,XSHG
3603,10000332.XSHG,0.035,0.029,2015-11-11,XSHG
3604,10000334.XSHG,0.101,0.0963,2015-11-11,XSHG
3605,10000237.XSHG,0.0594,0.0445,2015-11-11,XSHG
3606,10000438.XSHG,0.002,0.0012,2015-11-11,XSHG
3607,10000228.XSHG,1.0929,1.0995,2015-11-11,XSHG
3608,10000432.XSHG,0.0027,0.0016,2015-11-11,XSHG
3609,10000433.XSHG,0.004,0.0016,2015-11-11,XSHG
3610,10000430.XSHG,0.265,0.2537,2015-11-11,XSHG
3611,10000431.XSHG,0.2221,0.204,2015-11-11,XSHG
3612,10000436.XSHG,0.0149,0.006,2015-11-11,XSHG
3613,10000437.XSHG,0.4645,0.4519,2015-11-11,XSHG
3614,10000434.XSHG,0.0056,0.0021,2015-11-11,XSHG
3615,10000435.XSHG,0.0066,0.0037,2015-11-11,XSHG
3616,10000458.XSHG,0.1999,0.2102,2015-11-11,XSHG
3617,10000459.XSHG,0.4778,0.47,2015-11-11,XSHG
3618,10000450.XSHG,0.4167,0.4003,2015-11-11,XSHG
3619,10000451.XSHG,0.3749,0.3923,2015-11-11,XSHG
3620,10000452.XSHG,0.3548,0.3662,2015-11-11,XSHG
3621,10000453.XSHG,0.3271,0.3379,2015-11-11,XSHG
3622,10000454.XSHG,0.1222,0.1296,2015-11-11,XSHG
3623,10000455.XSHG,0.1323,0.1477,2015-11-11,XSHG
3624,10000456.XSHG,0.1508,0.1718,2015-11-11,XSHG
3625,10000457.XSHG,0.1745,0.1904,2015-11-11,XSHG
3626,10000344.XSHG,0.026,0.0215,2015-11-11,XSHG
3627,10000345.XSHG,0.4375,0.4198,2015-11-11,XSHG
3628,10000346.XSHG,0.408,0.38,2015-11-11,XSHG
3629,10000347.XSHG,0.07,0.0689,2015-11-11,XSHG
3630,10000341.XSHG,0.3829,0.36,2015-11-11,XSHG
3631,10000342.XSHG,0.33,0.3118,2015-11-11,XSHG
3632,10000343.XSHG,0.019,0.0157,2015-11-11,XSHG
3633,10000379.XSHG,0.048,0.0461,2015-11-11,XSHG
3634,10000348.XSHG,0.0851,0.0814,2015-11-11,XSHG
3635,10000378.XSHG,0.0419,0.0387,2015-11-11,XSHG
3636,10000227.XSHG,0.0063,0.0041,2015-11-11,XSHG
3637,10000375.XSHG,0.517,0.5067,2015-11-11,XSHG
3638,10000429.XSHG,0.3096,0.2993,2015-11-11,XSHG
3639,10000269.XSHG,0.0973,0.0785,2015-11-11,XSHG
3640,10000374.XSHG,0.5524,0.5366,2015-11-11,XSHG
3641,10000427.XSHG,0.4101,0.3975,2015-11-11,XSHG
3642,10000296.XSHG,0.4484,0.4393,2015-11-11,XSHG
3643,10000297.XSHG,0.1066,0.0952,2015-11-11,XSHG
3644,10000449.XSHG,0.4477,0.4512,2015-11-11,XSHG
3645,10000295.XSHG,0.3999,0.4197,2015-11-11,XSHG
3646,10000292.XSHG,0.2961,0.3,2015-11-11,XSHG
3647,10000293.XSHG,0.3253,0.3461,2015-11-11,XSHG
3648,10000290.XSHG,0.13,0.1215,2015-11-11,XSHG
3649,10000291.XSHG,0.1206,0.1088,2015-11-11,XSHG
3650,10000443.XSHG,0.0221,0.0135,2015-11-11,XSHG
3651,10000442.XSHG,0.1434,0.1213,2015-11-11,XSHG
3652,10000441.XSHG,0.1816,0.161,2015-11-11,XSHG
3653,10000447.XSHG,0.11,0.091,2015-11-11,XSHG
3654,10000298.XSHG,0.4879,0.4898,2015-11-11,XSHG
3655,10000444.XSHG,0.0346,0.0245,2015-11-11,XSHG
3656,10000238.XSHG,0.0481,0.0376,2015-11-11,XSHG
3657,10000183.XSHG,0.0261,0.0193,2015-11-11,XSHG
3658,10000186.XSHG,0.012,0.0085,2015-11-11,XSHG
3659,10000187.XSHG,0.0102,0.0078,2015-11-11,XSHG
3660,10000184.XSHG,0.0199,0.0148,2015-11-11,XSHG
3661,10000185.XSHG,0.0152,0.0111,2015-11-11,XSHG
3662,10000188.XSHG,0.5199,0.5176,2015-11-11,XSHG
3663,10000189.XSHG,0.6117,0.6125,2015-11-11,XSHG
3664,10000368.XSHG,0.4072,0.3844,2015-11-12,XSHG
3665,10000369.XSHG,0.005,0.0049,2015-11-12,XSHG
3666,10000478.XSHG,0.3534,0.3502,2015-11-12,XSHG
3667,10000476.XSHG,0.1686,0.1945,2015-11-12,XSHG
3668,10000477.XSHG,0.2228,0.2015,2015-11-12,XSHG
3669,10000474.XSHG,0.3179,0.3202,2015-11-12,XSHG
3670,10000475.XSHG,0.027,0.0123,2015-11-12,XSHG
3671,10000472.XSHG,0.1277,0.1495,2015-11-12,XSHG
3672,10000473.XSHG,0.2409,0.2221,2015-11-12,XSHG
3673,10000470.XSHG,0.2885,0.296,2015-11-12,XSHG
3674,10000471.XSHG,0.042,0.0188,2015-11-12,XSHG
3675,10000201.XSHG,0.023,0.0188,2015-11-12,XSHG
3676,10000200.XSHG,1.0139,1.0268,2015-11-12,XSHG
3677,10000203.XSHG,0.0268,0.0219,2015-11-12,XSHG
3678,10000202.XSHG,0.493,0.493,2015-11-12,XSHG
3679,10000205.XSHG,0.0343,0.026,2015-11-12,XSHG
3680,10000204.XSHG,0.4503,0.4499,2015-11-12,XSHG
3681,10000206.XSHG,0.3895,0.4083,2015-11-12,XSHG
3682,10000191.XSHG,0.8183,0.8253,2015-11-12,XSHG
3683,10000190.XSHG,0.7313,0.7313,2015-11-12,XSHG
3684,10000192.XSHG,0.916,0.9256,2015-11-12,XSHG
3685,10000199.XSHG,0.0064,0.0049,2015-11-12,XSHG
3686,10000428.XSHG,0.3562,0.3178,2015-11-12,XSHG
3687,10000461.XSHG,0.0718,0.041,2015-11-12,XSHG
3688,10000460.XSHG,0.1058,0.1085,2015-11-12,XSHG
3689,10000463.XSHG,0.3053,0.2808,2015-11-12,XSHG
3690,10000462.XSHG,0.0623,0.0738,2015-11-12,XSHG
3691,10000465.XSHG,0.2344,0.2365,2015-11-12,XSHG
3692,10000464.XSHG,0.2817,0.263,2015-11-12,XSHG
3693,10000467.XSHG,0.0576,0.0275,2015-11-12,XSHG
3694,10000466.XSHG,0.2658,0.27,2015-11-12,XSHG
3695,10000469.XSHG,0.261,0.2448,2015-11-12,XSHG
3696,10000468.XSHG,0.0919,0.108,2015-11-12,XSHG
3697,10000377.XSHG,0.0308,0.0311,2015-11-12,XSHG
3698,10000376.XSHG,0.4429,0.4324,2015-11-12,XSHG
3699,10000371.XSHG,0.0083,0.0082,2015-11-12,XSHG
3700,10000370.XSHG,0.0067,0.0067,2015-11-12,XSHG
3701,10000373.XSHG,0.5851,0.5514,2015-11-12,XSHG
3702,10000372.XSHG,0.011,0.0115,2015-11-12,XSHG
3703,10000274.XSHG,0.2589,0.2815,2015-11-12,XSHG
3704,10000270.XSHG,0.0684,0.0558,2015-11-12,XSHG
3705,10000271.XSHG,0.0568,0.0458,2015-11-12,XSHG
3706,10000272.XSHG,0.1832,0.2026,2015-11-12,XSHG
3707,10000273.XSHG,0.2197,0.2406,2015-11-12,XSHG
3708,10000365.XSHG,0.5507,0.5161,2015-11-12,XSHG
3709,10000279.XSHG,0.0954,0.081,2015-11-12,XSHG
3710,10000289.XSHG,0.1273,0.1273,2015-11-12,XSHG
3711,10000288.XSHG,0.1447,0.1312,2015-11-12,XSHG
3712,10000280.XSHG,0.1498,0.1681,2015-11-12,XSHG
3713,10000285.XSHG,0.1208,0.0972,2015-11-12,XSHG
3714,10000287.XSHG,0.1629,0.1443,2015-11-12,XSHG
3715,10000286.XSHG,0.1211,0.1343,2015-11-12,XSHG
3716,10000380.XSHG,0.0565,0.0566,2015-11-12,XSHG
3717,10000294.XSHG,0.3727,0.3741,2015-11-12,XSHG
3718,10000308.XSHG,0.2478,0.22,2015-11-12,XSHG
3719,10000309.XSHG,0.2218,0.2004,2015-11-12,XSHG
3720,10000448.XSHG,0.0394,0.0458,2015-11-12,XSHG
3721,10000397.XSHG,0.0031,0.0029,2015-11-12,XSHG
3722,10000303.XSHG,0.1702,0.144,2015-11-12,XSHG
3723,10000304.XSHG,0.1417,0.117,2015-11-12,XSHG
3724,10000305.XSHG,0.072,0.0827,2015-11-12,XSHG
3725,10000306.XSHG,0.0932,0.1071,2015-11-12,XSHG
3726,10000307.XSHG,0.2671,0.243,2015-11-12,XSHG
3727,10000395.XSHG,0.5893,0.5592,2015-11-12,XSHG
3728,10000394.XSHG,0.6373,0.612,2015-11-12,XSHG
3729,10000393.XSHG,0.6972,0.6719,2015-11-12,XSHG
3730,10000404.XSHG,0.0238,0.0253,2015-11-12,XSHG
3731,10000403.XSHG,0.0195,0.0196,2015-11-12,XSHG
3732,10000402.XSHG,0.0155,0.0156,2015-11-12,XSHG
3733,10000401.XSHG,0.6227,0.598,2015-11-12,XSHG
3734,10000400.XSHG,0.6717,0.637,2015-11-12,XSHG
3735,10000399.XSHG,0.7197,0.6852,2015-11-12,XSHG
3736,10000398.XSHG,0.004,0.0035,2015-11-12,XSHG
3737,10000319.XSHG,0.2014,0.1749,2015-11-12,XSHG
3738,10000313.XSHG,0.1903,0.1901,2015-11-12,XSHG
3739,10000312.XSHG,0.1629,0.16,2015-11-12,XSHG
3740,10000311.XSHG,0.1798,0.1614,2015-11-12,XSHG
3741,10000310.XSHG,0.2038,0.179,2015-11-12,XSHG
3742,10000316.XSHG,0.2616,0.2616,2015-11-12,XSHG
3743,10000315.XSHG,0.2428,0.2428,2015-11-12,XSHG
3744,10000314.XSHG,0.2044,0.2088,2015-11-12,XSHG
3745,10000396.XSHG,0.0029,0.0025,2015-11-12,XSHG
3746,10000240.XSHG,0.3532,0.3626,2015-11-12,XSHG
3747,10000366.XSHG,0.5044,0.4686,2015-11-12,XSHG
3748,10000328.XSHG,0.1173,0.1146,2015-11-12,XSHG
3749,10000326.XSHG,0.039,0.0436,2015-11-12,XSHG
3750,10000327.XSHG,0.33,0.3054,2015-11-12,XSHG
3751,10000325.XSHG,0.2355,0.2066,2015-11-12,XSHG
3752,10000322.XSHG,0.1414,0.1394,2015-11-12,XSHG
3753,10000320.XSHG,0.0533,0.0605,2015-11-12,XSHG
3754,10000321.XSHG,0.2958,0.28,2015-11-12,XSHG
3755,10000367.XSHG,0.4513,0.4159,2015-11-12,XSHG
3756,10000331.XSHG,0.2748,0.243,2015-11-12,XSHG
3757,10000239.XSHG,0.295,0.3198,2015-11-12,XSHG
3758,10000333.XSHG,0.3625,0.33,2015-11-12,XSHG
3759,10000332.XSHG,0.0289,0.0306,2015-11-12,XSHG
3760,10000334.XSHG,0.095,0.1,2015-11-12,XSHG
3761,10000237.XSHG,0.0463,0.037,2015-11-12,XSHG
3762,10000438.XSHG,0.001,0.0003,2015-11-12,XSHG
3763,10000228.XSHG,1.1089,1.1301,2015-11-12,XSHG
3764,10000432.XSHG,0.0013,0.0008,2015-11-12,XSHG
3765,10000433.XSHG,0.0018,0.001,2015-11-12,XSHG
3766,10000430.XSHG,0.2586,0.2157,2015-11-12,XSHG
3767,10000431.XSHG,0.218,0.172,2015-11-12,XSHG
3768,10000436.XSHG,0.0061,0.0046,2015-11-12,XSHG
3769,10000437.XSHG,0.457,0.4195,2015-11-12,XSHG
3770,10000434.XSHG,0.0023,0.0014,2015-11-12,XSHG
3771,10000435.XSHG,0.0031,0.0025,2015-11-12,XSHG
3772,10000458.XSHG,0.2106,0.2116,2015-11-12,XSHG
3773,10000459.XSHG,0.4823,0.4566,2015-11-12,XSHG
3774,10000450.XSHG,0.3949,0.3917,2015-11-12,XSHG
3775,10000451.XSHG,0.3715,0.3634,2015-11-12,XSHG
3776,10000452.XSHG,0.3724,0.334,2015-11-12,XSHG
3777,10000453.XSHG,0.3308,0.308,2015-11-12,XSHG
3778,10000454.XSHG,0.1296,0.1267,2015-11-12,XSHG
3779,10000455.XSHG,0.1469,0.1462,2015-11-12,XSHG
3780,10000456.XSHG,0.1666,0.167,2015-11-12,XSHG
3781,10000457.XSHG,0.19,0.1849,2015-11-12,XSHG
3782,10000344.XSHG,0.0206,0.0219,2015-11-12,XSHG
3783,10000345.XSHG,0.4175,0.4002,2015-11-12,XSHG
3784,10000346.XSHG,0.381,0.365,2015-11-12,XSHG
3785,10000347.XSHG,0.0664,0.0673,2015-11-12,XSHG
3786,10000341.XSHG,0.3612,0.3236,2015-11-12,XSHG
3787,10000342.XSHG,0.3167,0.2845,2015-11-12,XSHG
3788,10000343.XSHG,0.015,0.0157,2015-11-12,XSHG
3789,10000379.XSHG,0.0449,0.0459,2015-11-12,XSHG
3790,10000348.XSHG,0.083,0.078,2015-11-12,XSHG
3791,10000378.XSHG,0.0378,0.0381,2015-11-12,XSHG
3792,10000227.XSHG,0.0045,0.0037,2015-11-12,XSHG
3793,10000375.XSHG,0.486,0.4712,2015-11-12,XSHG
3794,10000429.XSHG,0.3088,0.2698,2015-11-12,XSHG
3795,10000269.XSHG,0.083,0.0679,2015-11-12,XSHG
3796,10000374.XSHG,0.5232,0.519,2015-11-12,XSHG
3797,10000427.XSHG,0.4068,0.3671,2015-11-12,XSHG
3798,10000296.XSHG,0.4498,0.4498,2015-11-12,XSHG
3799,10000297.XSHG,0.0981,0.0847,2015-11-12,XSHG
3800,10000449.XSHG,0.4421,0.431,2015-11-12,XSHG
3801,10000295.XSHG,0.4085,0.4164,2015-11-12,XSHG
3802,10000292.XSHG,0.3032,0.3081,2015-11-12,XSHG
3803,10000293.XSHG,0.3255,0.338,2015-11-12,XSHG
3804,10000290.XSHG,0.1204,0.105,2015-11-12,XSHG
3805,10000291.XSHG,0.1089,0.0916,2015-11-12,XSHG
3806,10000443.XSHG,0.0123,0.0113,2015-11-12,XSHG
3807,10000442.XSHG,0.1311,0.0913,2015-11-12,XSHG
3808,10000441.XSHG,0.1704,0.1315,2015-11-12,XSHG
3809,10000447.XSHG,0.0979,0.062,2015-11-12,XSHG
3810,10000298.XSHG,0.4926,0.4871,2015-11-12,XSHG
3811,10000444.XSHG,0.0214,0.0249,2015-11-12,XSHG
3812,10000238.XSHG,0.038,0.0316,2015-11-12,XSHG
3813,10000183.XSHG,0.019,0.0158,2015-11-12,XSHG
3814,10000186.XSHG,0.0092,0.0071,2015-11-12,XSHG
3815,10000187.XSHG,0.0075,0.0057,2015-11-12,XSHG
3816,10000184.XSHG,0.015,0.0118,2015-11-12,XSHG
3817,10000185.XSHG,0.0117,0.0095,2015-11-12,XSHG
3818,10000188.XSHG,0.5253,0.5477,2015-11-12,XSHG
3819,10000189.XSHG,0.6407,0.6407,2015-11-12,XSHG
3820,10000368.XSHG,0.363,0.3508,2015-11-13,XSHG
3821,10000369.XSHG,0.0051,0.0051,2015-11-13,XSHG
3822,10000478.XSHG,0.3646,0.3574,2015-11-13,XSHG
3823,10000476.XSHG,0.2097,0.2149,2015-11-13,XSHG
3824,10000477.XSHG,0.1951,0.193,2015-11-13,XSHG
3825,10000474.XSHG,0.3273,0.3235,2015-11-13,XSHG
3826,10000475.XSHG,0.0102,0.0092,2015-11-13,XSHG
3827,10000472.XSHG,0.1563,0.1698,2015-11-13,XSHG
3828,10000473.XSHG,0.2058,0.2098,2015-11-13,XSHG
3829,10000470.XSHG,0.3047,0.2945,2015-11-13,XSHG
3830,10000471.XSHG,0.0179,0.0141,2015-11-13,XSHG
3831,10000201.XSHG,0.0179,0.0137,2015-11-13,XSHG
3832,10000200.XSHG,1.0446,1.0521,2015-11-13,XSHG
3833,10000203.XSHG,0.021,0.0166,2015-11-13,XSHG
3834,10000202.XSHG,0.5097,0.5262,2015-11-13,XSHG
3835,10000205.XSHG,0.025,0.0197,2015-11-13,XSHG
3836,10000204.XSHG,0.4656,0.4798,2015-11-13,XSHG
3837,10000206.XSHG,0.4183,0.4264,2015-11-13,XSHG
3838,10000191.XSHG,0.8606,0.8569,2015-11-13,XSHG
3839,10000190.XSHG,0.7552,0.7626,2015-11-13,XSHG
3840,10000192.XSHG,0.9427,0.9597,2015-11-13,XSHG
3841,10000199.XSHG,0.0047,0.0037,2015-11-13,XSHG
3842,10000428.XSHG,0.3076,0.2931,2015-11-13,XSHG
3843,10000461.XSHG,0.0392,0.0323,2015-11-13,XSHG
3844,10000460.XSHG,0.1094,0.1036,2015-11-13,XSHG
3845,10000463.XSHG,0.2726,0.2795,2015-11-13,XSHG
3846,10000462.XSHG,0.0784,0.0877,2015-11-13,XSHG
3847,10000465.XSHG,0.245,0.2371,2015-11-13,XSHG
3848,10000464.XSHG,0.2656,0.249,2015-11-13,XSHG
3849,10000467.XSHG,0.0262,0.0212,2015-11-13,XSHG
3850,10000466.XSHG,0.27,0.266,2015-11-13,XSHG
3851,10000469.XSHG,0.2444,0.228,2015-11-13,XSHG
3852,10000468.XSHG,0.1155,0.1272,2015-11-13,XSHG
3853,10000377.XSHG,0.0305,0.0294,2015-11-13,XSHG
3854,10000376.XSHG,0.4154,0.4154,2015-11-13,XSHG
3855,10000371.XSHG,0.0085,0.008,2015-11-13,XSHG
3856,10000370.XSHG,0.0069,0.0064,2015-11-13,XSHG
3857,10000373.XSHG,0.5279,0.5279,2015-11-13,XSHG
3858,10000372.XSHG,0.0112,0.011,2015-11-13,XSHG
3859,10000274.XSHG,0.2905,0.3001,2015-11-13,XSHG
3860,10000270.XSHG,0.0534,0.0449,2015-11-13,XSHG
3861,10000271.XSHG,0.044,0.036,2015-11-13,XSHG
3862,10000272.XSHG,0.2111,0.2175,2015-11-13,XSHG
3863,10000273.XSHG,0.2535,0.2574,2015-11-13,XSHG
3864,10000365.XSHG,0.502,0.5084,2015-11-13,XSHG
3865,10000279.XSHG,0.0782,0.0679,2015-11-13,XSHG
3866,10000289.XSHG,0.1148,0.1026,2015-11-13,XSHG
3867,10000288.XSHG,0.1242,0.1162,2015-11-13,XSHG
3868,10000280.XSHG,0.1648,0.1797,2015-11-13,XSHG
3869,10000285.XSHG,0.0949,0.0828,2015-11-13,XSHG
3870,10000287.XSHG,0.132,0.1323,2015-11-13,XSHG
3871,10000286.XSHG,0.1395,0.1462,2015-11-13,XSHG
3872,10000380.XSHG,0.0575,0.0561,2015-11-13,XSHG
3873,10000294.XSHG,0.391,0.391,2015-11-13,XSHG
3874,10000308.XSHG,0.2157,0.203,2015-11-13,XSHG
3875,10000309.XSHG,0.1971,0.1813,2015-11-13,XSHG
3876,10000448.XSHG,0.048,0.0535,2015-11-13,XSHG
3877,10000397.XSHG,0.0031,0.0029,2015-11-13,XSHG
3878,10000303.XSHG,0.139,0.1244,2015-11-13,XSHG
3879,10000304.XSHG,0.1156,0.1013,2015-11-13,XSHG
3880,10000305.XSHG,0.0847,0.0872,2015-11-13,XSHG
3881,10000306.XSHG,0.1106,0.1131,2015-11-13,XSHG
3882,10000307.XSHG,0.2265,0.223,2015-11-13,XSHG
3883,10000395.XSHG,0.5507,0.5434,2015-11-13,XSHG
3884,10000394.XSHG,0.5993,0.5937,2015-11-13,XSHG
3885,10000393.XSHG,0.6484,0.6426,2015-11-13,XSHG
3886,10000404.XSHG,0.0252,0.0236,2015-11-13,XSHG
3887,10000403.XSHG,0.0205,0.0183,2015-11-13,XSHG
3888,10000402.XSHG,0.0164,0.0153,2015-11-13,XSHG
3889,10000401.XSHG,0.579,0.5718,2015-11-13,XSHG
3890,10000400.XSHG,0.6352,0.6135,2015-11-13,XSHG
3891,10000399.XSHG,0.676,0.6599,2015-11-13,XSHG
3892,10000398.XSHG,0.0037,0.0036,2015-11-13,XSHG
3893,10000319.XSHG,0.1701,0.1519,2015-11-13,XSHG
3894,10000313.XSHG,0.1873,0.1871,2015-11-13,XSHG
3895,10000312.XSHG,0.1636,0.1685,2015-11-13,XSHG
3896,10000311.XSHG,0.1592,0.144,2015-11-13,XSHG
3897,10000310.XSHG,0.1729,0.1572,2015-11-13,XSHG
3898,10000316.XSHG,0.2722,0.281,2015-11-13,XSHG
3899,10000315.XSHG,0.25,0.25,2015-11-13,XSHG
3900,10000314.XSHG,0.2155,0.2197,2015-11-13,XSHG
3901,10000396.XSHG,0.0027,0.0022,2015-11-13,XSHG
3902,10000240.XSHG,0.3731,0.389,2015-11-13,XSHG
3903,10000366.XSHG,0.4537,0.45,2015-11-13,XSHG
3904,10000328.XSHG,0.115,0.1178,2015-11-13,XSHG
3905,10000326.XSHG,0.0444,0.0459,2015-11-13,XSHG
3906,10000327.XSHG,0.3006,0.28,2015-11-13,XSHG
3907,10000325.XSHG,0.1922,0.1817,2015-11-13,XSHG
3908,10000322.XSHG,0.1367,0.1388,2015-11-13,XSHG
3909,10000320.XSHG,0.0618,0.0638,2015-11-13,XSHG
3910,10000321.XSHG,0.255,0.248,2015-11-13,XSHG
3911,10000367.XSHG,0.4072,0.402,2015-11-13,XSHG
3912,10000331.XSHG,0.234,0.2187,2015-11-13,XSHG
3913,10000239.XSHG,0.3311,0.3433,2015-11-13,XSHG
3914,10000333.XSHG,0.3118,0.307,2015-11-13,XSHG
3915,10000332.XSHG,0.0312,0.0321,2015-11-13,XSHG
3916,10000334.XSHG,0.0998,0.0957,2015-11-13,XSHG
3917,10000237.XSHG,0.0357,0.0293,2015-11-13,XSHG
3918,10000438.XSHG,0.0005,0.0008,2015-11-13,XSHG
3919,10000228.XSHG,1.1376,1.1494,2015-11-13,XSHG
3920,10000432.XSHG,0.0009,0.0011,2015-11-13,XSHG
3921,10000433.XSHG,0.0016,0.0013,2015-11-13,XSHG
3922,10000430.XSHG,0.2146,0.1962,2015-11-13,XSHG
3923,10000431.XSHG,0.1645,0.1511,2015-11-13,XSHG
3924,10000436.XSHG,0.0057,0.0065,2015-11-13,XSHG
3925,10000437.XSHG,0.405,0.393,2015-11-13,XSHG
3926,10000434.XSHG,0.001,0.0016,2015-11-13,XSHG
3927,10000435.XSHG,0.0037,0.0032,2015-11-13,XSHG
3928,10000458.XSHG,0.2198,0.2131,2015-11-13,XSHG
3929,10000459.XSHG,,,2015-11-13,XSHG
3930,10000450.XSHG,0.37,0.3617,2015-11-13,XSHG
3931,10000451.XSHG,0.342,0.342,2015-11-13,XSHG
3932,10000452.XSHG,0.32,0.3135,2015-11-13,XSHG
3933,10000453.XSHG,0.3,0.2918,2015-11-13,XSHG
3934,10000454.XSHG,0.1317,0.1205,2015-11-13,XSHG
3935,10000455.XSHG,0.1477,0.1421,2015-11-13,XSHG
3936,10000456.XSHG,0.168,0.164,2015-11-13,XSHG
3937,10000457.XSHG,0.189,0.1871,2015-11-13,XSHG
3938,10000344.XSHG,0.0223,0.0223,2015-11-13,XSHG
3939,10000345.XSHG,0.3799,0.3734,2015-11-13,XSHG
3940,10000346.XSHG,0.3501,0.3401,2015-11-13,XSHG
3941,10000347.XSHG,0.0699,0.0672,2015-11-13,XSHG
3942,10000341.XSHG,0.3154,0.3078,2015-11-13,XSHG
3943,10000342.XSHG,0.272,0.2588,2015-11-13,XSHG
3944,10000343.XSHG,0.016,0.0158,2015-11-13,XSHG
3945,10000379.XSHG,0.0461,0.0446,2015-11-13,XSHG
3946,10000348.XSHG,0.0835,0.0795,2015-11-13,XSHG
3947,10000378.XSHG,0.0387,0.0375,2015-11-13,XSHG
3948,10000227.XSHG,0.0035,0.003,2015-11-13,XSHG
3949,10000375.XSHG,0.465,0.45,2015-11-13,XSHG
3950,10000429.XSHG,0.25,0.2426,2015-11-13,XSHG
3951,10000269.XSHG,0.0645,0.056,2015-11-13,XSHG
3952,10000374.XSHG,0.5028,0.493,2015-11-13,XSHG
3953,10000427.XSHG,0.3575,0.3438,2015-11-13,XSHG
3954,10000296.XSHG,0.4699,0.4699,2015-11-13,XSHG
3955,10000297.XSHG,0.0815,0.0732,2015-11-13,XSHG
3956,10000449.XSHG,0.41,0.4062,2015-11-13,XSHG
3957,10000295.XSHG,0.4212,0.4307,2015-11-13,XSHG
3958,10000292.XSHG,,,2015-11-13,XSHG
3959,10000293.XSHG,0.3525,0.3525,2015-11-13,XSHG
3960,10000290.XSHG,0.1,0.0944,2015-11-13,XSHG
3961,10000291.XSHG,0.0865,0.0819,2015-11-13,XSHG
3962,10000443.XSHG,0.013,0.0139,2015-11-13,XSHG
3963,10000442.XSHG,0.086,0.073,2015-11-13,XSHG
3964,10000441.XSHG,0.1298,0.1092,2015-11-13,XSHG
3965,10000447.XSHG,0.0585,0.0481,2015-11-13,XSHG
3966,10000298.XSHG,0.5011,0.5142,2015-11-13,XSHG
3967,10000444.XSHG,0.0294,0.0299,2015-11-13,XSHG
3968,10000238.XSHG,0.0303,0.0248,2015-11-13,XSHG
3969,10000183.XSHG,0.0152,0.012,2015-11-13,XSHG
3970,10000186.XSHG,0.007,0.0049,2015-11-13,XSHG
3971,10000187.XSHG,0.0055,0.0038,2015-11-13,XSHG
3972,10000184.XSHG,0.0113,0.0092,2015-11-13,XSHG
3973,10000185.XSHG,0.0081,0.0068,2015-11-13,XSHG
3974,10000188.XSHG,0.5566,0.5751,2015-11-13,XSHG
3975,10000189.XSHG,0.6581,0.6713,2015-11-13,XSHG
3976,10000368.XSHG,0.3233,0.3352,2015-11-16,XSHG
3977,10000369.XSHG,0.0053,0.0048,2015-11-16,XSHG
3978,10000478.XSHG,0.369,0.3673,2015-11-16,XSHG
3979,10000476.XSHG,0.2434,0.2146,2015-11-16,XSHG
3980,10000477.XSHG,0.1817,0.177,2015-11-16,XSHG
3981,10000474.XSHG,0.3333,0.3327,2015-11-16,XSHG
3982,10000475.XSHG,0.0067,0.0064,2015-11-16,XSHG
3983,10000472.XSHG,0.1986,0.168,2015-11-16,XSHG
3984,10000473.XSHG,0.1966,0.1939,2015-11-16,XSHG
3985,10000470.XSHG,0.3051,0.3101,2015-11-16,XSHG
3986,10000471.XSHG,0.0104,0.015,2015-11-16,XSHG
3987,10000201.XSHG,0.0116,0.012,2015-11-16,XSHG
3988,10000200.XSHG,1.0853,1.0719,2015-11-16,XSHG
3989,10000203.XSHG,0.0146,0.0143,2015-11-16,XSHG
3990,10000202.XSHG,0.5433,0.5494,2015-11-16,XSHG
3991,10000205.XSHG,0.0168,0.0171,2015-11-16,XSHG
3992,10000204.XSHG,0.4945,0.4928,2015-11-16,XSHG
3993,10000206.XSHG,0.4465,0.4385,2015-11-16,XSHG
3994,10000191.XSHG,0.8863,0.8863,2015-11-16,XSHG
3995,10000190.XSHG,0.7879,0.7759,2015-11-16,XSHG
3996,10000192.XSHG,0.985,0.9728,2015-11-16,XSHG
3997,10000199.XSHG,0.0027,0.0043,2015-11-16,XSHG
3998,10000428.XSHG,0.2682,0.2927,2015-11-16,XSHG
3999,10000461.XSHG,0.0218,0.029,2015-11-16,XSHG
4000,10000460.XSHG,0.1111,0.1056,2015-11-16,XSHG
4001,10000463.XSHG,0.2524,0.2438,2015-11-16,XSHG
4002,10000462.XSHG,0.1076,0.0843,2015-11-16,XSHG
4003,10000465.XSHG,0.2561,0.2471,2015-11-16,XSHG
4004,10000464.XSHG,0.234,0.2323,2015-11-16,XSHG
4005,10000467.XSHG,0.015,0.0174,2015-11-16,XSHG
4006,10000466.XSHG,0.2751,0.2785,2015-11-16,XSHG
4007,10000469.XSHG,0.219,0.2121,2015-11-16,XSHG
4008,10000468.XSHG,0.1431,0.122,2015-11-16,XSHG
4009,10000377.XSHG,0.0315,0.0302,2015-11-16,XSHG
4010,10000376.XSHG,0.3983,0.3983,2015-11-16,XSHG
4011,10000371.XSHG,0.0088,0.0075,2015-11-16,XSHG
4012,10000370.XSHG,0.0067,0.0055,2015-11-16,XSHG
4013,10000373.XSHG,0.5013,0.5108,2015-11-16,XSHG
4014,10000372.XSHG,0.0118,0.0102,2015-11-16,XSHG
4015,10000274.XSHG,0.3147,0.3063,2015-11-16,XSHG
4016,10000270.XSHG,0.0388,0.0386,2015-11-16,XSHG
4017,10000271.XSHG,0.0305,0.0312,2015-11-16,XSHG
4018,10000272.XSHG,0.2326,0.2198,2015-11-16,XSHG
4019,10000273.XSHG,0.2734,0.2687,2015-11-16,XSHG
4020,10000365.XSHG,0.4698,0.4778,2015-11-16,XSHG
4021,10000279.XSHG,0.0599,0.0595,2015-11-16,XSHG
4022,10000289.XSHG,0.0959,0.095,2015-11-16,XSHG
4023,10000288.XSHG,0.1068,0.1041,2015-11-16,XSHG
4024,10000280.XSHG,0.1868,0.18,2015-11-16,XSHG
4025,10000285.XSHG,0.074,0.075,2015-11-16,XSHG
4026,10000287.XSHG,0.1211,0.1169,2015-11-16,XSHG
4027,10000286.XSHG,0.1558,0.1472,2015-11-16,XSHG
4028,10000380.XSHG,0.0601,0.0572,2015-11-16,XSHG
4029,10000294.XSHG,0.4098,0.4049,2015-11-16,XSHG
4030,10000308.XSHG,0.1873,0.1906,2015-11-16,XSHG
4031,10000309.XSHG,0.1677,0.1665,2015-11-16,XSHG
4032,10000448.XSHG,0.0665,0.0506,2015-11-16,XSHG
4033,10000397.XSHG,0.0031,0.0033,2015-11-16,XSHG
4034,10000303.XSHG,0.1065,0.115,2015-11-16,XSHG
4035,10000304.XSHG,0.0888,0.0924,2015-11-16,XSHG
4036,10000305.XSHG,0.0912,0.087,2015-11-16,XSHG
4037,10000306.XSHG,0.1218,0.1136,2015-11-16,XSHG
4038,10000307.XSHG,0.2069,0.2084,2015-11-16,XSHG
4039,10000395.XSHG,0.5205,0.5276,2015-11-16,XSHG
4040,10000394.XSHG,0.5715,0.5786,2015-11-16,XSHG
4041,10000393.XSHG,0.6225,0.6253,2015-11-16,XSHG
4042,10000404.XSHG,0.0252,0.0239,2015-11-16,XSHG
4043,10000403.XSHG,0.0199,0.0192,2015-11-16,XSHG
4044,10000402.XSHG,0.0162,0.0154,2015-11-16,XSHG
4045,10000401.XSHG,0.55,0.55,2015-11-16,XSHG
4046,10000400.XSHG,0.589,0.6052,2015-11-16,XSHG
4047,10000399.XSHG,0.6384,0.6481,2015-11-16,XSHG
4048,10000398.XSHG,0.0043,0.0038,2015-11-16,XSHG
4049,10000319.XSHG,0.1353,0.1384,2015-11-16,XSHG
4050,10000313.XSHG,0.203,0.2038,2015-11-16,XSHG
4051,10000312.XSHG,0.1764,0.175,2015-11-16,XSHG
4052,10000311.XSHG,0.1342,0.1378,2015-11-16,XSHG
4053,10000310.XSHG,0.146,0.1456,2015-11-16,XSHG
4054,10000316.XSHG,0.2987,0.2943,2015-11-16,XSHG
4055,10000315.XSHG,0.2648,0.267,2015-11-16,XSHG
4056,10000314.XSHG,0.234,0.235,2015-11-16,XSHG
4057,10000396.XSHG,0.0037,0.0026,2015-11-16,XSHG
4058,10000240.XSHG,0.4029,0.3925,2015-11-16,XSHG
4059,10000366.XSHG,0.4197,0.4305,2015-11-16,XSHG
4060,10000328.XSHG,0.1255,0.126,2015-11-16,XSHG
4061,10000326.XSHG,0.05,0.0459,2015-11-16,XSHG
4062,10000327.XSHG,0.2589,0.2661,2015-11-16,XSHG
4063,10000325.XSHG,0.17,0.1733,2015-11-16,XSHG
4064,10000322.XSHG,0.1502,0.149,2015-11-16,XSHG
4065,10000320.XSHG,0.0669,0.0642,2015-11-16,XSHG
4066,10000321.XSHG,0.2301,0.233,2015-11-16,XSHG
4067,10000367.XSHG,0.3706,0.3788,2015-11-16,XSHG
4068,10000331.XSHG,0.2008,0.2091,2015-11-16,XSHG
4069,10000239.XSHG,0.359,0.3637,2015-11-16,XSHG
4070,10000333.XSHG,0.295,0.2878,2015-11-16,XSHG
4071,10000332.XSHG,0.035,0.031,2015-11-16,XSHG
4072,10000334.XSHG,0.1038,0.1051,2015-11-16,XSHG
4073,10000237.XSHG,0.025,0.0253,2015-11-16,XSHG
4074,10000438.XSHG,0.0011,0.0008,2015-11-16,XSHG
4075,10000228.XSHG,1.1828,1.1719,2015-11-16,XSHG
4076,10000432.XSHG,0.001,0.0012,2015-11-16,XSHG
4077,10000433.XSHG,0.0015,0.0015,2015-11-16,XSHG
4078,10000430.XSHG,0.167,0.1946,2015-11-16,XSHG
4079,10000431.XSHG,0.1278,0.1475,2015-11-16,XSHG
4080,10000436.XSHG,0.0082,0.0067,2015-11-16,XSHG
4081,10000437.XSHG,0.3674,0.392,2015-11-16,XSHG
4082,10000434.XSHG,0.0035,0.0024,2015-11-16,XSHG
4083,10000435.XSHG,0.0041,0.0033,2015-11-16,XSHG
4084,10000458.XSHG,0.2249,0.221,2015-11-16,XSHG
4085,10000459.XSHG,0.4015,0.4108,2015-11-16,XSHG
4086,10000450.XSHG,0.3607,0.3401,2015-11-16,XSHG
4087,10000451.XSHG,0.3203,0.3336,2015-11-16,XSHG
4088,10000452.XSHG,0.3,0.2944,2015-11-16,XSHG
4089,10000453.XSHG,0.2801,0.2729,2015-11-16,XSHG
4090,10000454.XSHG,0.1307,0.1262,2015-11-16,XSHG
4091,10000455.XSHG,0.1523,0.1484,2015-11-16,XSHG
4092,10000456.XSHG,0.17,0.173,2015-11-16,XSHG
4093,10000457.XSHG,0.1945,0.196,2015-11-16,XSHG
4094,10000344.XSHG,0.024,0.0209,2015-11-16,XSHG
4095,10000345.XSHG,,,2015-11-16,XSHG
4096,10000346.XSHG,0.3201,0.3201,2015-11-16,XSHG
4097,10000347.XSHG,0.0724,0.0708,2015-11-16,XSHG
4098,10000341.XSHG,0.2802,0.2888,2015-11-16,XSHG
4099,10000342.XSHG,0.2389,0.2443,2015-11-16,XSHG
4100,10000343.XSHG,0.0166,0.0153,2015-11-16,XSHG
4101,10000379.XSHG,0.0477,0.0489,2015-11-16,XSHG
4102,10000348.XSHG,0.0863,0.0836,2015-11-16,XSHG
4103,10000378.XSHG,0.0393,0.0395,2015-11-16,XSHG
4104,10000227.XSHG,0.0025,0.0034,2015-11-16,XSHG
4105,10000375.XSHG,0.4184,0.4184,2015-11-16,XSHG
4106,10000429.XSHG,0.2254,0.2426,2015-11-16,XSHG
4107,10000269.XSHG,0.0484,0.0485,2015-11-16,XSHG
4108,10000374.XSHG,0.4604,0.457,2015-11-16,XSHG
4109,10000427.XSHG,0.3166,0.3423,2015-11-16,XSHG
4110,10000296.XSHG,0.4925,0.4935,2015-11-16,XSHG
4111,10000297.XSHG,0.068,0.0707,2015-11-16,XSHG
4112,10000449.XSHG,0.385,0.3782,2015-11-16,XSHG
4113,10000295.XSHG,0.4496,0.4405,2015-11-16,XSHG
4114,10000292.XSHG,0.3265,0.3251,2015-11-16,XSHG
4115,10000293.XSHG,0.3665,0.3692,2015-11-16,XSHG
4116,10000290.XSHG,0.085,0.0884,2015-11-16,XSHG
4117,10000291.XSHG,0.075,0.0796,2015-11-16,XSHG
4118,10000443.XSHG,0.02,0.0133,2015-11-16,XSHG
4119,10000442.XSHG,0.0552,0.0709,2015-11-16,XSHG
4120,10000441.XSHG,0.0877,0.1082,2015-11-16,XSHG
4121,10000447.XSHG,0.0351,0.046,2015-11-16,XSHG
4122,10000298.XSHG,0.5306,0.5269,2015-11-16,XSHG
4123,10000444.XSHG,0.0416,0.0265,2015-11-16,XSHG
4124,10000238.XSHG,0.0213,0.0211,2015-11-16,XSHG
4125,10000183.XSHG,0.0105,0.0103,2015-11-16,XSHG
4126,10000186.XSHG,0.0041,0.0049,2015-11-16,XSHG
4127,10000187.XSHG,0.0034,0.0043,2015-11-16,XSHG
4128,10000184.XSHG,0.0073,0.0078,2015-11-16,XSHG
4129,10000185.XSHG,0.0053,0.0062,2015-11-16,XSHG
4130,10000188.XSHG,0.5924,0.595,2015-11-16,XSHG
4131,10000189.XSHG,0.6901,0.6941,2015-11-16,XSHG
4132,10000368.XSHG,0.3559,0.327,2015-11-17,XSHG
4133,10000369.XSHG,0.0045,0.0053,2015-11-17,XSHG
4134,10000478.XSHG,0.352,0.3641,2015-11-17,XSHG
4135,10000476.XSHG,0.2029,0.2138,2015-11-17,XSHG
4136,10000477.XSHG,0.1903,0.1808,2015-11-17,XSHG
4137,10000474.XSHG,0.3171,0.337,2015-11-17,XSHG
4138,10000475.XSHG,0.008,0.0059,2015-11-17,XSHG
4139,10000472.XSHG,0.1569,0.1702,2015-11-17,XSHG
4140,10000473.XSHG,0.209,0.1894,2015-11-17,XSHG
4141,10000470.XSHG,0.3044,0.3069,2015-11-17,XSHG
4142,10000471.XSHG,0.0149,0.0098,2015-11-17,XSHG
4143,10000201.XSHG,0.0132,0.0095,2015-11-17,XSHG
4144,10000200.XSHG,1.0562,1.0762,2015-11-17,XSHG
4145,10000203.XSHG,0.0154,0.0109,2015-11-17,XSHG
4146,10000202.XSHG,0.5189,0.534,2015-11-17,XSHG
4147,10000205.XSHG,0.0181,0.0132,2015-11-17,XSHG
4148,10000204.XSHG,0.4714,0.4869,2015-11-17,XSHG
4149,10000206.XSHG,0.4,0.4389,2015-11-17,XSHG
4150,10000191.XSHG,0.8312,0.8704,2015-11-17,XSHG
4151,10000190.XSHG,0.76,0.756,2015-11-17,XSHG
4152,10000192.XSHG,0.9522,0.9782,2015-11-17,XSHG
4153,10000199.XSHG,0.0043,0.0027,2015-11-17,XSHG
4154,10000428.XSHG,0.3125,0.2907,2015-11-17,XSHG
4155,10000461.XSHG,0.0331,0.0247,2015-11-17,XSHG
4156,10000460.XSHG,0.0976,0.1086,2015-11-17,XSHG
4157,10000463.XSHG,0.2786,0.2443,2015-11-17,XSHG
4158,10000462.XSHG,0.0799,0.0853,2015-11-17,XSHG
4159,10000465.XSHG,0.229,0.246,2015-11-17,XSHG
4160,10000464.XSHG,0.2483,0.2285,2015-11-17,XSHG
4161,10000467.XSHG,0.0217,0.0148,2015-11-17,XSHG
4162,10000466.XSHG,0.2732,0.2708,2015-11-17,XSHG
4163,10000469.XSHG,0.2286,0.2121,2015-11-17,XSHG
4164,10000468.XSHG,0.1136,0.1278,2015-11-17,XSHG
4165,10000377.XSHG,0.0286,0.0283,2015-11-17,XSHG
4166,10000376.XSHG,0.4159,0.392,2015-11-17,XSHG
4167,10000371.XSHG,0.0068,0.008,2015-11-17,XSHG
4168,10000370.XSHG,0.0053,0.0062,2015-11-17,XSHG
4169,10000373.XSHG,0.5429,0.5029,2015-11-17,XSHG
4170,10000372.XSHG,0.0098,0.0112,2015-11-17,XSHG
4171,10000274.XSHG,0.2887,0.3074,2015-11-17,XSHG
4172,10000270.XSHG,0.0414,0.0331,2015-11-17,XSHG
4173,10000271.XSHG,0.0332,0.0266,2015-11-17,XSHG
4174,10000272.XSHG,0.208,0.2236,2015-11-17,XSHG
4175,10000273.XSHG,0.2491,0.2633,2015-11-17,XSHG
4176,10000365.XSHG,0.5003,0.478,2015-11-17,XSHG
4177,10000279.XSHG,0.065,0.0533,2015-11-17,XSHG
4178,10000289.XSHG,0.11,0.0891,2015-11-17,XSHG
4179,10000288.XSHG,0.1172,0.1043,2015-11-17,XSHG
4180,10000280.XSHG,0.1705,0.1845,2015-11-17,XSHG
4181,10000285.XSHG,0.0808,0.067,2015-11-17,XSHG
4182,10000287.XSHG,0.132,0.112,2015-11-17,XSHG
4183,10000286.XSHG,0.141,0.1457,2015-11-17,XSHG
4184,10000380.XSHG,0.0523,0.0554,2015-11-17,XSHG
4185,10000294.XSHG,0.378,0.378,2015-11-17,XSHG
4186,10000308.XSHG,0.2038,0.1775,2015-11-17,XSHG
4187,10000309.XSHG,0.189,0.1605,2015-11-17,XSHG
4188,10000448.XSHG,0.0483,0.0492,2015-11-17,XSHG
4189,10000397.XSHG,0.0029,0.0033,2015-11-17,XSHG
4190,10000303.XSHG,0.123,0.1051,2015-11-17,XSHG
4191,10000304.XSHG,0.0977,0.0815,2015-11-17,XSHG
4192,10000305.XSHG,0.0826,0.085,2015-11-17,XSHG
4193,10000306.XSHG,0.1044,0.1156,2015-11-17,XSHG
4194,10000307.XSHG,0.2365,0.2104,2015-11-17,XSHG
4195,10000395.XSHG,0.5683,0.5267,2015-11-17,XSHG
4196,10000394.XSHG,0.6235,0.5726,2015-11-17,XSHG
4197,10000393.XSHG,0.6485,0.6247,2015-11-17,XSHG
4198,10000404.XSHG,0.0226,0.0233,2015-11-17,XSHG
4199,10000403.XSHG,0.0178,0.0181,2015-11-17,XSHG
4200,10000402.XSHG,0.0143,0.0147,2015-11-17,XSHG
4201,10000401.XSHG,0.5647,0.5537,2015-11-17,XSHG
4202,10000400.XSHG,0.6462,0.6029,2015-11-17,XSHG
4203,10000399.XSHG,0.6648,0.6402,2015-11-17,XSHG
4204,10000398.XSHG,0.003,0.004,2015-11-17,XSHG
4205,10000319.XSHG,0.15,0.1333,2015-11-17,XSHG
4206,10000313.XSHG,0.1966,0.195,2015-11-17,XSHG
4207,10000312.XSHG,0.1639,0.1725,2015-11-17,XSHG
4208,10000311.XSHG,0.1478,0.1275,2015-11-17,XSHG
4209,10000310.XSHG,0.168,0.1469,2015-11-17,XSHG
4210,10000316.XSHG,0.2681,0.2681,2015-11-17,XSHG
4211,10000315.XSHG,0.2416,0.26,2015-11-17,XSHG
4212,10000314.XSHG,0.2105,0.2183,2015-11-17,XSHG
4213,10000396.XSHG,0.0028,0.0032,2015-11-17,XSHG
4214,10000240.XSHG,0.3718,0.3983,2015-11-17,XSHG
4215,10000366.XSHG,0.445,0.4232,2015-11-17,XSHG
4216,10000328.XSHG,0.11,0.1164,2015-11-17,XSHG
4217,10000326.XSHG,0.0408,0.0456,2015-11-17,XSHG
4218,10000327.XSHG,0.2885,0.2552,2015-11-17,XSHG
4219,10000325.XSHG,0.1823,0.1627,2015-11-17,XSHG
4220,10000322.XSHG,0.1372,0.1372,2015-11-17,XSHG
4221,10000320.XSHG,0.0588,0.0631,2015-11-17,XSHG
4222,10000321.XSHG,0.2589,0.2373,2015-11-17,XSHG
4223,10000367.XSHG,0.4038,0.3817,2015-11-17,XSHG
4224,10000331.XSHG,0.2186,0.2016,2015-11-17,XSHG
4225,10000239.XSHG,0.3334,0.3524,2015-11-17,XSHG
4226,10000333.XSHG,0.33,0.2839,2015-11-17,XSHG
4227,10000332.XSHG,0.028,0.0327,2015-11-17,XSHG
4228,10000334.XSHG,0.0958,0.1016,2015-11-17,XSHG
4229,10000237.XSHG,0.0274,0.0206,2015-11-17,XSHG
4230,10000438.XSHG,0.0004,0.0005,2015-11-17,XSHG
4231,10000228.XSHG,1.1608,1.1602,2015-11-17,XSHG
4232,10000432.XSHG,0.001,0.0005,2015-11-17,XSHG
4233,10000433.XSHG,0.0014,0.0006,2015-11-17,XSHG
4234,10000430.XSHG,0.21,0.1947,2015-11-17,XSHG
4235,10000431.XSHG,0.1603,0.1427,2015-11-17,XSHG
4236,10000436.XSHG,0.0055,0.0046,2015-11-17,XSHG
4237,10000437.XSHG,0.4123,0.39,2015-11-17,XSHG
4238,10000434.XSHG,0.0021,0.0007,2015-11-17,XSHG
4239,10000435.XSHG,0.003,0.0017,2015-11-17,XSHG
4240,10000458.XSHG,0.2199,0.2179,2015-11-17,XSHG
4241,10000459.XSHG,0.4398,0.4132,2015-11-17,XSHG
4242,10000450.XSHG,0.3667,0.3649,2015-11-17,XSHG
4243,10000451.XSHG,0.35,0.32,2015-11-17,XSHG
4244,10000452.XSHG,0.3109,0.3098,2015-11-17,XSHG
4245,10000453.XSHG,0.2798,0.2635,2015-11-17,XSHG
4246,10000454.XSHG,0.1149,0.1194,2015-11-17,XSHG
4247,10000455.XSHG,0.133,0.1415,2015-11-17,XSHG
4248,10000456.XSHG,0.159,0.17,2015-11-17,XSHG
4249,10000457.XSHG,0.1837,0.1882,2015-11-17,XSHG
4250,10000344.XSHG,0.0183,0.0244,2015-11-17,XSHG
4251,10000345.XSHG,0.383,0.3574,2015-11-17,XSHG
4252,10000346.XSHG,0.3445,0.3151,2015-11-17,XSHG
4253,10000347.XSHG,0.0644,0.0656,2015-11-17,XSHG
4254,10000341.XSHG,0.3095,0.284,2015-11-17,XSHG
4255,10000342.XSHG,0.2568,0.2447,2015-11-17,XSHG
4256,10000343.XSHG,0.0123,0.02,2015-11-17,XSHG
4257,10000379.XSHG,0.0413,0.0431,2015-11-17,XSHG
4258,10000348.XSHG,0.0782,0.0796,2015-11-17,XSHG
4259,10000378.XSHG,0.0348,0.035,2015-11-17,XSHG
4260,10000227.XSHG,0.0035,0.0025,2015-11-17,XSHG
4261,10000375.XSHG,0.46,0.4199,2015-11-17,XSHG
4262,10000429.XSHG,0.2602,0.2433,2015-11-17,XSHG
4263,10000269.XSHG,0.052,0.0421,2015-11-17,XSHG
4264,10000374.XSHG,0.5029,0.4607,2015-11-17,XSHG
4265,10000427.XSHG,0.361,0.3404,2015-11-17,XSHG
4266,10000296.XSHG,0.45,0.45,2015-11-17,XSHG
4267,10000297.XSHG,0.0743,0.0681,2015-11-17,XSHG
4268,10000449.XSHG,0.4221,0.3701,2015-11-17,XSHG
4269,10000295.XSHG,0.4105,0.4281,2015-11-17,XSHG
4270,10000292.XSHG,0.3182,0.3219,2015-11-17,XSHG
4271,10000293.XSHG,0.3373,0.3588,2015-11-17,XSHG
4272,10000290.XSHG,0.0953,0.0816,2015-11-17,XSHG
4273,10000291.XSHG,0.086,0.073,2015-11-17,XSHG
4274,10000443.XSHG,0.011,0.0103,2015-11-17,XSHG
4275,10000442.XSHG,0.0825,0.0658,2015-11-17,XSHG
4276,10000441.XSHG,0.1177,0.101,2015-11-17,XSHG
4277,10000447.XSHG,0.05,0.039,2015-11-17,XSHG
4278,10000298.XSHG,0.498,0.5135,2015-11-17,XSHG
4279,10000444.XSHG,0.0205,0.026,2015-11-17,XSHG
4280,10000238.XSHG,0.0223,0.0164,2015-11-17,XSHG
4281,10000183.XSHG,0.0124,0.009,2015-11-17,XSHG
4282,10000186.XSHG,0.0052,0.0034,2015-11-17,XSHG
4283,10000187.XSHG,0.0045,0.0031,2015-11-17,XSHG
4284,10000184.XSHG,0.0084,0.006,2015-11-17,XSHG
4285,10000185.XSHG,0.0065,0.0047,2015-11-17,XSHG
4286,10000188.XSHG,0.5669,0.5897,2015-11-17,XSHG
4287,10000189.XSHG,0.664,0.6875,2015-11-17,XSHG
4288,10000368.XSHG,0.3369,0.3275,2015-11-18,XSHG
4289,10000369.XSHG,0.0057,0.0046,2015-11-18,XSHG
4290,10000478.XSHG,0.3601,0.3811,2015-11-18,XSHG
4291,10000476.XSHG,0.2095,0.2224,2015-11-18,XSHG
4292,10000477.XSHG,0.1811,0.1601,2015-11-18,XSHG
4293,10000474.XSHG,0.3417,0.347,2015-11-18,XSHG
4294,10000475.XSHG,0.006,0.0024,2015-11-18,XSHG
4295,10000472.XSHG,0.1653,0.178,2015-11-18,XSHG
4296,10000473.XSHG,0.1837,0.1851,2015-11-18,XSHG
4297,10000470.XSHG,0.3125,0.3154,2015-11-18,XSHG
4298,10000471.XSHG,0.01,0.0049,2015-11-18,XSHG
4299,10000201.XSHG,0.0083,0.0071,2015-11-18,XSHG
4300,10000200.XSHG,1.0898,1.0705,2015-11-18,XSHG
4301,10000203.XSHG,0.0113,0.0093,2015-11-18,XSHG
4302,10000202.XSHG,0.548,0.5517,2015-11-18,XSHG
4303,10000205.XSHG,0.0137,0.0099,2015-11-18,XSHG
4304,10000204.XSHG,0.4989,0.4988,2015-11-18,XSHG
4305,10000206.XSHG,0.4358,0.4557,2015-11-18,XSHG
4306,10000191.XSHG,0.8903,0.8778,2015-11-18,XSHG
4307,10000190.XSHG,0.7971,0.7851,2015-11-18,XSHG
4308,10000192.XSHG,0.9743,0.983,2015-11-18,XSHG
4309,10000199.XSHG,0.0027,0.002,2015-11-18,XSHG
4310,10000428.XSHG,0.2966,0.28,2015-11-18,XSHG
4311,10000461.XSHG,0.0257,0.0165,2015-11-18,XSHG
4312,10000460.XSHG,0.1047,0.1071,2015-11-18,XSHG
4313,10000463.XSHG,0.2411,0.2289,2015-11-18,XSHG
4314,10000462.XSHG,0.0812,0.0895,2015-11-18,XSHG
4315,10000465.XSHG,0.249,0.2541,2015-11-18,XSHG
4316,10000464.XSHG,0.2288,0.21,2015-11-18,XSHG
4317,10000467.XSHG,0.0159,0.0092,2015-11-18,XSHG
4318,10000466.XSHG,0.2829,0.2837,2015-11-18,XSHG
4319,10000469.XSHG,0.2034,0.1905,2015-11-18,XSHG
4320,10000468.XSHG,0.1219,0.1323,2015-11-18,XSHG
4321,10000377.XSHG,0.029,0.0313,2015-11-18,XSHG
4322,10000376.XSHG,0.3828,0.3755,2015-11-18,XSHG
4323,10000371.XSHG,0.0078,0.0081,2015-11-18,XSHG
4324,10000370.XSHG,0.0062,0.0061,2015-11-18,XSHG
4325,10000373.XSHG,0.5034,0.5047,2015-11-18,XSHG
4326,10000372.XSHG,0.0115,0.0117,2015-11-18,XSHG
4327,10000274.XSHG,0.2987,0.3116,2015-11-18,XSHG
4328,10000270.XSHG,0.0332,0.0279,2015-11-18,XSHG
4329,10000271.XSHG,0.0262,0.0214,2015-11-18,XSHG
4330,10000272.XSHG,0.2117,0.232,2015-11-18,XSHG
4331,10000273.XSHG,0.2562,0.2692,2015-11-18,XSHG
4332,10000365.XSHG,0.4868,0.4568,2015-11-18,XSHG
4333,10000279.XSHG,0.0543,0.0464,2015-11-18,XSHG
4334,10000289.XSHG,0.0891,0.0842,2015-11-18,XSHG
4335,10000288.XSHG,0.1036,0.0957,2015-11-18,XSHG
4336,10000280.XSHG,0.1752,0.1885,2015-11-18,XSHG
4337,10000285.XSHG,0.0689,0.06,2015-11-18,XSHG
4338,10000287.XSHG,0.1182,0.1056,2015-11-18,XSHG
4339,10000286.XSHG,0.1413,0.1497,2015-11-18,XSHG
4340,10000380.XSHG,0.0563,0.0568,2015-11-18,XSHG
4341,10000294.XSHG,0.4043,0.406,2015-11-18,XSHG
4342,10000308.XSHG,0.1799,0.1749,2015-11-18,XSHG
4343,10000309.XSHG,0.1599,0.1515,2015-11-18,XSHG
4344,10000448.XSHG,0.0461,0.0512,2015-11-18,XSHG
4345,10000397.XSHG,0.0037,0.0034,2015-11-18,XSHG
4346,10000303.XSHG,0.1103,0.0958,2015-11-18,XSHG
4347,10000304.XSHG,0.0856,0.0759,2015-11-18,XSHG
4348,10000305.XSHG,0.084,0.0904,2015-11-18,XSHG
4349,10000306.XSHG,0.11,0.12,2015-11-18,XSHG
4350,10000307.XSHG,0.2074,0.1928,2015-11-18,XSHG
4351,10000395.XSHG,0.533,0.5022,2015-11-18,XSHG
4352,10000394.XSHG,0.5798,0.5876,2015-11-18,XSHG
4353,10000393.XSHG,0.6273,0.605,2015-11-18,XSHG
4354,10000404.XSHG,0.0235,0.024,2015-11-18,XSHG
4355,10000403.XSHG,0.0184,0.019,2015-11-18,XSHG
4356,10000402.XSHG,0.0153,0.0155,2015-11-18,XSHG
4357,10000401.XSHG,0.5559,0.538,2015-11-18,XSHG
4358,10000400.XSHG,0.5917,0.59,2015-11-18,XSHG
4359,10000399.XSHG,0.6345,0.6184,2015-11-18,XSHG
4360,10000398.XSHG,0.0048,0.0042,2015-11-18,XSHG
4361,10000319.XSHG,0.1368,0.1234,2015-11-18,XSHG
4362,10000313.XSHG,0.1971,0.1999,2015-11-18,XSHG
4363,10000312.XSHG,0.1737,0.1788,2015-11-18,XSHG
4364,10000311.XSHG,0.127,0.1222,2015-11-18,XSHG
4365,10000310.XSHG,0.1492,0.1446,2015-11-18,XSHG
4366,10000316.XSHG,0.285,0.303,2015-11-18,XSHG
4367,10000315.XSHG,0.2473,0.2623,2015-11-18,XSHG
4368,10000314.XSHG,0.23,0.238,2015-11-18,XSHG
4369,10000396.XSHG,0.0038,0.0028,2015-11-18,XSHG
4370,10000240.XSHG,0.3899,0.4032,2015-11-18,XSHG
4371,10000366.XSHG,0.4402,0.412,2015-11-18,XSHG
4372,10000328.XSHG,0.1186,0.1284,2015-11-18,XSHG
4373,10000326.XSHG,0.0443,0.0464,2015-11-18,XSHG
4374,10000327.XSHG,0.255,0.242,2015-11-18,XSHG
4375,10000325.XSHG,0.1677,0.1552,2015-11-18,XSHG
4376,10000322.XSHG,0.1398,0.1573,2015-11-18,XSHG
4377,10000320.XSHG,0.0626,0.065,2015-11-18,XSHG
4378,10000321.XSHG,0.2233,0.2105,2015-11-18,XSHG
4379,10000367.XSHG,0.3837,0.3636,2015-11-18,XSHG
4380,10000331.XSHG,0.2084,0.1933,2015-11-18,XSHG
4381,10000239.XSHG,0.3445,0.3468,2015-11-18,XSHG
4382,10000333.XSHG,0.2806,0.2819,2015-11-18,XSHG
4383,10000332.XSHG,0.0314,0.0323,2015-11-18,XSHG
4384,10000334.XSHG,0.0971,0.1088,2015-11-18,XSHG
4385,10000237.XSHG,0.0205,0.0168,2015-11-18,XSHG
4386,10000438.XSHG,0.0002,0.0004,2015-11-18,XSHG
4387,10000228.XSHG,1.1855,1.1815,2015-11-18,XSHG
4388,10000432.XSHG,0.0011,0.0005,2015-11-18,XSHG
4389,10000433.XSHG,0.0006,0.001,2015-11-18,XSHG
4390,10000430.XSHG,0.1994,0.1824,2015-11-18,XSHG
4391,10000431.XSHG,0.1491,0.1356,2015-11-18,XSHG
4392,10000436.XSHG,0.0046,0.0055,2015-11-18,XSHG
4393,10000437.XSHG,0.3954,0.3809,2015-11-18,XSHG
4394,10000434.XSHG,0.0009,0.001,2015-11-18,XSHG
4395,10000435.XSHG,0.0022,0.0031,2015-11-18,XSHG
4396,10000458.XSHG,0.2181,0.2262,2015-11-18,XSHG
4397,10000459.XSHG,0.399,0.383,2015-11-18,XSHG
4398,10000450.XSHG,0.326,0.323,2015-11-18,XSHG
4399,10000451.XSHG,0.3048,0.296,2015-11-18,XSHG
4400,10000452.XSHG,0.2848,0.273,2015-11-18,XSHG
4401,10000453.XSHG,0.2649,0.25,2015-11-18,XSHG
4402,10000454.XSHG,0.1255,0.128,2015-11-18,XSHG
4403,10000455.XSHG,0.1416,0.151,2015-11-18,XSHG
4404,10000456.XSHG,0.1645,0.1788,2015-11-18,XSHG
4405,10000457.XSHG,0.1998,0.1965,2015-11-18,XSHG
4406,10000344.XSHG,0.0233,0.0215,2015-11-18,XSHG
4407,10000345.XSHG,0.3421,0.347,2015-11-18,XSHG
4408,10000346.XSHG,0.3067,0.292,2015-11-18,XSHG
4409,10000347.XSHG,0.0652,0.071,2015-11-18,XSHG
4410,10000341.XSHG,0.2916,0.2737,2015-11-18,XSHG
4411,10000342.XSHG,0.253,0.228,2015-11-18,XSHG
4412,10000343.XSHG,0.0168,0.0162,2015-11-18,XSHG
4413,10000379.XSHG,0.0455,0.0478,2015-11-18,XSHG
4414,10000348.XSHG,0.0823,0.0805,2015-11-18,XSHG
4415,10000378.XSHG,0.0367,0.0392,2015-11-18,XSHG
4416,10000227.XSHG,0.0026,0.002,2015-11-18,XSHG
4417,10000375.XSHG,0.4101,0.4,2015-11-18,XSHG
4418,10000429.XSHG,0.2477,0.2301,2015-11-18,XSHG
4419,10000269.XSHG,0.0427,0.0373,2015-11-18,XSHG
4420,10000374.XSHG,0.463,0.442,2015-11-18,XSHG
4421,10000427.XSHG,0.3457,0.3254,2015-11-18,XSHG
4422,10000296.XSHG,0.4869,0.4859,2015-11-18,XSHG
4423,10000297.XSHG,0.0667,0.0608,2015-11-18,XSHG
4424,10000449.XSHG,0.37,0.3466,2015-11-18,XSHG
4425,10000295.XSHG,0.439,0.4598,2015-11-18,XSHG
4426,10000292.XSHG,0.329,0.329,2015-11-18,XSHG
4427,10000293.XSHG,0.3673,0.3673,2015-11-18,XSHG
4428,10000290.XSHG,0.0804,0.0784,2015-11-18,XSHG
4429,10000291.XSHG,0.0752,0.0696,2015-11-18,XSHG
4430,10000443.XSHG,0.01,0.0126,2015-11-18,XSHG
4431,10000442.XSHG,0.0702,0.057,2015-11-18,XSHG
4432,10000441.XSHG,0.1056,0.0915,2015-11-18,XSHG
4433,10000447.XSHG,0.0401,0.0293,2015-11-18,XSHG
4434,10000298.XSHG,0.526,0.5451,2015-11-18,XSHG
4435,10000444.XSHG,0.024,0.028,2015-11-18,XSHG
4436,10000238.XSHG,0.0161,0.0133,2015-11-18,XSHG
4437,10000183.XSHG,0.0086,0.007,2015-11-18,XSHG
4438,10000186.XSHG,0.0038,0.0032,2015-11-18,XSHG
4439,10000187.XSHG,0.0032,0.0025,2015-11-18,XSHG
4440,10000184.XSHG,0.0054,0.0046,2015-11-18,XSHG
4441,10000185.XSHG,0.0042,0.0036,2015-11-18,XSHG
4442,10000188.XSHG,0.5919,0.6014,2015-11-18,XSHG
4443,10000189.XSHG,0.6902,0.6978,2015-11-18,XSHG
4444,10000368.XSHG,0.3304,0.3472,2015-11-19,XSHG
4445,10000369.XSHG,0.0048,0.0038,2015-11-19,XSHG
4446,10000478.XSHG,0.377,0.3705,2015-11-19,XSHG
4447,10000476.XSHG,0.2157,0.1901,2015-11-19,XSHG
4448,10000477.XSHG,0.1701,0.171,2015-11-19,XSHG
4449,10000474.XSHG,0.3435,0.34,2015-11-19,XSHG
4450,10000475.XSHG,0.0027,0.0025,2015-11-19,XSHG
4451,10000472.XSHG,0.1671,0.1389,2015-11-19,XSHG
4452,10000473.XSHG,0.184,0.1859,2015-11-19,XSHG
4453,10000470.XSHG,0.3111,0.3047,2015-11-19,XSHG
4454,10000471.XSHG,0.0051,0.0053,2015-11-19,XSHG
4455,10000201.XSHG,0.0083,0.007,2015-11-19,XSHG
4456,10000200.XSHG,1.0811,1.0573,2015-11-19,XSHG
4457,10000203.XSHG,0.01,0.0086,2015-11-19,XSHG
4458,10000202.XSHG,0.539,0.5174,2015-11-19,XSHG
4459,10000205.XSHG,0.0109,0.0101,2015-11-19,XSHG
4460,10000204.XSHG,0.4927,0.4793,2015-11-19,XSHG
4461,10000206.XSHG,0.4338,0.4205,2015-11-19,XSHG
4462,10000191.XSHG,0.8828,0.8613,2015-11-19,XSHG
4463,10000190.XSHG,0.784,0.766,2015-11-19,XSHG
4464,10000192.XSHG,0.9819,0.9595,2015-11-19,XSHG
4465,10000199.XSHG,0.0025,0.0016,2015-11-19,XSHG
4466,10000428.XSHG,0.287,0.3112,2015-11-19,XSHG
4467,10000461.XSHG,0.0187,0.021,2015-11-19,XSHG
4468,10000460.XSHG,0.104,0.103,2015-11-19,XSHG
4469,10000463.XSHG,0.2349,0.24,2015-11-19,XSHG
4470,10000462.XSHG,0.0796,0.0525,2015-11-19,XSHG
4471,10000465.XSHG,0.2588,0.25,2015-11-19,XSHG
4472,10000464.XSHG,0.2179,0.2199,2015-11-19,XSHG
4473,10000467.XSHG,0.0099,0.0098,2015-11-19,XSHG
4474,10000466.XSHG,0.2884,0.28,2015-11-19,XSHG
4475,10000469.XSHG,0.191,0.2111,2015-11-19,XSHG
4476,10000468.XSHG,0.1223,0.09,2015-11-19,XSHG
4477,10000377.XSHG,0.0296,0.0297,2015-11-19,XSHG
4478,10000376.XSHG,0.37,0.377,2015-11-19,XSHG
4479,10000371.XSHG,0.0081,0.006,2015-11-19,XSHG
4480,10000370.XSHG,0.0061,0.0048,2015-11-19,XSHG
4481,10000373.XSHG,0.4951,0.5253,2015-11-19,XSHG
4482,10000372.XSHG,0.0106,0.008,2015-11-19,XSHG
4483,10000274.XSHG,0.2979,0.2806,2015-11-19,XSHG
4484,10000270.XSHG,0.0286,0.031,2015-11-19,XSHG
4485,10000271.XSHG,0.0225,0.024,2015-11-19,XSHG
4486,10000272.XSHG,0.2147,0.1975,2015-11-19,XSHG
4487,10000273.XSHG,0.2597,0.2382,2015-11-19,XSHG
4488,10000365.XSHG,0.4785,0.4869,2015-11-19,XSHG
4489,10000279.XSHG,0.0491,0.0532,2015-11-19,XSHG
4490,10000289.XSHG,0.089,0.0928,2015-11-19,XSHG
4491,10000288.XSHG,0.0946,0.1052,2015-11-19,XSHG
4492,10000280.XSHG,0.1801,0.1598,2015-11-19,XSHG
4493,10000285.XSHG,0.0624,0.0697,2015-11-19,XSHG
4494,10000287.XSHG,0.1123,0.1099,2015-11-19,XSHG
4495,10000286.XSHG,0.1452,0.1244,2015-11-19,XSHG
4496,10000380.XSHG,0.0582,0.0555,2015-11-19,XSHG
4497,10000294.XSHG,,,2015-11-19,XSHG
4498,10000308.XSHG,0.1767,0.1796,2015-11-19,XSHG
4499,10000309.XSHG,0.1599,0.1639,2015-11-19,XSHG
4500,10000448.XSHG,0.045,0.0231,2015-11-19,XSHG
4501,10000397.XSHG,0.0031,0.0028,2015-11-19,XSHG
4502,10000303.XSHG,0.1013,0.113,2015-11-19,XSHG
4503,10000304.XSHG,0.08,0.0896,2015-11-19,XSHG
4504,10000305.XSHG,0.0865,0.0704,2015-11-19,XSHG
4505,10000306.XSHG,0.114,0.0938,2015-11-19,XSHG
4506,10000307.XSHG,0.1939,0.202,2015-11-19,XSHG
4507,10000395.XSHG,0.5279,0.5395,2015-11-19,XSHG
4508,10000394.XSHG,0.5779,0.5881,2015-11-19,XSHG
4509,10000393.XSHG,0.628,0.648,2015-11-19,XSHG
4510,10000404.XSHG,0.0238,0.0231,2015-11-19,XSHG
4511,10000403.XSHG,0.018,0.0188,2015-11-19,XSHG
4512,10000402.XSHG,0.014,0.0154,2015-11-19,XSHG
4513,10000401.XSHG,0.5455,0.5716,2015-11-19,XSHG
4514,10000400.XSHG,0.5838,0.6101,2015-11-19,XSHG
4515,10000399.XSHG,0.6379,0.6462,2015-11-19,XSHG
4516,10000398.XSHG,0.0044,0.0035,2015-11-19,XSHG
4517,10000319.XSHG,0.1285,0.1428,2015-11-19,XSHG
4518,10000313.XSHG,0.1983,0.1976,2015-11-19,XSHG
4519,10000312.XSHG,0.1713,0.1701,2015-11-19,XSHG
4520,10000311.XSHG,0.1244,0.1306,2015-11-19,XSHG
4521,10000310.XSHG,0.1401,0.1456,2015-11-19,XSHG
4522,10000316.XSHG,0.2985,0.2868,2015-11-19,XSHG
4523,10000315.XSHG,0.2633,0.252,2015-11-19,XSHG
4524,10000314.XSHG,0.2322,0.2266,2015-11-19,XSHG
4525,10000396.XSHG,0.0025,0.0022,2015-11-19,XSHG
4526,10000240.XSHG,0.3955,0.38,2015-11-19,XSHG
4527,10000366.XSHG,0.4292,0.4259,2015-11-19,XSHG
4528,10000328.XSHG,0.1293,0.1221,2015-11-19,XSHG
4529,10000326.XSHG,0.0446,0.0347,2015-11-19,XSHG
4530,10000327.XSHG,0.2417,0.2666,2015-11-19,XSHG
4531,10000325.XSHG,0.1602,0.1783,2015-11-19,XSHG
4532,10000322.XSHG,0.1445,0.1422,2015-11-19,XSHG
4533,10000320.XSHG,0.0628,0.0494,2015-11-19,XSHG
4534,10000321.XSHG,0.2236,0.2383,2015-11-19,XSHG
4535,10000367.XSHG,0.3792,0.3908,2015-11-19,XSHG
4536,10000331.XSHG,0.1973,0.221,2015-11-19,XSHG
4537,10000239.XSHG,0.3411,0.3374,2015-11-19,XSHG
4538,10000333.XSHG,0.274,0.2972,2015-11-19,XSHG
4539,10000332.XSHG,0.031,0.0231,2015-11-19,XSHG
4540,10000334.XSHG,0.0986,0.1007,2015-11-19,XSHG
4541,10000237.XSHG,0.0168,0.018,2015-11-19,XSHG
4542,10000438.XSHG,0.0004,0.0003,2015-11-19,XSHG
4543,10000228.XSHG,1.1796,1.1565,2015-11-19,XSHG
4544,10000432.XSHG,0.0004,0.0002,2015-11-19,XSHG
4545,10000433.XSHG,0.0006,0.0005,2015-11-19,XSHG
4546,10000430.XSHG,0.1897,0.2164,2015-11-19,XSHG
4547,10000431.XSHG,0.1444,0.1688,2015-11-19,XSHG
4548,10000436.XSHG,0.0056,0.001,2015-11-19,XSHG
4549,10000437.XSHG,0.3851,0.417,2015-11-19,XSHG
4550,10000434.XSHG,0.001,0.0005,2015-11-19,XSHG
4551,10000435.XSHG,0.0023,0.0005,2015-11-19,XSHG
4552,10000458.XSHG,0.2298,0.22,2015-11-19,XSHG
4553,10000459.XSHG,0.3927,0.3904,2015-11-19,XSHG
4554,10000450.XSHG,0.3213,0.3322,2015-11-19,XSHG
4555,10000451.XSHG,0.3072,0.3132,2015-11-19,XSHG
4556,10000452.XSHG,0.27,0.2782,2015-11-19,XSHG
4557,10000453.XSHG,0.2509,0.2601,2015-11-19,XSHG
4558,10000454.XSHG,0.1266,0.1266,2015-11-19,XSHG
4559,10000455.XSHG,0.1447,0.1447,2015-11-19,XSHG
4560,10000456.XSHG,0.1685,0.1758,2015-11-19,XSHG
4561,10000457.XSHG,0.1937,0.1908,2015-11-19,XSHG
4562,10000344.XSHG,0.0213,0.0151,2015-11-19,XSHG
4563,10000345.XSHG,0.3333,0.3333,2015-11-19,XSHG
4564,10000346.XSHG,0.299,0.3199,2015-11-19,XSHG
4565,10000347.XSHG,0.0679,0.0647,2015-11-19,XSHG
4566,10000341.XSHG,0.2832,0.3003,2015-11-19,XSHG
4567,10000342.XSHG,0.2385,0.2581,2015-11-19,XSHG
4568,10000343.XSHG,0.0149,0.0109,2015-11-19,XSHG
4569,10000379.XSHG,0.0438,0.0438,2015-11-19,XSHG
4570,10000348.XSHG,0.0857,0.0819,2015-11-19,XSHG
4571,10000378.XSHG,0.038,0.0366,2015-11-19,XSHG
4572,10000227.XSHG,0.0021,0.0018,2015-11-19,XSHG
4573,10000375.XSHG,0.4114,0.4269,2015-11-19,XSHG
4574,10000429.XSHG,0.2384,0.2697,2015-11-19,XSHG
4575,10000269.XSHG,0.039,0.041,2015-11-19,XSHG
4576,10000374.XSHG,0.455,0.4815,2015-11-19,XSHG
4577,10000427.XSHG,0.3363,0.3651,2015-11-19,XSHG
4578,10000296.XSHG,0.488,0.4958,2015-11-19,XSHG
4579,10000297.XSHG,0.0641,0.0666,2015-11-19,XSHG
4580,10000449.XSHG,0.3579,0.3649,2015-11-19,XSHG
4581,10000295.XSHG,0.4459,0.4394,2015-11-19,XSHG
4582,10000292.XSHG,0.3389,0.3389,2015-11-19,XSHG
4583,10000293.XSHG,0.3762,0.3682,2015-11-19,XSHG
4584,10000290.XSHG,0.0751,0.0833,2015-11-19,XSHG
4585,10000291.XSHG,0.0734,0.0739,2015-11-19,XSHG
4586,10000443.XSHG,0.01,0.003,2015-11-19,XSHG
4587,10000442.XSHG,0.0605,0.079,2015-11-19,XSHG
4588,10000441.XSHG,0.1004,0.1208,2015-11-19,XSHG
4589,10000447.XSHG,0.0323,0.0412,2015-11-19,XSHG
4590,10000298.XSHG,0.5361,0.5299,2015-11-19,XSHG
4591,10000444.XSHG,0.0255,0.008,2015-11-19,XSHG
4592,10000238.XSHG,0.0136,0.0141,2015-11-19,XSHG
4593,10000183.XSHG,0.007,0.0065,2015-11-19,XSHG
4594,10000186.XSHG,0.0028,0.0027,2015-11-19,XSHG
4595,10000187.XSHG,0.0025,0.0023,2015-11-19,XSHG
4596,10000184.XSHG,0.0045,0.0043,2015-11-19,XSHG
4597,10000185.XSHG,0.0036,0.0032,2015-11-19,XSHG
4598,10000188.XSHG,0.5836,0.5765,2015-11-19,XSHG
4599,10000189.XSHG,0.683,0.6572,2015-11-19,XSHG
4600,10000368.XSHG,0.3579,0.3375,2015-11-20,XSHG
4601,10000369.XSHG,0.0038,0.0034,2015-11-20,XSHG
4602,10000478.XSHG,0.37,0.3656,2015-11-20,XSHG
4603,10000476.XSHG,0.1849,0.1869,2015-11-20,XSHG
4604,10000477.XSHG,0.1765,0.1668,2015-11-20,XSHG
4605,10000474.XSHG,0.3433,0.3427,2015-11-20,XSHG
4606,10000475.XSHG,0.0025,0.0001,2015-11-20,XSHG
4607,10000472.XSHG,0.1362,0.1355,2015-11-20,XSHG
4608,10000473.XSHG,0.1937,0.1802,2015-11-20,XSHG
4609,10000470.XSHG,0.3114,0.3097,2015-11-20,XSHG
4610,10000471.XSHG,0.0056,0.0022,2015-11-20,XSHG
4611,10000201.XSHG,0.0076,0.0046,2015-11-20,XSHG
4612,10000200.XSHG,1.0586,1.0582,2015-11-20,XSHG
4613,10000203.XSHG,0.0093,0.0064,2015-11-20,XSHG
4614,10000202.XSHG,0.5176,0.5244,2015-11-20,XSHG
4615,10000205.XSHG,0.0105,0.0075,2015-11-20,XSHG
4616,10000204.XSHG,0.4618,0.4757,2015-11-20,XSHG
4617,10000206.XSHG,0.4073,0.4272,2015-11-20,XSHG
4618,10000191.XSHG,0.8608,0.8643,2015-11-20,XSHG
4619,10000190.XSHG,0.756,0.7698,2015-11-20,XSHG
4620,10000192.XSHG,0.9636,0.9636,2015-11-20,XSHG
4621,10000199.XSHG,0.0017,0.0012,2015-11-20,XSHG
4622,10000428.XSHG,0.3155,0.3119,2015-11-20,XSHG
4623,10000461.XSHG,0.0212,0.0107,2015-11-20,XSHG
4624,10000460.XSHG,0.1029,0.1011,2015-11-20,XSHG
4625,10000463.XSHG,0.2404,0.2395,2015-11-20,XSHG
4626,10000462.XSHG,0.05,0.0458,2015-11-20,XSHG
4627,10000465.XSHG,0.2517,0.2424,2015-11-20,XSHG
4628,10000464.XSHG,0.2299,0.2195,2015-11-20,XSHG
4629,10000467.XSHG,0.0099,0.0036,2015-11-20,XSHG
4630,10000466.XSHG,0.2808,0.2795,2015-11-20,XSHG
4631,10000469.XSHG,0.2114,0.2001,2015-11-20,XSHG
4632,10000468.XSHG,0.0896,0.0879,2015-11-20,XSHG
4633,10000377.XSHG,0.0292,0.0261,2015-11-20,XSHG
4634,10000376.XSHG,0.3825,0.38,2015-11-20,XSHG
4635,10000371.XSHG,0.0053,0.0051,2015-11-20,XSHG
4636,10000370.XSHG,0.0042,0.004,2015-11-20,XSHG
4637,10000373.XSHG,0.5325,0.5072,2015-11-20,XSHG
4638,10000372.XSHG,0.007,0.0066,2015-11-20,XSHG
4639,10000274.XSHG,0.2736,0.2822,2015-11-20,XSHG
4640,10000270.XSHG,0.0316,0.0248,2015-11-20,XSHG
4641,10000271.XSHG,0.0237,0.0179,2015-11-20,XSHG
4642,10000272.XSHG,0.1935,0.1956,2015-11-20,XSHG
4643,10000273.XSHG,0.2339,0.2402,2015-11-20,XSHG
4644,10000365.XSHG,0.5052,0.5,2015-11-20,XSHG
4645,10000279.XSHG,0.054,0.0441,2015-11-20,XSHG
4646,10000289.XSHG,0.0829,0.0828,2015-11-20,XSHG
4647,10000288.XSHG,0.1019,0.0922,2015-11-20,XSHG
4648,10000280.XSHG,0.1544,0.157,2015-11-20,XSHG
4649,10000285.XSHG,0.0702,0.0591,2015-11-20,XSHG
4650,10000287.XSHG,0.1146,0.1041,2015-11-20,XSHG
4651,10000286.XSHG,0.1223,0.122,2015-11-20,XSHG
4652,10000380.XSHG,0.0531,0.0492,2015-11-20,XSHG
4653,10000294.XSHG,,,2015-11-20,XSHG
4654,10000308.XSHG,0.1815,0.1718,2015-11-20,XSHG
4655,10000309.XSHG,0.1633,0.1533,2015-11-20,XSHG
4656,10000448.XSHG,0.022,0.0189,2015-11-20,XSHG
4657,10000397.XSHG,0.0026,0.0021,2015-11-20,XSHG
4658,10000303.XSHG,0.1157,0.1034,2015-11-20,XSHG
4659,10000304.XSHG,0.0917,0.0777,2015-11-20,XSHG
4660,10000305.XSHG,0.0699,0.0672,2015-11-20,XSHG
4661,10000306.XSHG,0.0935,0.0907,2015-11-20,XSHG
4662,10000307.XSHG,0.2141,0.1991,2015-11-20,XSHG
4663,10000395.XSHG,0.5535,0.5373,2015-11-20,XSHG
4664,10000394.XSHG,0.6041,0.5862,2015-11-20,XSHG
4665,10000393.XSHG,0.6542,0.6367,2015-11-20,XSHG
4666,10000404.XSHG,0.0222,0.0201,2015-11-20,XSHG
4667,10000403.XSHG,0.0181,0.0163,2015-11-20,XSHG
4668,10000402.XSHG,0.0152,0.0133,2015-11-20,XSHG
4669,10000401.XSHG,0.57,0.5514,2015-11-20,XSHG
4670,10000400.XSHG,0.5964,0.5967,2015-11-20,XSHG
4671,10000399.XSHG,0.6565,0.638,2015-11-20,XSHG
4672,10000398.XSHG,0.0031,0.003,2015-11-20,XSHG
4673,10000319.XSHG,0.1464,0.131,2015-11-20,XSHG
4674,10000313.XSHG,,,2015-11-20,XSHG
4675,10000312.XSHG,0.1577,0.1597,2015-11-20,XSHG
4676,10000311.XSHG,0.1357,0.117,2015-11-20,XSHG
4677,10000310.XSHG,0.1468,0.1321,2015-11-20,XSHG
4678,10000316.XSHG,0.2855,0.2852,2015-11-20,XSHG
4679,10000315.XSHG,0.2473,0.2522,2015-11-20,XSHG
4680,10000314.XSHG,0.2115,0.2132,2015-11-20,XSHG
4681,10000396.XSHG,0.0018,0.0016,2015-11-20,XSHG
4682,10000240.XSHG,0.3734,0.38,2015-11-20,XSHG
4683,10000366.XSHG,0.4585,0.4404,2015-11-20,XSHG
4684,10000328.XSHG,0.1172,0.1099,2015-11-20,XSHG
4685,10000326.XSHG,0.0336,0.0314,2015-11-20,XSHG
4686,10000327.XSHG,0.2594,0.2458,2015-11-20,XSHG
4687,10000325.XSHG,0.1822,0.1673,2015-11-20,XSHG
4688,10000322.XSHG,0.1441,0.1367,2015-11-20,XSHG
4689,10000320.XSHG,0.0444,0.0473,2015-11-20,XSHG
4690,10000321.XSHG,0.2329,0.2173,2015-11-20,XSHG
4691,10000367.XSHG,0.4056,0.3857,2015-11-20,XSHG
4692,10000331.XSHG,0.2227,0.2086,2015-11-20,XSHG
4693,10000239.XSHG,0.32,0.3259,2015-11-20,XSHG
4694,10000333.XSHG,0.2872,0.2858,2015-11-20,XSHG
4695,10000332.XSHG,0.0229,0.0208,2015-11-20,XSHG
4696,10000334.XSHG,0.0958,0.0961,2015-11-20,XSHG
4697,10000237.XSHG,0.018,0.0136,2015-11-20,XSHG
4698,10000438.XSHG,0.0004,0.0001,2015-11-20,XSHG
4699,10000228.XSHG,1.1547,1.1646,2015-11-20,XSHG
4700,10000432.XSHG,0.0003,0.0002,2015-11-20,XSHG
4701,10000433.XSHG,0.0002,0.0004,2015-11-20,XSHG
4702,10000430.XSHG,0.225,0.2138,2015-11-20,XSHG
4703,10000431.XSHG,0.1732,0.165,2015-11-20,XSHG
4704,10000436.XSHG,0.0007,0.0005,2015-11-20,XSHG
4705,10000437.XSHG,0.4195,0.4192,2015-11-20,XSHG
4706,10000434.XSHG,0.0004,0.0005,2015-11-20,XSHG
4707,10000435.XSHG,0.0004,0.0004,2015-11-20,XSHG
4708,10000458.XSHG,0.2168,0.2131,2015-11-20,XSHG
4709,10000459.XSHG,0.4047,0.3994,2015-11-20,XSHG
4710,10000450.XSHG,0.3296,0.3241,2015-11-20,XSHG
4711,10000451.XSHG,0.3038,0.3114,2015-11-20,XSHG
4712,10000452.XSHG,0.2956,0.2848,2015-11-20,XSHG
4713,10000453.XSHG,0.2635,0.2591,2015-11-20,XSHG
4714,10000454.XSHG,0.1208,0.1183,2015-11-20,XSHG
4715,10000455.XSHG,0.1467,0.145,2015-11-20,XSHG
4716,10000456.XSHG,0.1622,0.1688,2015-11-20,XSHG
4717,10000457.XSHG,0.1867,0.192,2015-11-20,XSHG
4718,10000344.XSHG,0.0146,0.0138,2015-11-20,XSHG
4719,10000345.XSHG,0.3556,0.3369,2015-11-20,XSHG
4720,10000346.XSHG,0.3217,0.3045,2015-11-20,XSHG
4721,10000347.XSHG,0.0655,0.0611,2015-11-20,XSHG
4722,10000341.XSHG,0.3133,0.2915,2015-11-20,XSHG
4723,10000342.XSHG,0.2669,0.2496,2015-11-20,XSHG
4724,10000343.XSHG,0.01,0.0097,2015-11-20,XSHG
4725,10000379.XSHG,0.041,0.0396,2015-11-20,XSHG
4726,10000348.XSHG,0.0767,0.0743,2015-11-20,XSHG
4727,10000378.XSHG,0.0348,0.0325,2015-11-20,XSHG
4728,10000227.XSHG,0.0013,0.0009,2015-11-20,XSHG
4729,10000375.XSHG,0.4467,0.4223,2015-11-20,XSHG
4730,10000429.XSHG,0.2638,0.2604,2015-11-20,XSHG
4731,10000269.XSHG,0.0425,0.0338,2015-11-20,XSHG
4732,10000374.XSHG,0.4758,0.4536,2015-11-20,XSHG
4733,10000427.XSHG,0.365,0.362,2015-11-20,XSHG
4734,10000296.XSHG,,,2015-11-20,XSHG
4735,10000297.XSHG,0.0656,0.0561,2015-11-20,XSHG
4736,10000449.XSHG,0.3581,0.3581,2015-11-20,XSHG
4737,10000295.XSHG,0.4252,0.4252,2015-11-20,XSHG
4738,10000292.XSHG,0.3201,0.3204,2015-11-20,XSHG
4739,10000293.XSHG,0.3564,0.3563,2015-11-20,XSHG
4740,10000290.XSHG,0.0857,0.0727,2015-11-20,XSHG
4741,10000291.XSHG,0.0743,0.0665,2015-11-20,XSHG
4742,10000443.XSHG,0.002,0.001,2015-11-20,XSHG
4743,10000442.XSHG,0.077,0.0672,2015-11-20,XSHG
4744,10000441.XSHG,0.1231,0.1178,2015-11-20,XSHG
4745,10000447.XSHG,0.0419,0.031,2015-11-20,XSHG
4746,10000298.XSHG,0.5039,0.5168,2015-11-20,XSHG
4747,10000444.XSHG,0.0079,0.0045,2015-11-20,XSHG
4748,10000238.XSHG,0.0138,0.0101,2015-11-20,XSHG
4749,10000183.XSHG,0.0069,0.0041,2015-11-20,XSHG
4750,10000186.XSHG,0.0026,0.0016,2015-11-20,XSHG
4751,10000187.XSHG,0.0018,0.0014,2015-11-20,XSHG
4752,10000184.XSHG,0.0043,0.0028,2015-11-20,XSHG
4753,10000185.XSHG,0.003,0.0022,2015-11-20,XSHG
4754,10000188.XSHG,0.5524,0.574,2015-11-20,XSHG
4755,10000189.XSHG,0.6607,0.6681,2015-11-20,XSHG
4756,10000368.XSHG,0.3427,0.3236,2015-11-23,XSHG
4757,10000369.XSHG,0.0031,0.0029,2015-11-23,XSHG
4758,10000478.XSHG,0.378,0.3734,2015-11-23,XSHG
4759,10000476.XSHG,0.1834,0.2055,2015-11-23,XSHG
4760,10000477.XSHG,0.1637,0.1503,2015-11-23,XSHG
4761,10000474.XSHG,0.3429,0.3452,2015-11-23,XSHG
4762,10000475.XSHG,0.0003,0.0002,2015-11-23,XSHG
4763,10000472.XSHG,0.1359,0.152,2015-11-23,XSHG
4764,10000473.XSHG,0.183,0.1744,2015-11-23,XSHG
4765,10000470.XSHG,0.3042,0.3107,2015-11-23,XSHG
4766,10000471.XSHG,0.0014,0.0006,2015-11-23,XSHG
4767,10000201.XSHG,0.004,0.0025,2015-11-23,XSHG
4768,10000200.XSHG,1.071,1.071,2015-11-23,XSHG
4769,10000203.XSHG,0.0059,0.0031,2015-11-23,XSHG
4770,10000202.XSHG,0.5108,0.535,2015-11-23,XSHG
4771,10000205.XSHG,0.0071,0.004,2015-11-23,XSHG
4772,10000204.XSHG,0.462,0.483,2015-11-23,XSHG
4773,10000206.XSHG,0.434,0.4333,2015-11-23,XSHG
4774,10000191.XSHG,0.8721,0.8537,2015-11-23,XSHG
4775,10000190.XSHG,0.7609,0.7729,2015-11-23,XSHG
4776,10000192.XSHG,0.9715,0.9758,2015-11-23,XSHG
4777,10000199.XSHG,0.0012,0.0006,2015-11-23,XSHG
4778,10000428.XSHG,0.311,0.295,2015-11-23,XSHG
4779,10000461.XSHG,0.0106,0.0038,2015-11-23,XSHG
4780,10000460.XSHG,0.098,0.0957,2015-11-23,XSHG
4781,10000463.XSHG,0.2293,0.22,2015-11-23,XSHG
4782,10000462.XSHG,0.0455,0.0576,2015-11-23,XSHG
4783,10000465.XSHG,0.2444,0.2479,2015-11-23,XSHG
4784,10000464.XSHG,0.2121,0.205,2015-11-23,XSHG
4785,10000467.XSHG,0.0036,0.001,2015-11-23,XSHG
4786,10000466.XSHG,0.2785,0.2847,2015-11-23,XSHG
4787,10000469.XSHG,0.1947,0.1909,2015-11-23,XSHG
4788,10000468.XSHG,0.0904,0.1028,2015-11-23,XSHG
4789,10000377.XSHG,0.0255,0.0229,2015-11-23,XSHG
4790,10000376.XSHG,0.358,0.358,2015-11-23,XSHG
4791,10000371.XSHG,0.0049,0.0049,2015-11-23,XSHG
4792,10000370.XSHG,0.0037,0.0036,2015-11-23,XSHG
4793,10000373.XSHG,0.5063,0.4827,2015-11-23,XSHG
4794,10000372.XSHG,0.0062,0.0071,2015-11-23,XSHG
4795,10000274.XSHG,0.28,0.2927,2015-11-23,XSHG
4796,10000270.XSHG,0.0238,0.0152,2015-11-23,XSHG
4797,10000271.XSHG,0.0169,0.0106,2015-11-23,XSHG
4798,10000272.XSHG,0.201,0.2043,2015-11-23,XSHG
4799,10000273.XSHG,0.2437,0.2458,2015-11-23,XSHG
4800,10000365.XSHG,0.491,0.4676,2015-11-23,XSHG
4801,10000279.XSHG,0.0432,0.032,2015-11-23,XSHG
4802,10000289.XSHG,0.076,0.0644,2015-11-23,XSHG
4803,10000288.XSHG,0.09,0.0745,2015-11-23,XSHG
4804,10000280.XSHG,0.1612,0.1643,2015-11-23,XSHG
4805,10000285.XSHG,0.0569,0.0465,2015-11-23,XSHG
4806,10000287.XSHG,0.0965,0.088,2015-11-23,XSHG
4807,10000286.XSHG,0.1254,0.1271,2015-11-23,XSHG
4808,10000380.XSHG,0.0489,0.0461,2015-11-23,XSHG
4809,10000294.XSHG,0.3949,0.3984,2015-11-23,XSHG
4810,10000308.XSHG,0.1666,0.1498,2015-11-23,XSHG
4811,10000309.XSHG,0.1538,0.1281,2015-11-23,XSHG
4812,10000448.XSHG,0.0177,0.022,2015-11-23,XSHG
4813,10000397.XSHG,0.0018,0.0019,2015-11-23,XSHG
4814,10000303.XSHG,0.1002,0.0861,2015-11-23,XSHG
4815,10000304.XSHG,0.0768,0.0622,2015-11-23,XSHG
4816,10000305.XSHG,0.0671,0.0677,2015-11-23,XSHG
4817,10000306.XSHG,0.0893,0.0949,2015-11-23,XSHG
4818,10000307.XSHG,0.186,0.1627,2015-11-23,XSHG
4819,10000395.XSHG,0.5394,0.5175,2015-11-23,XSHG
4820,10000394.XSHG,0.5881,0.5673,2015-11-23,XSHG
4821,10000393.XSHG,0.6385,0.6159,2015-11-23,XSHG
4822,10000404.XSHG,0.0199,0.018,2015-11-23,XSHG
4823,10000403.XSHG,0.0153,0.0142,2015-11-23,XSHG
4824,10000402.XSHG,0.0111,0.0112,2015-11-23,XSHG
4825,10000401.XSHG,0.5428,0.5138,2015-11-23,XSHG
4826,10000400.XSHG,0.59,0.5594,2015-11-23,XSHG
4827,10000399.XSHG,0.636,0.6169,2015-11-23,XSHG
4828,10000398.XSHG,0.0028,0.0024,2015-11-23,XSHG
4829,10000319.XSHG,0.1302,0.1155,2015-11-23,XSHG
4830,10000313.XSHG,0.1849,0.187,2015-11-23,XSHG
4831,10000312.XSHG,0.16,0.1578,2015-11-23,XSHG
4832,10000311.XSHG,0.1148,0.101,2015-11-23,XSHG
4833,10000310.XSHG,0.1285,0.1157,2015-11-23,XSHG
4834,10000316.XSHG,0.28,0.289,2015-11-23,XSHG
4835,10000315.XSHG,0.2502,0.2502,2015-11-23,XSHG
4836,10000314.XSHG,0.2173,0.2168,2015-11-23,XSHG
4837,10000396.XSHG,0.0018,0.0015,2015-11-23,XSHG
4838,10000240.XSHG,0.3682,0.3845,2015-11-23,XSHG
4839,10000366.XSHG,0.443,0.416,2015-11-23,XSHG
4840,10000328.XSHG,0.1058,0.1105,2015-11-23,XSHG
4841,10000326.XSHG,0.0307,0.0334,2015-11-23,XSHG
4842,10000327.XSHG,0.2389,0.224,2015-11-23,XSHG
4843,10000325.XSHG,0.1658,0.15,2015-11-23,XSHG
4844,10000322.XSHG,0.1322,0.132,2015-11-23,XSHG
4845,10000320.XSHG,0.0456,0.0493,2015-11-23,XSHG
4846,10000321.XSHG,0.2096,0.1887,2015-11-23,XSHG
4847,10000367.XSHG,0.3954,0.3725,2015-11-23,XSHG
4848,10000331.XSHG,0.206,0.1893,2015-11-23,XSHG
4849,10000239.XSHG,0.3284,0.3372,2015-11-23,XSHG
4850,10000333.XSHG,0.272,0.253,2015-11-23,XSHG
4851,10000332.XSHG,0.02,0.0224,2015-11-23,XSHG
4852,10000334.XSHG,0.0963,0.086,2015-11-23,XSHG
4853,10000237.XSHG,0.0125,0.0071,2015-11-23,XSHG
4854,10000438.XSHG,0.0001,0.0002,2015-11-23,XSHG
4855,10000228.XSHG,1.1704,1.1487,2015-11-23,XSHG
4856,10000432.XSHG,0.0002,0.0001,2015-11-23,XSHG
4857,10000433.XSHG,0.0002,0.0004,2015-11-23,XSHG
4858,10000430.XSHG,0.2121,0.2025,2015-11-23,XSHG
4859,10000431.XSHG,0.16,0.14,2015-11-23,XSHG
4860,10000436.XSHG,0.0002,0.0003,2015-11-23,XSHG
4861,10000437.XSHG,0.4106,0.4001,2015-11-23,XSHG
4862,10000434.XSHG,0.0002,0.0004,2015-11-23,XSHG
4863,10000435.XSHG,0.0006,0.0003,2015-11-23,XSHG
4864,10000458.XSHG,0.2143,0.2202,2015-11-23,XSHG
4865,10000459.XSHG,0.389,0.3801,2015-11-23,XSHG
4866,10000450.XSHG,0.3201,0.3035,2015-11-23,XSHG
4867,10000451.XSHG,,,2015-11-23,XSHG
4868,10000452.XSHG,0.2711,0.266,2015-11-23,XSHG
4869,10000453.XSHG,0.2517,0.2386,2015-11-23,XSHG
4870,10000454.XSHG,0.1243,0.1206,2015-11-23,XSHG
4871,10000455.XSHG,0.145,0.1425,2015-11-23,XSHG
4872,10000456.XSHG,0.1717,0.1699,2015-11-23,XSHG
4873,10000457.XSHG,0.1958,0.1923,2015-11-23,XSHG
4874,10000344.XSHG,0.009,0.0149,2015-11-23,XSHG
4875,10000345.XSHG,0.3421,0.3062,2015-11-23,XSHG
4876,10000346.XSHG,0.3076,0.2801,2015-11-23,XSHG
4877,10000347.XSHG,0.0591,0.0568,2015-11-23,XSHG
4878,10000341.XSHG,0.2956,0.2721,2015-11-23,XSHG
4879,10000342.XSHG,0.2496,0.2327,2015-11-23,XSHG
4880,10000343.XSHG,0.0091,0.0099,2015-11-23,XSHG
4881,10000379.XSHG,0.0379,0.0366,2015-11-23,XSHG
4882,10000348.XSHG,0.075,0.0714,2015-11-23,XSHG
4883,10000378.XSHG,0.0319,0.0289,2015-11-23,XSHG
4884,10000227.XSHG,0.001,0.0009,2015-11-23,XSHG
4885,10000375.XSHG,0.4162,0.3953,2015-11-23,XSHG
4886,10000429.XSHG,0.2563,0.2447,2015-11-23,XSHG
4887,10000269.XSHG,0.0324,0.0216,2015-11-23,XSHG
4888,10000374.XSHG,0.4517,0.4288,2015-11-23,XSHG
4889,10000427.XSHG,0.3564,0.3518,2015-11-23,XSHG
4890,10000296.XSHG,0.4792,0.4838,2015-11-23,XSHG
4891,10000297.XSHG,0.0531,0.0428,2015-11-23,XSHG
4892,10000449.XSHG,0.3526,0.345,2015-11-23,XSHG
4893,10000295.XSHG,0.436,0.4435,2015-11-23,XSHG
4894,10000292.XSHG,0.3128,0.3244,2015-11-23,XSHG
4895,10000293.XSHG,0.3501,0.362,2015-11-23,XSHG
4896,10000290.XSHG,0.0722,0.0569,2015-11-23,XSHG
4897,10000291.XSHG,0.0613,0.0501,2015-11-23,XSHG
4898,10000443.XSHG,0.0009,0.0008,2015-11-23,XSHG
4899,10000442.XSHG,0.0671,0.0497,2015-11-23,XSHG
4900,10000441.XSHG,0.1161,0.0983,2015-11-23,XSHG
4901,10000447.XSHG,0.0311,0.0198,2015-11-23,XSHG
4902,10000298.XSHG,0.5106,0.5272,2015-11-23,XSHG
4903,10000444.XSHG,0.0043,0.0041,2015-11-23,XSHG
4904,10000238.XSHG,0.0097,0.0056,2015-11-23,XSHG
4905,10000183.XSHG,0.0039,0.0019,2015-11-23,XSHG
4906,10000186.XSHG,0.0015,0.001,2015-11-23,XSHG
4907,10000187.XSHG,0.0017,0.0009,2015-11-23,XSHG
4908,10000184.XSHG,0.0023,0.0017,2015-11-23,XSHG
4909,10000185.XSHG,0.0022,0.0009,2015-11-23,XSHG
4910,10000188.XSHG,0.5599,0.5797,2015-11-23,XSHG
4911,10000189.XSHG,0.6586,0.6789,2015-11-23,XSHG
4912,10000368.XSHG,0.3282,0.3195,2015-11-24,XSHG
4913,10000369.XSHG,0.0068,0.0023,2015-11-24,XSHG
4914,10000478.XSHG,0.388,0.3836,2015-11-24,XSHG
4915,10000476.XSHG,0.2062,0.2072,2015-11-24,XSHG
4916,10000477.XSHG,0.1504,0.1469,2015-11-24,XSHG
4917,10000474.XSHG,0.3566,0.3486,2015-11-24,XSHG
4918,10000475.XSHG,0.0002,0.0002,2015-11-24,XSHG
4919,10000472.XSHG,0.1573,0.1576,2015-11-24,XSHG
4920,10000473.XSHG,0.1738,0.158,2015-11-24,XSHG
4921,10000470.XSHG,0.3249,0.3157,2015-11-24,XSHG
4922,10000471.XSHG,0.0005,0.0004,2015-11-24,XSHG
4923,10000201.XSHG,0.0022,0.0019,2015-11-24,XSHG
4924,10000200.XSHG,1.0948,1.0831,2015-11-24,XSHG
4925,10000203.XSHG,0.0028,0.0026,2015-11-24,XSHG
4926,10000202.XSHG,0.5363,0.5474,2015-11-24,XSHG
4927,10000205.XSHG,0.0036,0.0031,2015-11-24,XSHG
4928,10000204.XSHG,0.4875,0.4849,2015-11-24,XSHG
4929,10000206.XSHG,0.4345,0.443,2015-11-24,XSHG
4930,10000191.XSHG,0.8844,0.8841,2015-11-24,XSHG
4931,10000190.XSHG,0.7871,0.7859,2015-11-24,XSHG
4932,10000192.XSHG,1.0014,0.9845,2015-11-24,XSHG
4933,10000199.XSHG,0.0009,0.0008,2015-11-24,XSHG
4934,10000428.XSHG,0.291,0.29,2015-11-24,XSHG
4935,10000461.XSHG,0.0036,0.0008,2015-11-24,XSHG
4936,10000460.XSHG,0.0958,0.0956,2015-11-24,XSHG
4937,10000463.XSHG,0.22,0.21,2015-11-24,XSHG
4938,10000462.XSHG,0.0597,0.0608,2015-11-24,XSHG
4939,10000465.XSHG,0.258,0.2504,2015-11-24,XSHG
4940,10000464.XSHG,0.1959,0.1883,2015-11-24,XSHG
4941,10000467.XSHG,0.0008,0.0002,2015-11-24,XSHG
4942,10000466.XSHG,0.2876,0.2856,2015-11-24,XSHG
4943,10000469.XSHG,0.1894,0.172,2015-11-24,XSHG
4944,10000468.XSHG,0.1049,0.1076,2015-11-24,XSHG
4945,10000377.XSHG,0.0229,0.0222,2015-11-24,XSHG
4946,10000376.XSHG,0.3766,0.333,2015-11-24,XSHG
4947,10000371.XSHG,0.0051,0.0033,2015-11-24,XSHG
4948,10000370.XSHG,0.0031,0.0028,2015-11-24,XSHG
4949,10000373.XSHG,0.4871,0.4691,2015-11-24,XSHG
4950,10000372.XSHG,0.007,0.0049,2015-11-24,XSHG
4951,10000274.XSHG,0.2965,0.295,2015-11-24,XSHG
4952,10000270.XSHG,0.015,0.014,2015-11-24,XSHG
4953,10000271.XSHG,0.0102,0.0096,2015-11-24,XSHG
4954,10000272.XSHG,0.2082,0.2031,2015-11-24,XSHG
4955,10000273.XSHG,0.2522,0.2471,2015-11-24,XSHG
4956,10000365.XSHG,0.4664,0.4627,2015-11-24,XSHG
4957,10000279.XSHG,0.0307,0.0289,2015-11-24,XSHG
4958,10000289.XSHG,0.0631,0.061,2015-11-24,XSHG
4959,10000288.XSHG,0.0724,0.0686,2015-11-24,XSHG
4960,10000280.XSHG,0.167,0.1627,2015-11-24,XSHG
4961,10000285.XSHG,0.0451,0.041,2015-11-24,XSHG
4962,10000287.XSHG,0.0794,0.08,2015-11-24,XSHG
4963,10000286.XSHG,0.13,0.1261,2015-11-24,XSHG
4964,10000380.XSHG,0.051,0.0457,2015-11-24,XSHG
4965,10000294.XSHG,0.4071,0.4131,2015-11-24,XSHG
4966,10000308.XSHG,0.1423,0.135,2015-11-24,XSHG
4967,10000309.XSHG,0.1323,0.1206,2015-11-24,XSHG
4968,10000448.XSHG,0.024,0.0163,2015-11-24,XSHG
4969,10000397.XSHG,0.0018,0.0016,2015-11-24,XSHG
4970,10000303.XSHG,0.073,0.0815,2015-11-24,XSHG
4971,10000304.XSHG,0.062,0.0579,2015-11-24,XSHG
4972,10000305.XSHG,0.0677,0.0646,2015-11-24,XSHG
4973,10000306.XSHG,0.091,0.0934,2015-11-24,XSHG
4974,10000307.XSHG,0.1581,0.161,2015-11-24,XSHG
4975,10000395.XSHG,0.5199,0.5094,2015-11-24,XSHG
4976,10000394.XSHG,0.5715,0.562,2015-11-24,XSHG
4977,10000393.XSHG,0.6231,0.6114,2015-11-24,XSHG
4978,10000404.XSHG,0.012,0.0163,2015-11-24,XSHG
4979,10000403.XSHG,0.0151,0.0131,2015-11-24,XSHG
4980,10000402.XSHG,0.0112,0.0105,2015-11-24,XSHG
4981,10000401.XSHG,0.532,0.5112,2015-11-24,XSHG
4982,10000400.XSHG,0.5775,0.5572,2015-11-24,XSHG
4983,10000399.XSHG,0.6247,0.6043,2015-11-24,XSHG
4984,10000398.XSHG,0.0063,0.002,2015-11-24,XSHG
4985,10000319.XSHG,0.1145,0.1103,2015-11-24,XSHG
4986,10000313.XSHG,0.1927,0.1952,2015-11-24,XSHG
4987,10000312.XSHG,0.1534,0.163,2015-11-24,XSHG
4988,10000311.XSHG,0.0929,0.091,2015-11-24,XSHG
4989,10000310.XSHG,0.1066,0.1055,2015-11-24,XSHG
4990,10000316.XSHG,0.2896,0.2938,2015-11-24,XSHG
4991,10000315.XSHG,0.2612,0.259,2015-11-24,XSHG
4992,10000314.XSHG,0.2213,0.2249,2015-11-24,XSHG
4993,10000396.XSHG,0.0017,0.0015,2015-11-24,XSHG
4994,10000240.XSHG,0.4008,0.3885,2015-11-24,XSHG
4995,10000366.XSHG,0.4173,0.4135,2015-11-24,XSHG
4996,10000328.XSHG,0.1064,0.1103,2015-11-24,XSHG
4997,10000326.XSHG,0.0328,0.0279,2015-11-24,XSHG
4998,10000327.XSHG,0.22,0.2093,2015-11-24,XSHG
4999,10000325.XSHG,0.1512,0.1433,2015-11-24,XSHG
